,ACC_X_mean_C,ACC_Y_mean_C,ACC_Z_mean_C,ACC_X_std_C,ACC_Y_std_C,ACC_Z_std_C,ACC_X_max_C,ACC_Y_max_C,ACC_Z_max_C,ACC_X_iabs_C,ACC_Y_iabs_C,ACC_Z_iabs_C,ACC_3D_mean_C,ACC_3D_std_C,ACC_3D_iabs_C,HR_mean_ECG_C,HR_std_ECG_C,HR_max_ECG_C,HR_min_ECG_C,HR_NN50_ECG_C,HR_pNN50_ECG_C,HR_rmssd_ECG_C,HR_rr_mean_ECG_C,HR_rr_std_ECG_C,HR_ULF_ECG_C,HR_HF_ECG_C,HR_LF_ECG_C,HR_UHF_ECG_C,HR_rate_L_H_ECG_C,resp_I_mean_dur_C,resp_E_mean_dur_C,resp_I_std_dur_C,resp_E_std_dur_C,resp_IE_ratio_C,resp_I_ampl_max_C,resp_E_ampl_max_C,resp_volume_C,resp_rate_mean_C,resp_rate_std_C,resp_I_mean_C,resp_E_mean_C,resp_I_std_C,resp_E_std_C,Temp_C_mean,Temp_C_std,Temp_C_dynamic_range,Temp_C_slope,EDA_C_mean,EDA_C_std,EDA_C_dynamic_range,EDA_C_slope,SCR_mean_C,SCL_mean_C,SCR_std_C,SCL_std_C,SCR_peaks_C,EMG_mean_C,EMG_std_C,EMG_dynamic_range_C,Target
0,0.9111099525917145,-0.029869019278458187,-0.08478733353671573,0.03258661816578024,0.05329527829120619,0.04388552357737079,1.3085999488830566,0.5498000383377075,0.5198000073432922,27.331952863505908,1.5568881461875779,2.6371915733388493,0.9181918955522764,0.03089097677309966,27.544375318473165,90.4646349198944,10.331104352539786,130.84112149532712,130.84112149532712,9,0.20454545454545456,0.05433072098292932,0.6714610389610389,0.07354430759498364,0.00014057247880049951,0.1076594875394783,0.010411672608679503,0.23551516606708087,0.09670929006476633,1.406031746031746,1.5507936507936508,0.6160494347223021,0.3141732202070833,0.9066530194472876,11.06414794921875,11.692708333333334,78.50061830793108,13.852857142857143,8.702869536151011,7.975972493489583,8.192014341001157,2.081859824605437,2.126992597813612,32.65776824951172,0.030253468081355095,0.08070188760757446,3.131684802827381e-06,2.353558554648672,0.011486915163775811,0.7221336200276508,-1.453218005952381e-07,3.295909579536399e-08,2.3535580889123002,0.0006424525505678506,0.005455513181324185,2698.0,-0.003125082248222555,0.018625148753556583,8.557511301596337,0
1,0.9099947239671434,-0.02043019067673456,-0.0801201335418792,0.049758554525605736,0.07511881381061752,0.05859748990745372,1.3197999000549316,0.2712000012397766,0.36979997158050537,27.29860957622528,1.8452232894301415,2.7509914316024098,0.918747754800934,0.04880578804181795,27.5611667278253,89.35475321110528,8.240601229633219,102.94117647058823,102.94117647058823,10,0.22727272727272727,0.037981210852055844,0.6775,0.0657426004781164,2.1304083298625353e-06,0.03107809974807418,0.009370894523512117,0.009039930579461175,0.3015272683810986,1.4025396825396825,1.503650793650794,0.6187386693445811,0.35887649775369757,0.932756254618389,12.802632649739582,15.881245930989582,94.40437258765813,15.599428571428572,8.648309949324887,10.159957320601853,10.37570529513889,2.9663675487745027,1.9371700804918637,32.68559265136719,0.027631083503365517,0.07548996806144714,5.698067801339286e-06,2.350585793638268,0.01152434100925158,0.7552813889629357,-3.269740513392857e-07,2.5754196928617073e-08,2.3505856367849107,0.0006477351926892187,0.005510846313032666,2687.0,-0.003104052278667534,0.01913116943433568,8.557511301596337,0
2,0.9036865144797734,-0.05848647635891324,-0.04263234317586535,0.05708318895639941,0.11209068297029975,0.10464548130322866,1.3197999000549316,0.35259997844696045,0.5257999897003174,27.109489005889213,2.978660442914282,2.7191434272272246,0.9197107722298093,0.0528496445206656,27.590147420629116,90.89091062341487,7.978824333010329,102.94117647058823,102.94117647058823,9,0.20454545454545456,0.035132807897926346,0.6656493506493507,0.06335835775746604,2.977149920866302e-05,0.02814103010244652,0.004329474618977162,0.010597044822146146,0.15384918758182795,1.3392857142857142,1.478888888888889,0.5944265801456673,0.40789808972327785,0.9056026618010088,25.217081705729168,17.019449869791668,111.05912402925036,16.47612244897959,8.003004515286266,11.731404622395832,11.04892306857639,4.119849653068584,6.009425013904316,32.70860290527344,0.023297660052776337,0.06751056015491486,2.0650227864583333e-06,2.3532658904786623,0.013555258312367396,1.027389138603643,3.9963495163690477e-07,2.167534205394971e-08,2.353265542113807,0.0006812365786817249,0.008982000408664018,2680.0,-0.0030975610629404553,0.019062510972945458,8.557511301596337,0
3,0.9058374482733863,-0.06715751460904167,-0.018326600474970683,0.07380327831427787,0.10852199014828323,0.11456995101684396,2.0169999599456787,0.35259997844696045,0.5257999897003174,27.17381944826671,3.0402225773249354,2.5180307136263167,0.9223098766683056,0.07128948070822391,27.667979177170576,93.10875946738905,5.234537039962079,100.47846889952152,100.47846889952152,2,0.044444444444444446,0.021680339152130246,0.6465396825396825,0.03800643087831106,1.740245564348195e-06,0.007233211789937832,0.0007639256467165379,0.007195868573782745,0.10561361521022236,1.347,1.6368571428571428,0.5870282995646767,0.7870868012189388,0.822918484901379,25.217081705729168,21.691792805989586,125.48723173595612,15.111233766233767,8.487198318955386,12.178873697916668,11.268839518229168,6.021312662196947,6.1603650834636605,32.72557067871094,0.020110679790377617,0.06986304372549057,2.922421409970238e-06,2.3783222265876103,0.04014958315276667,1.3058237143837235,1.52587890625e-06,3.2188633457204486e-08,2.378322362827196,0.0006686303362099877,0.03886385487474494,2684.0,-0.0031068750202278314,0.020717995555930183,5.598897583300478,0
4,0.9017531242484138,-0.1057247050461315,-0.031174457669258117,0.06165009286345906,0.1086933154385602,0.1283357018208551,2.0169999599456787,0.45499998331069946,0.5257999897003174,27.05141344172614,3.517289004112993,2.6654845707331383,0.9240985318882444,0.0586104398105109,27.721705271180564,94.30796286033916,3.7968154622916193,100.47846889952152,100.47846889952152,0,0.0,0.016647608150808242,0.6372670807453417,0.026202789272464656,9.887816076634751e-06,0.009435126354269319,0.000474582219068177,0.005516545638845754,0.0502995085861709,1.2117857142857142,1.7866666666666668,0.4296657160526313,0.7642674675169433,0.6782382729211086,23.996276855468754,21.691792805989586,144.37846694219678,14.724285714285715,8.020639625366545,10.48577626546224,10.292640968605324,6.110885755637435,6.403559269322897,32.74583053588867,0.025834757834672928,0.08054697513580322,3.6374046688988096e-06,2.390657843342793,0.03431823185764897,1.3058237143837235,1.7801920572916667e-06,-8.532368875451973e-08,2.3906579761214273,0.0006704910870466085,0.03282411301127149,2695.0,-0.0031593474971243927,0.021774114500941365,5.829080389486585,0
5,0.9042997620048977,-0.09645581920374008,-0.07102754330067408,0.05568202746163639,0.10082034656190775,0.11928985693581935,2.0169999599456787,0.45499998331069946,0.5190000534057617,27.127902574454033,3.288185281583241,2.829753145830972,0.925521804976149,0.05487609199159038,27.764491970767423,92.24964260981713,4.02841688635558,99.0566037735849,99.0566037735849,0,0.0,0.01692502291703367,0.6516825396825396,0.029206107659456644,2.174223673469379e-05,0.016186964957236507,0.00014465163924760332,0.006133814513091504,0.008936303972347558,1.715,1.854126984126984,0.8013614053851211,0.7786002454094627,0.9249636161287562,23.996276855468754,27.49735514322917,151.22607792445592,13.739365079365077,8.477003936651233,12.423282199435763,16.190275969328706,7.896422375475038,6.007942296086259,32.76980209350586,0.03080613911151886,0.08054697513580322,4.423595610119047e-06,2.3960241220842162,0.030658741499661323,0.9959493672483031,5.994524274553571e-07,-4.9867486350962414e-09,2.3960240314190013,0.0006573598745417387,0.02900702969252454,2689.0,-0.0031670092242166298,0.02414786040569279,5.829080389486585,0
6,0.8980203807694571,-0.08724801906517574,-0.030100924148446038,0.024133495032816654,0.10714788705019529,0.15762018168730915,1.0248000621795654,0.45499998331069946,0.4327999949455261,26.939306994506293,3.226548004107816,3.538488145172596,0.9227370612785422,0.020552845124445253,27.680799056088123,88.53305488934204,4.796618418522394,95.67198177676538,95.67198177676538,2,0.046511627906976744,0.023708629765645077,0.6798338870431894,0.03923474108073228,9.367079450229086e-05,0.012806668062922908,0.0003069251363272495,0.01061878948375563,0.02396604134808808,2.1592857142857143,1.5079365079365081,1.424223920424806,0.38356609975968636,1.4319473684210524,26.291402180989582,27.49735514322917,135.45222952706473,15.668120300751879,8.973098822690426,15.079154968261717,14.21622947410301,7.732838300812946,7.9119748524685205,32.79560470581055,0.026099205017089844,0.0797170028090477,2.9238746279761903e-06,2.380829943650609,0.013993370780164986,0.7879646613177894,-3.4513927641369047e-07,-7.67177828329965e-08,2.3808304253318817,0.0006698808043278306,0.009882429201161136,2696.0,-0.003135834822830237,0.026960535600232264,18.292289017050784,0
7,0.8942004381020864,-0.06803176189888091,-0.05449094296353204,0.027930698008283582,0.08495765173279982,0.1873155192981077,1.0422000885009766,0.2134000062942505,0.4327999949455261,26.824726714491845,2.825867002393518,4.3974135743720195,0.9219317242323755,0.01785869807977593,27.656623125014917,86.8996695483517,4.00254611754554,92.3076923076923,92.3076923076923,2,0.047619047619047616,0.02397111253025771,0.6920068027210885,0.033827808877186255,2.594758850479071e-07,0.011474985289384848,0.0011357932351075274,0.009312238979401932,0.098979929513131,1.6901587301587302,1.265,1.3410329461127486,0.08395820145665779,1.3360938578329884,26.291402180989582,18.65997314453125,133.62282809302923,16.095714285714287,7.124975421594406,13.621814869068288,10.455347696940105,3.6594106410924137,7.379142213060761,32.812294006347656,0.019838593900203705,0.08287541568279266,1.0695684523809524e-06,2.3776526701097844,0.013579876377135348,0.8534419851604413,-1.217070079985119e-06,2.065922105294895e-08,2.377653033465937,0.0006675685760696398,0.009248015209685326,2694.0,-0.003122900345286757,0.02760762285602918,18.292289017050784,0
8,0.8845995140189217,0.008148009195214226,-0.08540215263480232,0.03025720235173246,0.10161518429760032,0.2003095979826087,1.0422000885009766,0.1929999589920044,0.4327999949455261,26.536734277776308,2.708514853630747,5.358802864551544,0.9170281861905876,0.017337897247361074,27.509555743639535,89.1805626001896,7.400201618134878,104.4776119402985,104.4776119402985,4,0.09090909090909091,0.031166226106780492,0.6774350649350649,0.0563134445711415,7.842006097459397e-05,0.02694041640833054,0.001361159524453933,0.011946379584162349,0.05052481386416262,1.0479591836734694,2.3164285714285713,0.13968072119439423,2.045994593724778,0.4524029778423858,20.313618977864586,29.7784423828125,143.0584923153832,11.514285714285714,7.806403819273581,10.221644810267858,13.872807820638021,8.474945263433186,4.220807860733304,32.82819747924805,0.02174675464630127,0.0828651636838913,2.0693824404761904e-06,2.3740828284183735,0.013265470969111726,0.8534419851604413,0.0,1.3318212717087353e-08,2.3740823052505404,0.0006652310145099914,0.00873746863915331,2688.0,-0.0031405473844158464,0.024997643125656412,18.292289017050784,1
9,0.8704059418383099,0.05722745747509457,-0.213889095221247,0.0290393766026051,0.11660913288148776,0.12972051923399391,1.0422000885009766,0.21039998531341553,0.4327999949455261,26.11091539800167,3.7495057284832,6.74177914261818,0.9152369459177053,0.015483918543809842,27.455797684905555,88.96205273765239,7.802644294575221,104.4776119402985,104.4776119402985,5,0.11363636363636363,0.03681880104116862,0.6796753246753247,0.06000994323636915,1.7770526280716402e-05,0.08020185165478189,0.0015183739578137913,0.015449381398457229,0.018931906514445932,2.6354285714285712,3.0908571428571427,1.391931677891687,2.29227426503079,0.8526529857644666,22.843119303385414,29.7784423828125,156.2263156709217,11.610952380952382,8.205426450991464,16.922912597656246,17.7061767578125,8.807515946889504,6.333683417747521,32.849178314208984,0.029647422954440117,0.08240978419780731,3.855387369791666e-06,2.3675244953807075,0.013389005035052741,0.9133742818454906,2.906436011904762e-07,5.3503943778567544e-08,2.3675241175991597,0.0006664392184972229,0.008738379632552758,2681.0,-0.0031791306650018154,0.018101020656497976,-1.599542549050152,1
10,0.8581260462829045,0.13308471482140677,-0.25891135232505347,0.017500913687575965,0.05056635466731008,0.07160814174153633,0.9528000354766846,0.21039998531341553,0.36820000410079956,25.74252267420292,4.194090875216893,7.863614424552236,0.9105116552467107,0.009296817671854172,27.31404104918438,86.75575814796765,9.855812942001485,104.4776119402985,104.4776119402985,8,0.19047619047619047,0.04887942927522555,0.7008503401360544,0.08226746509879403,3.772466538942096e-05,0.1187409152868806,0.0012810916472791008,0.0060434799303670066,0.010788965574199557,4.033428571428572,2.0585714285714287,1.1533336243167422,0.15481830474137478,1.9593337959750174,22.843119303385414,18.16864013671875,125.02160789853049,15.440142857142858,8.856655734300524,16.191365559895836,13.783671061197914,3.786119543121603,6.003811090363706,32.87843322753906,0.03169913589954376,0.09854689240455627,4.855201357886905e-06,2.360020434934181,0.0130891061736139,0.9133742818454906,-9.627569289434523e-07,4.537895223997995e-09,2.3600205892752864,0.0006614766074589275,0.008112990704944157,2673.0,-0.003191899483581139,0.012339289052956235,-0.7135892052196252,1
11,0.8566233895562944,0.12853931479510808,-0.2720128283273606,0.01640292618559839,0.060424149197541126,0.044647363245539584,0.9417999982833862,0.21039998531341553,0.4312000274658203,25.697452543888772,4.137480447377477,8.160045564089502,0.9111353676023445,0.007926443097491917,27.332757612310903,83.0730676651298,7.19004245654601,95.45454545454545,95.45454545454545,6,0.15,0.045908470356185824,0.7279285714285715,0.06601557484752352,4.5863300957934116e-05,0.10046417837672213,0.00428871689089795,0.006239785221108823,0.04268901572873122,3.5846428571428572,1.8874285714285715,1.413420505550349,0.2724018639991365,1.8992204056917954,16.29791259765625,18.16864013671875,109.58811107817152,18.013116883116883,8.283740557983355,10.471140543619793,12.642049153645832,4.327291878797634,3.398698127872285,32.907718658447266,0.029537593945860863,0.09570038318634033,3.570556640625e-06,2.3525471267493123,0.013786780774181885,0.966798681770984,-2.379644484747024e-06,4.124021919731963e-08,2.35254673374269,0.0006431642717621852,0.008983875874638801,2693.0,-0.003144998379215945,0.011512456165856558,4.416145244019326,1
12,0.8645005335126604,0.07141411409207753,-0.2519932190037909,0.03815611977544503,0.0946328953194386,0.11146767152379627,1.4744000434875488,0.20079994201660156,0.4312000274658203,25.933776291097914,3.0561549926655633,8.0274118576731,0.9152563085445491,0.0332255380140536,27.456387024951123,85.9606025097301,8.22582799144269,100.23866348448688,100.23866348448688,5,0.12195121951219512,0.03835720936413494,0.7048780487804878,0.07253977169681054,2.7878400000000045e-05,0.06346943915818483,0.003808183700418669,0.018575293889501642,0.06000027337452181,2.349428571428571,2.5744897959183675,0.8541612905090477,1.162642618875346,0.9125802615933412,25.555928548177086,17.44293212890625,105.37222173781623,16.125816326530614,8.524524652056767,12.1695556640625,12.54609607514881,3.185564175533323,6.722614780586029,32.93581008911133,0.028993034735322,0.08102604746818542,2.7858189174107144e-06,2.345731277578439,0.014934261877695618,0.965466796521412,3.633045014880953e-08,-3.375224314312371e-08,2.3457310937587375,0.0006244618774589166,0.01065434836275466,2697.0,-0.0031384613893014023,0.014273559346968655,2.040373561129543,1
13,0.8764942010186968,0.0736850280619803,-0.18457094293265117,0.0377495315354457,0.0981702403874099,0.1294977235016529,1.4744000434875488,0.22080004215240479,0.4312000274658203,26.293589316265923,3.1281285553319114,6.100869145180498,0.913454427437883,0.034221241503689354,27.40233545772088,90.30045963984652,6.431388369475624,100.23866348448688,100.23866348448688,2,0.045454545454545456,0.022075505757232137,0.6680194805194806,0.05033119982841645,6.151681066222402e-05,0.023196621688409476,0.0010989183379728055,0.015294420586961597,0.04737406820415991,1.736190476190476,2.3519642857142857,0.5195423592341136,1.1842473579649393,0.7381874319844102,25.555928548177086,19.290873209635414,119.53303055536179,15.918303571428572,8.499640121714608,13.813222249348959,13.273035685221355,3.975847802623525,5.791281012331892,32.96019744873047,0.02698868326842785,0.07785464823246002,4.073370070684524e-06,2.341748687132365,0.014571415901341856,1.268405596506684,1.9981747581845239e-07,-4.9201793477033706e-08,2.3417489197558283,0.0006330576604321042,0.010118868258910485,2703.0,-0.0031414955640133206,0.015502440667634544,2.040373561129543,1
14,0.8815050872280484,0.10116480039982569,-0.13423193346602577,0.034457667123610536,0.09637829006627983,0.11780295332626892,1.4744000434875488,0.22080004215240479,0.41519999504089355,26.443885188273022,3.671210864782333,4.590748575500079,0.9102147563656596,0.034153862697926016,27.305137508962737,89.74245968019193,6.390335977231295,100.23866348448688,100.23866348448688,1,0.023255813953488372,0.021540523881656407,0.6720930232558139,0.04951913892436983,3.4763221990836943e-06,0.022369445009374544,0.001433811231962596,0.003793481188512529,0.06409686209746004,1.696190476190476,2.3248979591836734,0.5196889877522226,1.291985805629918,0.7295763108614232,15.0946044921875,19.290873209635414,91.8435541788737,14.236952380952381,7.87312229408361,10.916968451605904,11.398722330729166,4.425485053982689,2.7352631916513874,32.98772430419922,0.029736854135990143,0.07588104903697968,5.5789039248511905e-06,2.3369371479485443,0.014832236795473614,1.268405596506684,-9.80922154017857e-07,-8.87937341093222e-08,2.3369374943150483,0.0006342973953799392,0.010526597569272897,2698.0,-0.0031374565369004007,0.016022037281841355,2.040373561129543,1
15,0.8812654869783493,0.1661969338882537,-0.10736776203768594,0.009024954567227501,0.02201691682534666,0.03761643356948794,0.960800051689148,0.22080004215240479,0.3285999894142151,26.4367071808236,4.989601160287857,3.3168778593625343,0.9042632116153538,0.008206724257151196,27.126601237675136,86.18523566044306,7.362342100090566,97.90209790209789,97.90209790209789,4,0.09523809523809523,0.03669727367898579,0.7016666666666667,0.06480209587207554,7.398400000000053e-06,0.06352680823257657,0.004683375442969792,0.0043230427611003295,0.07372281991287193,2.2346938775510203,1.597551020408163,0.6221526226585266,0.18685788286334507,1.3988247317322433,15.0946044921875,19.290873209635414,75.78962191627139,14.562678571428572,8.94270533980869,8.413652692522323,8.51469494047619,4.525676737219385,3.117814623284401,33.018184661865234,0.035328518599271774,0.0805869847536087,5.366734095982143e-06,2.333071445159745,0.01319378939867062,1.196178811299828,-2.7792794363839284e-06,1.3669251261648405e-07,2.333070916614249,0.0006841383465503585,0.007956754010890566,2717.0,-0.003159146962588835,0.014016977392497014,-3.2524560443832087,1
16,0.8774956673099881,0.17630660104183923,-0.12061210497220358,0.006777666167660969,0.012012754113419047,0.031320568762800656,0.9321999549865723,0.2425999641418457,0.23559999465942383,26.323620304976192,5.2889507455485205,3.618379863500595,0.9037539862435754,0.005467813191383184,27.111325433784327,82.93421621203203,6.92366379934563,94.80812641083521,94.80812641083521,7,0.175,0.05044542569264731,0.7288928571428571,0.0654002492506016,4.230838750520609e-05,0.11513870348366217,0.004334335710943022,0.02384329268702689,0.03764447210019219,2.4051020408163266,1.4726190476190475,0.5653765520114432,0.11629898329194124,1.633213996997344,17.280578613281254,9.140421549479166,89.05459485735211,15.083904761904762,8.363241103760979,8.3258056640625,6.663241916232639,1.2196456209192237,3.8742952737232055,33.05231475830078,0.034127332270145416,0.08802961558103561,4.581996372767857e-06,2.32723205749503,0.011938893721745898,0.8166297874802082,-3.4513927641369047e-07,-1.1132081477790015e-10,2.3272314695242997,0.0007043754215702837,0.005625985809268851,2714.0,-0.003143431158226096,0.01477278670345692,11.99399731613542,1
17,0.8751554956492924,0.17897718127568563,-0.13316009541636423,0.00865178910197733,0.016057546639900746,0.03307612137416644,0.9625999927520752,0.29100000858306885,0.2573999762535095,26.253412583810942,5.369048009685107,3.994913862517902,0.9038974531374843,0.007596464264995443,27.11563621745979,85.4178538475681,7.608950058940768,96.99769053117784,96.99769053117784,6,0.14285714285714285,0.047843489653660504,0.7086054421768707,0.06978412366692686,7.2076634735524105e-09,0.10978152238349775,0.0021706395933234375,0.022492078917593653,0.01977235828212313,2.4066666666666667,1.4297619047619048,0.7429412345566337,0.11515271335183662,1.6832639467110742,19.869486490885414,33.217264811197914,98.02852507091706,13.863163265306124,7.8862706136679925,11.703440348307291,11.431376139322916,9.807226318261634,5.258822712298164,33.08269119262695,0.02931858040392399,0.08802961558103561,3.150576636904762e-06,2.323305485935519,0.012327439411042737,0.8247449138612918,1.2715657552083333e-07,-2.581649917475267e-09,2.323306645986085,0.0007130219960450907,0.0062709135059448905,2723.0,-0.0032301950407030468,0.015266211026109444,11.99399731613542,1
18,0.8738146575235185,0.18544706660225277,-0.12940877162842523,0.008057528915104467,0.015418357392336542,0.03383844185444099,0.9625999927520752,0.29100000858306885,0.2573999762535095,26.21319101137774,5.563151998009,3.882308148869446,0.9033746598106017,0.007156400269256955,27.099949664302745,84.43321061855919,7.664450227805114,96.99769053117784,96.99769053117784,6,0.14634146341463414,0.03675622951505317,0.7168641114982578,0.06913619018754283,9.182136776343123e-06,0.045304152037413864,0.0009183340402591386,0.0059053958795998954,0.020270416704869433,3.0140000000000002,1.924857142857143,1.5158109300009035,0.9370673314514114,1.5658304883479293,19.869486490885414,33.217264811197914,109.5357942127046,14.631428571428572,8.401104721655223,13.084615071614584,12.710062662760416,10.489559959329071,5.006774840794289,33.10975646972656,0.028629325330257416,0.09466598927974701,4.29716564360119e-06,2.3198068303713586,0.011916054068329067,0.8247449138612918,-2.1798270089285714e-07,-1.0488472131675087e-07,2.3198074928712926,0.0006794552392969808,0.005475541967521808,2700.0,-0.0032375472470990963,0.01508583866256783,11.99399731613542,1
19,0.8744896004029683,0.17273981847933362,-0.1397397907149224,0.011416965097240304,0.05102279485001578,0.03816202820648844,0.9625999927520752,0.29100000858306885,0.35920000076293945,26.23346058351653,5.315381982667105,4.191923149951867,0.9045383968781706,0.0099306025248712,27.134863956991104,84.38128137281998,7.307245486221914,96.99769053117784,96.99769053117784,5,0.12195121951219512,0.03327835602297441,0.7167595818815331,0.06610550445528418,2.561599333610995e-05,0.03294841099341042,0.0015346514875326852,0.013574258130010569,0.046577405139192014,3.558,2.0492857142857144,1.8483003996501592,1.022156833287698,1.7362147089578248,11.48162841796875,11.59210205078125,74.96417577834356,16.376233766233767,9.242349055119625,8.37744140625,8.249028523763021,3.1114049392145002,2.5000650837824088,33.135658264160156,0.029351437464356422,0.07726354151964188,3.2246907552083335e-06,2.3192700553659,0.012353023503637513,0.8993920700855,5.267915271577381e-07,5.768372429520547e-08,2.3192700292845574,0.0006471948181658115,0.00638100742198038,2701.0,-0.0032140040566799644,0.016416067942550783,-0.774390189892683,1
20,0.869970057453428,0.09939261848018283,-0.20606788593530656,0.014017203561926553,0.1089777086597982,0.10012265217535905,0.9522000551223755,0.23500001430511475,0.40039998292922974,26.097871866481643,3.8667019903234072,6.1817800065875055,0.9116568477099203,0.013027953422930031,27.348397572268357,86.8115853803201,8.850195688635969,99.29078014184397,99.29078014184397,5,0.11904761904761904,0.032566507360974176,0.6989115646258502,0.07646706356264786,3.724486530612255e-05,0.03573305756663848,0.001862878692355871,0.020381448999936238,0.05213320155662005,2.7671428571428573,1.631142857142857,2.0328139740421958,0.3571901682948883,1.6964442108950781,20.4852294921875,27.731424967447918,113.25197332473027,17.734615384615385,7.537567204182363,13.591969807942709,13.952718098958334,7.734321232918158,5.718333577293441,33.15751647949219,0.02505665272474289,0.066587895154953,2.723330543154762e-06,2.324323198703475,0.014319344010802733,0.9196467772150986,1.3623918805803572e-06,6.617806654489272e-08,2.3243223930925923,0.0006421778457773402,0.009722978820920198,2700.0,-0.003143006112199642,0.01644233083839973,-3.241890857951093,1
21,0.8603365623553594,0.02234236146722521,-0.29285666681755157,0.01753356895481547,0.09797737211346412,0.09951187694723676,0.9522000551223755,0.23500001430511475,0.40039998292922974,25.80886558498655,2.3538902874503815,8.785398861638138,0.9198346401799302,0.012531911507408596,27.593729223476952,89.95946817376925,6.356599889666598,99.29078014184397,99.29078014184397,0,0.0,0.020950448272025923,0.6705980066445182,0.05162130051754682,3.261575410245715e-05,0.014350335533160945,0.0012563227996359875,0.004900450120864807,0.0875465801292841,1.7180952380952381,1.8761904761904762,1.0481164403645038,0.8352402671416623,0.915736040609137,20.4852294921875,27.731424967447918,104.01852540515716,15.263979591836733,7.4453627765354105,13.653666178385416,13.33140055338542,8.485206330207165,6.735492051730682,33.17686462402344,0.023088539019227028,0.06735233962535858,3.1534830729166666e-06,2.3294178839326105,0.014035556715426598,1.6709210290014984,8.35600353422619e-07,-9.93506217311709e-08,2.3294183463168676,0.0006699524016444611,0.00897599891729547,2713.0,-0.0031509315858006016,0.016960850956040486,-3.241890857951093,1
22,0.8503292293321518,-0.040568905262720015,-0.364424104701905,0.011150336248137707,0.009810439070184779,0.030764416171397732,0.9002000093460083,0.08700001239776611,0.40700000524520874,25.508670165709088,1.2171173012256622,10.9322428553445,0.9266351737898662,0.0049840876396323305,27.7977524527272,89.67544811608255,5.659518661026088,99.29078014184397,99.29078014184397,0,0.0,0.01845199692380721,0.6717940199335548,0.04310129020348589,3.231806480633071e-05,0.01594040935190412,0.00025591888977322336,0.002948014880482849,0.016054725077850857,2.2397619047619046,1.830408163265306,1.0446115108578786,0.7292404748349085,1.2236406882967257,20.4852294921875,27.731424967447918,113.7962920415969,14.003619047619047,9.165786454214555,12.390374077690971,12.976016090029763,7.781242337761036,5.801223899813591,33.19679641723633,0.0279876459389925,0.07324990630149841,1.0041736421130952e-06,2.3332413182554457,0.012306281452949923,1.6709210290014984,-7.992699032738095e-07,1.5678007106585847e-08,2.333241327954573,0.0007165584271231756,0.00585587188030327,2725.0,-0.003234103284423212,0.015046324996395723,1.86309219956645,1
23,0.8435536963315237,-0.04261851489827746,-0.38314961920749574,0.005049645370280071,0.0053369556378605265,0.012570161432609394,0.863800048828125,0.06059998273849487,0.41200000047683716,25.30540546136243,1.278495018354484,11.493931290507316,0.9275798351958159,0.0032322462702120873,27.826065633800287,85.31035510792958,4.036922607094241,94.80812641083521,94.80812641083521,1,0.024390243902439025,0.020713054150580935,0.7048780487804879,0.03308582081571931,8.125990170762189e-06,0.020380863765784796,0.000452366036786755,0.0024665669075209654,0.02219562634760274,1.959047619047619,1.7667346938775512,0.6501206934868119,0.743881442278672,1.1088521812791188,9.9603271484375,10.128275553385418,62.45956711542038,15.942380952380951,7.965621500905728,6.133456759982639,5.893947056361607,2.7239922530485376,2.5674909653151667,33.220455169677734,0.02877913974225521,0.10699492692947388,3.871372767857143e-06,2.3340769151489904,0.011816425501624678,1.8060866644445628,3.9963495163690477e-07,-1.4013324766526727e-08,2.334076115366182,0.000747126505595818,0.00487914460674395,2734.0,-0.003283899061214719,0.014798360358827168,-1.8078379992781008,1
24,0.8510304674988701,-0.042233238592034296,-0.3602996382202421,0.016532544795326704,0.019924870821231365,0.04778433528446764,0.9306000471115112,0.13539999723434448,0.4129999876022339,25.529689739261354,1.28081401518413,10.808482003765446,0.9266888373495659,0.007334800603615627,27.79933883936674,84.50921117547516,2.984012179582757,89.74358974358974,89.74358974358974,2,0.04878048780487805,0.02394402486071655,0.7108710801393728,0.025205730006583965,1.1123791753435912e-06,0.026833674529726737,0.00011576282022729744,0.006307194678371436,0.004314087513398648,1.9161224489795918,1.4869642857142857,0.5180686910822896,0.2715492565345923,1.2886136320746624,11.11328125,13.8153076171875,74.7597149076916,14.813025210084033,8.224289485833012,7.237403506324405,8.099594116210938,3.4515621169663087,2.5971238376001002,33.24375534057617,0.02582501620054245,0.08845087885856628,2.224876767113095e-06,2.3349287509804686,0.011738171018321471,1.0428256732873669,-7.447742280505952e-07,1.0971856507437366e-08,2.334928937824217,0.0007645222176023389,0.004994964864092058,2740.0,-0.0032793260019147153,0.015156885393578637,-3.251013500512526,1
25,0.8570516286236899,-0.009248066956088657,-0.32961882864293596,0.01733994802866685,0.07026233775495241,0.06345335959682404,0.9306000471115112,0.2505999803543091,0.4129999876022339,25.710331430179732,1.617734578336988,9.888133287855558,0.9232702180292881,0.0103680429005353,27.696798953997185,85.88030729189708,3.6094993939048963,92.3076923076923,92.3076923076923,2,0.047619047619047616,0.023832625262002593,0.6998979591836735,0.029802382580875576,5.576736626405659e-05,0.026838957673473027,0.00019410304247748002,0.011040018390256373,0.00723213788102236,1.832142857142857,1.4532142857142858,0.4077864587236405,0.3073103779037521,1.2607520275251904,19.65179443359375,13.995463053385418,80.6217500232515,15.66738095238095,8.599189333858542,9.251454671223957,8.337821960449219,3.9628658346902204,4.733476279446588,33.260459899902344,0.022231657058000565,0.08765958249568939,4.159109933035714e-06,2.3344394394479635,0.011731447763207429,1.0010018762504083,-3.814697265625e-07,-9.656524093461309e-08,2.334440165505666,0.0007624908773785609,0.005227627094582329,2744.0,-0.0032309056304703496,0.015580090913357823,-3.5968434427137463,1
26,0.8688251613378525,-0.00501212355636415,-0.28340083804300853,0.018811481282045038,0.09975845020263328,0.062454420597386893,1.0348000526428223,0.2766000032424927,0.4129999876022339,26.06353755440031,2.4136857228619713,8.519650283540997,0.9215011520881107,0.015495771263970561,27.643712616847473,90.77747673904186,5.728465898393279,99.7624703087886,99.7624703087886,0,0.0,0.016093419298347702,0.6636190476190476,0.042276060674126786,0.0001469141884214911,0.014865039639456698,0.00015457380043490762,0.013914486996545893,0.010398478859391535,1.6916666666666669,2.158095238095238,0.37714052728958075,1.3852157506096157,0.7838702559576347,19.65179443359375,19.062093098958336,112.16605522519068,14.64218487394958,7.989250102175632,10.889333089192709,12.259103280526622,3.8315005638822206,4.386119450923183,33.27370071411133,0.02136397175490856,0.08411836624145508,2.224876767113095e-06,2.3388095846812353,0.018908251747031063,0.966407294583171,1.2534005301339286e-06,2.1692883180930116e-08,2.338809494949817,0.0007686581763995565,0.015741232327976872,2737.0,-0.003197488293898207,0.01585596994861068,10.706942165858335,1
27,0.8678536558321545,-0.03959185687700907,-0.2861829334696134,0.01572493407737486,0.11968329866151843,0.05645150553694862,1.0348000526428223,0.2766000032424927,0.37459999322891235,26.034379103609492,3.4372328650525636,8.603129289235387,0.9242101745775473,0.015226480106903128,27.724979242852882,92.72293261879683,5.420700269210739,99.7624703087886,99.7624703087886,1,0.021739130434782608,0.016891007147265654,0.649472049689441,0.0408802422384025,3.114095526863809e-05,0.013548571265682501,0.0004680052978867954,0.00467973301304314,0.03454277862288086,1.9383333333333332,2.3776785714285715,0.7817220727937586,1.376388711984951,0.8152209287770684,19.65179443359375,19.062093098958336,96.81952420189266,14.061517857142857,7.979042726020505,11.132982042100693,12.572097778320312,3.4811653203811224,5.1321357000246,33.28575134277344,0.022862592712044716,0.08687231689691544,-7.905505952380953e-07,2.3471766520407047,0.021570286784358884,0.923301054060473,1.6893659319196428e-06,-3.703084829083906e-08,2.3471767216466706,0.0007273108925986267,0.01886595164693712,2726.0,-0.0032103682783613725,0.01418728828418787,12.894664499299635,1
28,0.8660134269850595,-0.10675342877138229,-0.3030596190605845,0.015722047903861988,0.09042500842427814,0.05293240341049824,1.0348000526428223,0.2766000032424927,0.37459999322891235,25.97917566674096,4.125410023927689,9.109496714089598,0.9296600911332533,0.01336047161387751,27.888489510644327,91.2457916213794,6.714634292132927,99.7624703087886,99.7624703087886,1,0.022222222222222223,0.017261494247992247,0.6613015873015873,0.05086714920485296,4.72894800499791e-05,0.010204131168993963,0.0004891819299883838,0.0031021290917707684,0.047939596413146934,2.7357142857142858,2.367857142857143,0.968602190830494,1.3741017474135233,1.1553544494720966,15.975545247395832,19.062093098958336,83.01963929675874,14.491428571428571,9.020634742437064,8.72247314453125,10.99095662434896,4.315886620850318,3.6690530437092783,33.29864501953125,0.02294950745999813,0.08687231689691544,1.0768345424107144e-06,2.354628925896572,0.018590272486405945,1.2050954552520965,2.143496558779762e-06,5.784575373796665e-08,2.354628212526363,0.0007105257834485684,0.015212531375440402,2717.0,-0.003241244057667641,0.01215548272021447,12.894664499299635,1
29,0.8593682270106815,-0.14556400103796097,-0.3336618853750683,0.005703388310648259,0.005785959321654319,0.01611337177726298,0.8858000040054321,0.17680001258850098,0.37400001287460327,25.779820667505263,4.366716602572373,10.009390846959182,0.9334597631131858,0.0033762564932378527,28.00246483260137,86.45882517326916,5.259621980501435,96.99769053117784,96.99769053117784,1,0.023809523809523808,0.01929958205754256,0.6964625850340136,0.04102102863893725,3.450723265306129e-05,0.015087962613618843,0.000853506058336944,0.002185849043752198,0.05656867532045341,2.370408163265306,1.4248979591836735,0.9372140074675686,0.14900810462403877,1.663563448868519,7.909138997395834,8.468424479166668,58.03995346795944,15.256517857142857,9.008261216521714,6.77061535063244,6.990661621093751,0.6711475843692314,0.569747405616859,33.31162643432617,0.022151684388518333,0.07347167283296585,9.344191778273809e-07,2.3568936219857277,0.01283373359854715,1.116654593026863,-1.6530354817708334e-06,-4.6859901815963166e-08,2.3568935573258614,0.0006657972924364865,0.006913970307375635,2715.0,-0.0032578971430117913,0.00988786726265042,-10.712277595953722,1
30,0.8555786562987736,-0.15136478224822453,-0.3422080471402123,0.009299051321580197,0.011364027828748584,0.028444567318321585,0.9046000242233276,0.21660000085830688,0.44179999828338623,25.666155403256415,4.540729467443057,10.26569227137736,0.9343629464033608,0.0048034600983054366,28.02954530405687,86.35884620823099,4.003989111573676,98.13084112149532,98.13084112149532,0,0.0,0.017656362532513372,0.6961904761904762,0.030567465358638607,8.010615310287374e-05,0.019070213389705562,0.0002774651717577663,0.0030657752745837357,0.014549662664369916,2.0285714285714285,1.4914285714285713,0.46040164997563976,0.15225850735254332,1.3601532567049808,17.76885986328125,30.907999674479164,97.6931884765625,15.471344537815124,8.326435194136687,8.110569545200892,9.708506266276043,8.022670433865013,3.9550446161582964,33.3235969543457,0.022214069962501526,0.06719513982534409,3.662109375e-06,2.3567541197001223,0.012469875558353953,1.2247438620320634,3.814697265625e-07,1.1419965349579908e-07,2.3567536946088117,0.00068395376840548,0.005819889152183195,2715.0,-0.0032572257882623147,0.009910182353504127,-9.470586952433633,1
31,0.8440307514156614,-0.15683640101126262,-0.3702267044640723,0.01702462535021026,0.012008030598517627,0.04496327870181695,0.9046000242233276,0.21660000085830688,0.44419997930526733,25.319723685383796,4.704872458917754,11.106253848203592,0.936205777071293,0.005277195552819774,28.084836419714858,87.41678084675311,5.008634698253475,98.13084112149532,98.13084112149532,2,0.047619047619047616,0.021634320023680164,0.6886054421768707,0.03915840608698081,4.1757971511870036e-05,0.01723987972290158,0.0016037242483481504,0.005744375711091344,0.0930240972747479,1.736,1.4528571428571428,0.48141831273512514,0.28508621443322013,1.1948869223205507,17.76885986328125,30.907999674479164,113.58714832124255,13.43377551020408,7.479002163046362,10.645121256510416,11.707051595052084,8.960350900483718,5.402212970760001,33.336605072021484,0.02282225899398327,0.06755474209785461,2.8018043154761906e-06,2.3623096892381983,0.013549942721805883,1.3153337162201248,3.814697265625e-07,-2.059297413912764e-07,2.3623101955207506,0.0006945236280834721,0.008059217872731048,2735.0,-0.0032570383320660325,0.009859685115258884,-8.530711593549922,1
32,0.8344312747830437,-0.16176047669422058,-0.39313380006949106,0.01615723020150474,0.010456842651027492,0.04406946422309827,0.9046000242233276,0.21660000085830688,0.44419997930526733,25.031745814936503,4.852593872249127,11.793462287826198,0.937699402903497,0.005342099851593748,28.12964887632819,85.11936215397158,7.855478441486934,98.13084112149532,98.13084112149532,4,0.0975609756097561,0.03153634120069307,0.711184668989547,0.06844711614970342,2.9950187421909537e-08,0.03501307700097688,0.0033343970239869385,0.00361240650055557,0.0952329046628466,4.119428571428571,1.464,2.5333197708194066,0.3277024533920728,2.8138173302107727,17.76885986328125,30.907999674479164,108.76144096737815,14.230119047619048,8.923498777273661,14.9912109375,12.757161458333332,9.472219067521088,4.587163744980004,33.3516960144043,0.024251040071249008,0.07184520363807678,2.873011997767857e-06,2.368365341774322,0.01333367871504252,1.3298995838029468,7.992699032738095e-07,7.813104905289338e-09,2.3683655369522403,0.0007268916794646121,0.00785393159347865,2744.0,-0.0032726211733128036,0.010003385699871347,-8.530711593549922,1
33,0.8255606357597169,-0.1627074098728952,-0.4162140286366145,0.005316664995448331,0.008130093910077546,0.011344862028610458,0.8530000448226929,0.20999997854232788,0.45420002937316895,24.76564121569906,4.880994296201638,12.485812001952104,0.9388614124715013,0.004527868988931128,28.164496918477703,83.25141703396797,6.48142456973086,93.12638580931265,93.12638580931265,4,0.1,0.030339091810551343,0.7252857142857143,0.05897439776578253,3.0380344189920774e-05,0.02827197223598613,0.0034777150183347844,0.001110795388869123,0.12300928245494513,2.8207142857142857,1.5122857142857142,1.103854794872616,0.12975833109976376,1.8651993198564143,7.091979980468751,7.073974609375001,65.23250310988654,18.644166666666667,7.772460353827099,6.240183512369791,6.109090169270834,0.8326489086682121,0.6745454119432827,33.369659423828125,0.025967556983232498,0.07184520363807678,3.810337611607143e-06,2.3722563111880275,0.011563185098038066,0.9011953920176786,1.1080787295386906e-06,-1.4174331629185268e-07,2.372256906930397,0.0007955336653092346,0.0053933979126424125,2750.0,-0.0032890671849517585,0.010488628865643463,-10.576062493112886,1
34,0.8288958836283002,-0.14134529506876356,-0.39343343826986493,0.012664350892774442,0.0896899028248789,0.08707730140113769,0.961400032043457,0.409000039100647,0.45420002937316895,24.86567993743079,4.909303135105541,11.87582986410175,0.9367522832155186,0.010910061638374786,28.101268216550395,82.32677726290797,5.462472247231046,91.30434782608695,91.30434782608695,2,0.05,0.02616515592568454,0.7322142857142857,0.05153258331247467,6.62662450645564e-05,0.04116727941521921,0.00027693244643683577,0.04842147604144478,0.006727003833400176,2.0547619047619046,1.6363265306122448,0.5692539972443627,0.5664378269016875,1.2557163049804607,7.091979980468751,7.259012858072917,47.32776111421131,17.454857142857144,7.518600242428252,5.181020100911458,5.669076102120536,1.2474970244580879,1.311599350037826,33.387062072753906,0.024542545899748802,0.08983546495437622,2.4443126860119047e-06,2.3725524810795373,0.011847993423790327,0.9011953920176786,1.453218005952381e-07,9.319881097061598e-09,2.3725517703375147,0.0008570685991275587,0.0066267516165914924,2713.0,-0.003293465866394755,0.011084821629006238,7.280454273841801,1
35,0.837207645876067,-0.029308771150452752,-0.3396041334612029,0.019211620492591886,0.17000843491832582,0.11100820242731133,0.961400032043457,0.409000039100647,0.45420002937316895,25.11503509053162,5.0258989943351065,10.268630576729775,0.9264850700315398,0.018077725624534455,27.793238870206977,87.99882661167035,4.627112499122238,95.45454545454545,95.45454545454545,1,0.023255813953488372,0.018039207919190857,0.6837209302325581,0.03606425149464996,1.467046330695535e-05,0.015380330143815587,0.00016225302228529455,0.004843062233795555,0.010549384881086983,1.5561904761904761,1.626607142857143,0.42255566258406646,0.5475478441028077,0.9567094814652175,16.627095540364582,16.88140869140625,86.62071322486513,15.672406015037593,8.715233734364443,8.558259186921296,8.549919128417969,4.956374778035743,4.489870191516874,33.399330139160156,0.02126706764101982,0.08983546495437622,2.01416015625e-06,2.37191725524231,0.012246377708769253,0.8361222962371506,-3.633045014880953e-08,-8.552104234116487e-08,2.371917552279504,0.0009009261526544907,0.007822778739685027,2691.0,-0.0033017270173704527,0.01209128824586495,4.44642269075098,1
36,0.8467218369245529,0.08511690482639131,-0.2821208479007085,0.018426671353169253,0.15659368871188664,0.10176895338307262,0.961400032043457,0.409000039100647,0.43379998207092285,25.400457964880125,5.20344498200076,8.544136295616626,0.9158099203391711,0.01688681956227948,27.472980344040423,88.44510898382465,4.686635568172285,95.45454545454545,95.45454545454545,1,0.023255813953488372,0.0189982353024278,0.6803322259136213,0.036762474947196096,3.2960773011245056e-06,0.017749886203851564,0.0004273807020412035,0.01496963447182574,0.024077940395384943,2.040714285714286,1.61,1.1838623661730345,0.667434421859551,1.2675244010647737,18.59375,20.911153157552082,90.49948352632067,13.174375,7.728331202840854,12.176386515299479,12.225053575303818,6.266873136759041,5.4382594937779185,33.402099609375,0.020204195752739906,0.09139607846736908,5.740211123511905e-07,2.3687111548619986,0.013036839039357836,0.8664396218584213,-6.902785528273809e-07,-7.24697089562893e-08,2.368711743663602,0.000910154942299152,0.009346001387216904,2658.0,-0.0032418652787832274,0.012211091841620664,4.44642269075098,1
37,0.851664494627998,0.1845181898786908,-0.24662128608283543,0.012230951626060084,0.026004034596105598,0.037150479575976024,0.9226000308990479,0.26479995250701904,0.39139997959136963,25.548718838862012,5.535231982128961,7.406245296512331,0.906831676882417,0.007981634138884634,27.203665713240884,89.2266148406787,6.234290365843133,95.45454545454545,95.45454545454545,3,0.06818181818181818,0.03677494762283901,0.6762012987012987,0.054032168647734254,8.965746938775516e-06,0.052464590007396214,0.0016409759242977905,0.016340634960395693,0.03127778038609381,2.017857142857143,1.7818367346938775,1.1760503338527233,1.630768248776067,1.1324590539457107,18.59375,20.911153157552082,101.65307820638023,14.82126050420168,9.175429935298057,11.644681294759113,10.593915666852677,7.4459280072634035,5.781294456624038,33.40494918823242,0.020883630961179733,0.09061529487371445,-1.0782877604166667e-06,2.363885483806017,0.013868610361853117,0.8664396218584213,-1.0535830543154763e-06,5.435121247019948e-08,2.3638852645778714,0.0008966439417946911,0.010617306666203688,2666.0,-0.003210908849718094,0.012925518700291235,8.660627424549292,1
38,0.8494620091631299,0.18997193284261793,-0.24419926683675675,0.009803935109053303,0.04304220612665841,0.04996812763051941,0.9531999826431274,0.2954000234603882,0.3708000183105469,25.482637417742183,5.69898327103683,7.328581718504429,0.9064795716419796,0.006976448206390543,27.193085191379023,88.1046963032479,5.992379181429649,95.02262443438914,95.02262443438914,4,0.09302325581395349,0.038764319903365464,0.6845514950166113,0.05238430496928169,4.837344439816721e-07,0.05888178058958701,0.0013907219355701436,0.017806885776961427,0.023618883832057326,1.39,1.8942857142857144,0.3473464591473703,1.6040722594107406,0.7337858220211161,10.817769368489584,11.84814453125,93.61271035330635,16.714789915966385,7.497829857159278,6.890433175223214,6.828380766369047,4.250962230418684,2.8118353742084587,33.41431427001953,0.02541222795844078,0.09061529487371445,1.007080078125e-06,2.3550796744925746,0.013899336168893993,0.8708565503228181,-1.2715657552083333e-06,7.3216003792541185e-09,2.355079830381616,0.000916421982756368,0.010666935718890203,2661.0,-0.0031411860433171335,0.016453196941780202,7.305014589798823,1
39,0.8512274854864393,0.19080418112732114,-0.2307804380882354,0.013046794172467997,0.04940966097376438,0.06561327810197087,0.9531999826431274,0.2954000234603882,0.3708000183105469,25.53560956461089,5.723835433806692,6.92609885607447,0.9061464941809373,0.008321356261800625,27.183105165945634,90.28242509691155,6.122565766208388,95.89041095890411,95.89041095890411,4,0.09090909090909091,0.03686195853059036,0.6681818181818181,0.05334485735956903,6.039510204081927e-07,0.05266952882603107,0.0015361639519814944,0.015268981650563984,0.02916608494933545,1.4989285714285714,1.3896825396825399,0.6258319972448757,0.6380699276351144,1.0786122215876641,25.91339111328125,19.899190266927086,93.70561443510509,13.208872180451129,8.1386468415968,8.451754252115887,8.493787977430557,5.799206720484165,7.2825141618348335,33.428531646728516,0.02440709061920643,0.08122608810663223,8.617582775297619e-07,2.349137876165588,0.013219361271843531,0.8589972158077065,-1.4350527808779762e-06,1.1989867071257563e-07,2.349137721236269,0.0009167720217486983,0.009547986500596609,2665.0,-0.0030962205331647153,0.018636575161067145,7.305014589798823,1
40,0.853759808790116,0.1954280964533488,-0.21346039026407967,0.012429201426125804,0.04971414726785114,0.06590702513708863,0.9531999826431274,0.2954000234603882,0.3708000183105469,25.611571977990014,5.862539465001651,6.406482564168317,0.9053033061995357,0.007676681163073371,27.157795114215784,91.09262651819313,3.3307732310866816,95.89041095890411,95.89041095890411,1,0.022727272727272728,0.01688763501563947,0.6595779220779221,0.02485501473472338,1.045004581424339e-07,0.00850816560973452,0.0002135643205713336,0.004342277622138862,0.0251011005623805,2.469047619047619,1.5016326530612245,1.6870847267649145,0.5842452600991769,1.6442420947721301,25.91339111328125,19.899190266927086,81.00668153308686,13.386000000000001,8.662039935069263,9.016028510199654,8.942202613467263,5.243652016840539,8.029917689804263,33.43796157836914,0.020612310618162155,0.0925753191113472,2.516973586309524e-06,2.3432578911560387,0.01201560558895566,0.9329578946181606,-8.174351283482142e-07,2.510634596662844e-08,2.3432577040946625,0.0009170935612134564,0.007305182570347697,2673.0,-0.0030418734943053307,0.018689996742697522,7.305014589798823,1
41,0.855767265910194,0.20428755326498121,-0.20229279978786197,0.009614936660185121,0.030837544802518112,0.04167223946857045,0.9170000553131104,0.25999999046325684,0.3489999771118164,25.67179712023054,6.128437597921916,6.0683674222230914,0.9042841071861216,0.0066049131534614116,27.12721588840679,91.53592656042167,3.9953569622994642,99.29078014184397,99.29078014184397,2,0.045454545454545456,0.018165771492439288,0.6567532467532469,0.029209377284864183,1.3437067888380112e-06,0.015017976577298846,0.0004081914987548866,0.013400621773950697,0.0271801927945412,2.6185714285714288,1.5771428571428572,1.5691140964311827,0.5354657927079468,1.6603260869565217,9.449055989583332,11.036173502604166,75.73360493977864,15.497904761904762,9.329706266080292,6.198357476128471,6.960027785528274,2.3820400471387835,2.4807626394022866,33.43963623046875,0.01996178925037384,0.09335488826036453,-2.6608421688988096e-06,2.3398285326256785,0.012214105012865802,0.9602245861524621,-5.086263020833333e-07,1.3328842293769013e-08,2.3398284389838655,0.0009129102738583879,0.007541921406760524,2681.0,-0.003050904087575071,0.015999168584033944,10.440212815142145,1
42,0.8520832659233184,0.211568781546184,-0.2139818188008808,0.006725017336431637,0.01331884949941979,0.025688328274769013,0.8753999471664429,0.25999999046325684,0.3335999846458435,25.561271692003523,6.346763732092721,6.4191501354745455,0.9041286670074836,0.005414931560499126,27.122561408028165,90.04670093051695,4.0200286672226495,99.29078014184397,99.29078014184397,2,0.045454545454545456,0.018272576260324344,0.6676298701298702,0.02936549661821403,1.1114739525197858e-05,0.012867371451883589,0.00034577495059323236,0.004164117623537857,0.026872228868672018,2.2157142857142857,1.4740476190476188,1.0129528465766584,0.19211394129502757,1.50314973348409,23.832600911458332,32.26155598958333,95.88633757091704,16.14131868131868,6.887061184704584,12.39251708984375,10.902828640407984,9.689888664910887,6.12581612986886,33.44095993041992,0.020371999591588974,0.07054812461137772,5.769275483630952e-07,2.33582617935581,0.011927478386936268,1.0159735437704223,-4.722958519345238e-07,1.5359768486913917e-08,2.335826014588143,0.0009241584852498611,0.006895341325778214,2701.0,-0.0031238964787949084,0.015229523709938608,0.4468703165673746,1
43,0.8605536855913344,0.15299091436749412,-0.20775861885434105,0.0242694480691755,0.12194515094230444,0.052669015845335364,1.0668001174926758,0.3109999895095825,0.3335999846458435,25.815315996323314,5.61122200523104,6.270223140163081,0.9083511462661384,0.01594853056325236,27.24920249873047,89.73539226274963,4.485517435025355,99.29078014184397,99.29078014184397,1,0.022727272727272728,0.017421598735920443,0.6702922077922078,0.03325504348242604,1.5640309870887375e-06,0.010674496382527305,0.0006454355787387453,0.016713157139954065,0.060465201880178183,2.057755102040816,1.6759183673469387,1.159452433632313,0.5498886336078382,1.2278373112518266,23.832600911458332,32.26155598958333,110.0657745361328,14.99955357142857,9.16065818304667,10.613505045572918,10.936017717633929,9.240388032164812,6.993264676398378,33.44517517089844,0.021278517320752144,0.07054812461137772,-2.01416015625e-06,2.338664905553,0.01668071991327163,1.1974643978373247,2.6339576357886904e-06,-2.619964123125136e-08,2.3386644284178244,0.000904133026279342,0.013503716357205668,2709.0,-0.003158233658562762,0.015583265515440571,0.4468703165673746,1
44,0.86564515153567,0.13329765721729825,-0.20894877143417087,0.024204274886699833,0.11499222293480493,0.05662565018153089,1.0668001174926758,0.3109999895095825,0.3118000030517578,25.968134974667006,5.020365004965237,6.306423288966928,0.9096817119601066,0.01625079452741707,27.289155037608715,89.47727314203847,3.575165186649624,95.45454545454545,95.45454545454545,0,0.0,0.014730613783528756,0.6716558441558441,0.027419883604170355,9.724374843815176e-07,0.006780685919686844,0.00029823479279853334,0.005838811994714941,0.04398298289154601,1.825142857142857,1.8016666666666667,1.0207930490454917,0.5578825472336776,1.0130302629840093,14.944254557291666,16.138102213541668,97.42324603852772,15.600989010989013,6.735709878096641,9.2376708984375,9.261016845703125,4.608397481853312,5.450670927286403,33.450172424316406,0.02113005891442299,0.06901457905769348,6.834484281994048e-06,2.339472311359662,0.01669867825481381,1.1974643978373247,1.9981747581845239e-07,-1.0883390511847693e-07,2.339472731228638,0.0008999550381575072,0.013534813259144633,2709.0,-0.003162078690309762,0.015016050833077135,0.4468703165673746,1
45,0.8695216841413861,0.12157760952200208,-0.2066772477513268,0.022018237996405742,0.10859642361211912,0.05560542971507769,1.0668001174926758,0.3109999895095825,0.3118000030517578,26.084421952792578,4.66875243127346,6.238309435588973,0.9103181433843711,0.01598082388550169,27.308245718348346,90.3129469990998,3.184172268439162,94.80812641083521,94.80812641083521,0,0.0,0.01444758787631205,0.6652272727272728,0.02471721921974961,2.2417326114119134e-05,0.0072193448340480155,0.0002011921838569962,0.004976946551184121,0.02786848231824717,1.8444897959183673,1.7969387755102042,0.8986495954357996,0.6258099957419283,1.0264622373651333,14.944254557291666,16.138102213541668,81.31868831089564,14.284642857142858,8.629046322373839,9.29623558407738,9.666849772135418,4.112059419537289,4.358407950549164,33.455989837646484,0.021232640370726585,0.07256092876195908,4.3160574776785714e-07,2.338973372716301,0.016861341383368735,0.9612008105962755,2.5431315104166666e-07,4.61449710037554e-08,2.338973301938506,0.0008773652001963941,0.013763012281919774,2706.0,-0.003133221334698348,0.013156863762314362,5.587020102095841,1
46,0.8596973886206036,0.17477936180432638,-0.22447124781211217,0.01361787195299259,0.02546854791644361,0.04241069263797213,0.9562000036239624,0.27559995651245117,0.3614000082015991,25.78962394433362,5.243193139859608,6.734667005709239,0.9069526344578581,0.009189422050552449,27.207248969234737,92.15657335939925,2.3899184699813585,99.29078014184397,99.29078014184397,0,0.0,0.010330799457917246,0.6514920634920636,0.01644603779741686,5.988864639733481e-07,0.005153950575734781,0.0002029933562203122,0.0046586559570368545,0.0393859726121592,1.9816666666666667,1.6623809523809525,0.905428232079557,0.54498496931571,1.1920653107991979,12.155659993489582,16.138102213541668,106.95617363339379,14.965714285714286,7.300360628497913,8.432718912760416,8.737877739800348,4.369321948254428,2.5183236569735037,33.46323013305664,0.022243425250053406,0.07804141938686371,2.445765904017857e-06,2.3334378384674204,0.011990032661953547,1.2061454244955963,-2.2706531343005952e-06,-1.1680584580069195e-07,2.333437347073269,0.0008839316238812982,0.007073315355394008,2698.0,-0.0031227521241083012,0.012956030933616964,-1.0020881107427322,1
47,0.857164560181754,0.19470270499728975,-0.21022285732485,0.011035178039582502,0.025200243873170155,0.04448675862684258,0.9514000415802002,0.2793999910354614,0.3614000082015991,25.713712376867022,5.8408162927627565,6.306371148356369,0.9052612410158829,0.008477084392926642,27.156544660439728,91.92977845195414,2.731421946375024,99.29078014184397,99.29078014184397,0,0.0,0.011847046241077092,0.6532380952380952,0.019065229953957513,6.288835651811756e-06,0.0073396247939445285,0.00030419223275183886,0.0021260852989831093,0.04144520207665235,1.8064285714285715,2.0673469387755103,1.0950236073620843,0.9898571409637191,0.8737907206317868,19.578043619791664,23.9532470703125,106.04317299979074,14.197714285714286,8.464200269610924,11.005622016059029,10.352521623883929,5.942206718372522,4.173419927914128,33.47710037231445,0.02527007646858692,0.08038283884525299,-3.669375465029762e-06,2.330807076029071,0.011454426111352127,1.3600556878047512,1.0899135044642857e-06,3.157646050268573e-08,2.3308067977297164,0.0008212184425447207,0.005344164980073343,2720.0,-0.00314748980284793,0.013847538595727888,-1.0020881107427322,1
48,0.8543638376792272,0.2101297719081243,-0.20279288592225028,0.010596120651141022,0.018204072568159438,0.04184203008115392,0.9514000415802002,0.2793999910354614,0.3614000082015991,25.629696987526756,6.3036101572854175,6.083472720512322,0.9040714843492843,0.008137287971203614,27.120854055820963,90.87145774095119,4.608163377775601,99.29078014184397,99.29078014184397,2,0.045454545454545456,0.019920344459827915,0.6621103896103896,0.03640690549541019,0.0001558319127030406,0.016072943113192285,0.0014350172126115519,0.010799324797364321,0.08928154616771612,2.2045238095238098,1.9833333333333332,1.0086481208756757,1.0087503775776436,1.1115246098439377,19.578043619791664,23.9532470703125,104.7756628127325,14.937142857142858,8.767070212825837,10.384623209635416,10.794745551215277,6.065229509263631,4.276029163660595,33.492469787597656,0.025906844064593315,0.06425508111715317,3.0226934523809525e-06,2.3301291094525167,0.0113170480641617,1.3600556878047512,1.9981747581845239e-07,7.248561548042028e-08,2.330129129495964,0.0007356013467809967,0.004728941665245848,2729.0,-0.003159940381838216,0.013994827981933597,0.8612359786387189,1
49,0.8541378095774423,0.2184671621719996,-0.19485568596067881,0.0065467895224731185,0.010641013535787556,0.022569255875529038,0.9010000228881836,0.2793999910354614,0.25459998846054077,25.62290500164032,6.553699436528342,5.845393293116774,0.9032637542112116,0.005300029208224143,27.09661311706361,89.04054474225134,4.219930248460981,94.38202247191012,94.38202247191012,3,0.06976744186046512,0.02379455311657466,0.6754817275747508,0.034536637490445964,4.612904623073708e-07,0.02683157999625311,0.0014668308355724519,0.0019576578702409633,0.054668075296992844,1.7210714285714286,1.550408163265306,0.5024835005921556,0.17773061524444425,1.1100763459260237,10.734049479166668,9.96185302734375,78.54952610560827,17.446050420168067,8.251514692766946,8.420092264811199,8.623003278459821,1.4126665150879183,1.5556551648713692,33.50724792480469,0.02356513775885105,0.06385833770036697,1.727876209077381e-06,2.3299811789038225,0.011387675581695372,1.3398355584635957,-5.994524274553571e-07,1.66641903904773e-07,2.3299801876655044,0.0006780128555349242,0.004510346813791217,2720.0,-0.003161049860953422,0.01388546648596706,-0.08066850463805035,1
50,0.855330800652504,0.20068276175998506,-0.1881569906700225,0.02013350494983838,0.07244721991439841,0.07262689794903694,0.9595999717712402,0.28939998149871826,0.3569999933242798,25.658661876746585,6.181145994918687,5.882413431278297,0.9045069529658308,0.007949753928642268,27.133911143885992,90.79118273878373,6.25112174613371,103.7037037037037,103.7037037037037,4,0.09090909090909091,0.029065495651959348,0.6640584415584416,0.04676644609854529,5.3881592003331856e-05,0.041541952754016856,0.002988762708888321,0.0077173039228346455,0.07194564797147929,1.4175,1.3725,0.444377430818002,0.2972396391150152,1.0327868852459017,11.635233561197918,13.49517822265625,112.21659502301897,15.810396825396825,7.237835659592816,8.874994913736979,8.637123107910156,2.6170537557882327,1.8884180159203299,33.5171012878418,0.02238571085035801,0.07909524440765381,3.669375465029762e-06,2.3316212026489715,0.011829751093173546,0.8641884488573871,3.633045014880953e-08,5.4764231492412576e-08,2.3316201680213253,0.0006587611882468968,0.005727866477982566,2698.0,-0.003102748804186408,0.016728607638268538,-0.746330610036767,1
51,0.8705569142841157,0.13241278033029466,-0.06401060978287743,0.02890918451681696,0.11210013644420282,0.17761631969463032,0.972000002861023,0.28939998149871826,0.3569999933242798,26.115456428527832,4.1732362655230935,5.461980282536575,0.9079230039798574,0.01119825762112559,27.236391369146546,92.4285081257805,5.494386835813226,103.7037037037037,103.7037037037037,1,0.022222222222222223,0.021713474010802848,0.6514285714285716,0.03839879060831741,2.961208829654312e-06,0.018603196380730318,0.0017942987988250607,0.004617807364081711,0.09645110238602023,1.573392857142857,1.597551020408163,1.2327095875736176,0.5399156149840673,0.9848780020439448,32.767130533854164,23.158671061197914,144.70603746686663,13.009831932773109,7.6511975521062885,11.631482442220051,12.615966796875,5.883609350656197,8.392467206947552,33.51451873779297,0.024154800921678543,0.07791315019130707,-1.2948172433035714e-06,2.341880796523408,0.01771905096350238,0.9167935783433139,1.0899135044642857e-06,-7.774585298841318e-08,2.3418811216755757,0.000663703252026842,0.01436656161230365,2695.0,-0.003104381416872634,0.017208811659654828,3.759562750664574,1
52,0.8902118854068575,0.034619294535546075,0.025123504326457068,0.029643250850573465,0.12379152528551346,0.1536478991263062,0.972000002861023,0.28939998149871826,0.3569999933242798,26.70509241930076,2.7640441257613046,4.053695841218744,0.9132181392028551,0.012257982448943047,27.395238594403963,91.42130308026027,6.559851412126518,103.7037037037037,103.7037037037037,2,0.044444444444444446,0.025358286054347205,0.6597142857142856,0.04767482447674966,1.5610562265722613e-05,0.030483901809012687,0.00157955010432137,0.008257928621988833,0.05181587692473047,2.228809523809524,1.8171428571428572,1.6934713405918318,0.6633007839805064,1.2265461215932913,32.767130533854164,23.158671061197914,139.0278114682152,13.87657142857143,9.51478920160717,12.272304958767359,11.927010672433033,6.556089588203451,9.648370001577732,33.50132751464844,0.029054034501314163,0.0897032767534256,-1.0811941964285714e-06,2.351957239154906,0.01690965797397623,0.8364645179723251,1.1807396298363096e-06,5.0784808739822604e-08,2.351957653619673,0.0006768094259516955,0.013537158108881297,2714.0,-0.003103341688900231,0.016631326527692496,3.759562750664574,1
53,0.9072043044850939,-0.04308584822643371,0.09121933323144912,0.012411299991748235,0.059057402132390614,0.07001393419855574,0.972000002861023,0.16380000114440918,0.284000039100647,27.21483442025525,1.7174374185289656,2.747601705448968,0.9174092411215804,0.010052837890975655,27.520973690462206,88.63344634101138,4.837297587130094,99.0566037735849,99.0566037735849,1,0.023255813953488372,0.019499320961987882,0.6789368770764119,0.03657902358745853,1.227572778009167e-05,0.01775207024162398,0.0009366180710041361,0.003626344418823512,0.052761061569484485,2.0895238095238096,2.1280952380952383,1.2104484654574703,0.47213703379930627,0.9818751398523159,11.650390625,18.54736328125,102.21271754673549,15.88265306122449,8.665026918800669,7.955390082465279,10.09463840060764,4.36302535425466,2.6746523139714595,33.4835319519043,0.02524924837052822,0.0744665116071701,-2.445765904017857e-06,2.362346835354613,0.011895776167094436,0.8352302553174646,1.1080787295386906e-06,2.1019177014229467e-08,2.3623462340705927,0.000706479028566619,0.006253834590431183,2723.0,-0.0031842464753817526,0.01284669779962482,5.892000565138776,1
54,0.9089100664626985,-0.04160260070505596,0.07827574294805527,0.009870468212350252,0.05994415845110798,0.05798907848167494,0.9694000482559204,0.16380000114440918,0.2680000066757202,27.26601613674845,1.7269819864204952,2.3592291397707803,0.9170368825865317,0.008496747083045507,27.50980410451867,87.08475644104504,3.8618514174135483,92.71523178807948,92.71523178807948,2,0.046511627906976744,0.021779440381323283,0.6903654485049834,0.0311770256998775,2.6442742190754092e-06,0.01841555840896393,0.0012822618407436692,0.005349159090557123,0.06962926739813208,1.8647619047619046,1.976190476190476,0.5182195229079106,0.48112585273273395,0.9436144578313252,17.942606608072914,11.206258138020834,101.18454989478703,14.102244897959185,7.595603851958384,10.941636827256945,8.578236897786459,2.2448313783363933,3.405280899095968,33.47343063354492,0.02167380042374134,0.08153382688760757,-1.4401390438988096e-06,2.365807872528996,0.0119082521779798,0.9878759139600145,1.1080787295386906e-06,-8.168397369345977e-09,2.365807856219765,0.0007061940459764384,0.006143774852738989,2718.0,-0.0031343111963046404,0.011853310977834245,-3.2079180209404434,1
55,0.9058337616806938,-0.01574232422170185,0.105755314994426,0.01031299625863148,0.050899730459655165,0.054019607897412183,0.9694000482559204,0.13580000400543213,0.2680000066757202,27.173721707633565,1.203605707202639,3.178586588927678,0.9151528312716634,0.008795744858284313,27.453281251279925,84.98290785725385,5.540958091099551,92.71523178807948,92.71523178807948,4,0.0975609756097561,0.030135747299612842,0.709198606271777,0.04885452321001027,9.582183423573533e-06,0.03338838746541592,0.0006007025055713105,0.010714672693142725,0.017991360205506332,2.0454761904761902,2.379047619047619,0.7065497352236934,0.9886903543476316,0.8597878302642114,18.05938720703125,30.534362792968746,103.62770153227308,14.56969387755102,8.702390462425623,12.272881401909723,12.048712836371527,8.39277337845712,4.214170010336738,33.469078063964844,0.021231014281511307,0.08153382688760757,2.8773716517857143e-07,2.3679874867554207,0.011588642506277669,0.9878759139600145,3.0880882626488097e-07,-1.2634594096791866e-07,2.3679878098918645,0.0007037421036873309,0.005110147605685203,2708.0,-0.0030922338194088973,0.012163075416186461,-8.827942346684553,1
56,0.9018574944110144,0.01491823779401325,0.1370531812849499,0.00795637532297727,0.021869347166653594,0.023743427046219547,0.9694000482559204,0.11580002307891846,0.2680000066757202,27.054437260883194,0.6791237066047532,4.111413724252156,0.9129103204431412,0.007289578492141819,27.386008995461438,83.44667050605005,5.84266881298033,92.71523178807948,92.71523178807948,4,0.0975609756097561,0.03127560175769801,0.7226132404181184,0.05145750486828646,1.9778894793835902e-05,0.03161773152385618,0.0013524187433065153,0.007462551612320919,0.042774059938047414,2.076904761904762,2.2342857142857144,0.9349871462853492,1.0538045746876663,0.9295609548167092,18.05938720703125,30.534362792968746,98.68927532377697,15.183877551020409,9.124419857408874,10.744086371527777,11.146918402777777,9.187357148591662,5.731351480581978,33.47104263305664,0.021970625966787338,0.08153382688760757,1.0782877604166667e-06,2.366475594406451,0.011781102101704967,0.9380579218435554,-6.721133277529762e-07,3.9378556799988766e-08,2.3664751968850166,0.0006604178246852576,0.005817752439804201,2697.0,-0.003043085420411528,0.011395670577355254,-8.827942346684553,1
57,0.9033511708293642,0.013464914086319151,0.12469771459556761,0.00783080347406198,0.021600062342652472,0.03654152160006401,0.9558000564575195,0.11580002307891846,0.21979999542236328,27.099241982017244,0.6320479949883052,3.7407951521873475,0.9130136862240508,0.006583123891208858,27.389109221596858,80.31334354806152,6.16647072291441,91.70305676855895,91.70305676855895,3,0.07692307692307693,0.03859717881755794,0.7515750915750914,0.05885688935522319,8.809993169512675e-06,0.07355228706384818,0.0013827875024936991,0.05072999083236159,0.018800061258371876,1.955,1.7202857142857144,0.7457789380840651,0.8678636213749961,1.1364391297126724,10.924072265625,10.121358235677082,103.178074718657,14.57868131868132,6.758377055734949,7.317352294921875,6.66534423828125,3.0929310979989952,2.576366594979519,33.47993087768555,0.02496168203651905,0.07488124817609787,1.727876209077381e-06,2.3635068477196306,0.011441179401894996,0.9096553730930086,7.447742280505952e-07,3.006359293551807e-08,2.36350598369412,0.0006529555095624105,0.005166973630713463,2705.0,-0.0030651921732335664,0.010969320028609062,-8.827942346684553,1
58,0.906615180742173,0.014935932670320784,0.09687544787497747,0.006313038350055775,0.00895581158100407,0.040081622411109234,0.9249999523162842,0.04419994354248047,0.18420004844665527,27.19716627946922,0.4533034049613135,2.9061074362482344,0.9128359507984801,0.004018063849427884,27.38377818713474,82.35630197250421,6.070066805586083,91.70305676855895,91.70305676855895,1,0.025,0.03204359928852694,0.73275,0.05732327544866279,1.7688032653061245e-05,0.041162799831173665,0.002385344208588273,0.005350378092228984,0.05794902723749587,2.1671428571428573,1.4460714285714287,0.825275464215879,0.4636219155866609,1.4986416399110891,8.068949381510414,24.778849283854164,87.00087832496278,9.418714285714286,5.2475190425610485,6.086374918619791,9.65375264485677,8.957580058180508,2.180673667104338,33.4950065612793,0.025670165196061134,0.06896732747554779,1.800537109375e-06,2.3600799595422446,0.011270897929258611,0.8654249931162299,-6.357828776041666e-07,6.010562378971477e-08,2.360080118227515,0.0006238433156339238,0.00474215887560897,2707.0,-0.003079826834882863,0.00979032826601792,-7.454011324391166,1
59,0.9089939528533391,0.012060113753591265,0.0795643336489087,0.006091585930737087,0.008821468146675447,0.027113415614091193,0.9473999738693237,0.050999999046325684,0.18139994144439697,27.268527157051224,0.3925249834571566,2.3867868666137966,0.9129986420358271,0.00542941277628364,27.388659515310007,82.247155599041,8.673252051412813,94.5945945945946,94.5945945945946,4,0.10256410256410256,0.1047784220289589,0.7395604395604395,0.09785087482728008,4.524621407745838e-07,0.3562570041238147,0.008284489791893475,0.28954737395435837,0.023254250992955233,2.6895238095238096,4.5007142857142854,1.0050581824518314,3.798211246556645,0.5975771041633604,22.4029541015625,24.778849283854164,96.81324542817616,15.436031746031746,9.98403137209121,12.125888400607638,13.25182596842448,7.39013048952268,7.320446470099433,33.50973892211914,0.023611847311258316,0.060331057757139206,1.0811941964285714e-06,2.358941108656749,0.011510253420447949,0.9376851603681415,-1.2715657552083333e-06,-7.167720156797317e-08,2.3589412538412504,0.0006403683796898603,0.004778406490762434,2714.0,-0.0030736168034502078,0.010224019361681103,-8.892874337693792,1
60,0.9090906197002956,0.013214628134455,0.07932087632020314,0.005794479197991148,0.012323809366345813,0.018298025105883825,0.9473999738693237,0.07840001583099365,0.14820003509521484,27.271423305273057,0.47066856145858765,2.3795470039333617,0.9129083051454678,0.005556890288922272,27.385951147699856,85.0466054369,7.193519903083615,94.5945945945946,94.5945945945946,3,0.07317073170731707,0.09879555265541963,0.7125783972125436,0.08598460250425274,2.4259651811745256e-06,0.2804609189918692,0.005563041657445656,0.16097522595507305,0.01983535416428887,2.3110714285714287,1.9978571428571428,0.8273496996495521,0.6885992140214948,1.1567751161959243,14.02923583984375,14.410807291666668,50.98598996117002,18.816714285714287,5.7164299209223515,6.410776774088542,7.751617431640624,4.237180430213016,4.5985787066065225,33.519805908203125,0.022230595350265503,0.061110448092222214,2.5925409226190474e-06,2.356803781060649,0.011334076796355813,0.8373203231454358,-2.4159749348958332e-06,-3.911015715239963e-08,2.3568031259064197,0.0006738921670048066,0.00453760397464651,2712.0,-0.0030736320615126957,0.010026984029548937,-8.892874337693792,1
61,0.9096152574164527,-0.0018532570685659137,0.08286541872932797,0.0062126686461815486,0.02623700375829829,0.01840427832722109,0.9473999738693237,0.0875999927520752,0.14820003509521484,27.28715515102659,0.709574429009642,2.4858862761940275,0.9139477947249792,0.005928937827476351,27.417128255658472,87.02539344984841,7.437421360549222,94.5945945945946,94.5945945945946,3,0.07142857142857142,0.09740664124220995,0.6967687074829932,0.08766768440315524,4.058991420241581e-06,0.2640188980657614,0.004066773177999425,0.15636845291911786,0.015403341229711822,2.1262857142857143,2.0708163265306125,0.8542802675411649,0.5924706668227532,1.0267862422390852,14.02923583984375,14.410807291666668,73.2410168602353,14.73,8.080662498458537,8.621012369791666,8.814130510602679,4.393656030877297,5.014881138126439,33.52783966064453,0.02150729112327099,0.057962626218795776,1.1509486607142857e-06,2.3562782316297346,0.011378592517613174,0.8314524697636363,-3.9963495163690477e-07,-2.6364345057762258e-08,2.3562786444272836,0.0007208429380080604,0.004762404637551148,2714.0,-0.003098326145788073,0.009890763399832614,-8.892874337693792,1
62,0.9119524953251793,-0.025633600396769388,0.06387315226736523,0.006614965154703364,0.03612024996339225,0.02952151530038043,0.9639999866485596,0.13580000400543213,0.14820003509521484,27.357272574050086,1.1111518610801017,1.9291952818632125,0.9157367619185229,0.006351986910988357,27.470795823865807,89.24369868247567,5.031847466265776,99.7624703087886,99.7624703087886,1,0.022727272727272728,0.020993365733988585,0.674512987012987,0.039108743289102146,7.341342174094125e-05,0.014525305627165138,0.0017850205038843214,0.0009019030403478547,0.12289039209928822,2.065714285714286,2.6357142857142857,0.8151705718587305,1.143683629723692,0.783739837398374,13.945210774739582,13.640034993489584,64.63731958298456,12.555454545454547,7.8521185782119485,8.656997680664062,7.888875325520834,4.3833366036478445,3.7236442545837476,33.538818359375,0.02396530471742153,0.06381722539663315,1.9444056919642856e-06,2.3541407768831135,0.01138608020377186,0.9784339054324231,5.086263020833333e-07,4.457269190119975e-09,2.3541410258524085,0.0007169348960535376,0.004918852649069674,2722.0,-0.0030765463514479223,0.01031809097396168,-11.9697544941791,1
63,0.9142360855170658,-0.0390664577853112,0.04337420984676906,0.0056544204519339844,0.022713885256168152,0.02612139631696765,0.9639999866485596,0.13580000400543213,0.12419998645782471,27.42578585122313,1.1744000185387475,1.3144840087209428,0.9167510903932492,0.005726161690446218,27.501234287045143,87.144750115119,7.736603001598691,99.7624703087886,99.7624703087886,3,0.07142857142857142,0.03468194389670159,0.6942857142857142,0.06536285800817682,2.1590246730528974e-05,0.03618774026211509,0.004702967671538348,0.002555814484890497,0.1299602472404689,2.9575,3.4596428571428572,1.8243224560009637,1.404074746178829,0.8548570248787034,13.945210774739582,13.253885904947914,74.43199433826265,15.45,9.961724033232686,10.4571533203125,9.032058715820312,3.9715769256949165,2.248354636599412,33.551246643066406,0.024328339844942093,0.05987963080406189,5.754743303571429e-07,2.3539092176204965,0.011419130220855441,0.9784339054324231,2.906436011904762e-07,1.490920660428168e-07,2.353908660358593,0.0007287683768904816,0.0049467275379577146,2734.0,-0.003050607645218159,0.01016855104103772,-11.9697544941791,1
64,0.9150299141690844,-0.035015810722396484,0.02735421941110066,0.005412740297060283,0.02427745955859193,0.013829292784448758,0.9639999866485596,0.13580000400543213,0.10479998588562012,27.449590282184737,1.0528763209921974,0.8347537228890828,0.9165321875510644,0.005726732605962048,27.49465666724588,84.22747781660419,7.466406530389089,99.7624703087886,99.7624703087886,3,0.07317073170731707,0.0360222436949217,0.7178397212543555,0.062218102509338624,2.7603229321116133e-05,0.039296195430221226,0.005460149904513814,0.0035157674110869192,0.13894856346104736,2.8482142857142856,3.2289285714285714,1.892285459491797,1.0549124032693087,0.8820926888618515,10.403238932291666,13.253885904947914,66.1426749093192,17.617571428571427,7.663969932251104,7.855504353841146,8.065567016601562,3.3049292551232905,2.635537616258356,33.5593376159668,0.021396489813923836,0.054400019347667694,8.646647135416666e-07,2.3521797162374707,0.011534175271321303,1.1086963103879206,-1.9981747581845239e-07,2.920351603027413e-08,2.3521800237244426,0.0007102680245907049,0.004872796271081053,2708.0,-0.0030433404480274006,0.010134174820351588,-11.9697544941791,1
65,0.9140116951919738,-0.020087600969132924,0.03787202875387101,0.0045695296445841,0.011687142857039583,0.02340117829438882,0.94159996509552,0.08139997720718384,0.11619997024536133,27.419041284322738,0.6462194541096687,1.1392641460895538,0.9153913082890868,0.004361076246539911,27.460427655226315,82.93476477430025,5.497400257794871,92.10526315789473,92.10526315789473,3,0.075,0.029433869859808164,0.72675,0.049814950935785265,4.604037917534355e-05,0.03793257370510873,0.0005740531834225555,0.02945998063228817,0.01513351527068258,1.792142857142857,2.31,0.2250030234112815,0.6015015225522318,0.7758194186765615,9.777933756510418,8.54095458984375,67.3224384852818,16.88734693877551,8.34007651902489,7.309790717230904,6.6633436414930545,1.6426593883165332,2.111734512737742,33.55800247192383,0.02161461114883423,0.05362413451075554,-1.6581217447916666e-06,2.3553273818713247,0.013528691076129083,1.0965849122302838,1.2352353050595239e-06,-3.5539401615612115e-08,2.355327549961439,0.0007024139326371516,0.008677706294513117,2706.0,-0.0030736756559769473,0.010035145411306744,0.7058216818017237,1
66,0.9133195617198944,-0.015341410177094596,0.04440341898373195,0.005166643578639458,0.010461048440825764,0.027921119865265808,0.9637999534606934,0.0658000111579895,0.2359999418258667,27.39828428021499,0.5108432972005436,1.3350388537134443,0.9150157735869309,0.004636277157100835,27.449168984741306,84.37179515265741,4.864309366411129,92.10526315789473,92.10526315789473,5,0.12195121951219512,0.031936640079880604,0.7135540069686411,0.042019836922511676,2.973587671803527e-07,0.03545608000703028,0.0018354591459852699,0.009703918146032097,0.051767119930385214,1.6969047619047617,1.9785714285714286,0.3903664915594399,0.6564489089548609,0.8576413959085438,22.150065104166664,33.07861328125,109.59891524541945,14.734081632653062,7.62792791096707,9.636501736111112,12.027096218532987,9.532394779670014,5.764533028399029,33.55276107788086,0.02151758223772049,0.05832672119140625,-5.754743303571429e-07,2.361839250475842,0.016000815788337546,1.156973727705862,7.084437779017857e-07,-7.827310212877611e-08,2.3618394587383458,0.0006644811925732617,0.012123440822761513,2704.0,-0.0030793843510707078,0.010114566888899022,5.76856125577005,1
67,0.9126626094239099,-0.010280267488388789,0.05259114291270574,0.004869341081408317,0.008694251466478448,0.023808756694102557,0.9637999534606934,0.036199986934661865,0.2359999418258667,27.378570568391254,0.35917087401662556,1.5798332870858056,0.914587987551582,0.004418287649478651,27.43633058583953,82.7009905228978,5.826080557014026,92.10526315789473,92.10526315789473,5,0.125,0.03363624792176316,0.7291071428571428,0.05124240859654735,2.351260308204919e-05,0.03663756661433391,0.0016497637215860481,0.006335650908436863,0.045029292991871424,3.275714285714286,1.6067857142857143,2.4536635111299065,0.3883998767838557,2.038675261169149,22.150065104166664,33.07861328125,97.64566272553942,11.039761904761905,7.206826196104751,14.016994900173609,13.890711466471355,11.218358973363003,7.421131531727516,33.551963806152344,0.021410567685961723,0.05754810571670532,7.20796130952381e-07,2.3673920771955426,0.013614705006885918,0.818379957276691,1.1625744047619049e-06,-3.174827745597912e-08,2.3673925739919364,0.0006484983826453712,0.009004577019186505,2726.0,-0.00309211829407863,0.010058000371669804,5.76856125577005,1
68,0.9131282952513013,-0.008334448871158417,0.044106133336112616,0.004069678623963034,0.004709288966595154,0.02050147422076583,0.9637999534606934,0.036199986934661865,0.2359999418258667,27.392541714651244,0.2575353201372283,1.3231970000267028,0.9144747646616487,0.0036128317587495458,27.43293532314384,80.88506899572447,4.307733146879567,90.3225806451613,90.3225806451613,4,0.1,0.03265505619232837,0.7438928571428571,0.039534262458825076,4.6930888129945644e-05,0.03999792398546839,0.000709864637353723,0.018104579162482044,0.017747537037462825,5.883214285714286,1.7214285714285715,2.792689687161019,0.2701700144995626,3.417634854771784,22.150065104166664,33.07861328125,95.06863483247304,12.952063492063493,9.574068390079468,17.407455444335934,15.517578125,12.420657078698149,6.7801664971063245,33.55583572387695,0.02189394272863865,0.05794205144047737,1.514253162202381e-06,2.3685716707407534,0.011923832962347641,0.7351629648514585,4.54130626860119e-07,-9.472892543279545e-10,2.3685711122197106,0.000684600587210942,0.006058214681885719,2724.0,-0.003085093046164468,0.008936445023061346,-3.8211047352541843,1
69,0.9132000477370762,-0.011995525397005536,0.03879984769367036,0.006193333100105752,0.02742800863329126,0.02362465526707528,0.9628000259399414,0.14300000667572021,0.15260004997253418,27.39469957496439,0.45450490364006585,1.2648665738105773,0.9148169108652002,0.006514979786431566,27.44320222611034,82.7560619288414,5.35413999549465,95.67198177676538,95.67198177676538,1,0.025,0.023243078790669787,0.728,0.04618043582580426,0.0001578766607246978,0.02356474993847686,0.0011248305790960138,0.004466858130718448,0.047733609821141124,3.6985714285714284,2.016857142857143,3.004909757889781,0.2639146429728942,1.8338291542711431,8.42254638671875,15.511474609375,66.57033313569569,17.845584415584415,8.300753736805424,7.5811767578125,9.065755208333332,3.3308203122769107,1.109754306779956,33.55866241455078,0.021069929003715515,0.06185482442378998,-5.028134300595239e-07,2.365478788816976,0.011347171901795726,0.7751226564219444,-9.08261253720238e-08,-3.468366631033684e-08,2.3654788083716665,0.000687563733365292,0.004823381758515491,2719.0,-0.0030881119628138986,0.010296172146462515,18.651088399078613,1
70,0.9110136662608102,-0.0009438677004405431,0.054715143039113,0.007152065810988747,0.033227057085421556,0.038370277175230366,0.9628000259399414,0.14300000667572021,0.15260004997253418,27.32911284497806,0.6390123111009598,1.742292719909123,0.9140693306188618,0.006727870272370131,27.420776181464092,85.51913110089608,4.913154750497347,95.67198177676538,95.67198177676538,3,0.07142857142857142,0.028293948753887407,0.7039115646258504,0.04039053705217862,3.780493061224479e-05,0.03859833051043033,0.0013185517430680705,0.005006434040250002,0.03416084907381581,1.9826190476190475,2.1480952380952383,0.6289341035243389,0.4775623096907755,0.9229660829084458,19.984639485677082,15.511474609375,77.68366641090029,16.19091836734694,8.145501407520904,9.834493001302084,9.805755615234373,3.003891772532859,4.5672708505831325,33.55587387084961,0.021610990166664124,0.08377790451049805,-2.4486723400297618e-06,2.3629624436829273,0.011555320610923236,0.846611863587906,0.0,4.111130750326509e-09,2.362962115111662,0.0006871202061979652,0.005285418560066725,2722.0,-0.003044508779669346,0.010389187937493745,18.651088399078613,1
71,0.9094721707559767,0.007670628116244362,0.06581300951753344,0.007429084554420849,0.034250374596659985,0.040157244857203,0.9628000259399414,0.14300000667572021,0.15260004997253418,27.282862694093158,0.7706892941679273,2.075321142843791,0.9134115248336786,0.007077443740841607,27.401042773990095,87.26829347974544,4.077620665433332,95.67198177676538,95.67198177676538,2,0.047619047619047616,0.02494593456994435,0.6890476190476191,0.03243542836593196,3.5374700541440985e-06,0.028402912497031484,0.0011471941571261877,0.0077267067634600945,0.04039001835625435,1.7580952380952382,2.1823809523809525,0.5393909810012469,0.4921524753132063,0.8055858607898756,19.984639485677082,15.511474609375,101.28559105282737,14.147448979591838,8.045656347240575,10.889926486545138,10.574951171875,2.930898380235129,4.569751452709243,33.554931640625,0.02152899093925953,0.08377790451049805,-7.20796130952381e-07,2.361175978866613,0.01140571002899069,0.846611863587906,-1.6530354817708334e-06,3.450217867674815e-08,2.3611761127022217,0.0007019081403212198,0.00503609115595789,2734.0,-0.0030088703051435795,0.010576258314438034,18.651088399078613,1
72,0.909095342147918,-0.007082876409803118,0.07233719037260328,0.006374557015917633,0.050242224181909344,0.045260343233310706,0.948199987411499,0.13620001077651978,0.19140005111694336,27.271561978714807,1.1679348547969546,2.3341844293049405,0.9144986909007161,0.006537311576387431,27.43365809459682,87.50215540302459,4.146257187227009,96.55172413793103,96.55172413793103,2,0.046511627906976744,0.024521662940199838,0.6872425249169435,0.03267448194201611,4.218104856309885e-05,0.022494565693446808,0.0012791102163370307,0.0060932743569681105,0.056863076787904615,2.256904761904762,1.7607142857142857,1.143276832661177,0.572536277554223,1.2818120351588913,13.127848307291668,15.96343994140625,88.31634397960843,14.527755102040816,8.319848474215293,8.490176730685764,8.112233479817709,5.0786248422817435,3.411440814586739,33.554988861083984,0.022531749680638313,0.08377790451049805,-2.891903831845238e-07,2.3581635105650194,0.011252710484291996,0.7959651332800056,-9.08261253720238e-07,-4.264342726779202e-08,2.3581633196558087,0.0007160852983501083,0.004880633569026188,2742.0,-0.0029435374612927657,0.013615379012067415,-0.8791686402077082,1
73,0.9092305805342538,-0.03408678117536363,0.08038802833216531,0.007469323945986976,0.05048631617486467,0.056320932952515494,0.948199987411499,0.13620001077651978,0.20560002326965332,27.275628844584737,1.4762980002590589,2.575599282383919,0.9165407926016711,0.007353518582763176,27.494918443405584,87.14654065040548,3.7094750348203296,96.55172413793103,96.55172413793103,0,0.0,0.017357827519798325,0.6897278911564626,0.029010634582449138,6.47027471886714e-06,0.010269317820615425,0.0010205628434629974,0.0018179169522056918,0.09937980898928266,2.245142857142857,2.1021428571428573,1.1755282269026541,0.7605953405779209,1.0680258239891267,13.127848307291668,15.96343994140625,110.91350133986698,14.027472527472527,8.143139037994034,9.376607259114582,9.87642076280382,5.763421041088764,3.650146914155298,33.553443908691406,0.022888705134391785,0.06653754413127899,1.2962704613095237e-06,2.354659605500789,0.012026808285389774,0.7962751561559406,-7.62939453125e-07,-1.339736653820833e-08,2.354659842093806,0.0007593808547209545,0.006413379291475192,2755.0,-0.0028969110020523577,0.017753358255729886,-2.0702758612932324,1
74,0.9083955424796968,-0.03544082879168647,0.08327738085814884,0.009974048274903825,0.05287742521235364,0.06611171369918212,0.9553999900817871,0.13620001077651978,0.20560002326965332,27.250572702969823,1.5889588566337314,2.799748858298574,0.9168126315683572,0.009720963226024065,27.503082354784596,91.40875399473565,7.033768901557079,105.26315789473685,105.26315789473685,0,0.0,0.016720999872456604,0.6601904761904762,0.0495152007169598,2.1803182007496783e-05,0.008542436847641917,0.001373764121165685,0.0018753286931787012,0.160816421083043,1.9805714285714286,3.2538095238095237,0.39628540529393663,2.0871814257162398,0.6086931069808283,19.893290201822914,17.281697591145832,127.34058598109654,13.716923076923077,9.20891486449538,12.029012044270832,10.766567654079862,6.439279246916442,6.172592865431611,33.55173110961914,0.02236308716237545,0.06420677900314331,-1.4241536458333335e-07,2.348555109000343,0.012932017767047296,0.8535207703615287,-2.1798270089285714e-07,4.829738842217985e-08,2.348555007576012,0.0007727137900815328,0.008019603495577366,2757.0,-0.002838745088124524,0.020193295913472405,8.279610484871641,1
75,0.906898266133808,0.00243703826268514,0.08290870470943905,0.009201059806147563,0.05256147353759559,0.05780784816543276,0.9553999900817871,0.11140000820159912,0.20560002326965332,27.20564612686634,1.3637158625466483,2.6371402834568705,0.9140275903395425,0.009324001190727786,27.41952361340313,90.47792942354441,7.587373918807926,105.26315789473685,105.26315789473685,3,0.06818181818181818,0.026999973632851115,0.6677272727272727,0.05491967332198813,6.892232236568145e-06,0.02750058588575346,0.0015571099831354447,0.011854852066118811,0.056620974898651075,2.2654285714285716,3.3266666666666667,1.1168583488646049,1.922446829969286,0.6809905525336387,19.893290201822914,25.829569498697914,134.17589961460658,16.194285714285716,9.66779396700111,13.686869303385416,13.211432562934029,7.71498777084005,6.454223449780267,33.55230712890625,0.02177249826490879,0.06420677900314331,1.6566685267857142e-06,2.3400495202307146,0.013899248326901635,0.8726867910880436,-1.3442266555059525e-06,-1.246550077967728e-08,2.340050049884407,0.000800774072788934,0.00941508091782112,2757.0,-0.002844697912218094,0.01794633619832251,8.279610484871641,1
76,0.9050388752278827,0.02175693299372991,0.0898496090798151,0.01066296768201083,0.03165147619153202,0.06513073682788396,0.9825999736785889,0.11140000820159912,0.3309999704360962,27.149883114014354,0.8965328416654041,2.864648987054825,0.9126350339110451,0.009823677603613497,27.37774630832516,90.33950296062805,8.294243081241667,105.26315789473685,105.26315789473685,6,0.13636363636363635,0.0341574288814757,0.6698701298701298,0.06259746995739222,1.517499975010418e-05,0.045631419887416494,0.0013356173138043864,0.00901214735911087,0.02926968560478,2.1092857142857144,2.2703571428571427,1.3248417310172933,0.42634107142483174,0.9290545854963034,19.893290201822914,25.829569498697914,151.9679949079241,15.06654761904762,7.996998234846659,12.292353312174479,14.06494140625,10.087646700636679,7.078083538355134,33.545135498046875,0.029875444248318672,0.06813830137252808,-2.0156133742559524e-06,2.329941108325431,0.014831151871912272,0.8442858666376953,-1.9255138578869047e-06,-2.2555876003761919e-07,2.3299420713356143,0.0007561910105587698,0.010677966987601494,2737.0,-0.002781100128044498,0.014891987556610337,8.279610484871641,1
77,0.9035377889587766,0.020265627849669683,0.11094245708556402,0.008066567505088324,0.02501554497793192,0.05573691382357023,0.9825999736785889,0.08299994468688965,0.3309999704360962,27.104844668763025,0.6992208304575511,3.360225427235876,0.9126049297158494,0.0070109454142081975,27.376849158227397,84.48389940228306,4.894935695788858,94.17040358744394,94.17040358744394,4,0.0975609756097561,0.029641566236951647,0.7126132404181186,0.04189144571857925,4.0252550770512246e-05,0.03016031695113201,0.0011869890165115608,0.01962864217979719,0.03935598616005292,3.000714285714286,2.1342857142857143,2.138450349659581,0.4102363679039444,1.4059571619812583,20.52215576171875,22.28363037109375,99.0693838936942,11.355079365079366,6.219309121283661,12.997919718424479,10.143398708767362,8.612016765142982,7.715912593089875,33.53519058227539,0.03211361914873123,0.0677376240491867,1.3674781436011906e-06,2.321384314224667,0.01313613637612466,0.8198300373288858,-1.762026832217262e-06,1.8497160915406275e-08,2.321384298889847,0.0007239367461810939,0.007988882686620681,2715.0,-0.002754378901181417,0.011806494878014395,3.34886985535551,1
78,0.9021234176102139,0.010616303844111306,0.13742689537150518,0.006892026463763913,0.01100912078226938,0.03261180968139453,0.9825999736785889,0.07519996166229248,0.3309999704360962,27.06240767121315,0.3909451115982873,4.142166005117552,0.9132466475988715,0.006189477262838847,27.396098779199917,84.43532739804827,4.723234332264269,94.17040358744394,94.17040358744394,4,0.0975609756097561,0.029283972073613294,0.7128571428571429,0.040418418838244694,3.8384006663889855e-06,0.031158620242521574,0.0011396145933705868,0.006685154179417757,0.03657461673528716,5.086785714285714,3.9242857142857144,1.8884885909539577,1.5014285714285713,1.2962322533673096,20.52215576171875,11.069742838541668,103.59516957600911,16.076785714285716,9.391010811202511,14.969940185546875,9.919484456380209,1.150258382161459,5.569640896841161,33.545654296875,0.043097831308841705,0.07945742458105087,4.3160574776785714e-07,2.3167750351906142,0.011644329276711126,0.8198300373288858,-3.269740513392857e-07,1.4713882679813886e-08,2.3167749429349644,0.0006799847627079763,0.004923360179737469,2706.0,-0.0027259858266142833,0.011332613846538681,3.34886985535551,1
79,0.9044636655989148,0.01594655168907983,0.11028619089013054,0.005322184001981701,0.016178535811599705,0.050391658193156386,0.9529999494552612,0.13359999656677246,0.16740000247955322,27.13261796798025,0.5496611208575113,3.4579417258075305,0.9128442615516452,0.00407465724911939,27.384025472645362,86.74322094471415,4.8137942341509135,96.55172413793103,96.55172413793103,1,0.023809523809523808,0.017210956492732295,0.693843537414966,0.03874800611847337,9.4494270054144e-05,0.011598658018657072,0.000211077334538707,0.0026296207476425343,0.018198427283499317,3.299714285714286,2.1675,2.1842993365921104,0.2053950275613769,1.5223595320481134,13.011067708333332,14.939473470052082,77.22139376685733,19.55909090909091,7.701930444293168,10.4593505859375,11.07220967610677,2.441585128774333,2.4142741620103276,33.58713912963867,0.05693903565406799,0.09078129380941391,8.504231770833334e-06,2.3165831650548263,0.011636992144539447,0.8392900308707207,5.449567522321428e-07,1.6126061786787945e-07,2.316583521903776,0.0006791522072321267,0.00489285120216238,2715.0,-0.002793862407454184,0.010949047074141096,-1.9234868091805304,1
80,0.9082248854580379,0.016018113684086573,0.059277476197197324,0.006716296401508036,0.01630107109879701,0.06805115754023106,0.9529999494552612,0.13359999656677246,0.16180002689361572,27.2454491351332,0.5536871211869376,2.208215426632336,0.9129951435613614,0.004950065436660585,27.388549477033003,88.70650163912872,5.119823122760234,98.82352941176471,98.82352941176471,3,0.06976744186046512,0.02400295576227142,0.678704318936877,0.04025879022244089,7.649175510204075e-06,0.02291558645001682,0.0019505622575689942,0.003443934418068969,0.08511945621917795,2.01,1.9292857142857143,0.49386026281092255,0.4467880457477899,1.0418363569048499,13.011067708333332,20.300089518229164,115.51139301118396,14.000109890109892,7.500437317685349,10.861816406249996,12.278594970703125,4.167839296205979,2.0352231145081783,33.639766693115234,0.04572833329439163,0.08482487499713898,6.131126767113095e-06,2.3203064592604035,0.012407156336278629,0.8365684611670933,4.722958519345238e-07,1.731776719788901e-08,2.3203068325344463,0.0006529681811781275,0.006576076841801326,2716.0,-0.0028330996050039284,0.010974136171052046,-1.9234868091805304,1
81,0.8963921811467125,-0.05273336235114506,-0.0646541428906577,0.026760410777978055,0.11214931292771341,0.15509447227779155,0.9694000482559204,0.3149999976158142,0.3877999782562256,26.890521720051765,2.2868104046157427,3.458845414008413,0.920662523733189,0.014432907478035625,27.618551514051557,88.23247325094925,7.61764363942903,98.82352941176471,98.82352941176471,4,0.09302325581395349,0.03328324711302645,0.6855149501661129,0.06396455873465783,0.00022639808346522344,0.035903209312598855,0.00223221709412805,0.010093785164007718,0.062173191112047436,2.2862857142857145,2.461190476190476,0.9717497788284086,1.4084309832104378,0.9289348940698463,25.173136393229168,20.446879069010418,126.30081416538783,13.357692307692307,8.938726506960371,15.49591064453125,14.202846950954862,4.865079163878476,5.410219372695921,33.67634201049805,0.032723892480134964,0.07617563009262085,3.749302455357143e-06,2.333102833174006,0.022245127067654025,0.9876781498169129,2.833775111607143e-06,-2.792232204903068e-08,2.333102992726299,0.0006409105355108101,0.019662869551854135,2722.0,-0.002842056087684441,0.01213891453116666,-2.494971967098308,1
82,0.8737986294031144,-0.14008438092754,-0.20219087604965483,0.03455575237216984,0.12296960545900329,0.1621505473593667,0.9694000482559204,0.3149999976158142,0.3877999782562256,26.212717310615947,4.4618548407299174,6.2267852746588845,0.9308009567773846,0.015710876625365473,27.922701729187892,84.30289224560117,8.431339408263572,98.82352941176471,98.82352941176471,4,0.0975609756097561,0.03555320818498519,0.7189895470383275,0.07311203884610828,5.2028252228238266e-05,0.03477710566883208,0.005056979620082706,0.009658317524738993,0.1454111698724506,2.8442857142857143,2.674,1.3234012302875233,1.4286315415923916,1.0636820173095416,25.173136393229168,20.446879069010418,106.80146426246279,15.305454545454547,8.63001903265361,14.456736246744791,13.116841634114584,6.540961312640926,7.313220309870402,33.67496871948242,0.03621640428900719,0.0800781399011612,-3.3176967075892855e-06,2.348171913659571,0.02214541763687199,0.913069465371301,2.1071661086309525e-06,7.386710703061374e-08,2.3481717220257035,0.0006543002015203856,0.019581678122111576,2726.0,-0.002849203400098507,0.011369497818029376,-2.494971967098308,1
83,0.8624298101209459,-0.17222319968541464,-0.2630734853943189,0.03177923525498516,0.11444973683681384,0.13290924251274935,0.9694000482559204,0.3149999976158142,0.4318000078201294,25.871587732178824,5.485881420459066,7.999999564375196,0.9349890433259898,0.014922609480875891,28.04836316708323,85.9237714685799,9.255593828513488,99.0566037735849,99.0566037735849,2,0.04878048780487805,0.030982220049306886,0.7067595818815331,0.07900326334234593,6.0293640316534773e-05,0.0295061431312467,0.004403346039553968,0.0051022714098100585,0.14923489050966035,1.8979591836734695,1.9833333333333332,1.0614610803775073,0.43165845867225944,0.956954210255531,25.173136393229168,20.446879069010418,107.57802138555616,16.836952380952383,8.671541034285488,10.804545084635418,10.890062120225693,5.058478297107961,7.344443554152377,33.64170455932617,0.05659356340765953,0.10242708772420883,-8.293515159970238e-06,2.359627594318193,0.016527286936285995,0.8790743683337067,2.0163399832589286e-06,3.596259484230556e-08,2.359627360634784,0.0007167626304143794,0.012941477676346796,2739.0,-0.0028332478261823843,0.015369784738077505,2.726227751577506,1
84,0.8772481050264268,-0.10492419033391136,-0.2011053048769633,0.03652303412016636,0.12986311935041292,0.14800953246690637,0.9443999528884888,0.2694000005722046,0.4318000078201294,26.316195865103175,3.708807707982404,6.034356576161725,0.9278348305432158,0.015632589677228016,27.833723056061114,87.08611085028473,6.750241714934797,99.0566037735849,99.0566037735849,0,0.0,0.016652391430912936,0.693265306122449,0.05571017402784173,0.00011958538342357317,0.0071059102739938085,0.0012068894568769404,0.0012562967762347103,0.16984304759573327,2.273142857142857,1.71,1.6396936996193614,0.4872387840197671,1.3293233082706768,16.905415852864582,12.426859537760416,83.41723429361979,14.610476190476192,7.066049381010246,9.583231608072918,9.456929524739582,3.1425969883460834,5.43875130364906,33.57975769042969,0.060138702392578125,0.09778212010860443,-7.350376674107143e-06,2.3574345384652906,0.013830259931577795,0.8554994201531908,-1.762026832217262e-06,2.486205800129363e-08,2.3574342679106817,0.0007455741061483501,0.009352469872156665,2739.0,-0.002870891646063729,0.015367795410711036,2.726227751577506,1
85,0.9011168569042569,-0.019191590547561647,-0.10423349544831685,0.02665044314961237,0.08850041548322526,0.10678065021963075,0.9443999528884888,0.2694000005722046,0.4318000078201294,27.032276564240455,1.414878279353891,3.128178721836635,0.9181821189405077,0.011436865748408511,27.544146875026907,87.6686964922926,5.792921521237517,99.0566037735849,99.0566037735849,0,0.0,0.019588824881872635,0.687375415282392,0.04528025919810706,7.2922042482299334e-06,0.016283518231301915,0.0008376924215884819,0.0009967464593043042,0.05144419097208244,2.278,2.412,1.8025104036043844,1.5718943725223227,0.9444444444444445,16.905415852864582,12.426859537760416,96.98198888869511,13.646428571428572,8.70714355052929,9.280863444010416,9.140340169270832,3.330709829043161,5.842595332338846,33.5378303527832,0.04068602994084358,0.0751430094242096,-3.5313197544642857e-06,2.348941228803093,0.015439882323504605,0.9145572008811398,-1.762026832217262e-06,-6.933163718850249e-08,2.3489425696180923,0.0007618430949293939,0.011619101229862407,2733.0,-0.002899483075443208,0.015836730032486892,2.726227751577506,1
86,0.9100611900488536,0.032935028456506275,-0.04638942886534191,0.005584051741489577,0.030963836752668925,0.0241479000275981,0.9501999616622925,0.12740004062652588,0.12379997968673706,27.300536701508932,0.988146567259516,1.4447107216715813,0.9126870522381841,0.004844730728719893,27.37930789245782,85.96236657041797,3.5833616297325914,93.12638580931265,93.12638580931265,0,0.0,0.01942682919017591,0.6992517006802722,0.030596972758847336,5.135310953769274e-06,0.01601116371803129,0.0006372279123751919,0.006536435379820878,0.03979897548968068,2.1510714285714285,2.7031428571428573,0.8605725283383221,1.3978039335810633,0.7957668322587463,11.436665852864582,11.334228515625,84.31063101632255,17.2487012987013,7.224269662313292,8.8714599609375,8.704854329427082,2.9888830253580685,2.9123718895092154,33.52649688720703,0.027629369869828224,0.06890158355236053,2.8105236235119046e-06,2.3389885581213488,0.013536017215940034,0.863580124323102,-1.8710181826636904e-06,-1.224456029117981e-08,2.3389890226456402,0.0007133741597224103,0.008838676036472292,2711.0,-0.0028798960826549183,0.012217497004051796,6.825009472262014,1
87,0.9069897324982144,0.05925294291405451,-0.02737025727544512,0.006611896376645449,0.03689171604182019,0.03230384162499057,0.9501999616622925,0.12740004062652588,0.12379997968673706,27.2083986892019,1.77767814380782,1.05575656665223,0.9106624999399163,0.005699329574852111,27.318576745470814,86.23436282204607,3.5041156768107293,90.12875536480686,90.12875536480686,0,0.0,0.019118190983480526,0.6970068027210884,0.03028983658860806,1.9622863806747303e-06,0.01708697405479206,0.0001515401395470955,0.0015550808642715117,0.008868752247247423,2.076190476190476,2.0610204081632655,0.6207427341098029,0.3207277750771764,1.0073604647324816,12.49359130859375,11.334228515625,97.45810147240047,15.437428571428573,8.663400036387342,10.83345201280382,10.448521205357142,0.7558871735975378,1.2368083362080222,33.54830551147461,0.03444625064730644,0.07162646949291229,3.8902646019345235e-06,2.3326731552357254,0.011951893919389394,0.9181290222315853,-7.992699032738095e-07,2.609723709188957e-08,2.3326737307047765,0.0007102454890077039,0.005975577217952831,2717.0,-0.002867990434467778,0.011951950610024114,-2.8042351469044897,1
88,0.9031485035249165,0.08802645851316906,0.007863590263185047,0.005880971680562928,0.020149884207364226,0.03350084292796481,0.9501999616622925,0.12740004062652588,0.12379997968673706,27.093173105716705,2.6407037553616934,0.881591418342931,0.9083083566259273,0.0051528915535685406,27.247963521743024,87.19423475472895,2.3072572490641696,90.51724137931035,90.51724137931035,0,0.0,0.01384871686063057,0.6886054421768708,0.018393940184051646,4.111790753852578e-06,0.006793657870077885,0.00014370318143616336,0.0010434739539841446,0.02115254906625374,1.973809523809524,2.104047619047619,0.44062622927250084,0.33670210967203096,0.9381011655539211,12.49359130859375,11.334228515625,84.29537513369606,14.783979591836735,8.262040743861519,10.546959771050348,10.066748725043405,2.089837677222113,1.6743306814797867,33.56761169433594,0.026756510138511658,0.07162646949291229,2.2335960751488097e-06,2.329412252980978,0.01139479488974024,0.9181290222315853,4.3596540178571427e-07,9.522480393503718e-08,2.329411844671216,0.0007200452410774923,0.004695858638687369,2713.0,-0.0029163606722782546,0.011156207448103361,-2.8042351469044897,1
89,0.9015916842392513,0.09672636346589951,0.026546704624380385,0.003805692021662754,0.00677545650656051,0.02493226833792797,0.9246000051498413,0.12300002574920654,0.0793999433517456,27.04646224141121,2.9016606182711464,0.981174420927252,0.9075226383741025,0.003598742938780181,27.224382972375732,86.35548795367103,2.6162568507578254,90.51724137931035,90.51724137931035,0,0.0,0.015024453271832276,0.6954421768707483,0.021127679087829282,2.3039999999999383e-07,0.010595296412750995,0.0002570792600067234,0.0011935014149827947,0.02426352694553588,2.061666666666667,2.0308163265306125,0.48069423765360314,0.3591834415583667,1.015191103071718,11.864115397135418,11.089375813802084,72.30013464064825,15.930476190476192,9.08741841860158,7.906138102213542,8.028709774925595,2.5466236056373854,2.856306471624771,33.56730651855469,0.025986909866333008,0.07162646949291229,-1.8731980096726191e-06,2.32767888258925,0.011242053246462366,0.931548131714255,7.811046781994047e-07,1.7829708055001377e-07,2.3276788085839417,0.0008003113482473056,0.00489807546447765,2727.0,-0.0029275404726356036,0.01028318393243095,-2.4078555337113268,1
90,0.8984870945896422,0.09682393475373587,0.06474362848202388,0.00645193646649526,0.006584338350940237,0.049132395062538727,0.9229999780654907,0.11539995670318604,0.21119999885559082,26.953331266301017,2.904584042600223,1.9427189970867975,0.9073774607032618,0.0032845033597479587,27.220028400984376,84.52049460911537,3.8259861805240916,90.12875536480686,90.12875536480686,2,0.04878048780487805,0.02889636655359979,0.7114982578397212,0.035726062475749054,4.285744939608501e-06,0.04542463180836928,0.0013627070859865886,0.010809379444579817,0.029999298436482122,2.146666666666667,1.7804761904761903,0.49262566452781764,0.3296283896806322,1.2056699652313456,8.160196940104168,12.131856282552084,64.95135955810547,15.094285714285714,7.738448025448358,6.721564398871529,7.012549506293404,2.4516307084296183,1.4344385578524346,33.55866241455078,0.024639422073960304,0.05870726332068443,-8.661179315476191e-07,2.3271465396876563,0.01114371749781119,0.8019055811558482,2.5431315104166666e-07,1.0183288414443665e-07,2.3271459181338825,0.0008765657702875156,0.005480909701573839,2702.0,-0.0029155389166271102,0.009000431066775645,-11.05887456427075,1
91,0.8957372670684542,0.07247701887289683,0.056163771524315786,0.01011673568017531,0.06689548516218075,0.11060749065179991,0.9916000366210938,0.19260001182556152,0.3285999894142151,26.870854583467757,2.879849566136088,3.0251225737163,0.9096683133364646,0.008214017749369048,27.288742255524028,83.83768201377059,3.722782699853331,88.98305084745763,88.98305084745763,2,0.04878048780487805,0.028778712370679235,0.717212543554007,0.03489720554221027,3.902640566430662e-06,0.0448515872472122,0.001187877326293764,0.006952578403577191,0.02648462182054879,2.12,1.786734693877551,0.48541827714877755,0.29352756937950353,1.186521987435751,10.5670166015625,12.131856282552084,81.70539405459449,14.944107142857144,9.027244730098538,6.952645438058036,7.950628371465775,2.484236040156194,1.984354889028929,33.55646514892578,0.023571735247969627,0.06143534928560257,6.481352306547619e-07,2.325889039201956,0.011501736645359141,0.8858713342391029,1.7983572823660714e-06,-4.5767843268893266e-09,2.325888897143006,0.0008992347117554637,0.006708370794128776,2693.0,-0.00283575668760007,0.010736370144071332,6.113853250458595,1
92,0.8826229527280445,0.050936990139030275,-0.05818706644716717,0.020191429742270298,0.07745865757754784,0.21006884430186937,0.9944000244140625,0.19260001182556152,0.38260000944137573,26.477446581806454,2.6032268509694507,5.742637709762369,0.9140055475447671,0.01157169914007625,27.418862599778492,85.71940742150313,5.440895939879777,97.4477958236659,97.4477958236659,2,0.047619047619047616,0.02755419114177283,0.702857142857143,0.046018334116196914,7.95227162015826e-05,0.047014832220201315,0.0008676220753609825,0.051869585281831845,0.018454220389372847,2.104897959183673,1.6573469387755102,0.6327107939424973,0.30841495330734775,1.2700406353897302,24.28741455078125,20.482889811197914,88.24220028831846,15.998392857142857,8.391924490352956,9.819684709821429,9.8279535202753,4.985621570528845,6.1857301507488645,33.58081817626953,0.036421407014131546,0.06612034887075424,3.7478492373511906e-06,2.3269343617972713,0.012355088100967134,0.9576839499650279,-6.902785528273809e-07,-9.783569957984255e-09,2.3269345806497705,0.0009141679496514374,0.008040123026171433,2686.0,-0.002884970478293816,0.012595279191678237,6.113853250458595,1
93,0.8644142002094359,0.05357001880520866,-0.21482832350617365,0.02582386620910184,0.07914365125219226,0.19580824151822737,0.9944000244140625,0.19260001182556152,0.42640000581741333,25.93120257769312,2.682224425162588,8.152654422649315,0.9172693285486445,0.01101367190704337,27.516772463954833,88.70567481948876,4.631905104074164,97.4477958236659,97.4477958236659,0,0.0,0.013550825750589435,0.6782392026578072,0.03538363510912995,2.7603229321116153e-05,0.007432763971873691,0.0008071807656421686,0.00900382985022976,0.10859765878435261,1.70625,1.5366071428571428,0.5896617577225168,0.35824682055640844,1.1104009296920396,24.28741455078125,20.482889811197914,105.88753589448473,16.00888888888889,7.975820255168515,10.342419942220051,10.313809712727865,4.610434326822673,5.641450200663505,33.59733581542969,0.031711649149656296,0.07976625114679337,-7.193429129464286e-07,2.3258154917078913,0.012472946109471385,0.9576839499650279,-3.0880882626488097e-07,1.8043622638910521e-09,2.325816067515044,0.0008896441718122658,0.00839927972625629,2689.0,-0.0028600889378221574,0.013308754635057969,6.113853250458595,1
94,0.8399860191118149,0.0743965622215044,-0.35795658090284893,0.021246321448230885,0.051252922994134226,0.05689229088717809,0.9944000244140625,0.15260004997253418,0.44859999418258667,25.198373716218132,2.6013691562839916,10.738408998847008,0.9195023364305054,0.008644590048545958,27.583754682455318,90.27838608814717,3.9157401614544725,97.4477958236659,97.4477958236659,0,0.0,0.01479811940488437,0.6658766233766233,0.029217081295593073,1.0577096876301506e-05,0.006125539673607746,0.0006509219772800384,0.0031916601044512777,0.10626361299798198,2.064107142857143,1.7453061224489796,0.9808319660692475,0.9369629351567539,1.1826619504209541,21.485595703125,28.368021647135418,112.3690166655041,13.591512605042018,8.406912285887978,11.570727030436199,10.916268484933036,7.723751801837647,4.816085132921926,33.61532211303711,0.02501671575009823,0.07937841862440109,2.0926339285714287e-06,2.325043869690636,0.01237131294013472,0.911102646596645,-2.5431315104166665e-06,4.368743597931765e-08,2.3250426939520272,0.0009286826447725668,0.008211323655759297,2692.0,-0.002845491331467475,0.012512346092182311,-4.772518309251734,1
95,0.8265252668516977,0.09697437136513846,-0.388906457444032,0.011071640669692356,0.010560854331272166,0.031152819199226262,0.8818000555038452,0.14479994773864746,0.44859999418258667,24.79457300560815,2.9090841409138273,11.666652723295348,0.9192233657837174,0.005412291588549743,27.575389721474867,88.89263868432168,6.122670072851629,95.67198177676538,95.67198177676538,5,0.11627906976744186,0.031427025317566755,0.6786378737541527,0.05352319289195139,6.141441066222626e-09,0.03690575419717688,0.002418590497207265,0.011802838344313301,0.06553423848989587,2.1552380952380954,2.1176190476190473,1.081069848872213,1.039931534463631,1.0177647852484824,21.485595703125,28.368021647135418,99.42625478108725,13.81295918367347,8.797725429343226,10.57252671983507,9.96854994032118,8.703790558224672,6.832073377840989,33.60980987548828,0.025776876136660576,0.08093065768480301,-6.481352306547619e-07,2.3224994969489456,0.011379779114627666,0.8962468883272462,-2.361479259672619e-07,-1.895512961631936e-07,2.322500158124855,0.0009067797016179065,0.007031321531052048,2689.0,-0.0028144171973488613,0.010665789565274099,-3.738196188883758,1
96,0.8200570571479343,0.098995609272094,-0.4042084194762366,0.005076500639944205,0.009465005575646501,0.012596138678861099,0.8483999967575073,0.1297999620437622,0.44859999418258667,24.600542857306344,2.9697309924874986,12.125664155738693,0.9197468700734331,0.0042271619078704465,27.5910902620237,85.119361439533,9.03707106449105,95.67198177676538,95.67198177676538,10,0.24390243902439024,0.0778378088707276,0.7147038327526132,0.09401886210385148,3.5744146605580887e-06,0.1971492538116808,0.009865873334007347,0.06604793840804661,0.05004266129980558,1.8482142857142858,2.9645714285714284,0.5672187561663832,0.9455828134768828,0.6234338858905166,7.088521321614584,7.695821126302084,74.91280982607887,16.707922077922078,7.539939428890045,5.181935628255209,5.40753173828125,2.3061051717587717,2.02369302391123,33.61962890625,0.028894027695059776,0.07505370676517487,4.9017043340773805e-06,2.3226860994203027,0.011456308444128139,0.8962468883272462,-1.453218005952381e-07,-1.8975334702320402e-07,2.322686409902801,0.0008700732982302049,0.0063527208777575716,2705.0,-0.0028260394815183654,0.009728891547270212,-3.7762914384968385,1
97,0.8199776092767715,0.11023197115602948,-0.39894350496644065,0.005800222627819998,0.014687526927059555,0.01461068124792022,0.8414000272750854,0.16419994831085205,0.4423999786376953,24.598156564065388,3.30679327751909,11.967733720413277,0.918755048629098,0.004720803950532095,27.56133696749741,85.2265897051993,8.797917856822172,95.67198177676538,95.67198177676538,10,0.24390243902439024,0.07737794865965053,0.7134494773519164,0.09291955855119814,7.885780924614704e-06,0.20148436808297857,0.009717367651901088,0.10737095644572875,0.048228891126179695,1.9926190476190475,2.169761904761905,0.3213168236083926,0.8724574007364332,0.9183583891144518,11.2042236328125,11.785888671875,67.5901098342169,16.51091836734694,8.599086187926517,6.976538764105903,7.448035346137154,3.024823646373891,2.678540126665269,33.640140533447266,0.04201589897274971,0.09842916578054428,3.1026204427083334e-06,2.322925651001366,0.01153470771604274,0.8608905365003756,5.994524274553571e-07,7.020550716564722e-08,2.3229256868557187,0.0008471059116152319,0.006090835911025874,2704.0,-0.0028536936299164324,0.009425140533992463,0.3475600893331011,1
98,0.8274341621001562,0.11402149552390689,-0.35945286667063125,0.026191734773577613,0.03675087980845436,0.11227096469761555,0.9543999433517456,0.19159996509552002,0.4351999759674072,24.821804863044193,3.4639052940266475,10.998186714691775,0.9173001813035099,0.0075058937813038545,27.51770835731034,89.3591000171024,8.921446362724224,98.59154929577466,98.59154929577466,3,0.06976744186046512,0.03915283650534142,0.6803322259136213,0.09082537588437209,0.001695960485797585,0.061639969645003664,0.005216682674627703,0.09350563129062234,0.08463149324491191,1.6526530612244898,1.8010204081632655,0.2725256331821977,0.47199206538626104,0.9176203966005665,13.282470703124998,13.250630696614582,105.3914538428897,17.583482142857143,7.478380096623806,10.409298851376487,10.040995279947916,2.350495814999052,2.1705421854657923,33.67190170288086,0.038124412298202515,0.09842916578054428,4.8319498697916664e-06,2.3265580144202582,0.012616172747527013,1.0157655470794478,1.3442266555059525e-06,-4.669004619655751e-09,2.326557916311206,0.0008018277409283456,0.007342698263243877,2711.0,-0.0028770319263535815,0.01417758503593592,2.478824371639608,1
99,0.8515269812459038,0.08702990502402896,-0.16371128569614318,0.03895921596439168,0.05670605639118099,0.2709245595975278,0.9543999433517456,0.19159996509552002,0.4351999759674072,25.544585865906306,2.656663149339812,8.84242299761091,0.9151720935608599,0.008206261212291212,27.453855534451368,92.76790646814439,3.951023842058141,98.59154929577466,98.59154929577466,0,0.0,0.013577692789888823,0.6479503105590062,0.027602599079545827,1.6300514785505916e-06,0.005829810463087253,0.00023209065842891543,0.004431640716189793,0.039811012707608465,1.8779591836734695,1.5159523809523812,0.7520781149889935,0.256424149937563,1.238798267854338,27.933146158854164,27.959086100260414,114.04643823532832,12.306000000000001,7.714567846692677,13.394891648065473,14.029574924045136,6.4037198850809425,6.167599466625842,33.683719635009766,0.026565317064523697,0.08276362717151642,-1.4386858258928571e-07,2.3318350516604864,0.01393591514995001,1.2298347216313328,7.811046781994047e-07,1.7031533403396874e-08,2.331835473889479,0.0007613383654534729,0.009416803861986463,2712.0,-0.0028483881836170004,0.014498903215030633,2.478824371639608,1
100,0.8793174952268601,0.05345723834491911,0.012181428747517722,0.035147350411006036,0.05428237167228884,0.23210957699019166,0.9543999433517456,0.19159996509552002,0.4193999767303467,26.378297285352435,1.6494654346363884,6.215500432338033,0.9133449531469736,0.007942629075836842,27.399042149697763,90.98738633583136,7.095255443734054,98.59154929577466,98.59154929577466,5,0.1111111111111111,0.02679718369163706,0.6639999999999999,0.058961227123041415,1.3518378009162824e-05,0.028156555050505756,0.0020380840644845704,0.00945030170577564,0.07238399942140514,2.115,2.8645714285714288,0.8847907051030399,1.992405868004093,0.7383303411131059,27.933146158854164,27.959086100260414,116.51430874779112,12.69025974025974,8.907366795801488,14.081649780273438,14.097005208333334,7.243282765799372,8.465795601484878,33.68374252319336,0.026514310389757156,0.06835095584392548,-7.266090029761905e-08,2.3382825639371525,0.012625309373937788,1.3900927610490514,7.084437779017857e-07,4.8558609419719704e-08,2.3382821235248654,0.0007097505598867539,0.007023771891306198,2727.0,-0.0028433595621655664,0.014412226611437607,2.478824371639608,1
101,0.8996340852010818,0.022363647619883218,0.14455216175601596,0.0099407026885715,0.0076587300732601825,0.04114056865589844,0.9393999576568604,0.08420002460479736,0.35819995403289795,26.987741127439907,0.673381713117872,4.336378995520728,0.9124477622293115,0.005103799283025595,27.372137413574254,85.63884057438871,7.1824207116278584,98.13084112149532,98.13084112149532,7,0.16666666666666666,0.03061425246445178,0.7058163265306122,0.06233346548252794,5.863183673469381e-05,0.040806196706371624,0.001988992218648731,0.003963174126184657,0.048742406281106876,3.187619047619048,3.9495238095238094,1.1253325031431312,1.9360884661483924,0.8070894622618762,14.7015380859375,13.235575358072916,76.00045827229818,16.04767857142857,7.457940910276339,8.750983344184027,9.959479437934029,2.423394120603151,4.242792759404972,33.68779373168945,0.029357261955738068,0.06210567057132721,7.237025669642858e-07,2.342206138377246,0.01164270943058712,1.3900927610490514,-1.8165225074404764e-08,1.335864381722363e-08,2.342205955438234,0.0006879232293218217,0.004875504282411273,2719.0,-0.002827218711776374,0.009864289087231934,-9.437963344590347,1
102,0.9027890373127802,0.027560828697113765,0.12352489531607855,0.005907596999572413,0.013624253647092223,0.018849502016302984,0.9257999658584595,0.0756000280380249,0.20819997787475586,27.0823852622509,0.8269620033672878,3.7055368594612395,0.9119192598263492,0.005013203290486263,27.356273189043247,82.51580118355847,5.919037937266062,91.1062906724512,91.1062906724512,10,0.25,0.038090888030023015,0.7310714285714285,0.055076709029779736,8.509121199500204e-05,0.05357522714750587,0.0007694696447208984,0.008469079991432404,0.014362414975905895,3.9778571428571428,2.1265714285714283,1.7623611538883548,0.6127346530938501,1.8705495096063416,14.7015380859375,15.215250651041668,79.25633937290736,16.8112987012987,9.221812720569835,9.753189086914062,10.04827880859375,3.795796834645105,4.939530366052876,33.70657730102539,0.028768111020326614,0.08274310827255249,3.175281343005952e-06,2.343910191491765,0.011601700525231675,1.3900927610490514,6.176176525297619e-07,4.4793241133105825e-08,2.34390993057868,0.0006946409955604517,0.004869099091455806,2722.0,-0.0028238619380289926,0.0097206878974145,-6.830327670157821,1
103,0.9029306086074739,0.03509391438961029,0.11618667599133083,0.00577728387914168,0.015526737054505288,0.018535036981722965,0.9398000240325928,0.09159994125366211,0.19360005855560303,27.086623972569193,1.0532434309380394,3.485445136853627,0.9113768971114218,0.004976549549007077,27.340002321413866,83.68465254929147,5.378895587545228,91.90371991247265,91.90371991247265,5,0.125,0.030032251981478453,0.7200714285714286,0.04828058933072845,2.895757700957932e-05,0.04141677671448195,0.0013724232490529115,0.01932960348276717,0.03313689180870091,2.572857142857143,1.7554761904761904,1.9030103255946165,0.3499313991727295,1.4656177946561781,14.787089029947914,15.215250651041668,77.08667660667781,17.01530612244898,8.280546830377757,9.803415934244791,10.216590033637154,3.5946117805159274,4.060493105284701,33.71094512939453,0.026234721764922142,0.0796123519539833,-2.453031994047619e-06,2.3464312048663607,0.01164084303179919,0.7672937307463301,3.814697265625e-07,-1.8204552756293877e-08,2.3464311640906073,0.0006508037644422138,0.005265560045209182,2708.0,-0.0027711387929629837,0.009819615174849935,-4.934122503894235,1
104,0.9035293041070303,0.0418853141381627,0.10286849514643351,0.00666734942999727,0.011644960298576267,0.030120889094843298,0.9401999711990356,0.09159994125366211,0.19360005855560303,27.104591266087123,1.258279994555882,3.0863199973957878,0.9109106549203967,0.005533134320931291,27.3260265174869,86.1492064708657,4.70769684875625,91.90371991247265,91.90371991247265,3,0.07142857142857142,0.02584172832546593,0.6987074829931972,0.04114352976090583,2.6080823656809624e-05,0.024160212932846176,0.0010277917882801073,0.006930387520599175,0.042540675909474655,1.4716326530612245,1.8226785714285714,0.33700743438212355,0.7430354997081435,0.807401083290179,14.787089029947914,15.215250651041668,82.65194862002419,15.909747899159663,8.372804662694481,9.727332705543153,9.324989318847656,3.7034001376515167,4.135924505528214,33.70069122314453,0.029638664796948433,0.0796123519539833,-2.453031994047619e-06,2.350329966790551,0.011979076998753774,0.7478013299981925,2.1798270089285714e-07,-1.0673479018783358e-07,2.3503310588481714,0.0006418860626247435,0.006170255902513867,2710.0,-0.0027191763712981674,0.01013890903700868,-4.934122503894235,1
105,0.9055890185776211,0.028994228300594147,0.04666795194432849,0.011854130000103616,0.029544838178033217,0.09453106024212637,0.9642000198364258,0.1517999768257141,0.3921999931335449,27.166371557371956,1.1457582779441562,2.604362418268408,0.9126611951992915,0.010445839876768396,27.378511375631405,87.7077721371461,4.711219050518959,94.5945945945946,94.5945945945946,1,0.023809523809523808,0.024303129644198878,0.6861904761904762,0.03920451307129208,4.872380508121676e-06,0.022985866446720345,0.0009718812926136435,0.005212487838235322,0.04228169057130813,1.869591836734694,1.8404761904761904,1.0435842347300446,0.7909963864940928,1.0158196266863797,20.7537841796875,17.436319986979164,107.09783129010881,13.027523809523808,8.078922428763462,9.830438523065478,9.141760932074652,4.438618589590434,5.259492367652192,33.688323974609375,0.02471553161740303,0.06246856972575188,1.011439732142857e-06,2.3544390538403954,0.011911897680598863,0.7707103687765303,9.445917038690477e-07,-4.280655526068963e-08,2.3544389715386367,0.0006662380291469733,0.006006529830685753,2711.0,-0.002733625756474394,0.011931202775816191,1.8146334127276522,1
106,0.8794331523009709,-0.004080667038758596,-0.10959225751104809,0.05702827997560447,0.05224102874219176,0.23492864598096308,1.056999921798706,0.1517999768257141,0.6527999639511108,26.381804569022997,1.338197700381279,5.347017135364669,0.9198261342912908,0.022857937222751985,27.59345446761064,91.0285431160449,6.58048850321198,103.7037037037037,103.7037037037037,1,0.022222222222222223,0.023543864245260556,0.6627301587301588,0.05001933614523667,5.231127030403978e-05,0.024262611657703458,0.0008247938012295086,0.011034583660673034,0.03399443608403277,2.05375,1.5991836734693876,1.1724065903133623,0.7606207596594965,1.2842489790709546,24.7503662109375,20.51025390625,128.92667672293527,16.249495798319327,9.056346821593326,13.615887959798178,12.675912039620536,5.815401497451408,8.210383233709035,33.70561981201172,0.038522642105817795,0.07259276509284973,9.823753720238096e-06,2.359356073463345,0.01296432819848257,0.8163088502389029,7.084437779017857e-07,1.12659737442232e-08,2.359355865382433,0.0007439233933706547,0.00809461919039073,2708.0,-0.0028076491567737847,0.015592297599613517,-6.954001643560677,1
107,0.82682222870418,-0.05376094283376421,-0.32146171427340736,0.07983373282465248,0.061630222110914706,0.25995193839718816,1.056999921798706,0.24379998445510864,0.6527999639511108,24.803482575416567,2.0505122789314814,10.195100849185671,0.931120773102021,0.024973905297916824,27.93230312974213,93.61069178409363,7.124908712399743,105.0,105.0,1,0.022222222222222223,0.02309635379105453,0.6449206349206349,0.0524860897719722,6.192726364015024e-07,0.021893724691823983,0.0018148993824777836,0.003759377325484514,0.08289587121535065,2.445918367346939,1.7369047619047617,1.1957406011225196,0.8825490357218203,1.4082052286301774,24.7503662109375,28.147074381510414,170.71434907459076,16.35955357142857,7.922687162006844,17.630760556175595,15.5560302734375,7.594237533609959,5.951827273382576,33.725215911865234,0.036706436425447464,0.07259276509284973,1.514253162202381e-06,2.3625256998085655,0.012835466137720066,0.9262018929910678,3.269740513392857e-07,-7.289234404408733e-08,2.362526101858645,0.0008071963416719334,0.00819347854944748,2713.0,-0.0028818164188052055,0.016732177179051573,-6.463688571883467,1
108,0.7678283236310596,-0.08550730466274988,-0.5037266474905469,0.06122315834746996,0.04342478085095433,0.17195663628772243,1.056999921798706,0.24379998445510864,0.6527999639511108,23.033682423233987,2.670505709562983,15.37582056662866,0.9409285564763666,0.02165391866427387,28.226511989307582,94.01002362604814,5.857102760377356,105.0,105.0,0,0.0,0.012593415116972448,0.6406832298136645,0.039464853153993396,1.4834245730945383e-06,0.005030919878040388,0.0008038256888816449,0.0013396680221025442,0.15977708020958306,2.176984126984127,1.519591836734694,1.054900333696867,0.5171906135834661,1.4326110961888558,20.478617350260418,28.147074381510414,142.8273132324219,13.973533834586467,8.946373115172422,11.273928041811343,12.778770810081847,7.343211465444777,5.005229001310417,33.744571685791016,0.026582902297377586,0.06790303438901901,0.0,2.3649493885417194,0.012299969769116794,1.0595054553467473,5.4495675223214284e-08,1.0107368558996523e-07,2.3649492806500976,0.000830456753927684,0.0076015299071932,2714.0,-0.0029786026686136227,0.01537321078775287,-6.463688571883467,1
109,0.7673090665056592,-0.10959176192964826,-0.4952121331521443,0.07562663626660954,0.06293667596865042,0.1851368405394676,1.5534000396728516,0.3378000259399414,0.6908000111579895,23.018095566545213,3.3584011402726173,15.019347422378404,0.942514031694895,0.04039774404448023,28.274085418222214,91.60959081230291,4.9970468797161685,105.0,105.0,0,0.0,0.015260745900790865,0.6568181818181819,0.03429364577679851,0.00013414366947105366,0.008259044490496125,0.0006335964426402978,0.003217195400354339,0.07671546549596531,2.3280357142857144,1.8195238095238095,0.9953401473509302,0.7454992696158276,1.2794752682543837,19.81414794921875,15.46142578125,127.62624162946429,14.900357142857143,7.809589090355783,11.490058898925781,9.002516004774305,3.3149969511479203,4.788403317203787,33.75544738769531,0.031613562256097794,0.07916808873414993,-3.3249627976190476e-06,2.37051433088961,0.015597292238426944,1.114888573726838,3.4513927641369047e-07,1.407023974190766e-07,2.3705141364107045,0.0008102507408167765,0.012199211538749685,2713.0,-0.0029301212649193043,0.015723639069773643,4.613595610867556,1
110,0.8023859141554152,-0.11438406700747354,-0.42420827625195184,0.08147965682134825,0.06224073765578876,0.19026906276968644,1.5534000396728516,0.3378000259399414,0.6908000111579895,24.070425710337503,3.504439293188708,12.905950429439544,0.9391169276226279,0.04042385509072115,28.172163261419605,88.50702849881054,6.010624589778682,95.67198177676538,95.67198177676538,2,0.046511627906976744,0.03380904474126432,0.6817275747508306,0.0568610644397395,0.0006010302533944192,0.04373781040378338,0.004155578635980223,0.08374385609986446,0.0950111264742407,1.3725,1.8991071428571429,0.5234426610315165,0.9083304761079696,0.7227080394922426,19.81414794921875,15.46142578125,101.1644242059617,16.123809523809523,8.192907432624056,10.353202819824219,10.933341979980469,2.422002865912226,4.056667915627236,33.7685661315918,0.02927485853433609,0.0783882588148117,4.33349609375e-06,2.373523656756905,0.01609271646604745,1.6020467510563283,8.537655784970238e-07,1.1628589628912001e-07,2.3735230748177667,0.0008237041884876592,0.012701347604590924,2711.0,-0.0029831888062529016,0.014660904570734717,4.613595610867556,1
111,0.8426008764164789,-0.13197958136172522,-0.3461591618288131,0.06408697500940191,0.061268521038362035,0.14923350012130254,1.5534000396728516,0.3378000259399414,0.6908000111579895,25.2769227210113,4.032301009552819,10.564399711021355,0.9358109760441107,0.04013027363685281,28.072983573557238,86.46023334184486,7.84030676266111,95.67198177676538,95.67198177676538,4,0.09523809523809523,0.038190140211288685,0.7006462585034013,0.07430677512868208,7.362916118284024e-06,0.03660747830259689,0.0069218493350433384,0.008812798807089921,0.1890829321218859,1.6508163265306124,1.8084126984126985,0.8493989839307206,0.9044830258029912,0.9128537573196575,19.81414794921875,15.46142578125,101.65880693708148,14.473253968253967,8.432489925903623,9.970892043340774,10.106054235387731,3.336064323559024,4.7069975093015195,33.7889404296875,0.026381967589259148,0.07135843485593796,1.7336890811011905e-06,2.376123866741558,0.015254979235723169,1.6020467510563283,-1.9981747581845239e-07,-6.385044779186206e-08,2.37612485974457,0.0008016803058453316,0.01144160555515579,2700.0,-0.002894870781125378,0.015703933003601008,4.613595610867556,1
112,0.8457514286949521,-0.15083350518203917,-0.36824413338445483,0.02014395183189828,0.032806553285928026,0.05628229561420399,1.0165998935699463,0.21319997310638428,0.5293999910354614,25.371306289434433,4.5271850132090705,11.06367385847228,0.937125802259496,0.009743893992131132,28.11243868033504,85.87548239113391,7.503165668441248,95.02262443438914,95.02262443438914,4,0.09523809523809523,0.03731533259652722,0.7049319727891156,0.07202823276300313,3.555079783423565e-05,0.03665550147145994,0.006392299304471082,0.008382853088479983,0.17438853781466176,1.5865079365079366,1.5471428571428572,0.7895471049211649,0.43905220274438195,1.0254437262747513,20.4083251953125,15.096842447916666,87.30782884870257,15.044436090225565,9.253307324022657,8.710700141059029,8.895810445149738,4.167241407636088,4.913733943806159,33.80388259887695,0.030495967715978622,0.0666515976190567,3.4688313802083333e-06,2.37467287949202,0.013065977311730523,1.4522291729907462,1.217070079985119e-06,-1.906582466722882e-07,2.3746734292336584,0.0008447152184105737,0.008344123472450218,2705.0,-0.002935751489977412,0.0117691490101397,0.6852412721304428,1
113,0.8385125716697602,-0.14989997164692198,-0.3792841999161811,0.02310245302817184,0.07681953872474219,0.0585622655886244,0.9450000524520874,0.31139999628067017,0.5410000085830688,25.154143721546447,4.928812870085239,11.378083568896566,0.9376315083519555,0.011895251840573372,28.127623764440692,89.08836323701398,5.897914714499479,95.89041095890411,95.89041095890411,1,0.023255813953488372,0.01785646257207596,0.676810631229236,0.05039835354256015,0.0003010862380674719,0.007927797017720664,0.001405278442526132,0.005962905303224036,0.17725963964326705,1.73875,1.6855357142857144,0.951219259875,0.6477340556800724,1.0315711410107002,26.50390625,22.8350830078125,112.8005400884719,16.167698412698414,8.527920173200124,11.186358133951822,11.296501159667969,6.257030842278595,7.6983534732272,33.8288459777832,0.030568845570087433,0.09697016328573227,2.4588448660714286e-06,2.3810120595250206,0.0173938277612251,0.923300383542056,1.9073486328125e-06,3.2056335739494583e-10,2.3810123375043357,0.0007996018920656578,0.014187040861213192,2714.0,-0.0029340360478091075,0.011921636791582415,0.6852412721304428,1
114,0.8392060477279482,-0.06659911407175519,-0.36433922855059303,0.023006969106412454,0.14300336710944295,0.06561174484441291,0.9450000524520874,0.31139999628067017,0.5410000085830688,25.174984146101135,4.525238878258637,10.929652999384063,0.9308400969469195,0.016315777904422693,27.923876088321,89.6514625611704,4.1257024844280785,95.89041095890411,95.89041095890411,1,0.022727272727272728,0.016742274320018145,0.6707142857142858,0.03167187406326053,1.0782067471886646e-06,0.012815629721006298,0.00023887639263136962,0.007479648699255789,0.018639458054864336,1.7214285714285715,1.4216666666666666,1.0380004325428693,0.8287403016194789,1.2108524535253726,26.50390625,22.8350830078125,107.24204988025483,12.548571428571428,7.380486786390287,9.617970784505207,10.349053276909721,7.193206205067258,6.842454170330964,33.84898376464844,0.029444068670272827,0.09697016328573227,4.6284993489583335e-06,2.3878205702944113,0.01693363610193634,0.897129286828341,1.3805571056547619e-06,4.553734479521786e-09,2.3878210124487786,0.0008191085135207819,0.013689300243743721,2716.0,-0.0028985675916939225,0.010904044892590076,-1.5644794844565078,1
115,0.8435309813930875,0.031941315330210183,-0.342318618782929,0.022842904999381776,0.13054562033196773,0.06177548853455591,0.9450000524520874,0.31139999628067017,0.5410000085830688,25.304751298938477,3.8255600395372937,10.268991706328732,0.9224326455791804,0.015651952293811888,27.671655307227255,89.72337354914913,3.744834489927527,95.89041095890411,95.89041095890411,1,0.022727272727272728,0.015599094566838589,0.6699025974025975,0.02831442483498251,1.072629337775925e-05,0.01297844200046556,0.00034603390709401653,0.003082381100827102,0.0266622069953854,3.9491428571428573,1.427142857142857,3.6918767529785814,0.6684714516212739,2.7671671671671674,26.50390625,16.561686197916664,105.31406853085471,14.217402597402597,8.571542635998222,11.595682779947916,10.915730794270832,4.8009918986150035,7.656783699336823,33.87022018432617,0.028006404638290405,0.08135329186916351,1.4474051339285715e-06,2.3922655526913155,0.014732690550843598,1.0008208359338846,-7.992699032738095e-07,8.18948595616558e-08,2.39226533376116,0.000759648129773337,0.010649698943914498,2716.0,-0.002870242088546379,0.012096179160378,-0.2749184180927025,1
116,0.8437782095443634,0.10883729624180567,-0.3381264665126801,0.015011143585461014,0.01516959303317882,0.03262263421635315,0.906999945640564,0.18060004711151123,0.43959999084472656,25.31212357197489,3.2649778872728348,10.143378995401518,0.9162723205214574,0.010072398197168297,27.486869747741718,88.71269142045914,2.9041896684833475,94.38202247191012,94.38202247191012,0,0.0,0.01169741918404043,0.6770779220779221,0.022542383386489204,2.871210062473959e-05,0.006632791718086019,0.00025689252018634354,0.001150797022954172,0.038730677986745725,3.7725,1.628857142857143,4.169378455979221,0.37231695954837585,2.316041045430626,13.283081054687498,13.560791015625,69.16186603364488,16.909523809523808,8.957906501459417,10.601908365885416,10.16064453125,2.209470167820175,1.5977452355562958,33.88374328613281,0.026670781895518303,0.06387169659137726,1.1582147507440476e-06,2.3927664530855672,0.01178818360235713,0.9995114382321397,-8.174351283482142e-07,-7.467319290719656e-08,2.392765924888789,0.0007136665776337647,0.005841259967517001,2701.0,-0.0028328380382184183,0.011901356539885555,-0.2749184180927025,1
117,0.8369027048122315,0.10861544838405791,-0.3574461998059636,0.012651026740248079,0.01388542708382019,0.029309944839054566,0.906999945640564,0.18060004711151123,0.43959999084472656,25.105880430085318,3.2583123087031503,10.722882279881409,0.9171202027715001,0.008584800704587576,27.512293879347563,89.14040882468367,3.0026766124414834,94.38202247191012,94.38202247191012,0,0.0,0.012047444272884617,0.6738870431893688,0.023531024631502685,3.570672219908397e-07,0.0068370464765209835,0.00032008493637897034,0.002546197672316941,0.04681625866932016,1.5476190476190474,1.629387755102041,0.3412608341373205,0.498979049288132,0.9498162992651968,13.283081054687498,13.560791015625,56.75609327043806,16.52342857142857,6.853320359181981,7.591874864366319,7.6176670619419635,3.5767358259966895,3.486427262788017,33.897403717041016,0.025175055488944054,0.08326411247253418,2.460298084077381e-06,2.39036641434927,0.01217206442828253,0.9995114382321397,-5.086263020833333e-07,-7.721428206661028e-09,2.3903661284681004,0.0007170347908282759,0.006521763787488685,2700.0,-0.002878758267137949,0.01172388277926207,-0.2749184180927025,1
118,0.8332372567029226,0.11005619984013694,-0.3668557903596333,0.011377077433424348,0.014481524384194705,0.02358065991877304,0.906999945640564,0.18060004711151123,0.4309999942779541,24.99594398685864,3.301533995270729,11.005125710793903,0.9174910709546483,0.009230313189104443,27.523427746455287,88.13612068858205,3.4219348027422845,92.3076923076923,92.3076923076923,1,0.023255813953488372,0.015649215928719033,0.6818272425249169,0.027375858784266717,5.640316534777279e-07,0.008107588754441303,0.0006512545107377264,0.004433228854606349,0.08032653486290506,1.690357142857143,1.56125,0.612939034655227,0.4695940699808979,1.0826947272103398,11.937662760416666,9.44366455078125,61.15364140101841,13.899920634920637,8.727408626366113,6.525967915852864,6.228688557942708,2.574773620175071,3.0936997600501144,33.908485412597656,0.026554547250270844,0.07624644786119461,1.3020833333333333e-06,2.3895494359248333,0.012116208528556754,0.8524039265180081,4.904610770089285e-07,-1.6635993151726678e-08,2.3895490082225384,0.0007246001360948839,0.007015570847611581,2699.0,-0.002874806428953532,0.010384290714374984,-3.088403705727502,1
119,0.833601304553804,0.11447295241128831,-0.36379643794752303,0.008368054905658161,0.01351114069081258,0.017676407490002346,0.8874000310897827,0.16579997539520264,0.4225999712944031,25.006846565178463,3.4340158580030713,10.913410995560033,0.9169834606230884,0.007028772438708002,27.50820555125574,87.18591163739646,3.2336768057977383,91.70305676855895,91.70305676855895,1,0.023809523809523808,0.01713850118874214,0.6891496598639456,0.026039253324243252,8.905196168263292e-07,0.01019421018672135,0.0008525117701429154,0.0033770975267697744,0.08362705442873541,1.800892857142857,1.5867857142857142,0.5405217327938341,0.4559648605776904,1.134931352689624,11.937662760416666,12.01416015625,59.75040421258835,15.563095238095237,8.607483300255211,6.937395731608072,6.870129903157552,3.0387884821821802,3.0675276457308387,33.91865921020508,0.025052029639482498,0.0750783383846283,3.6185128348214288e-06,2.3866992843451373,0.011438152933848983,1.0724446074420677,-1.0172526041666667e-06,1.7854488201285716e-08,2.386699509228918,0.0007440894681388827,0.005569151610768791,2708.0,-0.0028360880055283825,0.009961728185528141,-3.1426261593079223,1
120,0.8333934283199764,0.1198528858082635,-0.3616441521729742,0.008407713822827323,0.011291267630441125,0.01551267707910822,0.8874000310897827,0.16579997539520264,0.4225999712944031,25.00061199247837,3.5954278599364415,10.848785279478346,0.9165579366568785,0.007495844333788187,27.49542096711054,86.92824540274216,3.1277837493714524,91.50326797385621,91.50326797385621,1,0.023255813953488372,0.01712016638884476,0.6911295681063123,0.025168738829926016,1.7059558517281975e-08,0.010805749073695869,0.0007961203978615633,0.0039752693579925115,0.07367563252042719,1.6980357142857143,1.498392857142857,0.3059486230545573,0.12156596743651371,1.1332379930878322,11.937662760416666,12.01416015625,63.285344296409974,15.432460317460318,8.294616944180898,7.339617411295572,7.401924133300781,2.4881653248831443,2.667633518786239,33.92695236206055,0.02422250248491764,0.06225782632827759,5.79833984375e-07,2.3864966427438072,0.011365159720163881,1.148798781908849,6.721133277529762e-07,8.059395539949439e-08,2.3864965039331247,0.0007103737819816657,0.005241017491884693,2709.0,-0.002880116234699389,0.009892846274751716,-3.1426261593079223,1
121,0.8358836090167363,0.10476763774951299,-0.3551855521826517,0.016934635930220515,0.05920835531626906,0.04584965621430182,0.9337999820709229,0.2766000032424927,0.41540002822875977,25.075276841947012,3.520555560844285,10.655141708339963,0.9174333678601012,0.00671267211630146,27.52166962969852,85.53447813838221,4.1619198713093795,91.50326797385621,91.50326797385621,1,0.024390243902439025,0.02072905877146912,0.7032055749128919,0.03570352519122761,5.254770512286565e-07,0.01589510936643286,0.0015770961665765373,0.004768721631714486,0.09921895661234227,1.6639285714285714,1.5355357142857142,0.2979074554972002,0.17325284916819683,1.0836143737643913,7.524820963541666,7.220865885416666,58.12685808454241,15.065079365079363,8.385021377259724,5.627581278483072,5.8219655354817705,1.0108313080319544,1.0840196168666278,33.933040618896484,0.024863017722964287,0.09562664479017258,1.5927269345238095e-06,2.387398975496377,0.012674444083941428,1.6459744941523289,1.0535830543154763e-06,3.98974126955188e-08,2.3873982670265335,0.0007140721555914016,0.0069689679270737576,2715.0,-0.0028701745171267885,0.00988145488907378,-3.0801476511365227,1
122,0.8411178470963524,0.0013781232521647498,-0.3487101045449575,0.02530630771319981,0.14858776588847983,0.06702797043689243,0.9847999811172485,0.32580000162124634,0.45260000228881836,25.232346269999233,4.179022988591876,10.469691708385945,0.9252286559823336,0.015597605305762336,27.755534943892197,84.76833500429949,4.989103073807509,92.71523178807948,92.71523178807948,4,0.09523809523809523,0.03273648502005663,0.7103741496598639,0.04365700253277471,5.96555701790923e-06,0.024759811859386076,0.002923207245420241,0.012577232367560724,0.11806257907053105,1.6260714285714286,1.618142857142857,0.3665362902098731,0.5089216490757287,1.004899796945352,10.927225748697916,14.0826416015625,86.72055511474609,15.920785714285714,8.810001951342183,6.285057067871094,7.4813232421875,3.7382140664565715,2.0239756283257315,33.938697814941406,0.02413109876215458,0.08821718394756317,5.812872023809524e-07,2.39707086149962,0.019578877332796236,1.883852687982556,2.597627185639881e-06,-1.427575862517629e-08,2.397070528547112,0.000721672667712016,0.01651727090204022,2705.0,-0.0028919564911901517,0.012718784659220947,14.809356735000346,1
123,0.8419615424190249,-0.1125480294028918,-0.35310046654088156,0.02507837730901193,0.1447695095304496,0.06881035090173669,0.9847999811172485,0.32580000162124634,0.45260000228881836,25.25765055835247,5.191811986139842,10.601396996889795,0.9339858724123875,0.015447580066716397,28.01824249638157,84.98183235516473,5.5311441232014555,93.12638580931265,93.12638580931265,4,0.0975609756097561,0.03373591920932287,0.7091289198606271,0.047689135695594034,1.2207180341524677e-07,0.024184723232146963,0.002755861915813454,0.016847948936574292,0.1139505252700304,1.4757142857142858,1.640793650793651,0.3364139474268622,0.5420135931854319,0.8993905388410564,25.230712890625,18.75457763671875,101.00894971575056,13.587698412698412,7.681853711750026,9.745570591517858,9.649251302083334,4.741384317755172,6.5932366079810745,33.93796157836914,0.024426138028502464,0.08821718394756317,1.453218005952381e-07,2.4079143487296273,0.019344417601585357,1.883852687982556,7.266090029761905e-08,1.4897507025647943e-08,2.407914835956793,0.0007236346218186882,0.016224635283810428,2697.0,-0.00286399500181911,0.012538702270568958,14.809356735000346,1
124,0.8390222666604178,-0.20910747651259104,-0.36763398090998334,0.020363986230109037,0.03252886870366034,0.05444659944232555,0.9847999811172485,0.32580000162124634,0.45260000228881836,25.169435142619268,6.272906009682587,11.037514999338558,0.9418897428892383,0.010954828632548447,28.25534664287308,85.84270934880183,5.0586700180323065,93.12638580931265,93.12638580931265,3,0.07142857142857142,0.03078126559447824,0.7014965986394558,0.043289151859361434,7.124738025822576e-05,0.023043777940884094,0.0016097371336304196,0.013263762239721304,0.06985560864889417,1.9657142857142857,1.6780357142857143,0.819516674738792,0.5819390254457375,1.1714376928807066,25.230712890625,18.75457763671875,101.99554457891554,12.722436974789915,8.647535975924667,11.313302176339283,10.467732747395832,4.649985852054069,5.890489008761646,33.93320083618164,0.024479685351252556,0.058744288980960846,-1.0128929501488096e-06,2.4193879939403926,0.014469155465651907,1.0578713628491496,7.266090029761904e-07,-1.1877215940822396e-07,2.4193890076021773,0.000683754257927408,0.010150498021421988,2687.0,-0.002868864503476025,0.012223017330620657,14.809356735000346,1
125,0.8325782477174486,-0.22126078150953565,-0.38370244763578687,0.008494402624397091,0.01273618302106817,0.017610143466121907,0.9085999727249146,0.35259997844696045,0.4710000157356262,24.97614814579487,6.637468731020178,11.51058642906802,0.9433265873791291,0.007062029354003323,28.298453221195086,84.30104981327955,4.260759871527832,92.71523178807948,92.71523178807948,0,0.0,0.018891473079197422,0.713554006968641,0.03603427651893206,7.058743123698458e-05,0.015163952321260865,0.0007022688291204389,0.0024955758668125175,0.04631172759200855,2.255952380952381,1.7945238095238096,0.6905318943047847,0.21113302488007732,1.2571314846756003,10.936991373697918,9.358317057291666,70.45365426199777,14.748265306122448,8.40114661719152,8.12654283311632,7.697296142578125,1.5695969802373515,1.7944144984567103,33.92926788330078,0.023425664752721786,0.05485069379210472,-1.812162853422619e-06,2.4255811506825102,0.013333360419777698,0.8865820515640127,1.2715657552083333e-06,9.025235359924723e-09,2.4255806109893103,0.0006832356398966841,0.008456192405133966,2684.0,-0.002850964616454276,0.009947092699231384,-18.072286472151358,1
126,0.8497588379780452,-0.1550037243281092,-0.31693125726779303,0.04430259548988097,0.11882870018149752,0.1269855248300844,1.2929999828338623,0.4197999835014343,0.4710000157356262,25.49153613933495,5.246867730915547,9.762354143687658,0.9367461446261593,0.035729862987269496,28.10104647678641,86.65444287231944,5.690463276125757,96.55172413793103,96.55172413793103,0,0.0,0.01790828912300366,0.6954081632653061,0.045817841588209986,8.034012494793817e-05,0.00938527300095497,0.0016845920419652715,0.0032200885051104416,0.1794931316109676,1.552142857142857,1.6417857142857142,0.5709618629817511,0.36418398439497024,0.9453991733739395,31.204427083333336,20.299275716145832,95.13528987339565,17.22968253968254,8.308865283710348,11.448656717936199,11.329994201660156,5.245273206757772,9.019779742244332,33.92789840698242,0.023377707228064537,0.07976727187633514,-1.0884602864583333e-06,2.435372540010883,0.017580570001580576,1.1465543746831326,1.9436790829613094e-06,-6.3397702255510834e-09,2.4353730834571445,0.0006998897608770381,0.014285686644586307,2694.0,-0.002869267752270353,0.016636767397945427,6.503529703168674,0
127,0.8697008570262365,-0.10217782915773846,-0.2510250001067207,0.04895379150629831,0.11801725049472332,0.14538890903174376,1.2929999828338623,0.4197999835014343,0.4710000157356262,26.089781567965236,3.744032161491258,7.91080042558057,0.9304918462038844,0.03848173978448807,27.91343514885559,90.73231502799177,6.764013195444661,98.82352941176471,98.82352941176471,0,0.0,0.015940682641451175,0.6651623376623378,0.0520865341682439,2.2852302207413548e-05,0.009558628474730718,0.0005245060638343074,0.00832459952997312,0.054872523314500266,1.4784126984126984,1.489107142857143,0.49856730995908544,0.3646909073560284,0.9928182169458101,31.204427083333336,20.299275716145832,105.00053165980748,15.75045112781955,7.783240195334249,11.986942997685183,12.432467142740885,5.1486584639966075,8.316865918695909,33.91869354248047,0.02742912620306015,0.08600500226020813,-1.014346168154762e-06,2.442440583157452,0.016597435970701433,1.1465543746831326,1.8165225074404764e-08,3.684547943132413e-09,2.44244035750862,0.0007224049450546405,0.013131029649928528,2704.0,-0.002861224573615914,0.02017862289753343,6.503529703168674,0
128,0.8977893520877475,-0.03492449555226735,-0.1392139144170852,0.041872989703966676,0.08051447984380392,0.12511719492724638,1.2929999828338623,0.4197999835014343,0.42799997329711914,26.932425134011677,1.7298772957069533,4.561077281194073,0.9214864632434616,0.037133466520530276,27.64326955927672,92.97273566162058,4.1849498967254535,98.82352941176471,98.82352941176471,0,0.0,0.014356965173029842,0.6466984126984127,0.02997629028648949,2.770625839233649e-05,0.006023366638353712,0.000423509942881021,0.004662093279436119,0.07031116787484373,1.3475510204081633,1.4730612244897958,0.36976370540418885,0.4326415092797423,0.9147963424771406,31.204427083333336,20.299275716145832,123.46082116989864,10.813035714285714,6.784138574100771,14.894670758928571,13.54067847842262,4.591962304368703,7.994135301121434,33.90469741821289,0.029219025745987892,0.08600500226020813,-1.0841006324404763e-06,2.4453289162220884,0.015502779159348242,1.1684998606601944,-7.266090029761904e-07,-4.3492760708301136e-09,2.4453282025450758,0.0007520034926327968,0.011948769743339898,2700.0,-0.002841485000202743,0.019960333412141398,8.130001227848695,0
129,0.9076342190844672,-0.034759686146463666,-0.08693268592300869,0.022594639806423285,0.03601787051825814,0.10453522985047728,1.043600082397461,0.18059998750686646,0.36180001497268677,27.22774385826928,1.129848870890481,2.7799748552697046,0.9192510082048463,0.016685510324165084,27.576216692047186,92.5328875245218,4.432772735042606,98.82352941176471,98.82352941176471,0,0.0,0.01868471938254499,0.649936507936508,0.031725803078925696,2.549561682632246e-06,0.015749626581874884,0.0007317800806366968,0.0048656396031581195,0.046463328945135114,2.9828571428571427,2.0828571428571427,2.898831397199181,0.556271112876094,1.4320987654320987,22.949015299479168,22.68646240234375,117.5663824898856,11.471948051948052,8.607784850179867,14.786758422851562,14.585347493489582,5.627573383261227,4.899950401759691,33.894500732421875,0.024723291397094727,0.0724181979894638,-1.5186128162202382e-06,2.443201233901204,0.0124634337084151,0.8059635242302137,9.627569289434523e-07,-2.7182035076667122e-08,2.443201183038112,0.0007748286383522088,0.007712862320522336,2687.0,-0.002811145432806771,0.01532693686691979,12.588933746251325,0
130,0.9152379617463975,-0.023871429000582013,-0.03860169560852505,0.0094895435054342,0.014042321133955765,0.024148468116001243,0.972000002861023,0.13200002908706665,0.11500000953674316,27.455826995287623,0.7242931577989034,1.2092257190602167,0.9167886110014407,0.009460027338880293,27.502344990006566,89.30375160785557,5.695539784421483,98.13084112149532,98.13084112149532,1,0.022727272727272728,0.029709877004910186,0.674935064935065,0.04841787659698537,0.00013528063573510973,0.051106802196579364,0.0015056638289398768,0.023438146429500026,0.029461123847045405,5.115714285714286,2.598095238095238,2.1296171927731757,0.17693279916256663,1.969024926686217,22.949015299479168,22.68646240234375,109.54706406366256,14.508571428571429,8.64110752656824,18.072679307725693,19.388326009114582,2.3330227939933783,4.578141836170304,33.8922004699707,0.02440527267754078,0.062282495200634,-3.542945498511905e-06,2.442180632999991,0.01146756607648731,1.1331733670714537,7.266090029761905e-08,-2.727368648709006e-08,2.4421807612679687,0.0007650313710150752,0.005774622789713636,2675.0,-0.002840164087935917,0.011961590782997066,1.1517796870504196,0
131,0.9154895807731719,-0.024720267190819694,-0.02695145755722409,0.009429778278695636,0.01136029558469399,0.02474851364045425,0.972000002861023,0.13200002908706665,0.11500000953674316,27.46338242317949,0.7462788754275866,0.9281787181326321,0.9166243867014366,0.009425754318168677,27.497425593231508,88.24216381216799,6.104036360761598,98.13084112149532,98.13084112149532,2,0.046511627906976744,0.03374790782846891,0.6835215946843853,0.05192757984787156,0.00011915727380258213,0.05391203515589977,0.0016777502591442174,0.020569199670220206,0.03112014329068814,4.591904761904762,2.6310714285714285,1.4413034224463481,0.40702300867621316,1.7452603954572192,19.323018391927082,22.68646240234375,111.24377717517672,14.077142857142857,8.688895981578142,15.912577311197916,17.1002197265625,4.114705778188281,3.037218747447327,33.88985824584961,0.024970654398202896,0.06502795964479446,-8.690243675595239e-07,2.4429706555140323,0.01156014362522349,1.1563494871788758,5.086263020833333e-07,5.9263585007545506e-08,2.4429705763689933,0.0007770135135877897,0.006332942775961174,2685.0,-0.0028593107766352642,0.011920669244455744,1.1517796870504196,5
132,0.9154677331561134,-0.024584705531597136,-0.024054143179030645,0.008399766194926002,0.00984784233609723,0.02559839387008181,0.972000002861023,0.13200002908706665,0.11500000953674316,27.4627305660929,0.7404333100574357,0.861361429308142,0.9165238223507808,0.008430711903151039,27.494410868456054,86.60884621113524,5.934498421378962,95.02262443438914,95.02262443438914,2,0.047619047619047616,0.033767866240599305,0.6962585034013605,0.05112243766435258,3.469931261974178e-05,0.04156691691064862,0.003881530341866939,0.005511908792701825,0.09338028004844805,3.6714285714285713,2.842857142857143,1.952914880534286,0.38001208358875826,1.2914572864321607,18.668314615885418,19.7894287109375,98.70458998907179,15.123571428571429,9.069403514125987,15.153630574544273,15.208638509114584,3.336726616894548,2.5982027132103473,33.88681411743164,0.024570520967245102,0.06386656314134598,5.783807663690476e-07,2.443962011795476,0.011541260069723834,1.1563494871788758,-6.902785528273809e-07,-5.1576773478860094e-08,2.443962003801472,0.0007893516185467237,0.00657106353861885,2688.0,-0.002843736654281344,0.011567370618151059,1.1517796870504196,5
133,0.9155764667079562,-0.023132867506572178,-0.017799238460404532,0.006846645811012584,0.006661982127367028,0.022169139908844008,0.9470000267028809,0.06059998273849487,0.08600002527236938,27.465974715522357,0.6968823117443493,0.7024444253955568,0.9163340857446305,0.006839698081726288,27.488701922520516,87.63496694239436,4.707582744174317,95.02262443438914,95.02262443438914,2,0.047619047619047616,0.023232972912723956,0.6866666666666668,0.03743561582287083,8.713340108288127e-06,0.02641288026923091,0.0017760907037626464,0.04311074377236175,0.06724335572866937,2.4089285714285715,2.5022857142857142,1.5280878323805172,0.6941731831202249,0.9626912537108929,18.668314615885418,19.7894287109375,103.2350548153832,15.075584415584414,7.991058046528339,10.446726481119793,11.126749674479168,7.066796124923066,6.171591168268907,33.88737869262695,0.024837510660290718,0.07746058702468872,3.4005301339285715e-06,2.446891323656509,0.011705004430274784,0.7825815278187973,4.904610770089285e-07,-4.478573471403267e-09,2.4468913798143825,0.0008362149582590246,0.0072862452016566465,2696.0,-0.0028528893120509887,0.010243797613940186,-5.238161895289082,5
134,0.915649914713133,-0.023935791503815425,-0.01619698133638927,0.006792600343932627,0.006886028399769489,0.020498741760983503,0.9470000267028809,0.06059998273849487,0.08160001039505005,27.46818229854107,0.7209694602659771,0.6458742883375713,0.9163611107315993,0.00678974171681194,27.489516521809602,86.33292047808195,6.448094015895771,95.02262443438914,95.02262443438914,4,0.09523809523809523,0.03267027607436934,0.699047619047619,0.05455150352731835,2.26342917117867e-05,0.031479075637340016,0.004163864615738423,0.0063942170026051095,0.1322740433584812,2.482142857142857,2.4475,1.1793410906787167,0.8039452305185157,1.0141543849409018,19.960225423177082,23.493550618489586,99.04993177141462,14.311142857142856,7.268046752177419,10.817667643229166,12.297592163085938,9.500163457550023,6.632050369573435,33.89009475708008,0.02448459155857563,0.06888514757156372,4.3305896577380954e-07,2.4480756580997074,0.011680997070914929,1.3250210691475601,-3.4513927641369047e-07,-8.494797645828344e-08,2.448076517334649,0.0008701379274633545,0.00671963515165563,2701.0,-0.002902813692512038,0.010141621103979665,-5.238161895289082,5
135,0.9092368483032499,-0.026742648425556365,-0.07853539104404904,0.015309536460351743,0.01098216369813751,0.09545943716691939,1.0506000518798828,0.14179998636245728,0.3330000042915344,27.275765877621513,0.8125341679794448,2.485779866874218,0.9181142634149935,0.011327686788323525,27.542079734599092,85.18282625256657,6.932244486897316,94.80812641083521,94.80812641083521,6,0.14285714285714285,0.038648780355873005,0.7091836734693878,0.059293821966015126,1.3929651978342404e-05,0.056973019255042834,0.003634942737930904,0.009644665654927876,0.06380112525999165,2.5437142857142856,2.2165714285714286,0.9905412249711503,0.898368862018769,1.1475895849445732,19.960225423177082,23.493550618489586,97.75708712623232,16.601785714285715,8.31273024078867,11.506306966145832,10.679280598958334,7.590785163732475,6.4768086042684825,33.8892822265625,0.024658385664224625,0.0782456248998642,-1.1567615327380953e-06,2.448944513936604,0.011527327738694866,1.332510842516762,4.3596540178571427e-07,1.8741835371458249e-07,2.4489439079608113,0.0008794466434078759,0.0060211130378480795,2714.0,-0.00293622231019133,0.011478991846598023,4.368753205535941,5
136,0.8983872580641792,-0.029151914959862118,-0.15807934325933456,0.020690861230760083,0.020266391318516236,0.11620905942894334,1.0506000518798828,0.14179998636245728,0.36500000953674316,26.950340884838784,0.9588090161340578,4.838820582841124,0.9203796715285637,0.013535968716076811,27.61007209597165,84.05017367371536,5.655376002362942,93.95973154362416,93.95973154362416,5,0.12195121951219512,0.03446752390412796,0.7171428571428573,0.048902336617284096,7.870948704706367e-05,0.043484078944995994,0.0048787576112912226,0.005694877272107546,0.11219641141445066,1.9455102040816328,1.6812244897959183,0.9615170922560562,0.7289896473013545,1.1571983491138627,15.82122802734375,13.988444010416668,97.0704132806687,16.389017857142857,8.075583028783939,9.426153273809524,9.167059035528272,3.215561091327767,5.1965540140585915,33.88449478149414,0.02421184629201889,0.06387272477149963,-4.3596540178571427e-07,2.4486079465082207,0.011660890520696693,1.344072333056496,-3.269740513392857e-07,-1.4347747709934912e-07,2.4486088201134844,0.0008986206425093093,0.00590313865989353,2720.0,-0.0029293278456699236,0.01614559651324181,2.5357140495488233,0
137,0.8960059531416212,-0.030343762326808202,-0.16335789539700463,0.023141956130237645,0.03465628870371616,0.12725116504104977,1.0506000518798828,0.22339999675750732,0.36500000953674316,26.878864165629658,1.165074291740145,5.4068811503478456,0.9209118228653389,0.016855146315053245,27.626037356125043,85.03525205982218,6.946951139153085,98.59154929577466,98.59154929577466,5,0.12195121951219512,0.035283834536396934,0.710418118466899,0.059414133114789144,8.654315102040805e-05,0.05149380549108978,0.002967781484011603,0.007388513683523569,0.05763375722008218,1.4975,1.6763265306122448,0.5374931181334477,0.6101272902332597,0.8933223764304846,36.318359375,17.768147786458332,148.64405306861516,13.904789915966386,7.459917348913686,12.324714660644531,10.185881115141369,4.148645024906387,10.027519256457143,33.88408279418945,0.024120276793837547,0.06853998452425003,0.0,2.452084259909452,0.013553751359210699,1.4072427179530909,8.174351283482142e-07,6.356652247088207e-08,2.4520838693428995,0.0008989572415480843,0.009223409236853657,2718.0,-0.0028986329833902997,0.02100763338101654,10.111672632459697,0
138,0.9022813717240379,-0.03590544796841485,-0.08372975214890072,0.022320555749700117,0.03454121370538975,0.1471255381670858,1.00819993019104,0.22339999675750732,0.36500000953674316,27.06711329460144,1.3246034322891918,3.7733138637031827,0.9195402795649227,0.013944434042863472,27.58487109462899,84.22842474001713,6.299307705492395,98.59154929577466,98.59154929577466,3,0.075,0.027548539532080498,0.7163214285714286,0.05347981452122371,9.08345789254472e-06,0.028251887480535677,0.0028005356232119515,0.008724913157064324,0.09912738131713851,1.6716666666666669,2.1183673469387756,1.023337681969089,1.4466493766604562,0.7891297366730893,36.318359375,37.384236653645836,139.22816634405225,11.138857142857143,8.264322289913713,14.715813530815973,13.486982073102679,10.698074651141331,11.290705444341567,33.893577575683594,0.028059696778655052,0.07786799222230911,2.3876371837797617e-06,2.4560036928754414,0.01291318198151926,1.4072427179530909,-5.4495675223214284e-08,-1.534662166426778e-07,2.456003924273886,0.0008754923274828109,0.008858372166545034,2700.0,-0.0029052549825101335,0.022652311847132886,10.111672632459697,0
139,0.9130959999163946,-0.042216466804345446,0.015722724125498817,0.014583355014609844,0.029599720156695375,0.07307867326583016,1.00819993019104,0.22339999675750732,0.3636000156402588,27.391605568953924,1.436968858710357,1.5055131489889961,0.9176462954039872,0.011328101392473252,27.528072095980974,82.31428708581865,7.108343783793399,98.59154929577466,98.59154929577466,6,0.15,0.03571794853012164,0.73425,0.062250717150200655,8.335317351103707e-05,0.049024133123605554,0.0031640724395568935,0.00497149540512681,0.06454111960693426,2.724642857142857,2.595428571428571,0.9544008565052523,1.4322476698375537,1.0497853368560106,36.318359375,37.384236653645836,134.74223036993118,14.01103896103896,8.939342658050244,17.644678751627605,15.701904296875,11.604643764681377,12.148267445709465,33.91402053833008,0.03258589282631874,0.0813625156879425,3.0415852864583334e-06,2.4596491527979696,0.012288580115609323,1.4033905974207095,8.174351283482142e-07,8.025594796719796e-08,2.4596491502773428,0.0008217362879422477,0.008406874117778207,2690.0,-0.0029109070048003666,0.02184287468736161,10.111672632459697,0
140,0.9153660949695678,-0.048369009460721694,0.0369361431371598,0.003937196773568033,0.004708657860912398,0.01292619995289926,0.9431999921798706,0.0658000111579895,0.08140003681182861,27.45967627763748,1.4509928552593503,1.108048865369388,0.9174902428166914,0.0039168258286436585,27.523397540704998,81.0664163021762,4.8227590193675915,90.51724137931035,90.51724137931035,6,0.15384615384615385,0.03522141107432515,0.742857142857143,0.04596315043951495,1.2108981257809057e-06,0.0452151229304453,0.003804442523202249,0.004499699122673467,0.0841409306584137,2.118,2.709047619047619,0.8051333265176569,1.2903233963313931,0.7818245737387941,9.93011474609375,12.182820638020834,77.01416291736422,16.49692307692308,8.436327346895268,7.457194010416666,8.04019504123264,2.4524977651576125,1.9322364588028553,33.935081481933594,0.02878553606569767,0.0715833380818367,1.4488583519345238e-06,2.460115522743662,0.01097491131221074,1.0568057099817658,-3.269740513392857e-07,-1.1070129243291575e-07,2.4601160407456146,0.0007434880294596322,0.0062704109702937365,2693.0,-0.002898502199997545,0.019398768877215873,3.8525766934347496,0
141,0.9155463809285845,-0.050220885461285,0.03431842887117749,0.003897144243280576,0.00460825984934764,0.013050147630148603,0.9431999921798706,0.06859999895095825,0.08140003681182861,27.46509442789214,1.5065714209846088,1.0302668657473155,0.9176691989690708,0.003878006814708184,27.528776707472332,81.02516827006292,4.789657756971284,90.51724137931035,90.51724137931035,5,0.125,0.032352389902315065,0.7431785714285714,0.04531014156423954,0.0001411150047480214,0.0363675601062744,0.004146565259572149,0.00904091427056232,0.11401824173672714,1.9542857142857142,2.186666666666667,0.6777809932639982,0.43846413040383775,0.8937282229965156,10.831095377604168,12.182820638020834,64.80517142159599,16.340714285714284,8.214453037337538,7.125939263237847,7.666998969184029,2.48442723465864,2.7522635021883866,33.950408935546875,0.024517714977264404,0.06961652636528015,5.07173084077381e-07,2.462060998368335,0.011128264771587668,0.9137306641409773,3.9963495163690477e-07,5.5197769276353894e-08,2.462061372283852,0.0007297558299325989,0.005943330900692519,2695.0,-0.002887573067809643,0.018640035439943976,6.552594705512401,0
142,0.9156898570912225,-0.050753142532848176,0.03120181949081875,0.004003061619888527,0.004321705362673252,0.012965484173055701,0.9431999921798706,0.06859999895095825,0.08140003681182861,27.469390855601855,1.5225202760100365,0.9370621557746615,0.9177277188242058,0.003998614432088682,27.530523865788116,82.4828976000239,4.105405237250772,90.51724137931035,90.51724137931035,3,0.075,0.0273464506310065,0.7292857142857143,0.037518702819053985,1.0898083132028262e-05,0.031444212913275885,0.0011726561714854274,0.004736505130380535,0.03729322704688617,1.823095238095238,2.0083673469387757,0.6488920000003076,0.4866661912176584,0.9077498899163363,10.831095377604168,12.182820638020834,62.74996868315198,15.057333333333332,8.416781825035589,7.296159532335069,6.946207682291667,2.653447335194603,2.3707061700040377,33.95942687988281,0.024259468540549278,0.06221773102879524,1.15966796875e-06,2.461799340761024,0.011240909972550726,0.9137306641409773,1.0899135044642857e-07,-6.255890382160195e-08,2.4617996028731985,0.0006902728403763956,0.005456689823702284,2704.0,-0.0028633236470696336,0.018404209734829338,6.888871642777417,0
143,0.9157902569089617,-0.051808075845241545,0.029288028915723165,0.003296799459828098,0.004055187934032373,0.011135041194977656,0.931399941444397,0.06859999895095825,0.0690000057220459,27.47240213581494,1.5541719896452768,0.8796448671817779,0.9177983872443346,0.0033291079747468826,27.5326436204077,83.78124155560474,3.2264534421382165,89.74358974358974,89.74358974358974,0,0.0,0.018972321407562026,0.7172473867595819,0.02851979697861796,2.948711636817986e-05,0.019594157409493773,0.00025220732771094004,0.0077362409975751095,0.01287155770162081,1.9061224489795918,1.8538775510204082,0.5761780753470412,0.40238263724410195,1.028181417877587,8.2562255859375,9.58709716796875,53.237967645554306,15.485267857142857,8.369497670397141,6.254010881696428,6.335507347470239,1.9580530694024427,1.634025225584569,33.966453552246094,0.023809310048818588,0.05949502810835838,2.3164295014880953e-06,2.4626848169874167,0.011917142314222891,0.8703275757616122,6.357828776041666e-07,1.3617652342550036e-07,2.46268485481222,0.000709801156686654,0.006548110272891501,2694.0,-0.002859134219055045,0.01832106522663136,7.619129602821415,0
144,0.9158125804605938,-0.0521699235865048,0.02881383826619103,0.003271034728918703,0.004199777358781105,0.012203033436856865,0.9326000213623047,0.06840002536773682,0.0801999568939209,27.473080842409814,1.565030564750944,0.864750861780984,0.9178403934710738,0.0032991921026555506,27.533913148716,85.51702116613887,2.770992746412806,91.1062906724512,91.1062906724512,1,0.024390243902439025,0.02188909895498725,0.7023693379790941,0.023326218499727273,1.5225922532278163e-05,0.020801494598726482,0.0005217391056816962,0.006085044703799473,0.025081808578968086,1.7818367346938775,1.8017857142857143,0.14028857033069755,0.2814781954073813,0.9889282174713294,8.559773763020834,10.262552897135416,67.84790460495722,15.1990756302521,8.644190034608455,6.839352562313988,7.0583852132161455,2.0518963331352276,1.5972497005615507,33.97224044799805,0.02339385822415352,0.06220642104744911,2.9703776041666665e-06,2.463555561917764,0.012019682885922384,0.8703275757616122,4.178001767113095e-07,-6.043138337132477e-08,2.4635561222930265,0.0006952256739489025,0.006989117652904964,2700.0,-0.002812932805841091,0.018282480448222376,7.633454697054284,0
145,0.9158355898630052,-0.05312952384210768,0.028749399923142932,0.003074998159245638,0.004062263342203741,0.013619532342238718,0.9326000213623047,0.06840002536773682,0.0801999568939209,27.473760838764054,1.5938118581260954,0.8634889948368073,0.9179357334209268,0.0030887743031153695,27.53676301692283,85.95197692166607,3.018761240881568,91.1062906724512,91.1062906724512,1,0.023809523809523808,0.02256234104541187,0.6989455782312926,0.02513145134732737,1.5640309870887062e-06,0.020749683282093777,0.0006273242976360159,0.006419610240603322,0.030232957732775324,1.717142857142857,1.7457142857142858,0.1749752169040297,0.24834965476200718,0.983633387888707,8.559773763020834,10.262552897135416,68.64227716355099,14.078761904761905,7.5457336482445125,6.878780788845487,7.093723842075893,1.9577685933019338,1.5819454664973316,33.976993560791016,0.023628339171409607,0.05908573046326637,1.4386858258928571e-07,2.465252966876484,0.011767371459902786,1.2213685213264887,0.0,-7.89163035308123e-08,2.4652532449644307,0.0007701244136135831,0.006620967867461483,2691.0,-0.0028044863783923237,0.017758083197311002,7.633454697054284,0
146,0.9159106851759411,-0.05368389564184915,0.026704342765467508,0.0031143449854430525,0.004424885310039957,0.013773588508222148,0.9326000213623047,0.07020002603530884,0.0801999568939209,27.47601098384176,1.6104425835609435,0.8025984225102833,0.9179851199124286,0.0031266448048696198,27.538241554373215,85.74576039974806,2.988692417700189,91.1062906724512,91.1062906724512,1,0.023809523809523808,0.022950592939546342,0.7006122448979593,0.02497256581639372,1.015657875885049e-05,0.028200536994114102,0.0008252832851260697,0.0071619356935653435,0.029264807450238246,1.7226190476190475,2.0387755102040814,0.35519604308739605,0.4069580164529898,0.8449282615949283,9.05426025390625,10.262552897135416,70.95503903343565,15.156476190476189,8.26984384632687,7.6074388292100705,7.883402506510417,1.1369447215621569,0.8514608199024664,33.980403900146484,0.023714082315564156,0.05908573046326637,4.3596540178571427e-07,2.4671330326404193,0.01083660302058743,1.2213685213264887,-1.8165225074404764e-08,2.1917082259681746e-08,2.4671332881476697,0.0007650778975367431,0.005351485791816754,2693.0,-0.002764198554254113,0.01770487943638464,7.633454697054284,0
147,0.9159368279547918,-0.05452072446686881,0.025880581174577987,0.0029784550536582272,0.0043046967949580016,0.012119131776972738,0.9284000396728516,0.07020002603530884,0.07120001316070557,27.4767931244203,1.6355403054186275,0.7778910040003912,0.9180129670621187,0.0030089785722281245,27.539074341619177,84.78184906593911,2.6005976013094454,90.51724137931035,90.51724137931035,0,0.0,0.019647212060800653,0.7083673469387757,0.021820834697089155,2.6448979591836716e-05,0.021148524271902888,0.0008384928681494327,0.005142844593641094,0.03964781926951858,1.6016326530612244,2.099591836734694,0.3239564349750842,0.42759461080210703,0.7628304821150854,9.05426025390625,8.745930989583334,65.67135503859748,15.436875,8.6155760437714,7.307593936011904,7.280331566220239,1.1642904040447701,0.871513495718862,33.98208999633789,0.02349838800728321,0.06649129837751389,-1.232328869047619e-06,2.4696120136857322,0.011448587707534206,1.2213685213264887,3.4513927641369047e-07,7.059440257021283e-08,2.4696115692002203,0.0008014644635178145,0.006350659238905118,2686.0,-0.002814393220393523,0.017825667457789265,4.793650954878602,0
148,0.9158994754496075,-0.05667937241281782,0.026610914715698788,0.0030025062104009565,0.004251783596981233,0.0115072567877515,0.9284000396728516,0.0722000002861023,0.07019996643066406,27.475684549212456,1.7003008866735867,0.7994562975849424,0.918119249559308,0.003015696058070001,27.54227514262064,84.26683044807746,3.0127057982027754,88.79492600422833,88.79492600422833,1,0.024390243902439025,0.022026190347504252,0.7129616724738675,0.026260915138332137,1.5610562265721468e-07,0.02785450937689153,0.0005577142654557634,0.001499060655104709,0.020022404915106873,1.716530612244898,1.8964285714285714,0.23781789483490678,0.3056116316303342,0.9051385525961798,7.75115966796875,9.492594401041668,68.55836821056548,15.583697478991596,8.78326296415157,6.753481910342264,6.836382548014323,1.5173420769347026,0.5653036094409757,33.9822998046875,0.023507054895162582,0.06687970459461212,1.453218005952381e-07,2.473316017340878,0.011348964637660962,0.9785257414826504,9.80922154017857e-07,1.7267145079397183e-07,2.4733156661828,0.0007608646678739817,0.006409643328145996,2677.0,-0.002873960696347049,0.017971448751178284,5.470751301312328,0
149,0.9158607233081545,-0.054480791426840286,0.019544352738630203,0.004385656184484924,0.015671132449183313,0.022839842394899425,0.9457999467849731,0.08240002393722534,0.12239998579025269,27.474512985008104,1.6627676027161735,0.7838854390808514,0.9181061186253928,0.004316778040508008,27.541872997276908,84.51164360164206,3.87900660055813,93.75,93.75,1,0.024390243902439025,0.023146604634858403,0.7114634146341464,0.03280709383898678,6.457598400666381e-05,0.025699086003834304,0.00035131725508102675,0.005691421353193082,0.013670418279802254,1.8933333333333333,1.8636734693877552,0.2759284471316938,0.24517959995664831,1.0159147320776756,10.943603515625,12.542622884114584,68.99152635846819,14.666952380952381,7.963959188124545,7.576836480034722,7.443716866629464,2.6770282682546855,1.5951995064243236,33.98483657836914,0.02390103042125702,0.06844033300876617,-2.906436011904762e-07,2.4765766108015037,0.011030101734732916,0.9798056191300065,5.4495675223214284e-08,-7.475504506179563e-08,2.476576919339229,0.0007751789784899925,0.005544805820164882,2681.0,-0.0029422143693027267,0.01857484832547465,12.211068445985525,0
150,0.9156831329663595,-0.0417942200530143,0.0011456570369856697,0.004373950456191069,0.023352245465461243,0.030327128676728505,0.9457999467849731,0.08240002393722534,0.12239998579025269,27.469179846133503,1.2821601758258683,0.7843062904051372,0.9174358045223864,0.004405392602532154,27.521757727274103,85.33792934085352,4.506467959386395,94.80812641083521,94.80812641083521,3,0.07317073170731707,0.029873884574856287,0.7050871080139373,0.037966017631851784,1.948952203248635e-05,0.04835015651112238,0.0006533689857405583,0.03139335537480359,0.013513275506983282,1.888857142857143,2.2145238095238096,0.3238636649415734,0.6945136881577991,0.852940544027524,10.943603515625,12.542622884114584,75.29061039515904,14.61087912087912,7.863543118286015,8.515543619791668,8.547787136501737,2.6170021170034157,1.7901811845652607,33.98678207397461,0.024102719500660896,0.06181986629962921,1.453218005952381e-07,2.479375357242103,0.011355651202210125,1.5404755987206915,2.434140159970238e-06,8.322188653817357e-08,2.4793746973937734,0.000790025535414224,0.006147543563484307,2691.0,-0.002935141167477888,0.017793768616336914,12.211068445985525,0
151,0.9156664282707941,-0.030305458542846497,-0.014112714574450538,0.004310539127984941,0.020112000009478825,0.02308724516237986,0.9457999467849731,0.08240002393722534,0.12239998579025269,27.46869127665247,0.9375006162268775,0.678597429224423,0.9167878803761694,0.004321338780847949,27.502333096429975,84.11247656106568,5.010873095866306,94.80812641083521,94.80812641083521,4,0.0975609756097561,0.03256547564648231,0.7158885017421602,0.04307401009471655,5.838633902540342e-08,0.057282920373862095,0.0014624706322221438,0.009000261864513632,0.025530657701758195,2.1035714285714286,2.2223809523809526,0.25714120369838783,0.6932103501601524,0.9465395328905077,10.3692626953125,9.472147623697918,64.01382482619512,16.060510204081634,8.625239348639807,7.486470540364585,7.056410047743056,2.105894073920151,1.9057437937043902,33.98820877075195,0.024218402802944183,0.06878036260604858,7.251557849702381e-07,2.4825460189558495,0.011525589752162306,1.5404755987206915,-9.08261253720238e-08,6.850840012228441e-09,2.482546625682018,0.0007916310171414318,0.00632473409160374,2709.0,-0.0029308863477669218,0.01717176128718278,12.211068445985525,0
152,0.9156629900591714,-0.02398271560952777,-0.023664419438157763,0.002803059880893166,0.00711227898800294,0.012094938892265022,0.931399941444397,0.04119998216629028,0.0626000165939331,27.468579130343027,0.7194498968975884,0.7180461516550609,0.9163900162986268,0.0028202821780577672,27.490388706864053,83.48660383618981,3.9597553946003257,90.3225806451613,90.3225806451613,4,0.0975609756097561,0.031147280157735917,0.7203484320557492,0.035292675874940775,2.146903856726376e-05,0.06538866579588072,0.0011137989603088598,0.07011614751303703,0.017033517150903937,1.9273469387755102,1.8669047619047618,0.3237754941245325,0.14485840298753738,1.0323756080674842,10.3692626953125,9.472147623697918,65.62597903297062,15.227142857142857,8.26459210857308,7.2707839239211305,6.956108940972222,1.7714799555389078,1.9462353159597279,33.9920539855957,0.024830542504787445,0.0707114189863205,1.5215192522321428e-06,2.485414425717451,0.011127059229142474,1.5583741118149539,7.266090029761904e-07,8.636763209817822e-08,2.485414025707485,0.0007592496640781241,0.005544864692977456,2716.0,-0.002882555344974272,0.0159859590671643,6.993893432163515,0
153,0.9145315234717869,-0.0273922010745321,-0.031009362328620185,0.007789009460737472,0.011574950219621634,0.04924774701640087,0.9537999629974365,0.1218000054359436,0.29919999837875366,27.43463541848319,0.8263074604954038,1.0108601462841034,0.9168811535926178,0.005362794904794631,27.50512356689782,84.34581362340357,4.202386837104567,93.75,93.75,1,0.024390243902439025,0.0232631354160989,0.7131010452961674,0.03508774812657215,0.0001506580897959183,0.026004801495150245,0.000606172616256584,0.018401171138173043,0.023310026664484708,1.7597619047619046,1.8673469387755102,0.3047608816947114,0.4080704996623874,0.9423861566484517,8.063761393229166,12.219136555989586,79.50357753208705,14.638095238095238,7.913359162999642,6.542494032118056,7.413882300967262,2.350249009819327,1.3425431457564236,33.99977493286133,0.025555914267897606,0.07732819765806198,1.739501953125e-06,2.4885745339379763,0.011321021357281883,0.9582595590318757,-1.5622093563988095e-06,-3.6221907161411325e-08,2.4885741753859487,0.000730496033949423,0.0057190864848866265,2708.0,-0.0028763256960327036,0.0186310416964647,11.369521086888675,0
154,0.9143624476137615,-0.02466568579844066,-0.02618911479768299,0.007818329287453978,0.012835088703334191,0.051949366921367146,0.9537999629974365,0.1218000054359436,0.29919999837875366,27.429563285623278,0.7445065736344882,0.9766470012494496,0.9166502342834466,0.005468261380486856,27.498195587532688,84.61690902553576,4.549942234869045,93.75,93.75,1,0.024390243902439025,0.024887501985977632,0.7111149825783973,0.03794433085998934,3.416283215326942e-05,0.015389803732266404,0.0016981700625773562,0.003508705906051671,0.11034384142384852,1.804047619047619,2.059047619047619,0.2917719926442735,0.646949759200593,0.8761563367252543,19.1168212890625,16.475626627604168,82.61582917712984,13.155714285714286,7.73185834891566,9.62434556749132,9.524671766493055,3.7648490293350085,4.316189843620857,34.00955581665039,0.024367595091462135,0.07732819765806198,-1.739501953125e-06,2.491231816342079,0.011570743658838221,0.7815342483643442,6.539481026785714e-07,-9.82964724806414e-08,2.49123237829067,0.0007341751343028949,0.005932152958084692,2699.0,-0.0028389892171243334,0.01769933676138628,11.369521086888675,0
155,0.9143536379677909,-0.025561837903090887,-0.02499353361697424,0.007818318253547188,0.013205929290440998,0.05254004334443511,0.9537999629974365,0.1218000054359436,0.29919999837875366,27.429299424716405,0.7713792796220098,0.9482938551477024,0.9166715515743066,0.00546853749252765,27.498835402978013,82.54204336786157,8.162279665520487,93.75,93.75,5,0.125,0.07434239877326859,0.7353928571428572,0.08765219271504339,2.6853547022074178e-05,0.13869528220819918,0.005680864165284463,0.06020216047446468,0.040959317972739454,2.125142857142857,2.6035714285714286,0.6313022498076851,1.2158630511631126,0.8162414266117969,19.1168212890625,16.475626627604168,84.27944895426431,12.833186813186813,8.7736929309396,9.488850911458334,9.133402506510416,4.4024157604877185,5.545624652268028,34.01920700073242,0.02532735839486122,0.08507814258337021,2.0301455543154763e-06,2.4945996158560435,0.011251019426041578,0.7496593882331981,1.0899135044642857e-07,-5.28648204543012e-08,2.4946009453495175,0.0007576640968415317,0.005447123623945525,2687.0,-0.0028946004954470174,0.017178009210240406,11.369521086888675,0
156,0.9156583235490889,-0.02748023768549874,-0.019143733623481932,0.002991214243554162,0.008571508855356586,0.020718059564620955,0.9320000410079956,0.053600013256073,0.0681999921798706,27.468441135031835,0.8243759876915386,0.6994008616890226,0.916544718756947,0.0030407437588305633,27.495032157629424,81.44777757882295,7.4466947276540845,91.30434782608695,91.30434782608695,5,0.125,0.07404723625685779,0.7441071428571429,0.08295203156533497,3.1616522448979576e-05,0.14611030995359112,0.007971959221330784,0.05951714327350989,0.05456123680705975,2.1645714285714286,2.581142857142857,0.6722259095493031,1.2551384670340444,0.8386096967013505,10.460205078125,9.924418131510418,61.163484918503535,15.667738095238095,8.556426066217366,6.089335123697916,6.105163574218749,2.16131655810248,2.602649266190219,34.027549743652344,0.025383347645401955,0.0695076435804367,2.102806454613095e-06,2.4987519522472983,0.013560873465969032,1.4395571044836875,1.6348702566964285e-06,-1.112189059517439e-08,2.498752277706179,0.0007775165138455085,0.009123676280991103,2700.0,-0.0029247460674770697,0.014447123601296422,9.723607722934041,0
157,0.9065783047335488,-0.029759380899724505,-0.08358109545991534,0.021236330314928678,0.017130650384734145,0.11488146353796747,0.9842000007629395,0.0997999906539917,0.3906000256538391,27.19606771341392,0.9877391389438084,2.5172534378511564,0.9184858987688275,0.009027082511153877,27.553257488422688,81.45886731827048,8.384827805236588,90.71274298056154,90.71274298056154,7,0.1794871794871795,0.08266668543478299,0.7459706959706961,0.0927394981973121,1.5968706372345557e-06,0.21309047889732685,0.0120808411841827,0.05931224510772255,0.05669348178622095,1.6271428571428572,2.560408163265306,0.585666083963176,1.2396970650100714,0.6355013550135502,15.293375651041666,16.5264892578125,77.8170415969122,17.504380952380952,8.180704666131588,9.069908989800346,9.000767299107142,3.4087429674079974,3.6887005355272957,34.03390884399414,0.02421192079782486,0.08001761138439178,7.251557849702381e-07,2.5104987349409607,0.019036233431611677,1.4659981892495915,1.6348702566964285e-06,-4.735837492730818e-08,2.510498613515619,0.0007782455782460085,0.01620398954302812,2716.0,-0.0029260059474939437,0.018131838786922042,6.937826630966507,0
158,0.8856570860942204,-0.0014051431275549388,-0.18404571442944662,0.03478450481595245,0.0633641611104387,0.15117555603477395,0.9842000007629395,0.2245999574661255,0.4642000198364258,26.568444868496485,1.5288622819525854,5.522557432310922,0.9198432969929674,0.015185848149215132,27.593989267037994,87.36587238940761,7.619254203683174,99.29078014184397,99.29078014184397,3,0.07142857142857142,0.039645642931907664,0.692517006802721,0.06665680893382885,8.825260408163265e-05,0.06582683243402732,0.0015929592233954108,0.019918507940895242,0.02419923858544917,1.4391836734693877,1.9934920634920634,0.5136786991049973,0.8502466258486087,0.7219410098620227,21.823221842447918,20.320332845052086,101.8511729649135,16.620396825396824,8.01792957941692,11.8987310500372,11.43649631076389,4.415769846456128,4.955521571726018,34.02812194824219,0.026619216427206993,0.06956105679273605,-1.812162853422619e-06,2.523718538252968,0.01971382136338011,1.551068795154595,3.3787318638392856e-06,1.059753626419107e-09,2.5237185261858492,0.00080566437584874,0.016874339682633934,2728.0,-0.0028601150945007084,0.018386708838625837,6.937826630966507,0
159,0.8711304480234782,0.012446599438076928,-0.22025356185436248,0.05832285192166714,0.0771981734792344,0.19076156081913864,1.2497999668121338,0.2793999910354614,0.5434000492095947,26.13254215504442,1.8335919928124973,7.721239709513528,0.922178181376896,0.05360312252147737,27.663971716216235,91.99083138084896,8.184153122701511,102.68948655256723,102.68948655256723,3,0.06818181818181818,0.037234107180668746,0.6583441558441557,0.06942511293682649,8.175112103290285e-05,0.039772402642309836,0.0017783277115175535,0.023233581923512832,0.04471260455423859,1.4598571428571427,1.3625,0.8254222048906429,0.3307565153537865,1.0714547837483617,22.626546223958332,26.5313720703125,141.34080934070406,16.186938775510203,8.372537019854072,15.467569986979166,16.349690755208332,5.3886315355891465,4.9452290677339175,34.01838684082031,0.027501562610268593,0.06956105679273605,-3.2624744233630953e-06,2.5389536773186117,0.01737042580104869,0.8497910658518247,2.089000883556548e-06,-2.8249807041075383e-08,2.5389534578440975,0.0007779979449860855,0.014253058506444583,2737.0,-0.002768793410786242,0.02033665853247595,6.937826630966507,0
160,0.877414152327038,0.010292390000252496,-0.18501874277421407,0.06923246801603926,0.10611657048843565,0.18619639976566935,1.2497999668121338,0.4010000228881836,0.5434000492095947,26.3211479984011,2.6279419862372535,6.68837399491242,0.9224048734597194,0.06391926968229228,27.67082237651607,99.91340382837578,8.166411830634576,113.82113821138212,113.82113821138212,1,0.02040816326530612,0.037174322752524254,0.6047521865889213,0.052339986613255084,8.23426612244901e-05,0.06786216439777214,0.0027111177224145976,0.3165079872569301,0.03995035741158296,1.4179220779220778,1.326,0.7919254766283085,0.3225414385653986,1.0693228340287162,22.626546223958332,26.5313720703125,148.1342419578916,15.446211180124223,8.709917229123885,15.494921135179924,15.05609130859375,5.655547891827375,4.611587841877004,33.998966217041016,0.028975842520594597,0.06607615947723389,-1.0157993861607143e-06,2.547257223910794,0.016579325281673513,0.8143717679335105,1.1444091796875e-06,2.256797688400303e-07,2.547256618932007,0.0007647469669737598,0.013425696400849597,2728.0,-0.002723287329277103,0.019190268761843796,8.474018151201223,0
161,0.8961064856847127,-0.01807720021690641,-0.11393257151331221,0.06852610821302822,0.09767930413114836,0.15404181064012273,1.2497999668121338,0.4010000228881836,0.5434000492095947,26.881917570488792,2.3443781350340163,4.556858572406428,0.9219378190061003,0.06565714720771891,27.656817026522454,94.74410403419624,15.348027556707033,113.82113821138212,113.82113821138212,8,0.17777777777777778,0.04659709674283209,0.6531111111111111,0.12377739102762036,1.98661224489796e-05,0.04086880718903263,0.007818328735457741,0.03809361902021098,0.1913030810832138,1.1332857142857142,1.370857142857143,0.2805352391557311,0.2332741227108798,0.8266986244268444,19.921875,26.5313720703125,126.8043228149414,15.974285714285715,8.48328881830628,12.137471516927082,13.492279052734375,6.134849473320593,5.181471667878424,33.986236572265625,0.02810690365731716,0.06452436000108719,-4.3451218377976193e-07,2.5521485772929156,0.013838272623408185,0.8620853207537377,-5.631219773065476e-07,1.228107052769776e-07,2.55214774117137,0.000731594960624432,0.00985162652323645,2719.0,-0.002809218557486846,0.019194556616216468,8.474018151201223,0
162,0.9093318285147349,-0.043053571630091894,-0.09627108588388988,0.04647407661665831,0.08815588824870921,0.05004611588759752,1.2179999351501465,0.4010000228881836,0.32260000705718994,27.278588284083774,2.3748477184346743,2.942315291762352,0.9210866805289756,0.04518127327952907,27.63122068563256,89.98698061812694,16.99873212522736,113.82113821138212,113.82113821138212,12,0.2857142857142857,0.06080757334090678,0.6920748299319728,0.13557070900827384,0.00021380407763431928,0.10482857438375155,0.013164295429970057,0.05806030688517258,0.1255792660289247,1.148095238095238,1.4875714285714285,0.29180803182510534,0.3643451212064446,0.7717916706680752,15.865580240885414,16.310323079427082,94.50387769426618,13.703877551020408,8.048533214706433,9.552058467158565,9.855865478515625,3.932688432388678,3.8520779247701586,33.98101806640625,0.025190256536006927,0.059476517140865326,7.251557849702381e-07,2.55183070099108,0.01088802189325182,0.7987251926217762,-6.357828776041666e-07,9.25050014217818e-08,2.551829990239416,0.0007324958374179351,0.005249059603602288,2712.0,-0.002885051128052682,0.01637341841325082,8.474018151201223,0
163,0.9088709714355923,-0.06344775248141515,-0.11778102894907906,0.031516886512745174,0.056225317987741344,0.05498404725609877,1.162600040435791,0.24140000343322754,0.32260000705718994,27.26482828591551,2.198289006991046,3.5698485819356782,0.9220399895266074,0.03105695539228735,27.65987398357137,79.58485010200123,11.474322615966384,98.82352941176471,98.82352941176471,14,0.3783783783783784,0.12262736911199228,0.7710810810810811,0.12094060728926144,0.00021754443915035382,0.45911201503216154,0.012486287461238855,0.3921450799174458,0.027196603557334848,1.434642857142857,1.7934920634920632,0.500539887093355,0.5474236136200221,0.799915921762988,16.885782877604164,13.971964518229166,89.77677031017484,14.076691729323308,8.741804731152532,9.019584655761719,8.98765281394676,3.1317032023723184,4.144512712033117,33.99201583862305,0.028429893776774406,0.06451819837093353,2.464657738095238e-06,2.5491233212818085,0.011199964899610794,0.7987251926217762,-1.1807396298363096e-06,-9.308922838207928e-08,2.549124438132008,0.0007285439559186979,0.005820111345668066,2716.0,-0.002960689703252598,0.014720331009634635,1.3689552762938182,0
164,0.9070383423793884,-0.08156905714670817,-0.13874567646072025,0.024848524941938694,0.036897064965532744,0.05568979873273929,1.162600040435791,0.24140000343322754,0.32260000705718994,27.209841128587723,2.4849399998784065,4.197875292003155,0.9236397850877033,0.024334585420538554,27.707867675910368,80.21977603917966,9.980438071564368,98.82352941176471,98.82352941176471,10,0.2631578947368421,0.11935291612681999,0.7607894736842106,0.10544096824258357,2.7227098042482206e-05,0.45271006146414877,0.015640369311428606,0.12185151963110634,0.03454831390502949,1.6125,1.8710714285714285,0.38452976185869153,0.478050756207125,0.8618056881084177,16.885782877604164,13.971964518229166,87.3601789202009,16.265714285714285,9.152243359056913,8.653500874837238,9.463768005371094,2.5197106864161163,3.7583349324654445,34.01078414916992,0.029668066650629044,0.064498670399189,1.812162853422619e-06,2.5433714313397187,0.012786057483861982,0.6618173948909973,-1.2715657552083333e-07,-4.672108190748565e-08,2.5433718913948127,0.0007328929962868312,0.008606530346671271,2726.0,-0.0029412443924731265,0.014111434208500499,1.970504381039377,0
165,0.9079004378545852,-0.07269761900107066,-0.12761555257297696,0.025664516524133298,0.04087156146039722,0.06380437730088039,1.1282000541687012,0.37300002574920654,0.3133999705314636,27.235713564242637,2.254197854229382,3.8673968643375805,0.9228340399642693,0.02512694398620157,27.68370834096653,81.70907076036505,9.474639827665268,98.82352941176471,98.82352941176471,7,0.1794871794871795,0.10181172995586411,0.7450915750915752,0.09524256118015963,2.6549833569346187e-05,0.30643548248156105,0.011644350172361435,0.13025000196949468,0.03799935333226988,1.6134693877551018,1.6669642857142857,0.3982182307064458,0.37076000096602457,0.967908791797383,16.885782877604164,15.555419921875,94.70723542712985,15.499411764705881,7.6437875984133345,10.323922293526786,10.384101867675781,3.49192045372019,4.717502783974441,34.02874755859375,0.028539646416902542,0.06645122915506363,1.739501953125e-06,2.5422916691176445,0.01287444263527225,0.9196022585031627,2.5431315104166666e-07,-8.643446737673986e-08,2.5422913591786784,0.0006766010939217545,0.008683479734389465,2723.0,-0.002913537930717957,0.013555974974309338,6.776908415335372,0
166,0.9106253619080498,-0.05924423828011467,-0.09317072387820198,0.0299120735949604,0.042542097336325004,0.07178421653002223,1.2130000591278076,0.37300002574920654,0.30699998140335083,27.31745542866843,1.859832572213241,2.9671662863663264,0.9211180116903821,0.02878120536836252,27.6322092865722,81.95292966653766,6.243210087426912,95.67198177676538,95.67198177676538,4,0.1,0.030538512285321513,0.7363928571428572,0.05624018054881462,0.00011068757617659302,0.03391032004720882,0.003913302120769759,0.006424413405724176,0.11540150949096882,1.58125,1.5816071428571428,0.2517909700565944,0.352362607107728,0.9997741899062889,16.3323974609375,15.555419921875,80.29550752185641,14.210476190476191,8.058063805297737,7.91528065999349,7.865142822265624,3.9119292168163917,4.1368884660690775,34.04270553588867,0.026435736566781998,0.08077985793352127,2.827962239583333e-06,2.5505191796984277,0.019661534059360993,1.0352583070894272,2.3251488095238097e-06,-4.370172973685625e-08,2.550519594490325,0.0006437929662440939,0.017166218675172477,2731.0,-0.0028946092143398677,0.012211538057889725,4.364348659563077,3
167,0.9110100572449821,-0.06514622870229539,-0.08918583827926999,0.02998407039886263,0.04682524164257093,0.06791413502386973,1.2130000591278076,0.37300002574920654,0.30699998140335083,27.32901143159185,2.0368421420029232,2.847617432645389,0.921413390296337,0.028962232587170067,27.64107990110295,85.04877939239555,5.748194927481711,95.67198177676538,95.67198177676538,3,0.07142857142857142,0.02804657294318935,0.7088095238095238,0.049500828655457234,2.983727446897137e-06,0.02898017130762353,0.004397477589096354,0.0157924199495938,0.1517409107909432,1.526530612244898,1.8582142857142858,0.17418675200225345,0.357016227550925,0.8215040773180308,15.474853515625,17.533060709635414,90.94357328869047,14.718991596638656,8.369132056078351,9.107200985863095,9.753761291503906,4.8676164905209305,3.690390864433655,34.053199768066406,0.025700325146317482,0.08077985793352127,4.3451218377976193e-07,2.5663131271383377,0.019170481859876957,1.0550017783277086,1.598539806547619e-06,5.97006295994345e-08,2.5663132171589726,0.0006060346781607066,0.016598968457545365,2718.0,-0.002850458920668956,0.011758942757441186,-2.691698969452663,3
168,0.9078176474627995,-0.08424741895993551,-0.12545601928517933,0.02187819794827116,0.03706577039548271,0.0640938865014196,1.2130000591278076,0.2337999939918518,0.30699998140335083,27.233230709603856,2.572999993605273,3.904849860242435,0.9233095533947027,0.020730248396765995,27.697972615559035,85.34021553175546,3.5720925985982914,94.17040358744394,94.17040358744394,0,0.0,0.01975585175199967,0.7042857142857143,0.029137254363387335,4.4357517700957945e-06,0.020161025554860195,0.0015501892899893732,0.010678650898516228,0.07689039854501206,1.5071428571428571,1.8491071428571428,0.1816301306864526,0.3424051615306889,0.8150651859005311,15.474853515625,17.533060709635414,82.68620765322731,14.792436974789915,8.264218374756785,8.866635277157737,8.63782246907552,3.8283337973338565,3.140014841789903,34.060367584228516,0.02503170631825924,0.0663721039891243,1.014346168154762e-06,2.578068374423809,0.012734870801962183,1.0202776190316385,9.627569289434523e-07,2.205814477247164e-08,2.5780678861304063,0.0006087075118013022,0.008203704289065408,2707.0,-0.002859574523143987,0.012204696889732292,-1.2570232772248384,3
169,0.9047388948145367,-0.09926139960402534,-0.163373438170978,0.011490669550370243,0.015435107808102247,0.020308609089778804,1.0313999652862549,0.2401999831199646,0.2825999855995178,27.14086213018213,2.977721988090447,4.900961716558252,0.9250663164796497,0.011454313557914514,27.750656946900083,86.87702213767218,7.287327248204139,101.94174757281554,101.94174757281554,3,0.07142857142857142,0.05374802484013741,0.695952380952381,0.06462940376911787,0.00013596511853394364,0.09117330509608124,0.0016672509443800135,0.047466212991655696,0.018286612979786277,1.6363265306122448,1.635892857142857,0.4665972955717833,0.5020790639725897,1.0002650989442825,25.257568359375,17.533060709635414,117.77306300571986,14.531428571428572,7.7211944320411305,9.492681594122022,7.791341145833333,4.131161502666898,6.842657137071205,34.06672286987305,0.024485304951667786,0.07372629642486572,5.086263020833333e-07,2.5821209521493675,0.010692183649870346,1.0202776190316385,6.539481026785714e-07,2.4380244334458542e-08,2.582120972264838,0.0006090996041937694,0.004431689430896835,2694.0,-0.0028690258029937564,0.012981018315110109,-1.2570232772248384,3
170,0.904784828157652,-0.07964317135583787,-0.16323392378716242,0.012585661481591076,0.031290007695297196,0.024166239977561114,1.0313999652862549,0.2401999831199646,0.2825999855995178,27.14222041615418,2.3904729968735148,4.896816713597094,0.9236821676834952,0.012516293281703943,27.70912022985653,89.57448473947811,8.296756326791957,101.94174757281554,101.94174757281554,3,0.06976744186046512,0.053317083287276607,0.676312292358804,0.0711057372627492,3.07775866722199e-05,0.08781104144792887,0.004018892961290396,0.04619265750751528,0.0457675127754129,2.024047619047619,1.6469642857142857,0.5566483865995255,0.6765622275179731,1.228956594022191,25.257568359375,26.7486572265625,115.12010563441686,13.946160714285714,8.220294707692284,12.030690511067709,10.665868123372395,6.953679691691541,7.526112148943656,34.07304000854492,0.02533826231956482,0.07332896441221237,2.685546875e-06,2.5870056210469703,0.014477830287621944,1.0350558269999472,1.816522507440476e-06,8.370566475263308e-08,2.587005599776907,0.0005874739970228361,0.01082108330802899,2689.0,-0.0029117810738086133,0.013397151309731955,-0.5007895223626697,3
171,0.9047237519423167,-0.07091386670441854,-0.16223383813528788,0.01981082433372474,0.035583627309945035,0.03356520988454163,1.0826001167297363,0.2401999831199646,0.3022000193595886,27.14042112972055,2.1572250007305827,4.866790286983762,0.9231966986860578,0.01915213300741668,27.694584769412966,91.0787965961577,11.530084205634527,104.4776119402985,104.4776119402985,6,0.13636363636363635,0.08597799963625752,0.6719805194805194,0.10610677224320388,7.658035818410568e-07,0.22418068162577312,0.012834542993549625,0.1896171212178156,0.05725088754513846,2.0189795918367346,1.70125,0.6267211702499634,0.7216793897442496,1.186762434584414,25.257568359375,26.7486572265625,134.91945858909972,15.452100840336135,9.219580735359369,13.181573776971726,11.792335510253906,7.227817417300223,5.748243294242296,34.08336639404297,0.026873450726270676,0.07177742570638657,1.743861607142857e-06,2.6053073945360397,0.026264367919676592,0.7762451335733997,3.2515752883184523e-06,-1.3057912836737772e-08,2.605307547571666,0.0005975380299729799,0.02446606111279366,2697.0,-0.0029306400390438996,0.013325932654630307,1.8382918160637334,3
172,0.9054257139989308,-0.0625979144629978,-0.1553637048914319,0.024090861778201616,0.03904023899806419,0.04176729204418999,1.1426000595092773,0.2635999917984009,0.31940001249313354,27.16149584855352,1.9172595755968775,4.665487719305924,0.9225749080258486,0.023593620138218505,27.675942664064912,92.88419646188719,10.40190876734411,104.4776119402985,104.4776119402985,6,0.13333333333333333,0.07402990420188992,0.6563174603174603,0.09411793098678144,0.00013925926597251198,0.1640853420781303,0.006371579489998436,0.21065693148984468,0.038830887691141645,1.9616071428571429,1.7664285714285715,0.8426868585552006,0.5025912446349156,1.110493327941771,23.8092041015625,16.875203450520832,126.81039247058685,15.283888888888889,8.686309109299694,12.398630777994793,10.612424214680988,4.800557885301677,6.595967569298885,34.095794677734375,0.027026643976569176,0.07022972404956818,7.978166852678571e-07,2.6315117726966966,0.03104560645943699,1.43460097553018,4.0145147414434525e-06,1.2521743746214452e-08,2.631511463640694,0.0006296056253665265,0.029522255168504447,2696.0,-0.002927854352778216,0.013406682208778109,1.3037790509911151,3
173,0.9048284756853467,-0.07721118121771585,-0.16015177153973353,0.023366848343341524,0.03563853298437651,0.04049508374298719,1.1426000595092773,0.2635999917984009,0.31940001249313354,27.143533984848432,2.354403007711683,4.809148290199893,0.9237184516799981,0.022911030344697807,27.710209185174936,89.80087758967608,10.772935910623502,104.4776119402985,104.4776119402985,7,0.16279069767441862,0.07646750232330478,0.6794352159468439,0.09611145816494365,2.7193032236568146e-05,0.18789339653480555,0.006136892772375737,0.08763433553912912,0.0326615670670413,1.7976785714285715,1.9444897959183673,0.9404286738297725,0.6160953073497982,0.9244988455079765,23.8092041015625,17.2161865234375,133.93390154157365,14.497478991596639,8.223073407282914,12.271105448404949,12.145225888206847,5.012935836715803,8.472938585820057,34.10899353027344,0.026896458119153976,0.06595079600811005,1.3049897693452382e-06,2.669454668767168,0.03382204765539455,1.585271691198791,5.5222284226190475e-06,-5.0086625172114335e-08,2.6694546083156463,0.0006417515168949796,0.03244271772167578,2699.0,-0.002923834943174209,0.013174378230631953,1.3037790509911151,3
174,0.9055974849859874,-0.08426260998987016,-0.1541772666516758,0.031587175132540724,0.035403648047320255,0.0436363637067019,1.3682000637054443,0.2635999917984009,0.31940001249313354,27.166631978154182,2.542394154923303,4.630275571899754,0.924220177090081,0.03082184667516905,27.725295138018097,90.60157705980689,7.305869069590946,102.1897810218978,102.1897810218978,4,0.09090909090909091,0.034834342523998627,0.6667207792207791,0.0559523547857626,1.283101640982932e-05,0.057472881660345344,0.0022679790829261714,0.051196151358649536,0.03946172555483698,1.9828571428571429,1.7408163265306125,0.9170786422938895,0.7672539565896943,1.1390386869871043,23.8092041015625,17.2161865234375,142.5601816086542,14.567563025210085,8.437837575155573,12.503226143973214,10.326436360677084,5.097299919580415,9.09206329207488,34.12371063232422,0.02852923423051834,0.06284275650978088,1.5229724702380952e-06,2.70601027999899,0.038698463351384355,1.6788579394603096,5.685715448288691e-06,4.395808288876179e-08,2.706010036760202,0.0006420184200399976,0.03755447529889943,2690.0,-0.002940294033152439,0.013308518254230371,1.3037790509911151,3
175,0.9061948468968982,-0.09134080032507579,-0.15139098097313017,0.027665479635371235,0.025487620771635962,0.03677800435691493,1.3682000637054443,0.2282000184059143,0.26099997758865356,27.184569406935147,2.74516000858375,4.542649857742446,0.9243965895884856,0.026646497034935268,27.730597106347595,87.96610295593507,5.657745600183784,101.20481927710843,101.20481927710843,3,0.06976744186046512,0.029675930242586784,0.6848837209302325,0.0438362493741985,3.736452744689708e-05,0.034550422065415386,0.0012119160962726536,0.01554716377931855,0.03507673781750322,2.3726190476190476,1.7477142857142858,1.0341431158824121,0.7640154929511493,1.357555446569669,26.796773274739582,31.1444091796875,138.4386081513904,13.57043956043956,6.876508400465231,12.086978488498263,12.890889485677082,10.50497884480792,8.45396965198662,34.13697052001953,0.027784481644630432,0.06632176041603088,2.687000093005952e-06,2.755193827033162,0.044769914111583244,0.9023353002608012,7.756551106770833e-06,3.4378742442060814e-08,2.7551939203135873,0.000616754747463877,0.04384947265291257,2686.0,-0.002949063059636669,0.013107200508205463,-2.977435311599516,3
176,0.9055996662605377,-0.09620998127971377,-0.15348245715243475,0.03170394913428279,0.033532634850904235,0.04022087448245909,1.3682000637054443,0.2282000184059143,0.31859999895095825,27.166721559252057,2.921402581802436,4.605312714534146,0.9250532315157343,0.030786300196246244,27.750288213915965,87.92860972419813,6.022965014885105,101.20481927710843,101.20481927710843,2,0.046511627906976744,0.02977809083667976,0.685548172757475,0.046603895193502706,1.49721615993337e-05,0.03535625544338889,0.000769382443072773,0.005819739621470992,0.021760857687677906,1.876734693877551,2.847857142857143,1.1492443237268968,2.20290975633543,0.6589988892471963,26.796773274739582,31.1444091796875,114.98370695568266,16.327714285714286,9.778887181239048,11.010800316220239,12.814246283637152,9.017267243980044,8.306196870272705,34.149070739746094,0.025768687948584557,0.06476485729217529,1.2366885230654762e-06,2.7954901157631817,0.03959727498574542,0.7848205243655643,4.432314918154762e-06,9.918143683114765e-09,2.7954900567663903,0.0006237290769620544,0.03854338947739895,2692.0,-0.0029604041595117495,0.013259540933948795,1.2984612515329852,3
177,0.9022090094430106,-0.10126046679417293,-0.17344613342909587,0.020091192318352127,0.030394770083468834,0.042051937105264156,1.1050000190734863,0.21359997987747192,0.43140000104904175,27.064981569051742,3.067862005531788,5.2039460030198095,0.9257593154334066,0.019593198227733567,27.77146241863468,86.52367909467596,5.260174560570251,97.4477958236659,97.4477958236659,3,0.07317073170731707,0.029962561673542144,0.6960975609756097,0.04375030329439795,4.983783690129117e-05,0.03811333274401599,0.0025039683912116686,0.005319246879887728,0.06569796475236887,1.1726190476190477,2.550612244897959,0.4116049693500442,2.140301313511661,0.45974022510268314,22.6568603515625,14.854939778645832,134.1195032755534,17.61695238095238,6.687216963133329,9.511905246310764,9.069170270647323,4.660216260082013,6.282068099796617,34.15280532836914,0.02512202598154545,0.07831437885761261,1.0172526041666667e-06,2.828941746647202,0.021081305109255204,0.7551614891269003,4.341488792782738e-06,1.4299536039367166e-08,2.8289418203713206,0.0006221244023810366,0.01897969872946062,2689.0,-0.0029695677158974574,0.014241680218464139,7.1069064044656605,3
178,0.8964823725677672,-0.101619866893405,-0.20657115242027102,0.018560237601379558,0.027127788241255654,0.03721441103389178,1.1050000190734863,0.21359997987747192,0.43140000104904175,26.893186462777003,3.0786182942560743,6.196877144064222,0.9267248416249436,0.018035029883814592,27.800426550426472,86.99520095290434,4.934626724838697,97.4477958236659,97.4477958236659,3,0.07142857142857142,0.027836363195972613,0.6920068027210884,0.04102673939475762,5.888213244481529e-07,0.03400398100118126,0.0025993559498390306,0.002988117465671459,0.07644269504058163,1.6601785714285715,1.829795918367347,0.9466283987157273,0.8414628483269689,0.907302587552978,22.931416829427086,38.30322265625,105.45965685163226,13.335378151260505,8.108654122339239,10.254809061686199,10.907185872395834,11.781967229916724,7.651381400202301,34.154117584228516,0.025178635492920876,0.07831437885761261,3.618512834821429e-07,2.846543719998871,0.01770466462420368,0.7198711875734237,1.3623918805803572e-06,5.381000090135983e-08,2.846543461669257,0.0006216371578045876,0.015062122829248575,2694.0,-0.0030220053172226174,0.01424210172709708,7.1069064044656605,3
179,0.8990349441255842,-0.08371685737087613,-0.17775311445906047,0.022679783045773796,0.04172622153541045,0.08102131685728901,1.2030000686645508,0.21660000085830688,0.43140000104904175,26.969771466680935,2.5979151465637345,5.346469144821167,0.9248156467995868,0.02011059445715945,27.743168386112355,88.54094007269009,5.22230915061794,98.59154929577466,98.59154929577466,3,0.06976744186046512,0.026799656235556888,0.6801328903654486,0.042334368562706504,2.6718350020824486e-05,0.045011618868896014,0.001505510237966643,0.00495632484934923,0.03344714710998725,1.8061224489795917,1.80625,0.9334717524933684,0.7016103697704216,0.9999293835181131,22.931416829427086,38.30322265625,121.70927981422062,15.218235294117648,9.525079230158411,11.9927251906622,11.941413879394531,10.759807660862199,7.744069793987926,34.155635833740234,0.02543158456683159,0.07831437885761261,-2.1071661086309525e-06,2.8597350960873142,0.01579585043112483,0.7523553337847532,1.9255138578869047e-06,2.2465531335880294e-08,2.859735290929226,0.0006130960209664921,0.012749106356368726,2696.0,-0.003016684612860697,0.014113144820793943,7.1069064044656605,3
180,0.9036697062424252,-0.06734910506010056,-0.14229161923272268,0.028490174343604926,0.04396493581678628,0.09044027335259915,1.2030000686645508,0.21660000085830688,0.3009999990463257,27.10880318726812,2.1280160044346537,4.28255171660866,0.9228526245265266,0.02586168789222884,27.68425596701497,90.33838875315386,3.8754250281057665,98.59154929577466,98.59154929577466,0,0.0,0.013631105974672935,0.6653650793650794,0.0278937985216922,2.9052854643898297e-06,0.005883183406103084,0.0006604859543733701,0.004607083634840483,0.11226676252999297,1.436326530612245,2.3432142857142857,0.5190818633330548,0.9492044870117636,0.6129727611209094,16.622111002604168,14.30572509765625,77.77168789818174,16.235210084033614,7.976623964926108,8.501833961123511,7.494328816731771,3.245794279673335,5.044457985666993,34.15682601928711,0.02536601759493351,0.056220076978206635,0.0,2.865376692034847,0.01095365816585063,0.7523553337847532,5.267915271577381e-07,-1.9970240552120702e-08,2.8653764062256313,0.0006119428199547053,0.005941336378941788,2689.0,-0.0029816237649862654,0.012550415996769992,-2.3571713441945152,3
181,0.9076741427069619,-0.06603186663275673,-0.12229879056839715,0.027324122653415103,0.04339057348831673,0.07212595086769351,1.2030000686645508,0.21660000085830688,0.3009999990463257,27.22893528120858,2.0884885659388135,3.6827534280930245,0.9221455910892293,0.02585656771510161,27.663040395036752,89.7527032991345,5.31987975007717,98.59154929577466,98.59154929577466,1,0.022727272727272728,0.018811381098990245,0.6709740259740259,0.041840509889771414,2.3352829654310464e-06,0.008599655884220282,0.0014451371677422398,0.0037161860528229333,0.16804592965097095,1.3382142857142858,1.9338095238095239,0.1563955444586917,0.8963807297674424,0.6920093573011574,16.622111002604168,14.30572509765625,84.14739626929872,15.663984962406014,8.433131614334815,8.472620646158854,8.091136791087964,3.8288144095652186,4.538981411821466,34.157623291015625,0.025231096893548965,0.0620388463139534,1.091366722470238e-06,2.865298349149715,0.010854845158688545,0.6679393736234815,-2.1798270089285714e-07,-6.902640595961112e-08,2.8652989514978233,0.0006103051931722456,0.0061172028368153665,2682.0,-0.002960439035083151,0.011735448876068252,-2.3571713441945152,3
182,0.9057211233774821,-0.07745382850794565,-0.14929510476191837,0.019522037277752487,0.029867839207495122,0.05411319982007553,1.1171998977661133,0.19859999418258667,0.2882000207901001,27.17033412984439,2.3447062824453626,4.4786872857383315,0.9232875608360827,0.018984028737377853,27.697309942536634,87.89726894853561,6.031560468283995,97.4477958236659,97.4477958236659,4,0.09302325581395349,0.02662502823059317,0.686046511627907,0.0501689950988318,1.5174999750104067e-05,0.02352556912781262,0.002273232709495988,0.0033914701061660197,0.09662817069996005,1.445892857142857,1.9439682539682541,0.26037790187670357,0.8950336083019017,0.7437841920470318,16.622111002604168,13.574422200520832,81.60480019705638,14.987819548872181,8.385526433684127,7.8632354736328125,8.228545012297454,3.653060613129094,4.086773057221475,34.15559387207031,0.025096561759710312,0.0620388463139534,1.8891834077380953e-06,2.8624796037486404,0.010392255482892084,0.5473327633998173,-5.631219773065476e-07,1.3934598191589173e-08,2.862479602219302,0.0006058179015081468,0.005527371993473639,2667.0,-0.002952583312624994,0.010848267390073833,-4.562267751991022,3
183,0.9037676469995862,-0.08921525710253489,-0.16984135243154708,0.020677790051425882,0.02094396504720343,0.0327165720139911,1.140199899673462,0.2770000100135803,0.28619998693466187,27.111740552868163,2.679988426523549,5.102389573327133,0.9247465847299013,0.019538568188499923,27.741079751709997,86.93668281869834,7.029806820076096,99.29078014184397,99.29078014184397,6,0.14285714285714285,0.039976349404333575,0.6948639455782314,0.058397002202676705,3.930522282382348e-05,0.07066842311274286,0.0054798224977290755,0.032228139992359246,0.07754273063354881,1.6727142857142858,1.4228571428571428,0.5819995266145771,0.34726661847691326,1.1756024096385542,29.4635009765625,18.381551106770832,99.06640130905879,15.27122448979592,8.79949061258407,10.621775309244791,8.571042661313657,4.817251519524551,7.750852029901507,34.15568161010742,0.02507094480097294,0.05930786579847336,3.618512834821429e-07,2.858123136278527,0.012041642340311286,0.6022163145979773,-1.9981747581845239e-07,7.429833636663703e-08,2.858122684168455,0.0006175722128020644,0.008183495327678621,2673.0,-0.002977427797802039,0.010996604130607582,0.2772755099956881,3
184,0.9038126473483585,-0.08489955273696355,-0.16675638118244354,0.02413697191531035,0.03798416050001717,0.03801157463742191,1.140199899673462,0.2770000100135803,0.28939998149871826,27.113083849038397,2.6624417196427075,5.009837864424501,0.9245546574621745,0.023704034686066737,27.735315480608957,86.82915239447506,8.83795457401158,99.29078014184397,99.29078014184397,8,0.19047619047619047,0.05814025026473649,0.6989115646258502,0.0784809680393504,0.0006827235745106214,0.1504370645877069,0.015186227168830658,0.19873541935901648,0.10094737763230469,1.8596103896103897,1.26375,0.9112972854411193,0.24042154465158286,1.4715017919765696,29.4635009765625,18.381551106770832,123.36802411760603,15.111360544217687,8.203371897640576,12.764781605113637,11.591936747233072,4.27094926580368,7.31170423658938,34.156211853027344,0.025021351873874664,0.057780563831329346,-3.7769135974702383e-06,2.8552070662360105,0.011866977634732422,0.7775238169856734,5.086263020833333e-07,-2.284763684260916e-08,2.855206547044806,0.0006223579896080052,0.007777409076696218,2668.0,-0.0029488254698064975,0.012269991964541453,-0.09702869243103801,3
185,0.9042853236595789,-0.08936114302703313,-0.15976757172175815,0.027668645024725966,0.04383964880669899,0.047671170308700876,1.140199899673462,0.2770000100135803,0.28939998149871826,27.127261424064635,2.7986821421555113,4.8050018667749,0.9249163188351978,0.027071198699381717,27.746172434316417,86.65788683599376,8.762793514383597,99.29078014184397,99.29078014184397,7,0.16666666666666666,0.06214596091411954,0.7001700680272108,0.07794069808497991,1.091811745106195e-06,0.11128466650181683,0.010354629660689074,0.041377363501076035,0.09304632871879095,2.103015873015873,1.759642857142857,0.9279263802128842,1.1247457195621904,1.1951379022619129,29.4635009765625,18.381551106770832,116.90382021949402,14.08203007518797,8.664803036899823,13.43681052879051,13.36737314860026,4.285682946520766,7.890421718334608,34.1571044921875,0.025056827813386917,0.06049352139234543,2.891903831845238e-07,2.850269757022824,0.011025207247348746,0.7192591169328842,-2.1798270089285714e-07,-1.148457430085842e-07,2.850269652645548,0.0006185135116561357,0.006465642957113723,2687.0,-0.002945847967898106,0.012961932671155233,-0.09702869243103801,3
186,0.9066474094731467,-0.07268560973803202,-0.13742799078850518,0.023965152884196095,0.05051154601451681,0.055227211276700196,1.0490000247955322,0.21299999952316284,0.31519997119903564,27.198156427059853,2.3025112862672126,4.130584438613483,0.9229092940605353,0.024359808191934944,27.685973552180048,84.54052146823926,8.66610426195717,99.0566037735849,99.0566037735849,6,0.15,0.05895478937247511,0.7178214285714286,0.07988511361668718,0.00010259622757184501,0.09356153196785183,0.005801257575985205,0.022535827895225874,0.062004730512306525,1.9007142857142858,1.8906349206349204,0.9041768158306838,1.1126068164187863,1.0053312064478215,18.20709228515625,18.143208821614582,86.42537289574032,15.29375939849624,9.56390158769215,9.045181274414062,9.408252857349536,5.382552646946148,5.549467266215505,34.15828323364258,0.025010958313941956,0.06049352139234543,-1.887730189732143e-06,2.8469118025920364,0.011628036639999536,0.7023791032545279,-1.9073486328125e-06,-7.525561564657428e-08,2.8469120777227417,0.000608548306738301,0.0074842524961814105,2689.0,-0.0029558180218724702,0.012670816038695904,-0.09702869243103801,3
187,0.9043944567271641,-0.08516132402987707,-0.15092895249809538,0.021249663935935765,0.04472474785323966,0.06233158563460941,1.0490000247955322,0.21299999952316284,0.31519997119903564,27.13054513037205,2.5649048623868396,4.535614575615951,0.9240539509215513,0.020559834956503823,27.720296726241248,82.42108011113773,8.259588726229554,93.54120267260579,93.54120267260579,9,0.23076923076923078,0.04516231616390967,0.7357875457875458,0.07835364337032018,0.00012008581491045411,0.03427646396297199,0.007872113576935633,0.005111039737838246,0.22966527660028416,1.3261904761904761,1.6211111111111112,0.4826326142759229,0.5083514674038924,0.8180750024478605,10.9002685546875,11.45751953125,66.34481491815475,17.10407142857143,8.112593375771539,6.984580711082176,6.928100585937499,2.8140925703141084,2.926350888472456,34.156959533691406,0.02518596686422825,0.058548878878355026,1.4517647879464285e-06,2.8396750670331734,0.012208075650541099,0.7513690223973406,-1.598539806547619e-06,6.654897741022718e-08,2.839674690584846,0.000605235262652963,0.00834412184856233,2694.0,-0.0029633990992058413,0.012129852194559147,-5.689764039258087,3
188,0.9023897422665641,-0.08519767660186404,-0.16408542865514755,0.01754755651632089,0.04503896531507674,0.06141754691294261,1.0490000247955322,0.2627999782562256,0.31519997119903564,27.07036626798766,2.5668804419466427,4.925650288420064,0.9242917726002129,0.016827900995710198,27.727415524054287,82.42241051678147,7.6529951620785175,92.71523178807948,92.71523178807948,8,0.2,0.04239062325352249,0.7347857142857144,0.07384453470719718,5.226404731361917e-05,0.041630037988717124,0.007188460690182376,0.02626951761014931,0.17267485300231158,1.1127142857142858,1.5664285714285715,0.13010270668096913,0.5049260402499053,0.7103511171910625,10.9002685546875,11.45751953125,61.65480920700799,15.38922077922078,8.28957009172469,6.865743001302083,6.842763264973958,2.6184370893235154,2.8177762295874307,34.15594482421875,0.025012647733092308,0.055441275238990784,5.086263020833333e-07,2.833293000945965,0.01146776359294545,0.7434804422292278,-1.4713832310267858e-06,5.754019629781729e-08,2.833292597711211,0.0006162050091435364,0.007035874907013103,2681.0,-0.0029831888062529016,0.012453777052604628,0.8839094558224307,3
189,0.8993577229408991,-0.10908309530644189,-0.18814051427159992,0.012904457765609204,0.03040173826196131,0.040521150428441365,0.9825999736785889,0.2627999782562256,0.27960002422332764,26.97946954531329,3.2754771468469075,5.653993856353419,0.9266762088807298,0.012010281075431947,27.798979217623664,84.24287553267907,8.025130023665985,97.67441860465115,97.67441860465115,8,0.1951219512195122,0.04175242874519336,0.7191986062717771,0.07368495268988563,2.431093710953754e-05,0.03130829417713931,0.008642891671685842,0.013377097833592965,0.2760575719259949,1.2380357142857144,1.5244642857142856,0.2874837506499369,0.28773343451315264,0.812111983132248,22.646993001302082,39.5062255859375,119.85682416643415,12.277936507936507,7.492442711347003,9.748509724934895,11.487820943196613,10.735080352256622,5.108634892451192,34.15652847290039,0.025356046855449677,0.05660894513130188,2.688453311011905e-06,2.8313091076996706,0.010990559466168462,0.7186410164828129,-5.267915271577381e-07,1.8776702628574214e-08,2.8313094682037994,0.0006013346382509197,0.006040609322254985,2689.0,-0.00298750465821382,0.012895233827940422,0.8839094558224307,3
190,0.9004754753510157,-0.10811617141394388,-0.18275232380912418,0.01250666997893597,0.0301093303395389,0.03786833115769567,0.9825999736785889,0.2627999782562256,0.27960002422332764,27.01297311765807,3.24650014434542,5.492345571049622,0.9264443424105645,0.011894518698340115,27.791998958777985,85.41737065122372,7.451119084250028,97.67441860465115,97.67441860465115,5,0.11904761904761904,0.04073124532156481,0.7082312925170068,0.06693832614195719,2.784392902957122e-05,0.05441630625233835,0.004689134841171996,0.013193734797282173,0.08617150196537819,1.98734693877551,2.0526190476190473,1.3415150541706309,1.2971802010217788,0.968200573350788,22.646993001302082,39.5062255859375,103.31178414481026,13.85657142857143,9.42470828217413,10.232456752232142,11.259833441840277,12.676655383173948,7.696899446726385,34.166015625,0.02731437236070633,0.05930272489786148,2.3251488095238097e-06,2.8280006511501683,0.012051785748241733,0.5543956153943029,-5.631219773065476e-07,-7.016422866353858e-08,2.828000405623708,0.0006056211465821399,0.0077956760544616085,2700.0,-0.002980533903379973,0.013077860121150432,0.8839094558224307,3
191,0.902129399293945,-0.11722452364932923,-0.17174161904198781,0.015601649075121474,0.023452666817387828,0.03814171231814886,1.0125999450683594,0.2378000020980835,0.2717999815940857,27.06256569308894,3.5165795666405133,5.162094570866653,0.9268789098378256,0.014762841106787992,27.80502369509989,85.4499773667131,7.803653628579443,97.67441860465115,97.67441860465115,6,0.14634146341463414,0.042932077346736,0.7084668989547038,0.06948032243710019,7.174435718450647e-05,0.051862585982120374,0.0056233620452264856,0.021223540361239704,0.10842810744464496,1.9735714285714285,2.106938775510204,1.4608535269529537,1.1362391108174679,0.93670089112747,21.7071533203125,39.5062255859375,106.77253090994698,17.580380952380953,8.275761369773363,8.315277099609375,10.626002720424108,11.996043315179305,6.384783565087545,34.177520751953125,0.028188200667500496,0.07863760739564896,3.647577194940476e-07,2.825316830615953,0.012603230567548702,0.5439594271995987,6.902785528273809e-07,-2.251704137562768e-08,2.825316738116572,0.0006008161279854337,0.008656841283229692,2702.0,-0.003008366789081472,0.01259005748047312,1.4372379062597738,3
192,0.9034001898254667,-0.11120783798183714,-0.15964249527454377,0.015912696558689387,0.027161247754616258,0.05475478656131127,1.0313999652862549,0.21679997444152832,0.2717999815940857,27.100709980470793,3.3393114249195373,4.817384571518216,0.9261490863558686,0.014890140620153026,27.78315630771424,87.893477599644,7.27474471995362,97.4477958236659,97.4477958236659,4,0.09302325581395349,0.037280618412685484,0.6879734219269104,0.06483759606960597,1.024639733444403e-08,0.04240228692538643,0.004309179081495196,0.019086539011809688,0.10162610071192343,1.262857142857143,1.554107142857143,0.2507286433730892,0.16080860327655078,0.8125933586119729,9.558614095052084,9.071756998697918,56.68096030099051,15.816842105263158,7.723592055399298,5.821216724537037,5.893987019856771,2.1466481101987633,2.270547211678509,34.18647384643555,0.025830423459410667,0.07863760739564896,-9.445917038690477e-07,2.821049423003434,0.01050447839046939,0.5439594271995987,7.266090029761905e-08,-1.694102243672566e-08,2.8210498969246824,0.0006173761184686137,0.005335265702772664,2699.0,-0.003000088200320074,0.012694711601049596,-4.906690492453773,3
193,0.9054673617113205,-0.09706350466183254,-0.14069354298568906,0.019020681260922916,0.04154526173908951,0.06581514943620685,1.041599988937378,0.21679997444152832,0.3109999895095825,27.16272985134806,2.92200171066182,4.25725229114294,0.9247667824508712,0.01769087784523152,27.741681519014506,88.73755836703332,6.345215575695558,97.4477958236659,97.4477958236659,3,0.06976744186046512,0.027582370674248832,0.6799335548172758,0.05317534952130603,3.764448546438982e-05,0.02567283314043624,0.001731963856333197,0.005653135926992758,0.06746290317313093,1.2428571428571429,1.7030357142857142,0.27675230213079327,0.27210951942411804,0.7297892418999686,12.479146321614582,13.031819661458332,82.53715776715961,14.58406015037594,7.9839133141172,7.209574381510417,7.635523478190104,2.6630949534382986,3.036428707048673,34.18645477294922,0.025979019701480865,0.07863760739564896,-1.4677501860119048e-07,2.822571360243541,0.010557244440159867,0.6689222137509349,-1.9981747581845239e-07,3.100473647017557e-08,2.8225714206017005,0.0006109152443954934,0.00535721866392601,2697.0,-0.0030065946741096405,0.012489072338026642,-6.147658475136582,3
194,0.9051361142113096,-0.08912168570359548,-0.1437425811602956,0.018553045759470328,0.042915043886359805,0.06646464746859876,1.041599988937378,0.33340001106262207,0.3109999895095825,27.152791140590395,2.683756999075413,4.34871115062918,0.9242294811624303,0.01671292203341134,27.72556029619416,88.47283721346547,7.6194569700566275,100.71942446043165,100.71942446043165,4,0.09302325581395349,0.031450209001825456,0.6835880398671096,0.0631752537064592,2.7981940857975376e-07,0.032331823382164115,0.003050998347019215,0.0046848039097419965,0.09436518042784749,1.5307142857142857,1.61,0.5754913605975758,0.3586603475406212,0.9507542147293699,35.50882975260417,23.003743489583336,109.70243239629836,14.373809523809523,8.255931791782613,11.410675048828125,11.825027465820312,5.996559463096174,9.671763414341777,34.1810188293457,0.026175621896982193,0.05735061317682266,-5.812872023809524e-07,2.823958790397072,0.01036349161177346,0.6520376687321654,-7.084437779017857e-07,2.986265391608003e-08,2.823958520837927,0.0006014188936914295,0.0051635519017520495,2695.0,-0.0030069913837343313,0.012431692896885662,-4.408872740484647,3
195,0.9043165045238677,-0.08655161949566433,-0.15623388584171022,0.022409424357567945,0.042502965097077496,0.053756815432460185,1.081399917602539,0.33340001106262207,0.32819998264312744,27.12819427856377,2.607975725744452,4.700760291814804,0.9243590770433574,0.02115009484286539,27.729453292980438,87.34925707683425,7.728369061823718,100.71942446043165,100.71942446043165,3,0.07142857142857142,0.03137864263378954,0.6924829931972789,0.06348714853830446,9.072368113286076e-05,0.03621502260756004,0.0028071882107776826,0.008905532749245692,0.07751446799295025,2.524489795918367,1.305952380952381,2.0453446292075665,0.36297562432603553,1.9330642010678472,35.50882975260417,23.003743489583336,105.48598814464752,14.474285714285715,8.577497073996689,11.647527785528274,11.665869818793404,7.244992538413885,10.303981414465287,34.17704772949219,0.025712875649333,0.0561923086643219,1.0884602864583333e-06,2.822651501400324,0.010815259951915786,0.6520376687321654,-7.266090029761905e-08,1.7362688853161548e-09,2.8226508989105272,0.000597096427362767,0.006019640632240893,2699.0,-0.0030316440532686686,0.012386825549639333,-3.297112209904711,3
196,0.9026247799055916,-0.10499145776317233,-0.16675757164898372,0.02069934607352238,0.03875040189282549,0.04620988164394147,1.081399917602539,0.33340001106262207,0.32819998264312744,27.077441111462456,3.1540920170290128,5.008137863278389,0.9258758896006426,0.019545690000930573,27.774957015501172,85.00472040593026,9.247450501375095,100.71942446043165,100.71942446043165,5,0.12195121951219512,0.04304541977104307,0.7148083623693379,0.08310293718034338,6.704928946272381e-06,0.04782377198377485,0.01124797371079471,0.010208159438496393,0.2351962892975235,2.2910204081632655,1.3239285714285713,2.0853011492265168,0.36075512498657814,1.7304713091063242,12.223002115885416,23.003743489583336,84.9052510579427,15.311596638655462,9.157567261397729,6.531837100074405,8.847160339355469,7.09116504569557,3.632842485461156,34.17440414428711,0.025485550984740257,0.06277182698249817,-3.3394949776785715e-06,2.8196975768313486,0.010683231767968145,0.5897347088287668,-4.3596540178571427e-07,-4.657473985297766e-09,2.8196974890642927,0.0006027593902814673,0.0059155183170482946,2699.0,-0.0030172230044942057,0.012301594084819132,-3.297112209904711,3
197,0.9045779702152524,-0.10925333400567373,-0.14200074313084285,0.02291082687528966,0.0329645917415587,0.0730228540281412,1.1133999824523926,0.25779998302459717,0.32819998264312744,27.13604924934251,3.282036589341504,4.27070657823767,0.9256533645607181,0.021715488123640884,27.76828808233201,82.95202936549681,10.098138711551625,98.36065573770492,98.36065573770492,9,0.225,0.0558095363112414,0.7351785714285715,0.09835415365309351,1.066222407329435e-09,0.09424717633506151,0.0181205429561781,0.010974719425552395,0.19226616287958706,1.6189795918367347,1.4269642857142857,0.5725843995667701,0.38248812006361177,1.1345620966444392,12.223002115885416,11.219584147135418,62.31322217668806,16.15714285714286,7.468131942988633,7.182660784040179,6.5589141845703125,2.7178479208869533,3.6155681098752823,34.174903869628906,0.025389811024069786,0.07326529920101166,-3.1229654947916666e-06,2.814265797407387,0.0112026286631244,0.5994260790258873,-8.35600353422619e-07,-7.115251889216007e-08,2.8142661782229967,0.0006094929441150785,0.006737076647957937,2698.0,-0.0029966812929388036,0.012290217399244139,0.13404875918946568,3
198,0.9057619609208334,-0.10851424803336461,-0.13361158129714784,0.024684059811736016,0.032311936878026054,0.07353875671897278,1.1491999626159668,0.25779998302459717,0.3126000165939331,27.171576827679363,3.256221440902778,4.023417866953782,0.9254973700051445,0.023410627096597348,27.7636103508274,83.94886777450479,10.1392703553611,95.02262443438914,95.02262443438914,7,0.175,0.044580725995639336,0.7267142857142858,0.09990975519774567,0.0005598149144523118,0.05819574026116951,0.007241575476186034,0.008891837648534733,0.12443480302316728,2.326964285714286,1.5573809523809525,1.4649295513987097,0.3176887372678611,1.4941522702950618,22.46307373046875,19.1754150390625,102.4100852603004,13.530892857142858,8.190122533330584,10.116221110026041,8.444908989800346,5.649997962055785,7.151565709792963,34.17386245727539,0.025173669680953026,0.07326529920101166,6.554013206845238e-07,2.8156125757230033,0.012797160218358035,0.5665571418440138,9.80922154017857e-07,9.293291014521365e-09,2.8156122980355733,0.0005990150892999233,0.009184165472267304,2697.0,-0.002944078032649487,0.012907739157908254,0.39124350490335125,3
199,0.9058882660184587,-0.10950227658521561,-0.13723828587077913,0.023769823767080905,0.028195993157262737,0.06610662982356671,1.1491999626159668,0.2354000210762024,0.3126000165939331,27.175337694883346,3.2858412974647115,4.132217147180012,0.9255623826636088,0.02286978471172455,27.765532613135875,86.94657399962259,8.309291727691306,96.55172413793103,96.55172413793103,6,0.14285714285714285,0.04243227262449706,0.697687074829932,0.08042522581033021,4.6726557267806e-06,0.07830992249729789,0.004103502672219856,0.008715734741375452,0.052400801090838126,3.046326530612245,1.661142857142857,1.352844720573715,0.42753436429491987,1.833873900437368,22.46307373046875,19.1754150390625,118.16778128487724,14.623163265306124,8.01924124099133,13.933773949032737,12.828389485677084,4.097584059622518,6.828759077079972,34.176002502441406,0.025271516293287277,0.07171376049518585,1.7409551711309524e-06,2.8266779406116913,0.021258564531976307,0.6636702841058905,1.6167050316220238e-06,1.4926899865131688e-08,2.8266785078372356,0.0005994686624817659,0.019259570821270187,2697.0,-0.0029619386846534094,0.013019672781566296,0.39124350490335125,3
200,0.9015539331776755,-0.12321278121925536,-0.16717256205138706,0.03174566685094643,0.04983948689651738,0.041573743276328415,1.3447999954223633,0.27539998292922974,0.37040001153945923,27.045260566728455,3.7533381489770754,5.024882719218731,0.9274596578849842,0.03108488910289034,27.822414919890512,89.30476159438082,5.906633033592242,96.55172413793103,96.55172413793103,3,0.06818181818181818,0.024391989472998667,0.675,0.047636630952811114,2.0830147438567315e-06,0.01687962357252304,0.0017124610562175993,0.008142971957187465,0.1014513770914403,2.468095238095238,1.262857142857143,1.5261884703946407,0.4928822827069502,1.9543740573152337,22.46307373046875,15.019327799479168,127.02814992268881,16.49015873015873,8.01949858601999,12.55420826099537,8.634861537388392,4.858306482686923,6.951908153199139,34.17999267578125,0.0260151419788599,0.0662744864821434,4.140218098958333e-06,2.8455616093767206,0.021806411959357754,0.7083550101284042,3.1062534877232143e-06,-4.4017311628368804e-08,2.845561725036298,0.0006104377917382476,0.019803126664020284,2696.0,-0.0029820902257537587,0.01420809033657439,4.87244165315501,3
201,0.8995720093079975,-0.13795519074655715,-0.1775834380615325,0.02737564665614587,0.04277011433206858,0.03000926589367056,1.3447999954223633,0.27539998292922974,0.37040001153945923,26.985875422103064,4.194696862825325,5.327285998974528,0.9287331242503841,0.027043681841034162,27.86068076632274,88.58861275569113,5.50592911631048,96.55172413793103,96.55172413793103,3,0.06818181818181818,0.024828792019481204,0.6800649350649351,0.04480006558256047,2.4731337942523928e-05,0.015115188399574278,0.0018282470642320902,0.008240479921919307,0.12095430211664336,1.5276785714285714,1.2865079365079364,0.7410337985282618,0.5178628291362081,1.1874614435533624,13.940938313802084,14.519755045572916,100.35182102748325,14.873157894736844,7.495810768138393,7.921714782714844,8.045914261429397,3.8129203957263242,3.4900628482735594,34.17999267578125,0.02614818699657917,0.06318609416484833,-1.0172526041666667e-06,2.862273256617849,0.014431543655866996,0.5953623253617155,2.0708356584821427e-06,-3.0998713446586206e-08,2.862273696091983,0.0006436614653738379,0.011117696533225113,2690.0,-0.0030120069268464895,0.01373399029587738,4.87244165315501,3
202,0.8999866857755752,-0.12684104789438702,-0.168382304923875,0.041363228713569726,0.07558814431604073,0.04460331169540023,1.3447999954223633,0.303600013256073,0.37040001153945923,26.998291573269025,4.223072577970369,5.081502862359796,0.9285223720681346,0.04095645064751353,27.854338060112017,89.55238761381307,4.779619385269201,96.3302752293578,96.3302752293578,2,0.045454545454545456,0.020523523031559597,0.672077922077922,0.03907375470348908,1.5968706372344719e-06,0.008162728352833075,0.001727471952868507,0.002353645642563434,0.2116292345155582,1.549206349206349,1.6133333333333333,0.9026429098631016,0.9835167590943742,0.9602518693427784,13.940938313802084,15.28533935546875,96.48161846342542,13.109142857142857,8.943214876459729,9.733061613859952,10.122160734953702,3.118633006312458,2.780294761674878,34.17840576171875,0.026297034695744514,0.06318609416484833,2.399262927827381e-06,2.8682216849362736,0.011782318611814665,0.8301958302133987,2.5431315104166665e-06,1.199281983212563e-08,2.868221398227711,0.0006542449723437139,0.007392690676021517,2675.0,-0.0029744481161704354,0.014358693622941267,4.87244165315501,3
203,0.9034817712477275,-0.09013709571815673,-0.15154926675841923,0.044812751738611274,0.08752346397840223,0.05322767036842109,1.2762000560760498,0.303600013256073,0.3402000069618225,27.10305913737842,3.476787869291646,4.5918504311782975,0.9262029397132961,0.044955823659590624,27.784678656377576,90.4469936686603,3.2285846822315256,97.22222222222223,97.22222222222223,0,0.0,0.013971630351354606,0.6642207792207793,0.023807270652932477,1.467046330695541e-05,0.006121572247754531,0.0005700211575523804,0.0025561481635484576,0.09311679001443972,1.6573469387755102,1.6836507936507938,0.8146688781899135,0.9205738896026711,0.9843768939649018,12.462158203124998,15.28533935546875,85.53938656761534,15.675634920634922,8.399910571711391,9.080883207775297,9.222864221643519,3.214071435047943,2.021540532638006,34.17342758178711,0.025375958532094955,0.06202651187777519,-1.743861607142857e-06,2.874887151369838,0.01286338134946704,0.9795962676293226,9.99087379092262e-07,4.40024186663145e-08,2.8748869643522252,0.0006563167039955588,0.009076075167723331,2684.0,-0.002921071054140651,0.013946857495733208,0.37365388750183387,3
204,0.9042466190031596,-0.06070215290784836,-0.09601294314577466,0.0840873048807047,0.09908915079831832,0.11541859779704565,2.061800003051758,0.3325999975204468,0.6344000101089478,27.126094141517367,3.0007754407184466,4.00255272341626,0.9241412409513678,0.08209103931697868,27.722909474164357,88.92302235839954,5.0022290564745715,97.22222222222223,97.22222222222223,4,0.09302325581395349,0.024967422895150145,0.6769767441860465,0.039879040296759434,3.2370618908788017e-06,0.014401218056112568,0.0021447168359306004,0.009863749026234016,0.14892607191794305,1.395892857142857,1.8404761904761904,0.3337414964903104,0.8670271359200753,0.7584411384217334,19.573872884114586,29.865926106770836,95.93423156738281,15.760601503759398,8.06570042687611,10.475209554036459,10.34939236111111,7.274945905385669,4.304465332659354,34.16472625732422,0.029089966788887978,0.07445316016674042,-2.9049827938988094e-06,2.879654968938886,0.014765278035314893,1.0029469419242802,-1.6348702566964286e-07,-5.457140933799983e-08,2.8796551008193134,0.0006404191452007498,0.011658662536704277,2702.0,-0.002925537307003238,0.021116374058101718,15.256511116237565,0
205,0.9073209810313725,-0.04348664804867336,-0.04252732390165329,0.08009818065845756,0.08236412951273422,0.12340908079293833,2.061800003051758,0.3325999975204468,0.6344000101089478,27.218327716674125,2.1843802918706623,3.2717602954592024,0.9215766196731614,0.07782626886604482,27.645993191768937,89.15266686759165,5.853690402020919,100.47846889952152,100.47846889952152,5,0.11627906976744186,0.027201869254926205,0.6759468438538206,0.04501851144069344,4.437191170345781e-07,0.022428827856300092,0.0013712418461263652,0.00967102011103841,0.06113747249351657,1.46625,1.6064285714285713,0.3339237490102512,0.4432883845046413,0.9127389951089374,19.573872884114586,29.865926106770836,98.66688305082775,14.792030075187968,8.27586409980559,10.611368815104168,10.803337097167969,7.458394707793021,4.240303624617184,34.14194107055664,0.03780912607908249,0.08611880242824554,-5.7373046875e-06,2.884339175958371,0.012413022812134836,1.0151532404541792,-1.071748279389881e-06,2.90979887584177e-08,2.884338764617543,0.0006346602614294216,0.00848774774025506,2705.0,-0.0029516939855542593,0.023823384895525025,14.192430394968273,0
206,0.9087183236281077,-0.03066559086527143,0.03039442841779618,0.0746060365912217,0.06670684342229043,0.10614928766616476,2.061800003051758,0.3325999975204468,0.6344000101089478,27.260223708833966,1.4345065756355013,2.724498718891825,0.9185542381412635,0.0719363465809375,27.55529152123481,87.00171556922075,6.195964577016808,100.47846889952152,100.47846889952152,8,0.19047619047619047,0.03487373227213217,0.6931292517006802,0.04919392823157214,2.920409829237817e-05,0.026353261196889688,0.0021306763011030285,0.008879863070664493,0.08085057424902307,1.5355102040816326,2.0383673469387755,0.517400673456231,0.5010300925952095,0.7533039647577092,19.573872884114586,29.865926106770836,114.56324404761904,13.396517857142857,7.6746515903228065,12.674880254836308,12.68221900576637,7.5377735874384975,3.602868986472786,34.119293212890625,0.032879263162612915,0.08070085942745209,-1.887730189732143e-06,2.8786967807789936,0.014448389142409012,0.9952343218481235,-2.361479259672619e-07,-2.7162145967696392e-08,2.878696579558744,0.0006359080256008212,0.011216824638866198,2717.0,-0.002974740199080922,0.022973871109765745,14.192430394968273,0
207,0.9114332950115204,-0.0185020482086,0.0481369999561991,0.021402833336290908,0.03636035934755128,0.0682187474831618,1.0606000423431396,0.281000018119812,0.29040002822875977,27.341685421807426,0.725025862285069,2.1577651437265533,0.916186550066611,0.020157078165510413,27.484273869571158,86.32240103584179,7.977922201364354,100.47846889952152,100.47846889952152,7,0.16666666666666666,0.040309899577921075,0.7011904761904761,0.06661094610189507,0.00014675591836734686,0.04565765566613938,0.0039015090451821697,0.00905641450361212,0.08545136600334927,1.9030952380952382,2.915714285714286,0.6194069012346022,1.2003284697840628,0.6527029234035603,24.066975911458336,12.850443522135416,123.95762627011254,12.632755102040814,8.273748440392287,14.015638563368057,11.147884792751734,2.5863491184436675,4.860544475741638,34.11262130737305,0.02735733985900879,0.07335668802261353,-1.6682942708333334e-06,2.8744754743124212,0.012168534290992662,0.8971350075127631,-4.904610770089285e-07,-2.981173600142018e-08,2.874475501568336,0.0006246726849674371,0.008029314785016565,2699.0,-0.002964968499918903,0.016961360487255328,9.298473909503942,0
208,0.9118749046552749,-0.00790186710017068,0.06085989496821449,0.013427653624854995,0.014018270245480637,0.036957001542284866,1.0181999206542969,0.07859998941421509,0.29040002822875977,27.354949425373757,0.3700535808290754,1.86761456319264,0.9148056862416245,0.012465882432016424,27.442868935513268,83.89789437174824,6.5265330818815634,97.4477958236659,97.4477958236659,6,0.14634146341463414,0.03919795392411109,0.719581881533101,0.05718573644020827,0.00010003265572678048,0.03790132184361344,0.005236851623104823,0.01801179412010317,0.13817068556903797,2.6992857142857143,3.4971428571428573,1.6961915623910322,1.1098593402328245,0.7718545751633986,24.066975911458336,28.100280761718754,113.95595884777248,11.697285714285714,8.035896237940033,16.860453287760418,16.216506958007812,6.868996942824383,4.172856639807689,34.123023986816406,0.0288852471858263,0.07451783865690231,3.338041759672619e-06,2.872177174157071,0.010845219738737567,0.6580587321226565,7.266090029761905e-08,-1.4832444288934226e-10,2.8721777396479484,0.0006117235084970867,0.00589659184988342,2687.0,-0.002932178923631985,0.011357330510311096,11.746545288233376,0
209,0.9130984098116557,-0.008275390837873731,0.04118512368769873,0.011210901622931419,0.013318188632663354,0.03569669458851347,0.9922000169754028,0.07859998941421509,0.2361999750137329,27.391648437210492,0.351798862857478,1.4060054250274385,0.9148634457776676,0.010751304817435138,27.44459659323106,84.6468791554097,7.37252585405683,97.4477958236659,97.4477958236659,5,0.12195121951219512,0.03798294461508551,0.7144947735191637,0.06537068249587183,8.911359999999997e-05,0.042783931849302806,0.00491638294294286,0.01221759173255181,0.11491190104405927,3.6878571428571427,2.7523809523809524,1.5223509946856566,0.3061775158332402,1.3398788927335639,28.174336751302086,28.100280761718754,159.9133143107096,15.526984126984127,8.820910644636134,20.51884969075521,18.796895345052082,6.85201083719346,5.788270159647451,34.13543701171875,0.026047391816973686,0.07800652831792831,1.7409551711309524e-06,2.8778265262863694,0.013997436441845496,0.6787154068639639,2.6157924107142857e-06,6.168318363884258e-09,2.8778256788968575,0.000594197854652852,0.010653949048660714,2669.0,-0.0028748892584356104,0.012003650422647939,11.719006557548457,0
210,0.9137709146510987,-0.007747257286594028,0.031017352189336503,0.008167521170259906,0.010035113146409024,0.027032437240926643,0.9656000137329102,0.07260000705718994,0.13260000944137573,27.411820439526014,0.2904742864200047,1.0655834216730935,0.9147849862954694,0.00812243831112075,27.442240849421847,82.60684747662867,8.410227736314491,94.17040358744394,94.17040358744394,5,0.1282051282051282,0.03318486448570311,0.734798534798535,0.08357369032316357,2.6448979591836865e-05,0.027592403297841354,0.004155721480884335,0.003119492591854098,0.1506110734909942,4.086666666666666,2.39,1.7255937884978882,0.8397545802804774,1.7099023709902368,28.174336751302086,35.40354410807292,128.8451204572405,15.577619047619049,7.932008635757555,18.963453504774307,16.405741373697918,12.162779708860347,6.540474979635302,34.14045715332031,0.025340797379612923,0.059734638780355453,3.7013462611607144e-06,2.8906133639109166,0.021050510672008665,0.7640492409082005,2.9427664620535716e-06,2.195454058681207e-08,2.890613287368047,0.0005879738574266413,0.018927561062160956,2670.0,-0.0028328772732362445,0.010342584586141582,-8.984738510346807,0
211,0.9140456286214647,-0.008105724050885155,0.021175447302205223,0.008607964657213134,0.008145779450176716,0.030176179655174957,0.9656000137329102,0.07260000705718994,0.13260000944137573,27.42006814428738,0.2781138557621411,0.9002475636346,0.9148619649471752,0.008494187589868675,27.444556849403607,83.45301774374067,8.616324202795585,94.17040358744394,94.17040358744394,4,0.1,0.030006104385046396,0.7277142857142858,0.08511384932511733,2.4361476051644837e-06,0.013833992437907278,0.0043054808531773825,0.0046463035924501385,0.3112247510978609,2.8435714285714284,3.0828571428571427,1.7313615321769285,1.7666483890724394,0.9223818350324374,28.174336751302086,35.40354410807292,139.7796630132766,14.997272727272728,9.491337705972269,12.51787821451823,12.249165852864584,12.701748823206906,9.84359704913432,34.14229202270508,0.025318462401628494,0.059734638780355453,-1.1611211867559523e-06,2.9266502555112237,0.05624204160748704,1.2300877645715644,8.955455961681548e-06,2.2219231315494242e-08,2.926649913312775,0.0005883623098976237,0.05546055893629879,2683.0,-0.002907037996098028,0.010531661382815371,-8.984738510346807,2
212,0.9139471618561518,-0.006899771738620031,0.02493798054116113,0.008306259529244948,0.006976712935541326,0.02646813265375308,0.964400053024292,0.03939998149871826,0.1175999641418457,27.41710414145674,0.24426599843161448,0.8921785604953766,0.9147243283046534,0.008158315571298055,27.440418886635747,84.41032066315412,7.492366611345733,93.54120267260579,93.54120267260579,1,0.025,0.024175574424284377,0.7172857142857143,0.07331286046938887,0.00012757010978758842,0.00947490344223117,0.0023675382393116627,0.005173638989002719,0.24987465611091758,1.8535714285714286,3.0417142857142854,0.5973841788521497,1.767318827131849,0.609383806124366,18.910420735677082,27.51129150390625,95.55877242315384,16.31012987012987,8.368966005749886,10.66480000813802,9.740254720052084,9.530650457345603,6.654330203465103,34.13996505737305,0.025500504299998283,0.05934077501296997,-2.906436011904762e-07,2.988558572551465,0.0747178378495606,1.2300877645715644,8.301507859002975e-06,6.633652994089741e-08,2.9885577820637828,0.0005806554831354078,0.07414398689316322,2683.0,-0.002981059216674206,0.010027207165401205,1.0512930481501146,7
213,0.9124614570878801,-0.003437381190913064,0.004881761454400562,0.013640096548345523,0.036506302589357865,0.05748343417375168,1.024399995803833,0.23339998722076416,0.23559999465942383,27.3725422840459,0.5248145650965826,1.287346418585096,0.9150292932733333,0.012886344477502792,27.449572527512355,84.99759976244631,5.3495203128573365,93.54120267260579,93.54120267260579,0,0.0,0.020225212815925504,0.7088095238095238,0.04632869075048105,0.00013031387321949187,0.011952411649539347,0.000573290866711008,0.0029004218919859806,0.0479644513191698,2.161190476190476,1.966190476190476,0.5827797664948807,0.8701581944949504,1.0991765560668443,18.910420735677082,27.51129150390625,95.37390529087611,16.621836734693876,8.30464181257398,9.678497314453125,9.61941189236111,8.718111005444882,5.690273433383814,34.13828659057617,0.025435464456677437,0.07645274698734283,-1.598539806547619e-06,3.057574004276861,0.06712471781469864,1.3268703793121963,9.082612537202381e-06,2.9756262983136328e-08,3.057573825559093,0.0005876114772481704,0.06650917766522507,2689.0,-0.0030333355184816346,0.01685561709782088,16.0106325748774,4
214,0.9115342382533209,-0.005642543151265099,-0.003893961611248198,0.01590578879474902,0.04863442119073451,0.06943598254278903,1.024399995803833,0.23339998722076416,0.30260002613067627,27.344719861830985,0.8984612739511899,1.5734868662697927,0.9155115581112471,0.014829444239286284,27.46403707592303,83.52966785035471,7.1566463843314185,95.02262443438914,95.02262443438914,3,0.075,0.039886022858468206,0.7239642857142858,0.06651644533496961,0.00024279999600166613,0.026884074648460873,0.005789402637363333,0.014448656393804965,0.21534691868945466,2.027142857142857,1.559047619047619,0.7333691571778216,0.7302113507608912,1.30024434941967,19.29443359375,14.366455078125,114.47046465192523,15.128666666666668,7.5475472876264185,9.030645461309524,7.375098334418404,4.6963097118971096,5.648598461802249,34.127769470214844,0.027706539258360863,0.07411643117666245,7.266090029761905e-08,3.1046213135765393,0.02795094399928704,1.022150003509801,2.2706531343005952e-06,2.0603605493872837e-08,3.104621166641256,0.0006113583224862375,0.026441124164956684,2693.0,-0.0029920384824959974,0.019539020719573506,16.0106325748774,0
215,0.9125463714826675,-0.022876362167653583,-0.012949828269935789,0.015636976275352495,0.05377263779067121,0.06471046454606641,1.024399995803833,0.23339998722076416,0.30260002613067627,27.375084287353925,1.396679423366274,1.327273721056325,0.9168145429961826,0.01436856565214862,27.503128113637107,82.03591917156368,7.0346280889867785,95.02262443438914,95.02262443438914,4,0.1,0.040858782210508905,0.737107142857143,0.06718500766616047,5.640316534776488e-09,0.049688875704462274,0.0073888708628017915,0.00802022784015079,0.1487027178225777,1.96,1.5587755102040817,0.8414402942024365,0.40878788940673666,1.2573972244042944,19.29443359375,19.073384602864582,91.92345864432198,14.327809523809524,7.897726838490902,9.039849175347221,8.579755510602679,5.772931808474583,4.926747778541677,34.1206169128418,0.02755848318338394,0.07411643117666245,-3.336588541666667e-06,3.123931136393989,0.012777130528019006,1.0621937762939433,1.4168875558035715e-06,-8.152501520973418e-08,3.123931208735197,0.0006495185959972634,0.008980631551279861,2693.0,-0.0029662785135696665,0.02031777196304557,16.0106325748774,0
216,0.914530085728282,-0.044421181272892726,-0.004775237778822581,0.01157160909414497,0.03787344992134871,0.05363285044976769,0.9766000509262085,0.15820002555847168,0.30260002613067627,27.434595143284117,1.6416952897395407,0.9747017246484756,0.9179845825571004,0.010507669794415236,27.538223289175065,83.17383606876572,6.587642316616123,95.02262443438914,95.02262443438914,4,0.1,0.04089078765337809,0.7263571428571428,0.06333096576312251,1.3061224489794713e-08,0.05632483009819696,0.0051089730917036336,0.01134436480026825,0.09070552157541581,2.4473809523809527,1.7223809523809526,0.7600981930241308,0.47131431996982315,1.4209289466408626,19.29443359375,19.073384602864582,98.25582391648067,15.155816326530614,8.59941984727483,9.408501519097221,9.531741672092013,5.794652762968853,4.584693339152469,34.117523193359375,0.025942057371139526,0.0671180784702301,1.3078962053571429e-06,3.129431740578388,0.011869559040146506,1.1040929663307033,7.992699032738095e-07,3.8679621294311995e-08,3.12943169398311,0.0006842826502681519,0.007517074910991314,2698.0,-0.0029466653641028254,0.01752829237924277,8.183021375741754,0
217,0.9161986475558508,-0.06175273331290199,-0.017751619245324816,0.005535526790145398,0.010626694831881812,0.0346270920233298,0.954200029373169,0.1029999852180481,0.2006000280380249,27.484650712353844,1.8524911422388894,0.8064752837164061,0.9191640311134402,0.005345086509373498,27.573607851329143,82.43008527177551,3.7221506416848493,88.05031446540882,88.05031446540882,3,0.07317073170731707,0.025886329226375973,0.7294425087108014,0.03445209058132239,1.4495890712203231e-05,0.02409880889855872,0.00036421715412630765,0.0022928184844225276,0.015113491943084806,1.9985714285714287,1.6663265306122448,0.8106963497071955,0.44947579259615955,1.1993876301285977,11.5802001953125,11.895955403645832,67.31458594912574,15.044285714285714,8.966024290711724,7.556399390811011,6.549987792968749,3.30962443620941,2.4098454359468477,34.128173828125,0.027674512937664986,0.06400635093450546,1.3805571056547619e-06,3.1377640958456965,0.013901058333121987,0.8970447715408815,1.9255138578869047e-06,3.518318526954738e-08,3.1377640526238446,0.0007010585160924411,0.0106571926098739,2724.0,-0.0029594581596374876,0.01534306472489602,8.183021375741754,0
218,0.915950018797602,-0.06888976212910243,-0.039646571678774695,0.00539252629553784,0.011041044742272067,0.03210763221763405,0.954200029373169,0.1029999852180481,0.2006000280380249,27.477190992491586,2.0665900067346437,1.2727381489958083,0.9200200824303721,0.005197969574248062,27.599287360806816,81.6878401055648,3.256592393260434,88.05031446540882,88.05031446540882,3,0.075,0.025732594214799804,0.7356785714285714,0.029512168884121313,3.762016493127888e-06,0.029715592694860533,0.0001163513771382319,0.0027335685140494315,0.003915499123070006,1.5573809523809525,1.9681632653061225,0.2654433035363489,0.4741115455259443,0.7912864648140467,11.5802001953125,11.895955403645832,67.42176084972563,15.549619047619048,7.489911027630039,7.724355061848957,7.682131812686012,2.532079289718976,2.4417043205491633,34.14130783081055,0.026920795440673828,0.06671221554279327,4.208519345238095e-06,3.1395662909978617,0.012893481531587191,0.8970447715408815,-5.267915271577381e-07,2.5758567900555292e-08,3.139566134576138,0.0007292990131133554,0.009527399305425939,2723.0,-0.0030085433466616918,0.015616622487712372,8.183021375741754,0
219,0.9159022853204182,-0.07435681966089067,-0.05365180024646577,0.0033047016816594578,0.005320801393129341,0.013301843665956086,0.9292000532150269,0.09299999475479126,0.08799999952316284,27.475759988171713,2.230602446964809,1.6095321502004352,0.9205920065292905,0.0033131699159210802,27.616445650221493,81.09602843098439,3.0244980637920125,88.05031446540882,88.05031446540882,2,0.05,0.02486278408472686,0.7408928571428571,0.027632219252465538,9.241599999999993e-06,0.025236648870136328,0.0006422902963961705,0.0031246299587149033,0.025450696711013077,1.6887755102040816,1.8205357142857144,0.33596857809085334,0.40583809573397567,0.9276255867722272,8.048502604166666,8.788350423177082,58.099360293433776,14.399411764705881,8.809494033607658,6.323692685081845,6.4804840087890625,1.5061899935526362,1.3297100139884306,34.15195846557617,0.025703569874167442,0.059721268713474274,1.3064429873511905e-06,3.1351983799808827,0.01606161709466223,0.6061891255521834,-1.9981747581845239e-07,-1.5101917161059442e-07,3.1351985269667972,0.0007183507912171481,0.013577230800718244,2712.0,-0.003023572538212466,0.014592410452800068,-3.09984625289016,0
220,0.915576018503734,-0.07804418204228084,-0.06091172402245658,0.00380489171874674,0.005717702352199271,0.013933707667627422,0.9385999441146851,0.11019998788833618,0.12279999256134033,27.465973126547677,2.341216604113579,1.8272725778392382,0.9210362581701198,0.0037559019845534386,27.6297733008206,82.12336840548446,4.136536533762191,91.70305676855895,91.70305676855895,2,0.05128205128205128,0.031180669601864282,0.7324542124542125,0.03675615650642667,4.702040816324415e-09,0.037680778279834584,0.0013635335000547683,0.013697247507767882,0.03618644736922759,1.730408163265306,1.8773214285714286,0.2840540685665691,0.2732975480038157,0.921743147939286,11.317647298177082,10.205790201822916,62.22848278227307,15.068067226890756,8.677492542008261,6.745750790550594,6.829210917154948,1.8057747134958018,2.045743523492485,34.15944290161133,0.025187227874994278,0.06512970477342606,7.266090029761904e-07,3.118480320720637,0.018210990645775717,0.6329073108852072,-3.578549339657738e-06,3.318364171880099e-08,3.118479908126531,0.0007396416760262832,0.01606807640902943,2680.0,-0.0030172404422799063,0.015423648331983243,-4.312532057298218,0
221,0.9154165710437866,-0.07801550601777577,-0.06400295241389956,0.003751754986257348,0.005644380974760247,0.01419984740695064,0.9385999441146851,0.11019998788833618,0.12279999256134033,27.461191702740532,2.340357037654945,1.919975429560457,0.9210886436116034,0.003684646068748202,27.63134429390433,82.89522798377834,4.260435264422355,91.70305676855895,91.70305676855895,3,0.075,0.03136023206056879,0.72575,0.037937229977521386,2.229381491045399e-05,0.03300107922051483,0.0022825311893373812,0.01161219760667525,0.06916534983857334,1.5924489795918368,1.7925,0.3028626436598194,0.2784301381616845,0.8883955255742465,11.317647298177082,10.205790201822916,57.94591536748977,15.455126050420168,8.26841369793201,6.478460402715773,6.398162841796875,1.979013025809902,2.14392312193007,34.165225982666016,0.02512778528034687,0.06200902909040451,-2.251034691220238e-06,3.101515008190644,0.019955927696714244,0.6616846765003066,-2.5794619605654763e-06,-9.412549757405529e-08,3.101515814876699,0.0007482972631269989,0.01806410113142188,2676.0,-0.0029890217455697792,0.015326274047148567,-4.312532057298218,0
222,0.9144679996229353,-0.06444776273341406,-0.07086136200314476,0.005275494025987883,0.02915981484841768,0.023927185436479526,0.9385999441146851,0.11019998788833618,0.22579997777938843,27.43273327444281,1.947678172673498,2.1257385743515833,0.9202470553450415,0.004749952795554218,27.606098883235624,84.37994821434431,4.78582844919911,93.33333333333333,93.33333333333333,3,0.075,0.030681258330912443,0.7134285714285714,0.041717954828850864,7.50536343190337e-06,0.03239954501712587,0.0015342469107149563,0.010832221292684675,0.04735396469005902,1.4177551020408163,1.7767857142857142,0.15891369046197132,0.32256604291341073,0.797932519741565,11.317647298177082,10.205790201822916,59.95001722063337,15.265294117647057,7.85897842217839,6.343703497023808,6.318257649739583,1.7895888533683335,2.181294213507885,34.16771697998047,0.024944238364696503,0.06123177334666252,-5.812872023809524e-07,3.0873951063423597,0.014391765870556633,0.6616846765003066,-8.35600353422619e-07,9.952149816459677e-08,3.0873941373569824,0.0007596056518873657,0.011619850116835563,2668.0,-0.0029932831044503835,0.016297701714569995,10.09218316846422,0
223,0.9137768094199045,-0.04059314376967294,-0.07240489538794471,0.0047448775655471506,0.03461322270308111,0.022785477951803225,0.9362000226974487,0.09200000762939453,0.22579997777938843,27.411999425377164,1.2320557462317603,2.1720355759348187,0.9184759705916529,0.004470808772841297,27.552967149584646,83.7040517780193,4.124334547983645,93.33333333333333,93.33333333333333,4,0.0975609756097561,0.02723199648672607,0.7185714285714286,0.03582491576190981,6.824783007080315e-07,0.025806201563732666,0.0009751883383253643,0.005881282654674682,0.03778891426221624,1.6214285714285714,1.6164285714285713,0.34417772885226156,0.20575024487301619,1.0030932390631906,7.704671223958334,7.997233072916666,53.995648919968374,15.116974789915966,8.026457733101273,5.8259800502232135,5.782508850097656,1.0171428416957324,1.088635266616314,34.16664505004883,0.025151452049613,0.05930786579847336,-4.3741861979166667e-07,3.0811265130127268,0.01158360442107326,0.5747940233912436,-1.9981747581845239e-07,-9.155950568924515e-08,3.0811264485937357,0.000716103773457567,0.0076770073150506015,2672.0,-0.0029832999721367435,0.01565194253093548,10.465873974760399,0
224,0.9127283047778266,-0.016885609916278296,-0.07771517159541448,0.0056762672743284285,0.024914688228535497,0.02504685588910387,0.9529999494552612,0.08819997310638428,0.24400001764297485,27.38056657195091,0.5313628782544817,2.331215433563505,0.916871689913854,0.004933658388292559,27.504838375539773,83.951929462302,3.528742153849803,93.33333333333333,93.33333333333333,3,0.07317073170731707,0.025354627641855487,0.7159581881533101,0.030167777797261205,1.2037224489795798e-06,0.028991986169054584,0.0005787825929512385,0.015181733459987651,0.019963537150449472,1.7755102040816326,1.6694642857142856,0.28148857598310495,0.21097192179461768,1.0635209266078878,7.8790283203125,8.195699055989584,60.80765061151414,15.078655462184875,8.397480621308707,6.577947707403274,6.567128499348958,1.102517523150176,1.0951077774320692,34.16583251953125,0.02508995123207569,0.06316965073347092,3.486269996279762e-06,3.0747545281453768,0.014211577527404118,0.8661956240578673,-1.1807396298363096e-06,1.6940438318876583e-08,3.0747543686384455,0.0006963544898178804,0.011135779789782174,2681.0,-0.002986907414053572,0.016111129204155073,10.465873974760399,0
225,0.9122712004184723,-0.010588914922305516,-0.07187160013970875,0.007376147083002515,0.009529201287111964,0.04534876825255616,0.9565999507904053,0.08399999141693115,0.2978000044822693,27.366828583989825,0.33077416402953014,2.2346775752305983,0.9163462183361131,0.005265670415384757,27.489074911630446,83.23992576807187,3.316269427369287,89.93576017130621,89.93576017130621,1,0.024390243902439025,0.023253263979800456,0.72198606271777,0.029641760273196108,0.00011442886530612218,0.024358823975021898,0.001729935146042453,0.016566579508349367,0.07101882865184167,1.746190476190476,1.7622448979591838,0.20892609549475818,0.1994114622548912,0.9908897896159041,21.61376953125,23.559773763020836,94.58653724307105,13.937809523809525,7.775850787786691,9.272545708550348,9.805428641183036,5.963102988534933,5.573957629994974,34.16650390625,0.02522832155227661,0.06278108060359955,2.9209681919642856e-07,3.066128582325693,0.015752092370201434,0.8661956240578673,-2.6339576357886904e-06,-3.9702631574999263e-08,3.0661282631270694,0.0007162181462656393,0.013274969465452802,2681.0,-0.003011115420052542,0.015892446850331133,19.00183804200488,0
226,0.9129720858903159,-0.02204627654098329,-0.06833824765966053,0.008437384202932881,0.019273697811417363,0.04648081517622024,0.9565999507904053,0.0965999960899353,0.2978000044822693,27.387857719574654,0.6744622986231531,2.132312858743327,0.9171882279971891,0.00656273569212529,27.514336882961903,81.66329873213164,6.167265367875242,90.3225806451613,90.3225806451613,3,0.075,0.03626534572962991,0.7393214285714285,0.06113967573498891,1.5968706372344746e-06,0.04264615753907727,0.004334685328416442,0.0078006095341418,0.10164304543602806,1.9064285714285714,2.099285714285714,0.6766085645776766,0.33592774368841855,0.9081320176930929,21.61376953125,23.559773763020836,90.4526614234561,14.62765306122449,8.524704052678658,10.308397081163195,10.6573486328125,6.095856247259989,5.8293086463819925,34.17073059082031,0.02546251192688942,0.06278108060359955,1.2352353050595239e-06,3.05406308776963,0.013360751844413116,0.8077818312168695,-2.1616617838541666e-06,-6.330048447074757e-08,3.054063118975296,0.0007539823953413501,0.010702125616418144,2675.0,-0.003035881435193934,0.01690228988674938,19.00183804200488,0
227,0.9143086477291016,-0.03821834328912553,-0.05552972384293874,0.007863095826276112,0.018678785978029785,0.04499625613490252,0.9565999507904053,0.0965999960899353,0.2978000044822693,27.427977717603955,1.149028153504644,1.7479532871501786,0.9180982021525481,0.005964469637752476,27.54163793231531,80.67035847673078,6.668864329247698,90.3225806451613,90.3225806451613,6,0.15384615384615385,0.04301162633521313,0.7491575091575091,0.06546594094833559,8.829387755102232e-08,0.05377988951407853,0.0070425621777191,0.015156517167077251,0.13095159252559443,2.0252380952380955,2.4357142857142855,0.7808715114923309,0.4753909955388888,0.8314760508308897,21.61376953125,23.559773763020836,92.8909173148019,15.296734693877552,8.9546174128907,10.401475694444445,9.772118462456598,6.424728106548946,5.7723400580092665,34.172454833984375,0.02531970851123333,0.05736604332923889,-2.1798270089285714e-07,3.0429705126695046,0.014298169058305134,0.6361281919635966,-6.721133277529762e-07,3.7820133966147865e-08,3.042970363969189,0.0007672211710370532,0.012054467501303035,2658.0,-0.0030410146833595724,0.017217245729792992,19.00183804200488,0
228,0.9004003332115355,-0.03776553339617593,-0.12983552375010082,0.028224390643753063,0.040444823118912676,0.12685603862945238,0.9694000482559204,0.24720001220703125,0.4381999969482422,27.01071813915457,1.4880847244603292,3.898590284713677,0.9205629352404588,0.009643419008010193,27.61556891659802,81.2033830536856,6.993660973734658,93.33333333333333,93.33333333333333,6,0.15384615384615385,0.04089886927600632,0.7446886446886446,0.06770433824242321,1.2574984423157022e-05,0.048968127465588,0.004140543050445544,0.010910021248533498,0.08455587878779479,1.602142857142857,2.397551020408163,0.641577960119863,0.5415724402499792,0.6682414027919646,15.726318359375,13.08563232421875,69.4407006399972,16.689238095238096,8.623110742376177,7.668084038628472,8.940676734561013,2.629402790121626,3.9636027363488116,34.17366409301758,0.025303419679403305,0.08300669491291046,0.0,3.0338999214788136,0.014146274012508297,0.7105390359711812,-1.8891834077380953e-06,-8.452321493766402e-08,3.0339003142077807,0.0007624514951842278,0.011861111367157492,2657.0,-0.0030451496182938463,0.024585119176333842,7.208450128635564,0
229,0.8904503806659153,-0.040865685775166465,-0.16760583794684636,0.04327197971801436,0.08205643103150563,0.1452906082954966,1.339400053024292,0.2850000262260437,0.4434000253677368,26.712242277094298,2.060758300806795,5.2084237149783545,0.9226326115792628,0.03358196878478403,27.677655756656133,86.93385783898106,6.699074891580451,97.90209790209789,97.90209790209789,2,0.047619047619047616,0.024553757522259627,0.6944557823129253,0.05569788907595366,6.553600000000037e-06,0.03155730369544155,0.000958954226782427,0.008121872941504842,0.030387711068006983,1.487142857142857,1.6693650793650796,0.7335293491895528,0.6669394377721508,0.890843396405819,16.898905436197914,16.481526692708332,78.2354234241304,16.71345864661654,8.398208536344718,9.894332885742188,9.793904622395834,3.3248580123512,5.265137806962279,34.16110610961914,0.030707281082868576,0.08300669491291046,-2.8308686755952383e-06,3.037271299371719,0.019806423063232544,0.771111795461827,1.9073486328125e-06,-8.930805296691413e-08,3.037271881237753,0.0007749646015749643,0.018217246007099026,2650.0,-0.0030562444094459043,0.026170260799925175,7.208450128635564,0
230,0.8685907616274697,-0.02259901901653835,-0.2738208093330974,0.04172835359553833,0.08339091264985861,0.13271491458274817,1.339400053024292,0.2850000262260437,0.4434000253677368,26.056470277394567,1.6055152876036507,8.394859713699136,0.92472153911194,0.03372070477394856,27.74033212776244,89.8310209535121,5.721725421470781,97.90209790209789,97.90209790209789,1,0.022727272727272728,0.021203692669419023,0.6708766233766233,0.04655100331823388,3.828831320283207e-05,0.011212166890681512,0.0017837168737084113,0.004380467758536103,0.1590876135808206,1.1105714285714285,1.4295714285714287,0.4409799847371482,0.541082456276117,0.7768562006595382,16.898905436197914,16.481526692708332,76.50941416422525,15.81538961038961,7.984462659294344,9.004506429036457,8.469228108723957,4.135180663636585,5.459556814286812,34.14196014404297,0.03487273305654526,0.08300669491291046,-3.3394949776785715e-06,3.0492822281900267,0.022675732653061085,0.9283423396798001,9.264264787946428e-07,-1.1503358233727554e-08,3.049282500878288,0.0007561824831236863,0.021251659834120737,2645.0,-0.0030731917574237538,0.025839012166426124,7.208450128635564,0
231,0.8577743711641856,-0.026203828859896888,-0.3127023903159868,0.04152537907777825,0.07527126087504186,0.13318025810906886,1.339400053024292,0.2850000262260437,0.5361999869346619,25.732001277804375,1.3657264322042466,9.561242714609419,0.9264122028641543,0.03367237351331035,27.791037405600072,89.7908777534621,5.879724015425692,97.90209790209789,97.90209790209789,3,0.06976744186046512,0.027089995069165745,0.6713621262458471,0.04813557965083606,9.441196834652247e-06,0.02514208484631161,0.0021440002076153243,0.009172354264806165,0.08527535487693866,1.2933766233766233,1.2665714285714287,0.4896362940544632,0.35964222584708394,1.0211635871459916,15.055948893229166,16.481526692708332,72.27532523018974,14.32521739130435,8.52128966590796,7.127028956557766,7.091603597005208,4.321735605430929,4.121633377358121,34.1234245300293,0.02714868076145649,0.06865093111991882,-2.7596609933035714e-06,3.0603736952641856,0.015288792711342708,1.1785922170179413,1.4532180059523809e-06,1.3496347110043897e-07,3.0603732514898687,0.000778177495214939,0.012997667607076496,2646.0,-0.00304613921263236,0.017435279922331456,1.8441562708511137,0
232,0.844021600053424,-0.018534228952158064,-0.38143602860825404,0.016812826878699602,0.01850063621107249,0.04102673403077358,0.9545999765396118,0.08539998531341553,0.5361999869346619,25.319367144448417,0.6650728573117938,11.442683572513717,0.9275820812788691,0.010442365799512698,27.826115245311687,86.75781722146978,6.776731279819022,95.89041095890411,95.89041095890411,6,0.14285714285714285,0.04510758115384842,0.6962244897959183,0.059773480269227804,2.8712100624739517e-05,0.07082340826006157,0.004623905246067473,0.02582474778826729,0.06528781033932485,1.4993650793650795,1.4195238095238094,0.5468500236351008,0.2811984394662898,1.0562451079056248,13.41827392578125,11.797587076822916,78.42338155110676,13.365357142857142,8.64534081049393,7.468499077690972,7.104096589265046,3.68886587162712,3.860625508274657,34.116981506347656,0.02468104101717472,0.07331971824169159,-7.266090029761904e-07,3.058330549875229,0.013225763620507916,1.1754694811805797,2.5431315104166666e-07,-1.1244042072925718e-08,3.0583311911582993,0.0007741682500679112,0.010526649532390459,2646.0,-0.003037326591683878,0.014030886970649574,7.784049433565043,0
233,0.8503028189795357,-0.028993257675852094,-0.35292968583106993,0.0535759390518017,0.018630467769095587,0.10710029662080113,1.7365999221801758,0.12339997291564941,0.5361999869346619,25.507902855106764,0.9373105846132551,10.760829573316233,0.9277589850370681,0.04864227471913489,27.831452931792587,87.49444317096261,5.466217029194971,93.95973154362416,93.95973154362416,5,0.11904761904761904,0.041774954688467286,0.6888095238095238,0.049174839959084976,1.20706612244898e-05,0.07986900051786686,0.001855220279924289,0.05002842058791036,0.02322828967302868,1.6939682539682541,1.3575,0.511858814229283,0.3119775224111441,1.2478587506211818,24.238077799479164,24.305013020833336,108.09745265415737,14.545037593984961,8.409468352629794,11.96811252170139,11.433169047037762,6.103524311258176,6.651560745158764,34.11937713623047,0.02497757226228714,0.07331971824169159,1.3064429873511905e-06,3.047073333015113,0.016446111709287916,1.1754694811805797,-1.9436790829613094e-06,-2.1337792497596535e-08,3.047073633126397,0.000812315198147481,0.014282879017905273,2669.0,-0.003042937199233072,0.014079213554907169,7.5225072448789385,0
234,0.8527292953048433,-0.033212848135403227,-0.34758522857087,0.052473789581403814,0.017863397243907342,0.10409333650612686,1.7365999221801758,0.12339997291564941,0.46619999408721924,25.58068171628884,1.0563800122482436,10.600501284088407,0.9277190658926747,0.04807486361240986,27.83024357189814,85.40588208909881,9.92645411296169,95.67198177676538,95.67198177676538,7,0.17073170731707318,0.08044645830029577,0.7146341463414634,0.10536281174747326,7.274579591836681e-06,0.20780503315550783,0.009385839110670419,0.08880189248902984,0.045166562946753384,1.85,1.6185714285714285,0.6128702248734581,0.59461986942554,1.1429832303618712,24.238077799479164,24.305013020833336,120.09247603643507,12.78790476190476,6.897912291217122,14.174862816220237,13.532545301649305,5.235215632673555,5.870336479942532,34.11954879760742,0.02493094652891159,0.07331971824169159,7.978166852678571e-07,3.030614261201243,0.01986201769399685,0.7793699439021607,-2.379644484747024e-06,-5.842799336643032e-08,3.0306142516387258,0.0008079592504871505,0.01802593368603785,2686.0,-0.0030499493688079587,0.013955137911553435,7.5225072448789385,4
235,0.851650476972262,-0.03689526754333859,-0.3521738571325938,0.05145661004774095,0.01610115553221504,0.10092527881811844,1.7365999221801758,0.12339997291564941,0.45020002126693726,25.54825130913939,1.1580864529950279,10.738317140936852,0.928170881145894,0.04783281892458376,27.843787797504877,82.45415903664244,10.456110182502968,95.67198177676538,95.67198177676538,5,0.125,0.07470297016827594,0.7411428571428571,0.10772612667012094,5.095046130778874e-05,0.14796934013990795,0.0070348147272189495,0.05483907296490465,0.04754238087814268,2.0318367346938775,2.0614285714285714,0.7503576267997989,0.8685988404195756,0.9856449856449856,24.238077799479164,24.305013020833336,112.97432752336775,12.381809523809524,9.401981691049013,14.363359723772323,13.090142144097223,5.757595343470741,5.524883425784138,34.120079040527344,0.024827197194099426,0.0655674934387207,2.891903831845238e-07,3.0143208483515296,0.018227388858826788,0.7406268056672394,-3.5967145647321428e-06,-2.2493781462724443e-09,3.0143209633277457,0.0008023951511193027,0.015986460649197388,2702.0,-0.003050173880298855,0.012534762512520049,2.778285609167666,4
236,0.8425290199347905,-0.04058415370895749,-0.3900900094934872,0.005774232921888633,0.0034929164598367017,0.014442679398225765,0.863800048828125,0.058399975299835205,0.43300002813339233,25.274682312352315,1.2174717541251863,11.702111713375364,0.9294704047537624,0.0033672507314213757,27.882784641226102,76.38007355702376,9.613047758218075,95.67198177676538,95.67198177676538,9,0.24324324324324326,0.08191099090377923,0.7983397683397683,0.10343654564788432,6.24422490628907e-05,0.15339057392874766,0.019313739164406925,0.035506887057837416,0.1259121644161685,2.6614285714285715,2.3568571428571428,0.37310473443410347,0.6180386356062546,1.1292277851860832,13.033650716145836,13.429361979166668,88.47603069487072,16.236753246753246,7.660962438772166,8.847732543945314,9.024881998697918,2.2353564204425282,2.4689659279732052,34.12032699584961,0.024876147508621216,0.07917322218418121,-1.453218005952381e-07,3.0015739904835725,0.012952570205237665,0.7153373430514358,-5.812872023809524e-07,-3.308077344118851e-08,3.001573950702772,0.0007572307874374077,0.009192483327263658,2718.0,-0.0030459452172664396,0.01066375912159067,-5.524384017243811,4
237,0.8406645820538203,-0.04205351605869475,-0.3948583810840334,0.004897589381262251,0.002645394548865762,0.012278035142710749,0.8578000068664551,0.05220001935958862,0.4229999780654907,25.218735461660795,1.2615509103025708,11.845206289674554,0.9298226312023498,0.0031918630763921345,27.89335791119202,75.43973536890424,4.908518077144098,81.55339805825243,81.55339805825243,7,0.1891891891891892,0.039629806231548916,0.7989575289575289,0.05580543840141028,1.4846080799666254e-07,0.046153163578035006,0.0030160637174413826,0.005990602133435394,0.06534901366711021,2.742857142857143,2.249142857142857,0.3701461377149654,0.23244503409957162,1.2195121951219512,11.35223388671875,10.704854329427082,82.42116989862352,15.026071428571429,8.739334357289655,8.512227376302084,8.957316080729166,1.40705458853334,1.585621871557137,34.12397003173828,0.025240197777748108,0.07917322218418121,0.0,2.9943532213972417,0.011386562946020355,0.7189079703589014,-1.1807396298363096e-06,-2.305865963020424e-08,2.9943538023078053,0.0007565183438637924,0.0067734388132117355,2707.0,-0.0030415901302876945,0.010557375327070725,-5.524384017243811,4
238,0.8401195625293822,-0.04322936371678398,-0.3963028570697421,0.0053256078316806085,0.0026699731555112857,0.013322821514819649,0.8586000204086304,0.05220001935958862,0.42739999294281006,25.202391590135438,1.2968203400714058,11.888521426405225,0.9300151966532586,0.0032146813377625445,27.899132712432795,75.56399577162331,6.475336966772073,85.71428571428572,85.71428571428572,10,0.2777777777777778,0.05791367860096791,0.800436507936508,0.07520027639354063,0.00015420571028737954,0.10205821969307119,0.002618750250063145,0.03611926013300246,0.02565937616723814,2.9314285714285715,2.285357142857143,0.472152690625931,0.22367837469483373,1.2827004219409284,11.35223388671875,10.704854329427082,89.84363483247303,13.911428571428571,8.371557952991596,9.308451334635418,9.31383768717448,1.3104449458006429,1.1188004886492764,34.12816619873047,0.025430530309677124,0.08845497667789459,-4.3451218377976193e-07,2.98790471008077,0.011878602462044054,0.7189079703589014,-1.3260614304315476e-06,6.29884560745942e-09,2.9879048677574427,0.0007450919867967419,0.007478505482714375,2720.0,-0.0029818177603521856,0.010414507840284373,-3.6662429255130164,4
239,0.8421724007981164,-0.043996363390059696,-0.3912025332507633,0.006586266448843019,0.002548053919133984,0.01650827708148955,0.8641999959945679,0.053799986839294434,0.42739999294281006,25.263960166828973,1.319828901716641,11.73553614041635,0.9298069858005585,0.003289153784331645,27.892881316891444,76.55892234986119,6.207205388513115,85.71428571428572,85.71428571428572,11,0.2972972972972973,0.05809670177703389,0.7893436293436294,0.06996145388526574,2.389414010828792e-05,0.1316455172753585,0.002074824076270777,0.01770189958600113,0.01576068915382008,3.27,2.482142857142857,0.582202889104505,0.38598733721431316,1.317410071942446,12.7056884765625,13.936055501302084,107.74923756917319,13.835,8.431985851990222,10.5450439453125,10.962473551432291,2.1650854301572964,1.6032252477289153,34.13346481323242,0.025699209421873093,0.07135124504566193,-1.4677501860119048e-07,2.9810286278917895,0.012248616056990576,0.6958642949317677,-1.7983572823660714e-06,-9.037180730105279e-08,2.981029029497243,0.0007418493642542576,0.007986836522707165,2713.0,-0.002979036433532927,0.01027877138752692,-4.433156492536384,4
240,0.843251172156561,-0.04523045781112853,-0.3886754379158928,0.006408569755006232,0.002925689205960656,0.016136404276425844,0.8641999959945679,0.05519998073577881,0.42739999294281006,25.29634087894644,1.356850162914821,11.659688566029072,0.9297774478800572,0.003292427156927426,27.89199652186407,76.52250283320542,6.884020471731393,85.71428571428572,85.71428571428572,14,0.3888888888888889,0.0633947326540611,0.7909523809523811,0.07681883744790774,3.5784812328196735e-05,0.13416230665099085,0.00045680054266554736,0.007548520393420512,0.003404835188573986,3.8189285714285712,2.9914285714285715,0.14008515995927737,0.24646342058625015,1.276623686723973,14.332377115885416,13.942159016927082,114.36896812802269,14.642063492063492,8.845288639504657,12.295176188151041,13.122592502170141,1.1547289315823235,2.2471215855291824,34.1391716003418,0.0260029099881649,0.07135124504566193,1.3078962053571429e-06,2.975598138137395,0.011144884861142006,0.6958642949317677,-5.994524274553571e-07,4.5714913864248275e-09,2.975598303302585,0.0007116496759297882,0.005855588558655987,2720.0,-0.002928390564688512,0.010184587427632669,-4.262506993061969,4
241,0.844802648459162,-0.04618300963015783,-0.3847649332710675,0.006518128992843082,0.0031467255640878675,0.01658403888967821,0.8641999959945679,0.05620002746582031,0.42760002613067627,25.34288145371846,1.3854260032091823,11.542379141024181,0.9296150897470299,0.0034120734256357344,27.887124906334776,77.74633213143211,5.939704250042013,85.3658536585366,85.3658536585366,13,0.34210526315789475,0.048728453877784385,0.7764661654135339,0.0619792911276835,6.626624506455629e-05,0.09626158843111528,0.0004850380018779863,0.006413466657085049,0.005038749201869645,3.804761904761905,2.9339285714285714,0.11687736076895927,0.2478877605625875,1.2968147697301684,14.332377115885416,15.531005859375,130.39830867222378,14.814285714285715,8.731095652466363,13.559807671440971,13.764902750651041,1.383021580467859,0.6519970048108595,34.14495849609375,0.025602271780371666,0.06168209761381149,1.5956333705357142e-06,2.970181871076963,0.011455597299778979,0.7063409325219663,-3.4513927641369047e-07,8.323409289262307e-08,2.970181438956358,0.0006610308173727529,0.006381411090317701,2710.0,-0.002997734099250482,0.010290352796584315,-7.331446538381375,4
242,0.8412854771557309,-0.04898681862865176,-0.39362877130792256,0.006868952477103835,0.005323769292146605,0.01728742226387753,0.8631999492645264,0.08399999141693115,0.45499998331069946,25.23736002896513,1.4695344159858568,11.808318567786898,0.9303044682969495,0.0035423631596904668,27.90781019440189,78.33315092471382,6.96541455489248,90.3225806451613,90.3225806451613,15,0.39473684210526316,0.05679527492912313,0.7722556390977444,0.07106042842211568,7.53282292378176e-05,0.1018025120617704,0.004554142803411206,0.017166364710040554,0.044735072948375795,4.2839285714285715,2.7452380952380953,0.894165541332321,0.09187638347948748,1.5604943625325238,14.77630615234375,15.531005859375,122.99596557617187,15.190634920634922,8.962665270881956,13.605016072591145,13.714667426215277,1.5939257040572024,0.963955498159606,34.14884948730469,0.02512253075838089,0.0643506720662117,1.3078962053571429e-06,2.9660475355665725,0.01152983530501259,0.681617759877532,9.08261253720238e-08,8.728438905415431e-08,2.9660471545696976,0.0006315273976236356,0.006653774390584153,2701.0,-0.0029863908196521892,0.009729766683568673,-7.331446538381375,4
243,0.8403671056486312,-0.05064062811930974,-0.3958998570527349,0.007015423417324085,0.005260365559757341,0.017674620643471348,0.8631999492645264,0.08399999141693115,0.45499998331069946,25.209817597951208,1.519142557850906,11.876398568749428,0.9305346746293423,0.0035413875604188914,27.914701645911055,79.15081658350694,6.463920074819038,90.3225806451613,90.3225806451613,11,0.28205128205128205,0.050623926703558045,0.7634065934065936,0.06589290534527983,3.8937599999999944e-05,0.09113130262265512,0.0011963965795976713,0.021799260465632665,0.013128272560215206,4.472380952380952,2.5003571428571427,0.9598903943477077,0.1838543539582018,1.788696852830548,14.77630615234375,15.531005859375,118.53492722284227,15.394126984126984,8.925708860343361,13.826497395833334,13.785247802734375,1.1290772319840985,0.9243523857032985,34.15038299560547,0.02506456896662712,0.06356539577245712,0.0,2.9607528970614028,0.010661184810907103,0.6762338325756247,-5.4495675223214284e-08,7.670387504421723e-08,2.9607525555453567,0.0005901968870736325,0.005162302342021529,2698.0,-0.0030181755435381053,0.009036788320144954,-11.3448604476244,4
244,0.8377096294845854,-0.052352618506976534,-0.4027265618727321,0.0058053645587739025,0.004534603562642499,0.014480428248452722,0.8628000020980835,0.08399999141693115,0.45499998331069946,25.130090884566307,1.5705079837782043,12.081227284755025,0.9310957450417356,0.0034007187672916743,27.931543933081276,78.62291157824203,6.4132065609663185,90.3225806451613,90.3225806451613,9,0.23684210526315788,0.049442562797609786,0.768421052631579,0.06506114572045305,6.620644064972887e-06,0.08433910419245833,0.007711603136675955,0.04436855672808107,0.09143567756041608,3.5682857142857145,2.277857142857143,1.272950742109346,0.11763181924105053,1.5665098777046096,14.129435221354168,13.116048177083332,99.30061987014045,17.40103896103896,8.774099874355265,11.041422526041668,11.596832275390625,1.4114356101076178,2.263379462731626,34.149925231933594,0.025067226961255074,0.06356539577245712,1.018705822172619e-06,2.957632950241069,0.01067000380543754,0.6783547142696198,-7.811046781994047e-07,-7.51820847499956e-08,2.9576333714082907,0.0006104897230286895,0.00500103184164091,2705.0,-0.0029945691411458085,0.008139007633444117,-11.749128278167287,4
245,0.8380790580908457,-0.05182716139441445,-0.40180073349248796,0.0058256799438540985,0.002468802834923085,0.01453272252928333,0.8628000020980835,0.06120002269744873,0.4398000240325928,25.14118288559573,1.5547376989466803,12.05342271906989,0.9309922441166923,0.0033266584837012597,27.92843356589695,79.01683540465038,4.472783999580272,85.19269776876267,85.19269776876267,8,0.21052631578947367,0.038372862262161835,0.7618796992481203,0.0450946078680255,6.473351836734666e-05,0.07455162772409055,0.0010777407706047972,0.051713344915718024,0.014456301002486857,2.5821428571428573,2.0494285714285714,0.5813728474525638,0.43921321120608287,1.2599330823923045,11.325174967447918,12.531331380208336,96.94130961100261,15.106623376623377,7.308108015951297,8.864720662434896,9.598429361979168,3.484617165820669,1.6939351214759968,34.148807525634766,0.025057734921574593,0.054682981222867966,2.9209681919642856e-07,2.95424010207452,0.0104781909685775,0.6702354337870474,-1.1989048549107143e-06,1.6851590741302105e-10,2.954239924227515,0.0006069319944949224,0.004756543015842867,2723.0,-0.0030023071585504857,0.007957722842901459,-10.391568297511709,4
246,0.8351100004173461,-0.05169266619852611,-0.4088215905172484,0.006068400019347655,0.0024271070910504497,0.014675480545725495,0.8569999933242798,0.06120002269744873,0.4408000111579895,25.052108726842064,1.550701700236116,12.2640435726302,0.9313769652238265,0.0033124184750866954,27.93997089354349,78.94012657304403,5.212915670918916,85.71428571428572,85.71428571428572,8,0.21052631578947367,0.03912162995712129,0.7635714285714285,0.053149718612748954,6.50491628488128e-05,0.0587634447371815,0.0008357110222762116,0.001955050163985984,0.014221613896426849,2.7865714285714285,2.077142857142857,0.6612743417841348,0.46824030111881304,1.3415405777166438,11.06048583984375,11.783447265625,86.3287832350958,13.725357142857144,8.3966289827412,9.199239095052082,8.98101806640625,3.241871499233604,1.6394364886020099,34.147098541259766,0.02509593591094017,0.054682981222867966,-2.906436011904762e-07,2.948253110819593,0.012736812854729718,0.679515231291598,-1.7801920572916667e-06,-3.464049536361904e-08,2.9482527993690457,0.0006135576193802945,0.008600586831961434,2727.0,-0.0030245054597474526,0.007950095858202975,-10.391568297511709,4
247,0.8346969142584574,-0.05143583749589466,-0.40964067616349176,0.006281904088601036,0.002397269969313932,0.015138942208168448,0.8569999933242798,0.06019997596740723,0.4423999786376953,25.03971542775631,1.543000410582338,12.288621427799974,0.9313608761851939,0.0033738293068549057,27.93949003701921,80.91134664001576,5.1870278142829775,87.68267223382045,87.68267223382045,6,0.15384615384615385,0.03604061439742574,0.7448717948717947,0.05195670816819852,1.1889829904206577e-05,0.056798805544322054,0.00034474965870894773,0.003970670306774313,0.0060696638847436285,3.065,2.0757142857142856,0.4277450365890066,0.30627052201127886,1.4766001376462492,11.06048583984375,11.783447265625,91.64627591087705,14.517792207792208,8.093635406088696,8.988978068033855,9.44580078125,1.712609830019834,1.9448745904889504,34.14497375488281,0.02530146948993206,0.05428888648748398,-3.6301385788690475e-06,2.9363195076822515,0.017154968932288198,0.6809992641980742,-1.5622093563988095e-06,5.35610313178512e-08,2.9363194730224977,0.0006084629877560507,0.014340888276078276,2723.0,-0.0030640303807612586,0.008054404492252495,-11.02958093084722,4
248,0.8323463516916547,-0.05172658987556185,-0.4151973237593969,0.00521501885354152,0.0023651448499353413,0.012471251782742894,0.8522000312805176,0.06019997596740723,0.4423999786376953,24.969206979274748,1.5517236962488719,12.455316569932869,0.9316879472955143,0.0032860688719389417,27.949307899870412,81.4399069298244,5.368921170645527,88.42105263157895,88.42105263157895,7,0.1794871794871795,0.03723528119154647,0.7401831501831502,0.05242739814357186,1.079055460224901e-05,0.07589408232125323,0.0008553392818399957,0.06129179436009233,0.011270170949816836,2.7085714285714286,1.9262857142857144,0.5571582415458368,0.35328499220075243,1.4061109463067338,10.684407552083334,11.627298990885418,84.07511516752697,15.803095238095237,8.214035313643766,8.302164713541668,8.355753580729168,2.2247352748675677,1.8614233178757398,34.14268493652344,0.02550630085170269,0.07442031055688858,-1.0172526041666667e-06,2.923700581402513,0.015692159962657447,0.7768534845411014,-1.816522507440476e-06,-8.729243478972543e-09,2.9237007995229964,0.0006294836000491508,0.012365302397658987,2714.0,-0.00314333307068153,0.008110910323589638,-11.708856868036825,4
249,0.8341858282032467,-0.051301799178123476,-0.4107683143133209,0.006103762548128401,0.002532429019147032,0.014620541301346738,0.853600025177002,0.06019997596740723,0.4423999786376953,25.024383417538235,1.5389836896317346,12.322455857949597,0.931383054489875,0.0033931944966800634,27.94015849671535,81.24181135306125,5.612133205589268,88.79492600422833,88.79492600422833,7,0.175,0.038818230893643176,0.7422142857142857,0.05336909409088403,4.258748188254888e-06,0.06589363723915839,0.0008530740382492112,0.005361977358947677,0.012946227799704123,2.8642857142857143,2.124857142857143,0.6503507687771112,0.38516744304740175,1.3479897808256016,11.53472900390625,13.743489583333334,99.85901271275111,14.326233766233766,7.806562276216115,9.738032023111979,10.097167968750002,2.8132013072036064,2.0228456839243627,34.14065933227539,0.02540494129061699,0.07442031055688858,-2.541678292410714e-06,2.914842822019171,0.011140253564851637,0.8073962710286524,7.447742280505952e-07,3.5526091647449634e-08,2.914842401597879,0.0006157941127621742,0.0056255979293858725,2709.0,-0.0031378336290161777,0.008152897116805113,-12.637713673112847,4
250,0.8329967329161507,-0.05063052298057647,-0.4133058000575928,0.006601848515290091,0.0028101703286973296,0.015501622082690007,0.853600025177002,0.059599995613098145,0.45020002126693726,24.988719844562667,1.5188408322845186,12.39856357314757,0.93142323612884,0.003350852888972737,27.94136449354534,79.07091840452317,7.024108189974094,89.36170212765958,89.36170212765958,10,0.2631578947368421,0.04982539839707726,0.7649624060150375,0.06947148712471597,1.2901291128702552e-09,0.09574208689690594,0.003726105545515144,0.009902569499631551,0.03891815675093206,2.882857142857143,2.5125,0.7832020442879799,0.8965554121987426,1.147405828002843,12.959187825520834,13.743489583333334,105.594093250093,12.533174603174604,7.705122417187464,10.26702880859375,10.398076375325521,3.254263206108754,2.8597942197750204,34.139469146728516,0.025312233716249466,0.07442031055688858,3.1941731770833335e-06,2.9124321752965727,0.010697783156321024,1.0581059275386386,-5.812872023809524e-07,-9.924314354865524e-08,2.912432766890631,0.0006277347259070806,0.004736188244064319,2700.0,-0.0031274276303992965,0.008031517903735986,-12.637713673112847,4
251,0.8329523614134108,-0.04903723734901065,-0.413116714432126,0.007233454934578177,0.0031655461210828625,0.01678271437903356,0.853600025177002,0.058600008487701416,0.45020002126693726,24.98738712813173,1.4710442633288248,12.39289800439562,0.9312425099131937,0.003331299931557295,27.93594458678209,77.23570800399303,8.188714602894274,89.36170212765958,89.36170212765958,11,0.2972972972972973,0.06022162394796162,0.785984555984556,0.08665687504196926,0.00024178345955851735,0.11300095382080277,0.019618626842644638,0.05428856347870871,0.17361470128611403,4.4695238095238095,3.322857142857143,0.6670641672092746,0.5540365173750138,1.3450845514474061,13.106282552083334,13.743489583333334,114.07809302920388,14.385892857142856,9.264396062717081,12.990078396267362,13.153923882378473,0.524722561096939,0.08511960406265649,34.137603759765625,0.025340212509036064,0.07248083502054214,-7.266090029761905e-08,2.913617781244978,0.010972698351401645,0.9164820864706784,1.52587890625e-06,3.099845672024629e-08,2.9136176952800823,0.0006249816327280614,0.005516303189016951,2691.0,-0.0031570675066440288,0.00801339776297647,-11.695276044373017,4
252,0.8310308753138497,-0.0466090477563086,-0.41752738123280664,0.006711378302655683,0.0038933260957780165,0.015326925112341499,0.850600004196167,0.058399975299835205,0.45020002126693726,24.929736830847602,1.3982082898276194,12.525222294117723,0.9313423703916928,0.0032151936442778644,27.93893748811543,74.77626475742095,8.600647808950146,89.36170212765958,89.36170212765958,13,0.37142857142857144,0.060851796822037944,0.812938775510204,0.09205458062608327,4.490939441899237e-06,0.06406496628543473,0.02949362107341437,0.018360186701990515,0.4603705079935364,4.739523809523809,3.737142857142857,0.3748565863333074,0.2757142857142857,1.2682212028542303,13.106282552083334,13.249409993489582,101.468508039202,14.566326530612244,8.339745046376853,12.626410590277779,12.743581136067709,0.5058288574218732,0.5424220731134101,34.13536071777344,0.025370195508003235,0.0736410841345787,-2.1798270089285714e-07,2.9153507701851438,0.011026311742538486,0.9164820864706784,-1.4713832310267858e-06,-6.13979678155995e-08,2.9153510028358607,0.0006422813095154095,0.005658794103707258,2695.0,-0.003178596632814732,0.00792862547953118,-12.10695438724276,4
253,0.8305296462603978,-0.043333781679471335,-0.4184200384531702,0.0068259592364676835,0.0040416687509276395,0.015590791905989589,0.850600004196167,0.05620002746582031,0.4503999948501587,24.91470095923969,1.2999511646372932,12.552020725011825,0.931143704080461,0.0031689873119172115,27.932986930664732,74.56333917375028,8.051440786670643,86.5979381443299,86.5979381443299,16,0.4444444444444444,0.059919771434363424,0.8141269841269841,0.08772171636083051,0.0002901947015410242,0.0669439981325794,0.02354771343000263,0.004542572430314565,0.3517524212307652,5.0721428571428575,3.4209523809523805,0.6264285714285714,0.4744152624756514,1.4826698218262808,11.868184407552084,12.237752278645836,96.26524294898626,17.171836734693876,8.270192206575025,11.024525960286459,11.275193956163195,0.8500690375182897,0.843658447265625,34.13212585449219,0.025423096492886543,0.07334333658218384,-1.961844308035714e-06,2.9183357739742584,0.010947412802127132,0.9341748357100322,1.1989048549107143e-06,-2.432008989117792e-09,2.9183356543976204,0.0006383277716222585,0.005459389782219724,2694.0,-0.003091863266462758,0.00794439806860024,-10.420921792176882,4
254,0.8324632560525622,-0.040175858267716,-0.4132221907831374,0.010639115109855561,0.004170757404143635,0.025952410454035683,0.8741999864578247,0.05299997329711914,0.4538000226020813,24.972692252993582,1.2052267480322292,12.39612858065537,0.9306738587251512,0.0034689339074195384,27.918892495349517,77.30392384962414,7.918388979622822,88.98305084745763,88.98305084745763,15,0.40540540540540543,0.05380320232568752,0.7846332046332045,0.08302499667148835,0.0002228744316534774,0.078590137592696,0.006208882257560543,0.009978443990524163,0.07900332596106288,4.9314285714285715,3.184285714285714,0.7671428571428571,0.23858711097586457,1.5486765365634814,11.702372233072918,11.702982584635418,94.87489202590214,15.124897959183672,7.81127311465957,10.941619873046875,11.096937391493057,0.6655850768477726,0.760752360026042,34.128684997558594,0.025364451110363007,0.07257735729217529,7.266090029761905e-08,2.921257420475327,0.011272662984106323,0.9341748357100322,-3.633045014880953e-08,1.3445808141822239e-08,2.921256829068281,0.0006220465639887828,0.006172742846172136,2697.0,-0.0030097574524911015,0.008084033419240804,-8.697859108147515,4
255,0.8380745609771638,-0.03916212469907034,-0.3991835334300995,0.01366657276334927,0.005106958009785212,0.03429865654227508,0.8775999546051025,0.05239999294281006,0.4538000226020813,25.141050543614796,1.1747995981148311,11.97491086001907,0.9298523710616019,0.0037359379923098393,27.89424210226076,75.59949121946615,8.315447948374088,88.98305084745763,88.98305084745763,14,0.3783783783783784,0.06955641766289605,0.8036679536679536,0.09179736223466446,3.265306122448981e-05,0.1594814910529201,0.004542222738463152,0.009184885173080718,0.028481190566220158,4.05,4.1033333333333335,0.11428571428571428,1.4629075202139104,0.9870024370430543,12.70751953125,18.4320068359375,123.446461050851,13.795714285714286,8.54603510611707,12.204945882161459,13.850877549913195,3.241441427142869,0.5025736490885411,34.13032150268555,0.025877108797430992,0.07567165791988373,3.050304594494048e-06,2.9250864130923544,0.011511200537197648,0.9341748357100322,5.086263020833333e-07,3.302680381618799e-09,2.925086396648897,0.0006296284146426334,0.006614431989625279,2686.0,-0.0029916810078891333,0.008142005103436111,-8.697859108147515,4
256,0.8436443618990126,-0.03966921043112164,-0.3860453715523084,0.012565213012255695,0.005392423792438267,0.031767823925952815,0.8775999546051025,0.053600013256073,0.4538000226020813,25.308137142658232,1.1900200272032193,11.58079514656748,0.9292591541551801,0.003750518013641231,27.876452318379048,75.45662075652882,8.663766730544506,88.98305084745763,88.98305084745763,8,0.2222222222222222,0.07019340213028508,0.806111111111111,0.09615075270718229,0.00034157074552269796,0.1408220140850562,0.007398101112919519,0.024768411856301607,0.05253511790032403,3.9357142857142855,6.155714285714286,0.0,0.0,0.6393594801578092,12.70751953125,18.4320068359375,127.86124703543527,12.632,7.478549057136684,12.70751953125,18.4320068359375,0.0,0.0,34.13356399536133,0.026242272928357124,0.07404148578643799,9.431384858630952e-07,2.926912330898817,0.011124252284971367,1.2176066495856366,-5.449567522321428e-07,-1.3284635809386736e-08,2.9269121125424022,0.0006310750546960178,0.0058459822450417885,2693.0,-0.0030439551299733495,0.008161482641985764,-8.697859108147515,4
257,0.8420613431817009,-0.04142384887876965,-0.39059152385450546,0.01083080830258043,0.004717691534363753,0.02788924986979393,0.8775999546051025,0.053600013256073,0.4426000118255615,25.260628866808755,1.2426664663638387,11.717220858505794,0.9296501297880436,0.0036040129245329226,27.888180468537985,74.88805461302412,9.365081857638547,91.90371991247265,91.90371991247265,3,0.08333333333333333,0.04882466995793683,0.8137301587301589,0.10110179743304513,0.001002588217576009,0.0733084420966479,0.005627514186913425,0.019816125476192874,0.07676488581621009,7.882142857142857,5.06,2.802142857142857,0.0,1.5577357425183513,16.942850748697914,11.2786865234375,119.36348404657275,13.993428571428572,8.59275901143349,16.801808675130207,11.2786865234375,0.0,0.14104207356770715,34.137386322021484,0.025460101664066315,0.07365237176418304,-2.033051990327381e-06,2.926711796363259,0.011180563803850227,1.3545412558710619,-4.3596540178571427e-07,-3.184554377275716e-08,2.9267125475310185,0.0006590165528832033,0.0057017203591790385,2686.0,-0.0030642614314217924,0.008001806989535249,-9.844229582672183,4
258,0.8375197999931517,-0.042084296498979844,-0.4019145908526012,0.009860463740387918,0.0032013936219668342,0.023784932028801626,0.863800048828125,0.053600013256073,0.4509999752044678,25.124390856964247,1.262470323571137,12.056884868443012,0.9302726501247555,0.0034407586916358345,27.90685398115403,77.97446740778328,9.421251014864334,91.90371991247265,91.90371991247265,4,0.10810810810810811,0.06178835208609096,0.7811583011583013,0.09702572875003138,1.024639733444421e-06,0.12958456489619827,0.007571496934785905,0.024625712089717727,0.05842900302864726,9.071428571428571,3.952857142857143,0.0,1.1071428571428572,2.294904228406216,10.05645751953125,11.2786865234375,84.93368697393508,15.282285714285715,8.32290518352081,10.05645751953125,10.124664306640625,1.154022216796875,0.0,34.1345100402832,0.025607597082853317,0.0794779509305954,-1.3078962053571429e-06,2.9255395412195306,0.010911822092442422,1.3545412558710619,4.178001767113095e-07,-2.717280416044597e-08,2.9255396924954407,0.0006464727558057064,0.005106474972899151,2688.0,-0.0030699832048548285,0.008041688393609012,-12.71113882341611,4
259,0.8340150089718047,-0.04191445843378703,-0.4103518099245571,0.007862975756063286,0.0031680296174831195,0.01879347051692535,0.8589999675750732,0.05260002613067627,0.4509999752044678,25.019253126297677,1.2573738958580154,12.309978012016842,0.9306667098996584,0.0033162241194092897,27.918671257115193,77.10698674496787,9.0593345213894,91.90371991247265,91.90371991247265,6,0.16216216216216217,0.05829493391134336,0.7888030888030887,0.09110555482256359,0.0002790672526447312,0.08612390614238949,0.013460937306386141,0.020026274102930307,0.1562973384431849,6.201428571428571,2.8457142857142856,0.0,0.0,2.1792168674698793,9.283447265625,8.97064208984375,78.63075358072918,14.388214285714286,5.964694372227434,9.283447265625,8.97064208984375,0.0,0.0,34.13139724731445,0.025306053459644318,0.06129346415400505,-2.8773716517857143e-07,2.9272051403837076,0.011082918757450922,1.3545412558710619,1.1807396298363096e-06,3.6146171271180956e-08,2.9272050474044584,0.0006454902570396419,0.005763165760858437,2675.0,-0.003089886257508943,0.008079335224602639,-8.668139636211267,4
260,0.8338986273152488,-0.04108952491907846,-0.4104368006558645,0.00833396848323274,0.0032313267315637875,0.019874945091415186,0.8589999675750732,0.05260002613067627,0.4509999752044678,25.015767819455693,1.2326323189905712,12.312528448232582,0.930589540343978,0.003413850736263265,27.916362159290184,77.60470554250966,9.38770035653824,92.10526315789473,92.10526315789473,8,0.21052631578947367,0.05357644764133129,0.7845112781954886,0.09426721527100784,0.0003793749937526027,0.07447353899974259,0.008277920648263742,0.006919838365634683,0.11115250811825063,6.908571428571428,4.617857142857143,0.0,1.8178571428571428,1.4960556844547563,11.605224609375,10.3533935546875,75.78193613688151,17.978571428571428,7.392852753621885,11.605224609375,9.787801106770834,0.5655924479166661,0.0,34.12713623046875,0.025300033390522003,0.06089967116713524,8.719308035714285e-07,2.9300479353975613,0.011185475456528194,1.1404651423696064,5.086263020833333e-07,1.1187654274553514e-07,2.930047583179979,0.0006418175033317753,0.006036918997670551,2669.0,-0.0029902467500152524,0.00813886040223745,-9.554078416783655,4
261,0.8334354753834861,-0.041061734378337864,-0.41169457180443264,0.007744881913187208,0.004625525010202988,0.01807739481235705,0.8666000366210938,0.06800001859664917,0.4872000217437744,25.001852261509214,1.2317968884961945,12.350301011247295,0.9306908223625762,0.003992763683542887,27.919398226027905,77.82271437851922,10.72108814623694,97.4477958236659,97.4477958236659,10,0.2702702702702703,0.07696039562223587,0.7860617760617761,0.1107281248819297,0.0004734975999999999,0.1314754850605258,0.01891615246169313,0.03704414765666397,0.1438758902694668,5.292380952380952,3.0442857142857145,1.1848019056177939,0.24428571428571427,1.7384639449397778,11.605224609375,9.818318684895834,82.30495859781902,16.53265306122449,7.858195455599778,8.721381293402779,9.520263671875,0.29805501302083304,2.2330142269777693,34.12310028076172,0.025759218260645866,0.07179693877696991,-7.978166852678571e-07,2.934079097342556,0.011119600390954564,1.2021557274526047,4.722958519345238e-07,-1.2048177441445901e-08,2.9340789064132147,0.0006670458804317488,0.005690374937840098,2678.0,-0.0030085324480456288,0.008100039036611963,-9.906428744600507,4
262,0.8318288562354588,-0.041968077239536106,-0.4155055814839545,0.007483829403140332,0.0046324609750443635,0.01721747968730586,0.8666000366210938,0.06800001859664917,0.4872000217437744,24.95368082991668,1.2589787457244737,12.464558587372302,0.9309692256400842,0.003957743372121129,27.927742997127904,78.90011916552957,11.791427468446301,97.4477958236659,97.4477958236659,17,0.4473684210526316,0.09899383501616622,0.7789849624060151,0.12568647500600325,0.0002277758560599749,0.27293236705730956,0.04165654080259502,0.06307589967972829,0.15262587303853228,4.0096428571428575,2.5514285714285716,0.7410172097205575,0.7339586078895991,1.5715285554311311,15.356038411458334,15.01373291015625,93.85248253231956,16.58888888888889,8.0733874790417,9.766082763671875,9.430948893229166,4.724414222363758,3.4087663820102905,34.11785125732422,0.02546759508550167,0.08147124946117401,-1.4677501860119048e-07,2.936401864890967,0.010952645710816037,1.2021557274526047,-2.5431315104166666e-07,-3.4778760452272514e-08,2.93640186243089,0.0006689190709304102,0.005329982847080816,2686.0,-0.0030230014507307687,0.007999044189852762,-9.906428744600507,4
263,0.8318743706260409,-0.04223212481396539,-0.4153249527528172,0.008411501398889982,0.004733567256219184,0.019402108885624367,0.8666000366210938,0.06800001859664917,0.4872000217437744,24.9550459759576,1.2669091730032649,12.459162868303912,0.9309926869283833,0.0039441069629571335,27.92845710439969,77.73088128313924,12.679258812624388,97.4477958236659,97.4477958236659,15,0.4166666666666667,0.10676532123888348,0.7940476190476191,0.13765755763706972,0.00014659773361099483,0.26323399132471814,0.024821035348576475,0.06360521905034273,0.09429266799346568,4.252142857142857,2.1623809523809525,1.0683692035537344,0.5175364633817653,1.9664170887469719,15.356038411458334,15.01373291015625,103.92381569998605,13.516666666666666,8.629550874716466,10.64361572265625,10.456644694010416,5.0218363805760875,3.394365540073857,34.11335754394531,0.025102531537413597,0.08147124946117401,-1.4677501860119048e-07,2.939392172673232,0.01076626332527989,0.7591052689674233,1.598539806547619e-06,-6.3506732202397805e-09,2.939392104506191,0.000653968403978278,0.005243022845805177,2699.0,-0.0030873425205198562,0.007886882887151853,-11.21530690964818,4
264,0.8283341137284325,-0.0420571441025961,-0.4230453146497409,0.00878919300186722,0.0034330207181050014,0.020272197176191286,0.8553999662399292,0.054000020027160645,0.45899999141693115,24.84883255473205,1.2616543230840138,12.69077115373952,0.9313233278217885,0.00322523822482997,27.938369148508198,76.61089732171746,11.185332169254186,93.54120267260579,93.54120267260579,14,0.3783783783783784,0.1052014588243695,0.8008108108108107,0.1220398154359126,0.00032347123631820056,0.34198064522478366,0.033822323477042136,0.13036496799965558,0.09890127979263488,5.196071428571429,3.017857142857143,1.0594498837238358,0.8964285714285715,1.7217751479289942,15.356038411458334,15.226338704427082,98.18295033772787,15.626785714285715,8.700090773335972,12.99415588378906,14.060872395833332,1.1654663085937491,1.5261050796308888,34.10988235473633,0.024934908375144005,0.07680683583021164,-2.906436011904762e-07,2.9417862171706948,0.010802024284054289,0.8961999057004464,5.4495675223214284e-08,7.79022624595661e-08,2.9417864190605374,0.0006385259269063323,0.005472730223697727,2688.0,-0.003076642259269276,0.007826507313892882,-10.768684582814036,4
265,0.8279741715306328,-0.040216486871242525,-0.4233423049818902,0.011057883418083968,0.005313800521141614,0.025138827526287297,0.8926000595092773,0.05760002136230469,0.4599999785423279,24.838044288839612,1.2067751781855311,12.699652863740921,0.9312047550416506,0.00418088798758018,27.934809344933104,78.06152842217789,10.544156450085872,93.12638580931265,93.12638580931265,10,0.2702702702702703,0.08693802364126141,0.7834749034749036,0.11080686901898981,1.6217242815493206e-08,0.17766531219157253,0.028073632578981735,0.040020072364003303,0.15801414599553662,4.111071428571429,2.9319047619047622,1.5755165576627204,0.810198878191165,1.4021845054409614,13.291117350260414,15.226338704427082,88.34815652029855,17.295555555555556,7.498299472956693,10.697504679361979,10.418497721354166,3.4185004623035393,1.8098043005467965,34.105918884277344,0.025104591622948647,0.08226516842842102,-1.0884602864583333e-06,2.945871490744442,0.011059454207354756,0.8961999057004464,7.266090029761904e-07,-1.0869649619388088e-08,2.9458718065511733,0.0006322946113579638,0.006006466096145588,2687.0,-0.003049315069353096,0.007842178459801554,-10.768684582814036,4
266,0.8242937627860478,-0.03931949602989923,-0.4313824857785588,0.00989801281354153,0.0053271206393170865,0.022403663630732335,0.8926000595092773,0.05760002136230469,0.4657999873161316,24.727645740764483,1.1798661672217505,12.940839430519512,0.9315085426618004,0.004145737165524529,27.943926137728685,80.91354507416402,8.451072972067175,91.90371991247265,91.90371991247265,9,0.23076923076923078,0.05059686714169408,0.7502564102564104,0.08385896297883794,0.00019714452311536847,0.08423734834225666,0.010084152886606815,0.031270406024777785,0.1197111861312973,2.86047619047619,2.0989285714285715,0.4644319671966982,0.6054610108952398,1.3628268390902387,9.974568684895832,12.803141276041666,73.22253003801619,14.265142857142857,7.473273173005745,9.349365234374998,8.32801818847656,2.975634851460712,0.5523109164389358,34.102481842041016,0.02515651471912861,0.07801268994808197,-2.758207775297619e-06,2.9489609940972397,0.010906126199068845,0.8961999057004464,-2.1798270089285714e-07,-6.124762003289728e-08,2.9489603639095763,0.0006319347860620497,0.005879578970949187,2680.0,-0.0030371195179786825,0.007915171392030568,-8.887374517054168,4
267,0.8244780488298052,-0.03645643812134152,-0.4306583048701286,0.010773889628306783,0.005512174200866532,0.02420601412913292,0.8926000595092773,0.05760002136230469,0.4965999722480774,24.733163322040014,1.0939768585136957,12.919127574690751,0.9312755876278548,0.004227553295660881,27.93693436537197,82.04199567908643,7.9221276348438705,91.90371991247265,91.90371991247265,7,0.1794871794871795,0.04736731708941508,0.7388644688644688,0.07844390549615862,0.00011547914768846295,0.07995514518373924,0.004892577612557734,0.005085879437896904,0.06119152934203858,3.6035714285714286,1.8591428571428572,1.1524483697320063,0.4706813125238601,1.9382972183802059,9.974568684895832,12.803141276041666,72.58185759044828,14.006883116883117,8.865664351035695,8.3056640625,7.74224853515625,3.076294687366047,2.1393680902948473,34.09928512573242,0.024774136021733284,0.07801268994808197,-2.9020763578869047e-06,2.9526727539341504,0.010710787949472136,0.737834825916353,1.1989048549107143e-06,6.137927473037687e-08,2.952672340386149,0.0006315138091140649,0.005555804410208091,2684.0,-0.0030310446293852077,0.007897183845719044,-9.778995028185326,4
268,0.8247147338958014,-0.03428168526433763,-0.43027057163204463,0.007988563471925668,0.004234352717643045,0.018118737600513787,0.8461999893188477,0.047599971294403076,0.4965999722480774,24.740252588306156,1.0284057007942882,12.907521863281726,0.9310537839335843,0.0033582773002068717,27.930282591702646,80.43431505725762,8.415970975241132,91.90371991247265,91.90371991247265,8,0.20512820512820512,0.0573024088324579,0.7549816849816849,0.08684472619152642,1.8747132694710548e-05,0.10585731684127081,0.01035907614760169,0.014015560068466892,0.09785885809985857,4.024285714285714,1.9235714285714285,0.7790431074499704,0.6016791978644909,2.09209060527293,12.349039713541668,11.737467447916666,73.26716657366072,13.785285714285715,8.470936676877798,8.012847900390625,7.517496744791666,3.059299453994678,3.001687236936532,34.095977783203125,0.02488822117447853,0.06517800688743591,-3.120059058779762e-06,2.953960915859708,0.010572159621481276,1.0374189474319455,2.724783761160714e-07,-4.7501161873983807e-08,2.9539608141344202,0.0006397761635614954,0.005213413174260443,2671.0,-0.003056357755052959,0.007882579104429339,-9.778995028185326,4
269,0.829792162287803,-0.038139475413731166,-0.4192565527331261,0.010299560702042325,0.010306390345664834,0.022689572406926668,0.8680000305175781,0.09259998798370361,0.4965999722480774,24.892584582907812,1.144119976716382,12.57709172487259,0.9308580695422407,0.004010347301806313,27.924413188518532,79.85398791353703,10.646616939682469,92.9203539823009,92.9203539823009,9,0.23684210526315788,0.08544132857576629,0.7667293233082707,0.11644432657584079,6.37098808829649e-06,0.17623743392482302,0.013498508496532969,0.03346771957743011,0.07659274307347767,3.2960714285714285,1.9875,0.39484868582012217,0.42721377218303386,1.6584007187780772,13.469441731770834,11.737467447916666,96.34563431512741,15.277142857142858,7.8541258103558516,10.392659505208334,9.176864624023438,2.6543903516190928,2.9067936569875217,34.09138107299805,0.024945195764303207,0.053170304745435715,1.1625744047619049e-06,2.956961722642114,0.011220276235235648,1.3426934779999073,-1.6348702566964286e-07,6.304756361857563e-08,2.9569610972293696,0.0006649703894918793,0.0060233752546970465,2681.0,-0.0030602572798802737,0.007826613191261685,-12.52483588824216,4
270,0.8379684665997823,-0.042568866054217024,-0.40077973372027986,0.010002443411862998,0.009988694248735995,0.023236308428713583,0.8680000305175781,0.09259998798370361,0.4886000156402588,25.137864283749035,1.2770071244665555,12.022800011634827,0.9302423029658423,0.004081791620498178,27.905938773393437,79.41172022239083,9.85287753762059,92.9203539823009,92.9203539823009,11,0.2894736842105263,0.08041364380011176,0.7688721804511278,0.10868966548339969,0.000248840966930445,0.17835904572525788,0.007442934681663682,0.035700953374995285,0.04173006561791483,3.385,2.3257142857142856,0.4240529664645054,0.3343116595548018,1.4554668304668303,13.469441731770834,15.30059814453125,121.27818756103515,13.765,8.177636983423334,12.100321451822918,11.781438191731771,2.1173023606983374,1.3571854960353138,34.08891677856445,0.02477266639471054,0.06013979762792587,-4.3596540178571427e-07,2.9616709783141837,0.01276082847725395,1.3426934779999073,-2.906436011904762e-07,-2.7536811050055537e-08,2.9616714038713643,0.000653889371159087,0.008622578209737521,2678.0,-0.003081380977533436,0.007821430336944277,-7.818966930129849,4
271,0.8418359336853027,-0.04716592346770423,-0.3921657334310668,0.009164904743957826,0.006451477795526154,0.022025421525661577,0.8680000305175781,0.09259998798370361,0.4886000156402588,25.253877153396605,1.4149257040449552,11.7643965743695,0.9302151206623291,0.004109937609871425,27.90512086048115,79.85820295157241,9.581336986486138,92.9203539823009,92.9203539823009,15,0.39473684210526316,0.08260245773078441,0.7636466165413534,0.10410154577787382,0.00013106044214910428,0.20910761544548478,0.007082447450613829,0.049100243388937176,0.03386986856277481,3.3435714285714284,2.7476190476190476,0.4246409047173667,0.13380020303073445,1.216897746967071,17.185262044270836,16.466573079427086,140.7100657145182,14.065396825396824,8.054044371508095,14.160283406575521,14.448716905381945,2.0842934858471502,1.7673026113352592,34.08961486816406,0.02479502558708191,0.06013979762792587,3.483363560267857e-06,2.967595865621912,0.01205276331217364,1.3168937868391222,9.264264787946428e-07,3.176905104973211e-09,2.9675959711667548,0.0006595658380098526,0.007651785923399539,2685.0,-0.0030395673471464157,0.007787063734865856,-7.818966930129849,4
272,0.8445767428647905,-0.04527838077715465,-0.38479854263010477,0.010049554817883189,0.004077847431513976,0.025905436446341776,0.8760000467300415,0.05760002136230469,0.4373999834060669,25.33610742884023,1.358285566185202,11.543377564634596,0.9296265035665342,0.003633546476968291,27.88746559942371,78.33507001631368,6.64809365449027,89.171974522293,89.171974522293,13,0.34210526315789475,0.056859335244202204,0.7716165413533834,0.0671413942030926,6.288835651811758e-06,0.10664738842033668,0.001117113885000996,0.008625451994190703,0.010474835826246755,3.5942857142857143,2.908095238095238,0.1910693146300506,0.1830071309466499,1.2359587358768627,17.185262044270836,16.968994140625,157.53177846272789,12.219642857142857,7.762846750282228,15.689324273003473,15.004848904079862,2.4311235607140715,1.7335433667214792,34.09555435180664,0.02557077631354332,0.05858076363801956,1.3776506696428572e-06,2.9726274660284036,0.01100800788442101,0.9199949685171251,1.1444091796875e-06,4.3197092127484086e-08,2.9726274811623687,0.0006464312295711633,0.00608630759401187,2664.0,-0.003032121412652225,0.007878690157672924,-7.818966930129849,4
273,0.8472461807103384,-0.034360714378811066,-0.3748372283890134,0.016328155544815016,0.02327238730049593,0.0434781479615228,0.9450000524520874,0.09820002317428589,0.45639997720718384,25.416180849926814,1.1794848561286926,11.244558280238083,0.9285121808819147,0.008566748827271351,27.85403649739675,82.0624444044486,8.819711529838258,97.4477958236659,97.4477958236659,10,0.25,0.0516509234805083,0.7399642857142857,0.08250694930533713,0.0002347274129112866,0.07347193195809312,0.0063702100031877255,0.015765114455816777,0.08670263369174996,3.087142857142857,2.7510714285714286,1.5804446976015551,1.1882281333728701,1.1221601973257171,17.0599365234375,20.192972819010414,148.4537130446661,17.709285714285713,7.82513324526314,13.798658582899307,15.090204874674479,4.780137471966556,4.307177161197224,34.101341247558594,0.025487076491117477,0.07526927441358566,7.978166852678571e-07,2.9757741326224516,0.011289804595005807,0.9199949685171251,1.1625744047619049e-06,-1.207601849526973e-08,2.9757739309056714,0.0006717065016450848,0.006534409358969203,2670.0,-0.0030397678816819736,0.013123019652527502,-6.854516203126097,4
274,0.8500108473300934,-0.02568277154650007,-0.36667213307959695,0.016916763285205614,0.025411976372026183,0.04253210268982316,0.9450000524520874,0.09820002317428589,0.46060001850128174,25.499113991345677,0.9555724289161819,10.999629706697805,0.9275005968049453,0.010491263944008103,27.82369175525325,87.17321665532695,8.623051194800047,97.4477958236659,97.4477958236659,5,0.11904761904761904,0.04295980734695171,0.6958843537414966,0.07731915002279866,1.3113266805497608e-05,0.05854811550688145,0.004497323879827188,0.08373070329005637,0.076814152614333,2.2168571428571426,2.032857142857143,1.5039141855674545,1.1110438188239646,1.0905130007027406,17.932230631510418,15.927225748697916,123.68881436302549,16.24896103896104,6.229155402473649,12.202860514322918,8.762537638346355,4.209881761100174,5.7971418618638095,34.100921630859375,0.025805164128541946,0.07992527633905411,-2.906436011904762e-07,2.978619870262642,0.010886170447445564,0.9199949685171251,-1.9981747581845239e-07,1.0374733117007972e-07,2.9786199038515635,0.000659841898436695,0.005834641503180027,2671.0,-0.0030850036775127523,0.015845196809898567,-6.854516203126097,0
275,0.8706052381140845,-0.014625943345682962,-0.2652583713815326,0.032152755491234856,0.031124506278776814,0.1505023438685525,1.0218000411987305,0.10940003395080566,0.46060001850128174,26.116915714825904,0.8799677144629615,8.174594285104956,0.9235621478712165,0.014691887034214637,27.705544128849663,90.65001174657414,5.545650748686088,97.4477958236659,97.4477958236659,4,0.09090909090909091,0.026882825071332293,0.6645779220779221,0.04414890845070922,0.00011660473735943359,0.033771575671093026,0.0012289948727290628,0.03880429063372699,0.036391398633526834,2.01,2.0126190476190473,1.2738571165373178,1.067359707892211,0.9986986868567373,17.932230631510418,15.927225748697916,97.96679789225259,14.740190476190476,8.955628319843036,10.77909923735119,9.451514350043402,4.388771231705405,4.577740051856327,34.09718322753906,0.025426369160413742,0.07992527633905411,-1.232328869047619e-06,2.9839651691681444,0.012500206576160282,0.6674506641893756,3.9963495163690477e-07,-1.1886610664805042e-08,2.9839648288112737,0.0006510782821662378,0.008590135133110322,2686.0,-0.003084668000138014,0.019830317805458072,-0.011337868784362366,0
276,0.8900297238315855,-0.022260628839333853,-0.17956366646573657,0.031944146382127114,0.02766314493135512,0.1477364044634586,1.0218000411987305,0.10940003395080566,0.46060001850128174,26.699633000663347,0.9603331401944161,5.603786137614931,0.9210565180020468,0.0125765313175356,27.63037401835942,87.21029290896509,8.181742170388413,96.99769053117784,96.99769053117784,6,0.14285714285714285,0.03531131545981033,0.6946938775510204,0.07185470554439218,0.00036638647496876295,0.045103992010975834,0.005998103240607769,0.029326049553433767,0.1329838662428851,2.1107142857142858,1.9707142857142856,1.1174749080261388,0.7715113491743086,1.0710402319681045,12.349955240885418,15.21942138671875,88.74977278936477,15.758163265306123,8.025818676687779,10.206993950737848,9.506208631727432,3.818186268129038,1.6461655553496777,34.093048095703125,0.024450937286019325,0.08109478652477264,2.467564174107143e-06,2.986548177503778,0.011762445118212303,0.6638399022257335,1.2715657552083333e-07,-2.797462605913435e-08,2.9865480463173824,0.0006302486126078505,0.007534739639546076,2686.0,-0.0030090468627237987,0.01826758299445943,3.990744595396336,0
277,0.9105105426992689,-0.027342628459135692,-0.09214724756422497,0.01384154745410726,0.025370520397545258,0.06507880805186844,1.0218000411987305,0.10940003395080566,0.3686000108718872,27.314055995259967,1.0763168424367904,2.981316713435309,0.9182797554079246,0.010048718217511177,27.54707617307508,82.24724125243429,8.15875522405154,96.99769053117784,96.99769053117784,7,0.175,0.03943478211954932,0.737,0.07609794976990952,5.085727346938771e-05,0.04681095298074235,0.007355261843710031,0.012941464185803084,0.15712694092632393,2.142448979591837,1.904047619047619,1.003957682742667,0.44633078294069467,1.1252076671608997,12.2210693359375,14.042561848958332,80.02137414841424,13.412571428571427,8.874118512514336,9.006565638950892,8.678944905598957,2.523513390976823,1.7430034272120012,34.093650817871094,0.024342680349946022,0.0656055137515068,-5.812872023809524e-07,2.9896261464879093,0.011037916912135638,0.6661359343929667,8.900960286458333e-07,-1.2967821247888703e-08,2.9896262070296165,0.0006281888733721939,0.006256582449049885,2690.0,-0.002984043257752235,0.016739461438090287,3.990744595396336,0
278,0.912398751786777,-0.03549741848309835,-0.09989063797394435,0.0030474555751486636,0.003954358355458792,0.01615003031482418,0.9263999462127686,0.05620002746582031,0.14020001888275146,27.370662410770144,1.0648586973547935,2.9965588534729823,0.9186878162538352,0.002851704278073195,27.559322878040103,79.74162823471099,5.62622867862912,87.68267223382045,87.68267223382045,6,0.15789473684210525,0.039138544981313174,0.7565037593984961,0.057972082403310886,0.0001074141880882966,0.03755483765726129,0.008141580158799526,0.016129744448360135,0.21679178147706196,2.6402857142857146,1.8473809523809526,0.9036241768906057,0.35632517506553973,1.429204794432272,8.643697102864584,10.026448567708334,71.84967360723586,15.924835164835164,8.314597376026072,7.51483154296875,7.8946092393663205,1.2843122984834185,0.9418853505312667,34.09322738647461,0.024654366075992584,0.0656055137515068,-2.9020763578869047e-06,2.9878455669242685,0.010264074082639033,0.849467688545182,0.0,2.3433622300118664e-08,2.9878454753014694,0.0006269317586605856,0.004774495754708396,2688.0,-0.0028848287962849983,0.012474732644293543,10.371418585341722,0
279,0.9116400188888822,-0.03420037074032284,-0.1061105332942236,0.0056137569324625665,0.012164873018366839,0.020689107500872002,0.9448000192642212,0.16499996185302734,0.28460001945495605,27.34793999527182,1.062107979442392,3.183098141678742,0.9187525918758117,0.0042245908194705716,27.561295003010358,80.98496148803618,3.919262399308647,87.1369294605809,87.1369294605809,3,0.07692307692307693,0.028587401550156728,0.7427106227106227,0.037982610347796465,0.0001488997610995418,0.023032280770396863,0.0038387772187947746,0.013395009004035428,0.16666943482769248,1.9173809523809524,1.8461224489795918,0.4757975164331892,0.35044970217222765,1.0385990124548603,8.953857421875,10.026448567708334,61.21488981701078,16.29095238095238,8.200495682158888,7.057885064019096,6.885085332961309,1.9220883880031376,1.4465089393445076,34.093048095703125,0.024806972593069077,0.0539359375834465,-1.0157993861607143e-06,2.9882037862698967,0.010313790081936032,0.838827126589621,-3.0880882626488097e-07,8.216418306780873e-08,2.988203983053833,0.0006270196648711424,0.004882265543654224,2688.0,-0.0029474435252897185,0.011682358002301245,4.178343294052648,0
280,0.9118303425879706,-0.03378771388814563,-0.10183825708570934,0.00767999230820564,0.014313319214027787,0.030589501308022286,0.9545999765396118,0.16499996185302734,0.29079997539520264,27.35360413474696,1.063831277191639,3.0550161413209778,0.9187572874657602,0.005641948931595382,27.56140424044387,82.91026087537288,5.179281489386249,95.23809523809524,95.23809523809524,4,0.1,0.03243074172595911,0.7264285714285714,0.044268429806703334,8.163265306122521e-06,0.04650362163069734,0.00368476799141987,0.00338648493595171,0.07923615112564762,1.6720408163265306,1.9440816326530612,0.3343876149788276,0.38134442897600723,0.860067184547554,14.791666666666664,14.46014404296875,77.3678713117327,14.506964285714286,8.159978802040168,8.162609281994047,8.080153692336308,3.2836413825885673,3.3262488854514345,34.09589767456055,0.02574627287685871,0.05782993882894516,1.0172526041666667e-06,2.9844532636885224,0.011167866855967814,0.838827126589621,-7.266090029761905e-08,-7.513034690957647e-08,2.984453393541413,0.0006301109925499238,0.0065286420958041765,2693.0,-0.002920946809917534,0.011567976019666632,4.178343294052648,0
281,0.9120614760376158,-0.034874380931967784,-0.09953629524083364,0.007693087029102168,0.014595992549072607,0.030055929312829653,0.9545999765396118,0.16499996185302734,0.29079997539520264,27.360541709661483,1.0964371456844466,2.98595028596265,0.9187619582787253,0.005646421946872859,27.56154736838004,83.68825831485213,4.8225598340054,95.23809523809524,95.23809523809524,3,0.07317073170731707,0.030623620335436814,0.7193031358885017,0.04107820359357033,1.0246397334444142e-08,0.04056290110711221,0.0024089920771736355,0.005828031815330788,0.0593890479088846,1.7852380952380953,1.75,0.4563278946024341,0.2637120083037842,1.0201360544217688,14.791666666666664,14.46014404296875,75.06180826822917,14.474190476190476,7.834022198108294,7.9364013671875,7.856256394159225,3.138100824987509,3.5508822614336335,34.10793685913086,0.029096418991684914,0.0659569650888443,4.7156924293154765e-06,2.980859826493335,0.011591972781352681,0.6916029036673212,-7.447742280505952e-07,7.457858124081448e-08,2.980859661359872,0.0006268200262702662,0.007351384321490103,2692.0,-0.0030153833181027836,0.011202633345036059,4.178343294052648,0
282,0.9128975519679842,-0.037978152604330156,-0.09360269534020196,0.005914088545640976,0.009295062783528162,0.024519572757467367,0.9545999765396118,0.07439994812011719,0.29079997539520264,27.38566127334322,1.1533662957378796,2.807875003218651,0.9188511669649289,0.00456750371641957,27.56424750573889,83.94202404753976,4.629829365254941,95.23809523809524,95.23809523809524,3,0.07317073170731707,0.03017635241207855,0.7169337979094077,0.039254578698432296,3.768456476468149e-05,0.04278994649968602,0.0008875261557020329,0.012062202835925014,0.020741464486489725,2.0723809523809527,1.7918367346938775,0.31290026520237857,0.3485042711198167,1.1565679574791194,9.4268798828125,14.46014404296875,77.4322021484375,15.515904761904762,8.176792160239003,7.529415554470486,8.192066010974703,2.6070262284430843,1.0568738957505301,34.122230529785156,0.029337506741285324,0.06712527573108673,3.1215122767857143e-06,2.976128610109898,0.010359251393098873,0.6916029036673212,-3.9963495163690477e-07,1.5004067408280258e-08,2.9761290314066318,0.0006319877991232027,0.005275583841533614,2678.0,-0.003011246203445297,0.010374698214940576,2.493497233886094,0
283,0.9130580570186887,-0.04223139065504074,-0.09542443826085045,0.0029724976530819966,0.0052919008951957105,0.011387429615359056,0.9342000484466553,0.06319999694824219,0.1273999810218811,27.39043528199196,1.2668831482103893,2.8626004335284234,0.9190880053042054,0.0028427587594757075,27.571325688488603,83.69992067555289,2.0571847506268246,87.5,87.5,0,0.0,0.020035682454774825,0.7172822299651569,0.01773317212271891,3.768456476468159e-07,0.02052892892648316,0.00014857209243638897,0.0038469411272484657,0.007237206235573493,1.920612244897959,1.7036734693877553,0.2695713659981295,0.3081543450526762,1.127335888835649,8.2830810546875,8.42498779296875,65.87916564941406,15.634910714285715,8.345963706853134,7.165294828869048,7.150006975446429,0.8777605876177537,0.779485135262643,34.13196563720703,0.025458883494138718,0.06635361164808273,1.014346168154762e-06,2.9748371967638816,0.009983969310179294,0.6203667563520555,-5.631219773065476e-07,7.615554469153494e-08,2.974836672571325,0.0006172081886902536,0.004731869894949537,2666.0,-0.0029852224880102434,0.0101147480848094,-3.078329207251004,0
284,0.9116585046336765,-0.02982963813770385,-0.10061423838706243,0.006457633305929114,0.02191370672266664,0.02684411527786539,0.9342000484466553,0.06319999694824219,0.29979997873306274,27.348455424649377,0.9628872698545456,3.018280580171517,0.9183470307714936,0.0039383393733152545,27.549102503673918,84.66424568680596,5.7553431523832455,97.22222222222223,97.22222222222223,3,0.07317073170731707,0.03170897638955679,0.71198606271777,0.048977476816584924,1.0898083132028184e-05,0.03930046917542848,0.002547630448378939,0.0062084479793553865,0.06482442835496156,2.0185714285714287,1.9226530612244899,0.20095689455549356,0.6123883505410468,1.0498885468633903,12.210795084635416,11.146952311197916,74.53654131208147,14.15,8.337203792329293,7.724728054470486,7.852550688244047,1.7611864756164068,2.138638027936085,34.131195068359375,0.025614818558096886,0.05973566696047783,7.411411830357142e-08,2.97383926498408,0.01011754995205886,0.6343044949836263,-6.902785528273809e-07,7.700290894570037e-09,2.973839672124107,0.000634144007306035,0.004741436990627047,2665.0,-0.0029409719270715533,0.010819553742341675,12.232341428092361,0
285,0.906565276225408,-0.012834114040647234,-0.12269791455779756,0.01619920167597942,0.030593648917904007,0.0644027638603043,0.9373999834060669,0.10420000553131104,0.4007999897003174,27.195654000980515,0.7183692569817816,3.6808220081669942,0.9178241771887299,0.00499740206701778,27.533414994844144,84.97837393343771,6.629172894993546,97.22222222222223,97.22222222222223,4,0.0975609756097561,0.03759613527684863,0.7104878048780489,0.057050979932068785,2.8817176842982077e-05,0.05318332372537327,0.005542275638672586,0.003790662251260372,0.1042107798168398,1.999047619047619,2.077857142857143,0.12574314243123053,0.5907154373225373,0.9620717314082732,12.210795084635416,11.146952311197916,86.94993460518974,14.932448979591838,8.351300424714708,7.793748643663194,8.10365464952257,1.754818684741859,2.2151900817377697,34.12155532836914,0.027512067928910255,0.07952206581830978,-1.887730189732143e-06,2.9728481448393174,0.010337732364955424,0.6593301329153122,3.633045014880953e-08,5.833247833813411e-09,2.972848291774685,0.000633790923887593,0.004954939038522365,2682.0,-0.0028580596155112405,0.012396406487876122,11.884715055948975,0
286,0.9037586092608315,-0.004897628713221777,-0.14312841936804,0.015680540428231443,0.023281052017646714,0.06584633653149591,0.9373999834060669,0.10420000553131104,0.4007999897003174,27.111473420688085,0.4803566964609282,4.293680009629045,0.9178164667484968,0.005090691698842042,27.533194925312646,83.64046435708595,8.434237502665013,97.22222222222223,97.22222222222223,7,0.175,0.04438485888889507,0.725,0.076240757218331,1.0094236734693902e-05,0.06198491096297598,0.01143799484036769,0.002681484026925745,0.1845286967855723,2.077714285714286,2.1434285714285717,0.21039050184194655,0.650096758889296,0.9693415089309517,19.030354817708332,33.42305501302083,131.53987724667505,13.607738095238094,7.747856417581596,10.150777180989584,12.643554687499998,10.570124754225558,5.032080785520722,34.10591125488281,0.030242586508393288,0.07952206581830978,-2.7567545572916667e-06,2.9716458276796156,0.01047514967414247,0.6593301329153122,-3.4513927641369047e-07,-7.520779709302801e-08,2.971646016689833,0.0006347775872648345,0.004868102249251772,2706.0,-0.002907957839293739,0.012802915901044428,11.884715055948975,0
287,0.8925037332716442,-0.014278781062080746,-0.1844841239963259,0.03229061581282359,0.04673622885723122,0.11672208740138393,1.049799919128418,0.24699997901916504,0.4666000008583069,26.773842283913066,1.000329717184816,5.7548501463447295,0.9204655428512217,0.01988412853111318,27.61265840875361,84.57207445726567,7.70570939961204,95.89041095890411,95.89041095890411,4,0.0975609756097561,0.03615584182340641,0.7157491289198606,0.06948898864241979,1.2252857309454383e-05,0.0423764338741713,0.0033217332921976735,0.00886691311149336,0.07838633383028226,2.316666666666667,1.6944897959183673,2.0144784890304583,0.522835634982764,1.3671765225420531,23.78936767578125,33.42305501302083,136.32814418247767,17.863809523809522,9.290025250826702,13.99748060438368,13.067714146205358,9.296864202851808,8.655260155507639,34.091365814208984,0.027896422892808914,0.09275049716234207,-2.903529575892857e-06,2.9714456201025397,0.011660954091769708,0.665098039122397,1.8165225074404764e-08,-9.810413663873696e-08,2.971446466721665,0.0006063142457835746,0.007164341952943854,2714.0,-0.0029323903567836057,0.020010707584361912,8.932528779734369,0
288,0.8896773715643655,-0.02793330517269316,-0.1757123715735617,0.05887780082954422,0.06654155644735688,0.15585321060771187,1.328200101852417,0.43220001459121704,0.6073999404907227,26.689022861208233,1.3722275823780468,6.304285995321615,0.9230111435416247,0.058446204797476115,27.6890077748162,89.70170042851622,9.975037319043778,104.2183622828784,104.2183622828784,3,0.06818181818181818,0.028116815109186812,0.6778896103896104,0.08172280438543457,2.760322932111604e-05,0.03311669352127825,0.0016159094917498865,0.018543938355716633,0.04879440910100601,1.8416326530612244,1.76,1.9729265868124113,1.134053078493088,1.0463821892393321,23.78936767578125,15.795491536458332,138.90767480759396,18.085625,7.068347371087148,12.886250813802084,10.978567940848214,4.5555494052308365,7.519017672059665,34.07862091064453,0.02540474198758602,0.07223336398601532,-1.7409551711309524e-06,2.971957800564417,0.013185016002547699,0.6394064562659294,-1.453218005952381e-07,3.1055525466589342e-09,2.9719578357905054,0.0005898383712808328,0.009575104941453067,2713.0,-0.0029876703171779766,0.023270687679528144,6.638917081102683,0
289,0.8909568574939455,-0.02675493350766954,-0.12571955249423072,0.1039280020965719,0.10757292274633305,0.18718868135502173,1.4231998920440674,0.43220001459121704,0.6073999404907227,26.72740986772946,2.393937999563558,5.638841420837811,0.9258329100258532,0.10281703521451167,27.773678447895087,106.5096214760778,35.20027848065272,253.01204819277106,253.01204819277106,5,0.1,0.06331203014580121,0.5963428571428571,0.10436910951238476,0.00033916108288213235,0.08304795933427296,0.002544949757278412,0.059618261806942956,0.030644338255619727,1.0662337662337662,1.5402857142857143,0.42008050855167783,0.9971047475320838,0.6922311596769025,22.961832682291668,15.795491536458332,101.72147928873696,15.680931677018634,8.690404683308023,10.3912353515625,9.855224609375,3.9464905008342774,5.0448181040812985,34.06793212890625,0.02722240425646305,0.07223336398601532,-1.3049897693452382e-06,2.9743148805890662,0.013623534597343941,0.6394064562659294,5.086263020833333e-07,2.5779667049542788e-08,2.9743149629877808,0.0005936219387358563,0.010308750705057764,2702.0,-0.0029691186929156647,0.02484790415183826,6.638917081102683,0
290,0.9015487907159896,-0.026042876402537028,-0.09505920971575238,0.10271124184494249,0.1026144660116116,0.14680946734036976,1.4231998920440674,0.43220001459121704,0.6073999404907227,27.04519400715828,2.210319707095623,4.503246710641044,0.9243327421229979,0.10366308977107286,27.72866968862926,106.831954469072,36.39280223422589,253.01204819277106,253.01204819277106,10,0.20408163265306123,0.07004189708266602,0.6006413994169096,0.12619740894539236,2.2109187838400556e-05,0.11379705848326964,0.005332935953703086,0.09538986233413867,0.046863565937314014,1.104935064935065,1.3820779220779222,0.33327261492305194,0.9228242452494256,0.7994737831234731,14.292195638020832,15.795491536458332,97.58965345110212,16.12517857142857,8.114360682631759,10.158691406249998,9.876773718631629,3.277522551620465,2.1484480731483253,34.05307388305664,0.027941185981035233,0.06989077478647232,-1.0157993861607143e-06,2.9807681509678856,0.014602362223350375,0.5818990319628179,1.3260614304315476e-06,8.817177299270073e-08,2.9807682102690265,0.0006061762881894917,0.011610599970102836,2697.0,-0.002961583389769758,0.019515414997867613,3.8649929670028795,0
291,0.9075997809341976,-0.03475939087073008,-0.09625038115751175,0.09127112234019062,0.09232699767106801,0.09902073190427836,1.4231998920440674,0.39240002632141113,0.5642000436782837,27.226695142303193,2.3367548565353666,3.7806245752317564,0.9234050616631306,0.09051300012945193,27.70081758978347,103.2923081908954,39.038865204318014,253.01204819277106,253.01204819277106,12,0.2608695652173913,0.076287735541857,0.6304037267080745,0.14349721917715857,1.605228754685557e-05,0.12387122110504632,0.0059116079890613035,0.09796987868903281,0.04772382104837807,1.2901298701298702,1.1396103896103897,0.352139737899019,0.14914237312591375,1.132079772079772,14.292195638020832,13.5858154296875,84.26225135439918,14.550833333333335,8.23776124684233,8.894209428267045,8.89599424419981,2.502071946670795,2.242013563485963,34.042945861816406,0.025604136288166046,0.05980765074491501,-2.1769205729166666e-06,2.991329709164705,0.015224564216692568,1.049268388111102,1.671200706845238e-06,-5.4134609696819594e-08,2.991330063621844,0.0006051091393280397,0.01230813192394069,2693.0,-0.00294698142396865,0.015065274814242325,15.965205266653577,0
292,0.907009171792439,-0.044766752756777266,-0.1447738857978866,0.03755889999825114,0.03961902672565741,0.04391688174245678,1.2334001064300537,0.21139997243881226,0.3293999433517456,27.208946582419532,1.608034002695765,4.4136570024064605,0.9214891922682289,0.03736143947450471,27.643328728815895,89.14011763212808,10.98977244949934,109.94764397905759,109.94764397905759,9,0.21428571428571427,0.046776636883048804,0.6838775510204081,0.0882643820485622,0.00038871743706788927,0.04708868577798587,0.007874132909355926,0.04025837281501952,0.16721921156349434,1.2892207792207793,1.211142857142857,0.2445467304833912,0.17558276146150845,1.0644663192433894,14.292195638020832,13.231201171875,82.74348275320871,14.942360248447205,8.57706056801199,8.532668604995266,8.019826253255207,1.96197721657535,2.1372934848469143,34.040340423583984,0.02461734600365162,0.05360046774148941,0.0,3.005802689844708,0.016319210153180972,1.0961558954260933,1.598539806547619e-06,-1.353277651409841e-07,3.0058030835778857,0.0005976847807652583,0.01363687780251459,2682.0,-0.0029630961176792922,0.012647951912143665,5.67179392176993,0
293,0.9057143435137612,-0.04784203868820554,-0.1524972192134176,0.03536333141276396,0.043079275119471724,0.04850999630328712,1.1633999347686768,0.21139997243881226,0.34060001373291016,27.170131162490165,1.687905290722847,4.648936006001064,0.922014134901152,0.03481779024415158,27.659102530460665,91.83593528881403,8.659095587054649,105.52763819095476,105.52763819095476,6,0.13636363636363635,0.03604761392744829,0.6596753246753247,0.06757587890424532,5.997501041232328e-08,0.06123741001765871,0.0021625403639450973,0.011088586479912463,0.035314040278997705,1.3127142857142857,1.334142857142857,0.21146278680676095,0.18073822540472445,0.9839383231609381,9.48516845703125,12.470194498697918,75.85018157958984,14.74103896103896,8.298735448987719,7.920928955078127,8.104227701822918,1.6827485163723022,1.091474861727573,34.043949127197266,0.024454666301608086,0.05593716725707054,5.783807663690476e-07,3.0163536763839462,0.01380749744328157,1.1078383311321613,2.089000883556548e-06,2.5211134631826277e-08,3.016353635847492,0.0005927751391834315,0.010451805175127012,2676.0,-0.0030114401988112173,0.013693790446455486,10.279422663314932,0
294,0.9033678762855983,-0.043411990773110164,-0.16648143817981084,0.03257349983321081,0.05037609885488184,0.04132715401069366,1.1101999282836914,0.21539998054504395,0.3694000244140625,27.099748574239868,1.6233279970288277,5.014536860542638,0.9219307025845281,0.03201074232032192,27.65660251692263,94.42520041739066,7.478552202103431,105.52763819095476,105.52763819095476,5,0.10869565217391304,0.0299432569947857,0.639751552795031,0.05491326091480002,3.800596684714699e-05,0.042572860334677325,0.0035365518182340237,0.004618632517749819,0.08307057102652222,1.2289999999999999,1.376103896103896,0.13437846341051615,0.1657871435326082,0.8931011702529256,10.736287434895832,12.470194498697918,84.28898562476748,14.58863354037267,8.729965909877537,8.39892578125,8.32193085641572,1.7671037636251368,1.4327116507998476,34.04747772216797,0.02440027892589569,0.057100653648376465,-9.416852678571429e-07,3.0244502400927336,0.01089201498137294,0.5114680346451375,1.1625744047619049e-06,2.963932440507672e-11,3.024450249897971,0.0006100514220323004,0.006352179012198331,2664.0,-0.0030461304937395095,0.013425869215950985,5.2362422048007815,0
295,0.8997115999971117,-0.05187793362140655,-0.1862680954308737,0.030695681585003708,0.056619757094600195,0.0452036417802978,1.0978000164031982,0.2157999873161316,0.3766000270843506,26.99004857131413,1.8894674270919392,5.604575149331774,0.9231280441290676,0.02990136578315838,27.692503188548155,95.79244316149462,6.428001744506123,105.52763819095476,105.52763819095476,4,0.08695652173913043,0.02616622253620226,0.6293167701863355,0.04426140299481745,1.6846836484797984e-05,0.026881107309961284,0.0023746068940059717,0.008644657968711594,0.08833739126237623,1.2973214285714285,1.623968253968254,0.19727148689259763,0.44597915297453206,0.7988588603264587,16.5557861328125,19.397481282552086,97.6587650844029,12.983308270676693,7.967057376073555,9.986203511555988,10.253013328269676,4.265512861441645,3.165502233715353,34.05144500732422,0.02508959360420704,0.0594189316034317,7.963634672619048e-07,3.0268390714188462,0.010748993627818719,0.5500959443366946,5.086263020833333e-07,-1.306056222559575e-07,3.0268400349891733,0.0006267275812106187,0.006119646996132521,2667.0,-0.00309128346008821,0.012520552266868447,5.2362422048007815,0
296,0.8977772663093748,-0.06277981922172365,-0.20081192404315584,0.02448014738754151,0.049450640576571316,0.03544666218100595,1.0748000144958496,0.23240000009536743,0.3766000270843506,26.932026846493994,2.0846380026851383,6.032349435516766,0.9241118394906126,0.024272863118312806,27.722036229156775,96.05629810067218,5.169395081939606,104.4776119402985,104.4776119402985,2,0.0425531914893617,0.0205211601139497,0.6265349544072949,0.03539951828759227,2.5089876551436985e-05,0.01901092514073271,0.0010043933240204222,0.01740923214877515,0.052832427490254755,1.5773214285714285,1.802142857142857,0.6603738263750499,0.5860177785141795,0.8752477209671027,16.5557861328125,19.397481282552086,97.3448714483352,15.187063492063492,9.424146586433706,10.20392100016276,10.037523905436199,4.794586598801839,3.9655689625642,34.057918548583984,0.02592867612838745,0.059031225740909576,3.633045014880952e-07,3.0272350544691324,0.010746219650649159,0.5500959443366946,-7.266090029761905e-08,-8.648556330007438e-08,3.0272348699800635,0.0006238862443888102,0.006140431396377145,2670.0,-0.003085520271914135,0.010847010467263805,-3.637990536471264,0
297,0.8979177618197033,-0.060521828901200066,-0.19362421937215896,0.04951340560487205,0.06836720051858867,0.06240535861942588,1.3473999500274658,0.2922000288963318,0.3766000270843506,26.93623514030661,2.3609354390416826,5.932056864329747,0.9252049389747578,0.04924873820520575,27.75481509769073,95.76042444329546,4.91026685064476,105.26315789473685,105.26315789473685,3,0.06382978723404255,0.021989551443146984,0.6282674772036473,0.03329226381969131,8.2756024989588e-06,0.020362404904024616,0.0018739219036537297,0.012610072647102311,0.09202851590891163,1.5391071428571428,1.7953571428571429,0.6829792693764278,0.6435475459339046,0.8572707380147204,16.5557861328125,16.072285970052082,96.75917794363839,16.862301587301587,8.264933809202368,10.127817789713541,9.238217671712238,3.5031666685623346,3.692698943011738,34.0632438659668,0.025174247100949287,0.0597870796918869,3.6984398251488097e-06,3.0282396162403726,0.011293423830234099,0.5500959443366946,6.176176525297619e-07,7.154323093073897e-08,3.028238970091471,0.0006156350697328686,0.0070818865858587295,2670.0,-0.0030727558127812368,0.011253561678791948,3.5345948705635344,0
298,0.899942104333923,-0.054861819539751326,-0.17774824806054434,0.05571542989738246,0.07670900204487668,0.0678435218744623,1.3473999500274658,0.2922000288963318,0.41659998893737793,26.996982844301634,2.4368854395406587,5.457287725465639,0.9247035000859745,0.05490638029614142,27.739790419855137,96.40667467986255,5.045763744169924,106.8702290076336,106.8702290076336,1,0.02127659574468085,0.01626641550225266,0.6240729483282675,0.03273199202731057,4.956160000000004e-05,0.0071768763991817836,0.0009317721275426934,0.005149558780414196,0.12982975820078527,1.092142857142857,1.4925714285714284,0.28279021574737867,0.4194037555912938,0.731718989280245,11.265055338541664,12.569478352864582,87.25509316580636,15.239285714285714,8.010997134736998,8.088592529296875,8.5167236328125,2.0667096923563695,2.045449952749494,34.062740325927734,0.024946965277194977,0.06484399735927582,-3.1186058407738096e-06,3.030006209246732,0.011454540662842252,0.5321335118239439,3.633045014880953e-08,1.7332539129297182e-07,3.030005747315819,0.0006120597443015359,0.007278193054258313,2673.0,-0.0030220532711332944,0.012995466542965652,1.2534221392555154,0
299,0.9022953327496847,-0.04526101014443806,-0.15607305743864605,0.06459174335462292,0.09074591594650486,0.07250754640324304,1.3473999500274658,0.303600013256073,0.41659998893737793,27.067701553957804,2.546824290709836,4.819635151794978,0.9242544697717797,0.06294568898876622,27.72644727201041,96.64525452307637,5.177964100996353,106.8702290076336,106.8702290076336,0,0.0,0.016527517319576194,0.6225835866261398,0.03283352963828648,6.573569279466878e-05,0.007085493227262435,0.0006989712333269633,0.005979499846592536,0.09864821133941287,1.0944444444444443,1.619,0.3275120564808838,0.42742515754939187,0.6760002745178779,16.711629231770836,20.60791015625,139.76608581542968,14.008639455782312,8.127894911964589,10.543811939380786,10.16168212890625,4.347774154802419,3.5164109394310663,34.05438995361328,0.026417240500450134,0.06484399735927582,-1.3049897693452382e-06,3.033878868985452,0.010781647885041276,0.5351716632964458,2.1798270089285714e-07,2.1219780486124017e-08,3.0338785054573667,0.0006119697998234415,0.006089928872178494,2689.0,-0.0029810722950134815,0.014638166066628457,1.2534221392555154,0
300,0.9047027710392361,-0.05457140071051461,-0.14374311447427388,0.05196281463785469,0.0850524574174654,0.05944615201785112,1.301800012588501,0.303600013256073,0.41659998893737793,27.139770131196293,2.6009968628627913,4.339981007618563,0.9236508151812807,0.04964167485961158,27.708189417660744,98.41779621199419,5.569794331188997,106.8702290076336,106.8702290076336,1,0.020833333333333332,0.019379206013291708,0.6116071428571428,0.03469574387237061,5.9434659558517266e-05,0.013712084244272874,0.0012484960817503742,0.005771423746070174,0.0910507884512038,1.510892857142857,1.646031746031746,0.6697650126677845,0.34509111996450625,0.9179001928640308,33.046671549479164,56.92789713541667,187.18945581345332,14.217443609022558,9.053164973794436,16.84173583984375,16.118559660734956,15.37137819748061,8.872571988566525,34.04415512084961,0.026104139164090157,0.0637010782957077,-1.8862769717261904e-06,3.0348730589070723,0.010615781937982231,0.5228138023204772,-5.267915271577381e-07,-8.963096983360434e-08,3.034872924555013,0.000609905550211892,0.005659788380139362,2710.0,-0.0029957396525109666,0.01598764183336584,-1.3362047279229048,0
301,0.9039727136123749,-0.08488721946591422,-0.09445262866644633,0.047378292428076126,0.11616909400751209,0.09376081542005645,1.301800012588501,0.303600013256073,0.39020001888275146,27.117898265549115,3.6062472842846596,3.44088329238551,0.9250430175445092,0.04604642486323395,27.74998501428426,98.14916634874832,6.545190304968318,109.66057441253264,109.66057441253264,1,0.020833333333333332,0.020480549004799505,0.614077380952381,0.04150750852422834,1.8297442732194806e-05,0.011522488123242122,0.0025710549168444824,0.004720310967249053,0.22313365736158866,1.6716326530612244,1.667857142857143,0.6249461451182886,0.3004234539790132,1.0022636892015906,33.046671549479164,56.92789713541667,181.29104054768882,13.435535714285715,8.008732524674908,18.575657435825892,18.635186089409725,17.678468529382176,8.458217250007284,34.037071228027344,0.02488672360777855,0.06913476437330246,0.0,3.0339571392131437,0.010795771265607775,0.6574463729739287,-2.906436011904762e-07,-4.5241403128771634e-08,3.033957686889053,0.0005909727180935288,0.005937964447209781,2721.0,-0.002980097958737456,0.017676049759491035,0.45998620388608924,0
302,0.9046638566766466,-0.08414983830849329,-0.09131574302911759,0.04174158350497386,0.11218978934823978,0.08983328752465027,1.301800012588501,0.29180002212524414,0.2783999443054199,27.13876141463007,3.415759576303618,3.337903864341123,0.924419460079059,0.04103710262070748,27.73140650160804,96.74924514500155,8.040952262209428,109.66057441253264,109.66057441253264,3,0.06382978723404255,0.027709835078379385,0.6246200607902735,0.05383851375823656,1.4049506039150124e-06,0.018145579278792318,0.005471991155961768,0.008323192030475652,0.30156056590362856,1.910952380952381,2.2295238095238097,1.0151956571135548,1.2237448565460458,0.8571123451516446,33.046671549479164,17.605183919270832,144.1314451671782,13.753904761904762,8.352660962890672,15.071512858072916,11.27989027235243,4.2185234379766205,8.808325565839064,34.029151916503906,0.025414004921913147,0.07769867032766342,-7.266090029761905e-08,3.0330169156053954,0.010696094463986883,0.6426348645208726,1.816522507440476e-07,2.7710183153166e-08,3.0330164907901485,0.0005774708499800711,0.0057108639792524795,2719.0,-0.002954900358399972,0.01976958570010765,2.749103590789905,0
303,0.9044687329644249,-0.07774981916518438,-0.09860896229460125,0.03347276570567439,0.10326027686860419,0.09073040841219156,1.132200002670288,0.29180002212524414,0.2783999443054199,27.132766417520386,2.9433722897512573,3.5513100143415586,0.923451402483077,0.03294048908194802,27.702229603587952,93.87966973119569,11.627917241492858,112.6005361930295,112.6005361930295,8,0.17777777777777778,0.06287890709394038,0.6496825396825396,0.08640404421168635,6.290755918367293e-05,0.17759306034497235,0.0036590452536333466,0.14883278160193833,0.020603537359656372,2.1334285714285715,3.2128571428571426,1.1923051246237608,1.727662492234762,0.664028457092041,22.837931315104164,17.264912923177082,111.33216756184895,14.172307692307692,8.641623716156372,12.667439778645832,12.85249498155382,2.4245981059501176,5.882058256180211,34.02124786376953,0.025792397558689117,0.07769867032766342,-3.189813523065476e-06,3.034668510047931,0.01096720312607288,0.6753978867307974,7.266090029761904e-07,1.8037351341983428e-09,3.0346682419060733,0.0005816882907963186,0.006013156520797605,2719.0,-0.002934530844978364,0.0190915041700862,6.273546461359637,0
304,0.9063103521948769,-0.047536885911510104,-0.1453206956556865,0.03066965611033087,0.050345768789175814,0.04122436941241604,1.132200002670288,0.25019997358322144,0.2897999882698059,27.18802285160337,1.7139268684812954,4.363140298894473,0.9214546501807515,0.02953667446138264,27.642326674967382,90.8161559357316,12.006849311810532,112.6005361930295,112.6005361930295,14,0.3181818181818182,0.07469094685119636,0.6729870129870131,0.0945067353283993,4.4371911703457004e-07,0.2224915398406147,0.005044754733550773,0.10929517501687092,0.022673917116869533,2.005714285714286,2.5273469387755103,0.8511001284052473,1.5693422938666433,0.7936046511627907,22.837931315104164,17.264912923177082,124.77642764136907,15.139142857142856,9.321837718442625,12.696448432074654,12.985491071428571,2.6644525420311553,5.559219362879729,34.02080154418945,0.026239708065986633,0.0687752291560173,3.0473981584821427e-06,3.0384284417678398,0.01090964190721949,0.5508749850806062,2.4159749348958332e-06,4.08152621200818e-08,3.038428133217743,0.0005763418661370349,0.006121672704232602,2719.0,-0.0029251558554410357,0.01690105588192547,7.888965697831059,0
305,0.9032964859633219,-0.09560076190744128,-0.1009728575519153,0.021668842236019316,0.08181273626194212,0.11141305156993137,1.0409998893737793,0.3163999915122986,0.2897999882698059,27.09761629317488,2.926156860079084,4.398788293472358,0.9243381446746517,0.021314081993617496,27.728819349566507,90.08106971699615,11.686304886993076,112.6005361930295,112.6005361930295,17,0.38636363636363635,0.07661998262246553,0.677987012987013,0.0932396309185294,0.00015477391087047066,0.23967730071046484,0.005930942061881873,0.06515453025216368,0.024745530946406035,1.9740476190476188,1.9181632653061225,0.5238277594228374,0.37063943980058767,1.029134305067915,19.497273763020832,19.649759928385418,128.9000266665504,15.756761904761905,8.46453530621223,13.763665093315971,14.634690057663692,3.0344187180975464,3.5862638223122203,34.0343132019043,0.03160811960697174,0.06448736786842346,1.3064429873511905e-06,3.0434871797283276,0.010781229880298414,0.5603637287253167,1.7256963820684524e-06,-4.377461464365651e-08,3.0434871383054887,0.000584996144839103,0.0060110600458549955,2720.0,-0.00292072447814985,0.01301144389234234,3.4193335346672886,0
306,0.8989606962317512,-0.15819766677277428,-0.022173714362439655,0.02281353706908853,0.09489665017133493,0.13752948976479198,1.0492000579833984,0.3222000002861023,0.2897999882698059,26.967541458436422,4.804943719250815,4.01743315002748,0.928214430231773,0.022509386981081608,27.84514325575008,89.2409562916918,7.706521749835287,101.20481927710843,101.20481927710843,10,0.23255813953488372,0.05019931120524513,0.6778737541528239,0.06482305666335232,2.431093710953764e-07,0.10423221870409899,0.0013952123423044615,0.03215804779064865,0.013385614924549179,1.8689795918367347,1.8461224489795918,0.47704979801650527,0.41130930406061866,1.0123811629449482,19.497273763020832,19.649759928385418,111.68419407435826,16.14455357142857,8.549983414155502,12.048892066592263,11.414853050595237,5.286327288697434,4.7120136968769835,34.04977798461914,0.027802471071481705,0.06174584478139877,1.5941801525297618e-06,3.051177915303652,0.013246982904704038,0.6797020709116953,1.2897309802827382e-06,8.861508119557075e-09,3.0511777087636336,0.0005603457177554825,0.009890099766764996,2723.0,-0.002901159282593686,0.011330913987593321,-0.48487223219985476,0
307,0.9008524868488311,-0.15418197149322146,-0.009218866609391712,0.01744824008976451,0.09646702083198877,0.12432754007664543,1.0492000579833984,0.3222000002861023,0.2569999694824219,27.024268891215325,4.631391715577671,3.6288220022405895,0.9274624732786433,0.016531665633654317,27.822547890585827,90.50583984403059,6.270655509049477,101.20481927710843,101.20481927710843,7,0.1590909090909091,0.033782997720430946,0.6662012987012988,0.04721849813400858,1.273761532694707e-05,0.05264407242081352,0.000529583127416092,0.010239612946237254,0.010059691491623935,1.6087755102040815,1.9044642857142857,0.31150385588020935,0.3487970855493995,0.8447391333467282,21.882731119791664,21.004435221354164,112.69999084472656,15.949915966386554,8.33185160293884,11.574983142671131,12.089474995930988,6.011851214473238,5.024355730932817,34.05873489379883,0.024470306932926178,0.061759207397699356,-7.411411830357142e-08,3.059846547369582,0.013425992351791007,1.004821922555211,3.4513927641369047e-07,-3.771321058934152e-08,3.0598459672753253,0.0005674947896052808,0.009949122774166494,2717.0,-0.0029145079075475573,0.01017723540462986,-5.940960879355782,0
308,0.9051755435580299,-0.10257314318134671,-0.047129590363729566,0.02256925533348225,0.09968042495933876,0.10691376252321334,1.1070001125335693,0.3222000002861023,0.2569999694824219,27.15398287815707,3.133508295374257,3.406245007259505,0.9238455712501676,0.021695256399332282,27.71404194905691,90.85037476637086,6.54205205865617,102.68948655256723,102.68948655256723,4,0.09090909090909091,0.03106632065549069,0.663961038961039,0.04926064074832364,4.944723698458944e-06,0.041774946692607506,0.0007246224579408184,0.014888088732293884,0.017345861941436003,1.6660714285714286,1.7726785714285713,0.3817145463536321,0.28237371884054074,0.939860985191901,21.882731119791664,21.004435221354164,99.12036525181361,15.23722222222222,8.673805373281391,11.109568277994793,10.799674987792969,5.136387572300985,4.960222227898024,34.0594367980957,0.024326667189598083,0.06213856860995293,1.453218005952381e-07,3.0780268012895498,0.02649812242643623,1.1125938279963519,2.6702880859375e-06,-2.0789432710565216e-09,3.078026159956101,0.000555485379398222,0.024899056142745776,2709.0,-0.0029490543407438186,0.009810841371838394,2.181264047267766,0
309,0.9103559523707344,-0.03268692422764642,-0.11786788577976681,0.019388184521806826,0.023828373001852785,0.025654571001365988,1.1070001125335693,0.16100001335144043,0.2337999939918518,27.309393428223473,1.0367930127467428,3.5459514319045202,0.919208623202166,0.019146556700686938,27.57496765652055,90.70523971759738,6.241234395171807,102.68948655256723,102.68948655256723,4,0.08888888888888889,0.02954902219076676,0.6646984126984128,0.04692312642395902,1.5124162265722665e-05,0.045510442787124065,0.0007854139093275946,0.005698858316703182,0.017257883273106848,1.5244642857142856,1.822142857142857,0.3711966566500341,0.32794038781337026,0.8366326930615444,21.882731119791664,15.466206868489584,92.7071761358352,15.18079365079365,8.657973377080594,10.341784159342447,9.127655029296875,3.5877035205032857,5.370554944052434,34.06177520751953,0.0242618340998888,0.061331506818532944,2.102806454613095e-06,3.101163545986975,0.032588990086202016,1.1833654759504568,2.7611142113095237e-06,1.4227498231226979e-08,3.101163097489548,0.0005543197025532878,0.03127778164288954,2696.0,-0.003002777978764404,0.009682352997665305,2.6928826724489987,0
310,0.9084403996694655,-0.03876400049527486,-0.12891598118203026,0.025014278340711214,0.04488636484208737,0.0330088298470867,1.1070001125335693,0.18320000171661377,0.28939998149871826,27.25191199013165,1.376361300264086,3.877191151550838,0.9200641050938111,0.024455325096666383,27.600604643022624,90.47242310451655,6.8116125594155355,102.68948655256723,102.68948655256723,5,0.11627906976744186,0.03453706055807623,0.6670431893687708,0.05149349477978467,0.00014034028754685547,0.04757857774816462,0.0029585702109126,0.008243109639768162,0.062182821575130616,1.4496428571428572,1.6439285714285714,0.4160649907533825,0.3229359496107864,0.8818162068216381,15.679524739583336,14.067789713541668,79.71354508172897,14.745,8.068854614870586,8.531125386555988,8.371594746907553,2.8823990997083775,3.548824951441249,34.065372467041016,0.024690253660082817,0.061331506818532944,5.100795200892857e-07,3.124212574989454,0.024889509859737563,0.6543081267869111,3.7783668154761906e-06,-2.299758028713165e-08,3.1242121065663637,0.0005403899053236031,0.023188322619308473,2700.0,-0.002999028854838758,0.009892242550300512,-0.36466648405680674,0
311,0.9066223898331325,-0.053495314737161,-0.14638120979070662,0.01769798293057846,0.0424943050623718,0.030482420990607408,1.0797998905181885,0.18320000171661377,0.28939998149871826,27.19737569493907,1.7678951555064746,4.391221150841032,0.9214149660625125,0.017204298688746112,27.64113322520273,89.54933556355167,6.314906752327119,100.96153846153845,100.96153846153845,6,0.13953488372093023,0.032839391833234,0.6735548172757476,0.05044874291215332,2.8388811328613476e-06,0.033523756056143855,0.003655315566709424,0.006659845819876737,0.10903657575206341,1.5287301587301587,1.655892857142857,0.48583492640172155,0.29511968991843124,0.9232059623518699,12.757670084635418,11.007283528645834,73.91455753871372,15.06203007518797,8.555802062928946,8.288110803674767,8.669204711914062,2.1689352579075565,2.083912816358411,34.06922149658203,0.02469695545732975,0.059778857976198196,-2.1943591889880953e-07,3.1374532854799417,0.0111901023879794,0.5133730477277264,7.992699032738095e-07,-1.6073391739504775e-08,3.1374527374993577,0.0005290483998227814,0.0066415931014091835,2700.0,-0.0030095961529733703,0.009583280977845924,-3.0899640744604695,0
312,0.9044716939755848,-0.06416518127634412,-0.1651382954290935,0.01729242768107036,0.03749322594559336,0.02352503078206276,1.0797998905181885,0.18320000171661377,0.28939998149871826,27.13284981931959,2.087552581003734,4.9539577200157305,0.9227307475816136,0.016823700431312896,27.68060629814888,89.7181818243969,6.651935385313397,100.96153846153845,100.96153846153845,6,0.13953488372093023,0.03256002903511812,0.6726578073089702,0.052879658843874904,7.374953769262797e-05,0.03573422926388698,0.0031161003075306313,0.005418650067435941,0.08720211326006583,1.4941269841269842,1.5055555555555555,0.470414707976349,0.1934991599933069,0.9924090669478124,12.757670084635418,11.007283528645834,77.12232215518043,14.986142857142855,8.90165122380135,8.366981788917824,8.37802463107639,2.2511024482803403,2.0646754307787316,34.07415008544922,0.02544335648417473,0.05784536898136139,1.8136160714285714e-06,3.144318360066699,0.011927286875138164,0.5500697373281966,8.537655784970238e-07,2.625622631214518e-09,3.144318687290947,0.0005786874840209596,0.007954326583332085,2707.0,-0.0029824891151016618,0.009414647501693695,-3.0899640744604695,0
313,0.9044610469114213,-0.05359961932329904,-0.1626366381872268,0.014145378924865483,0.03737003844452382,0.032865971463936834,1.0850000381469727,0.1809999942779541,0.2573999762535095,27.13253583584513,1.7866327268736704,4.879098288203989,0.9218846927141494,0.013370773740862842,27.655223713365526,91.59391303645761,4.450081316234798,98.59154929577466,98.59154929577466,0,0.0,0.01950502837580988,0.6566558441558442,0.032762346568481635,5.788414827155375e-05,0.013677145361833145,0.00043149677685780114,0.010706242120939185,0.031548745402817574,1.3242857142857143,1.45625,0.11274859155643223,0.15170617663962216,0.9093807480073575,12.069193522135418,15.549418131510416,77.1891613188244,14.810601503759397,7.8292578772062305,8.568153381347656,8.728688557942709,3.1979943180208905,2.235489463678059,34.08091735839844,0.0264731552451849,0.06171294301748276,5.79833984375e-07,3.1481788860128685,0.011039923087234924,0.596871031092413,-6.357828776041666e-07,8.403678453358535e-08,3.148179131110635,0.0006450300709872997,0.006599732424972971,2709.0,-0.0030046242043254637,0.014270118922430734,9.50447939349397,0
314,0.9049091994648888,-0.03583562893526895,-0.15689309539397558,0.013952906895482129,0.036408488066870984,0.03295257148455382,1.0850000381469727,0.1809999942779541,0.2573999762535095,27.1459812696491,1.2538565869842258,4.7067851472752436,0.9204306145135983,0.013187585350979095,27.611602661765968,93.43074593248882,4.441767174207706,100.71942446043165,100.71942446043165,0,0.0,0.01805886067778341,0.6436956521739131,0.0317873034524317,6.37098808829656e-06,0.016313526953231235,0.00022118575846864213,0.012260635244078649,0.013558426642059255,1.37375,1.8925714285714286,0.20874740313672535,0.8054350579985089,0.7258642814009661,12.069193522135418,15.549418131510416,73.07549532935732,14.457857142857144,8.671024190382823,8.167953491210938,8.199025472005207,2.868300599540032,2.2699251417135233,34.08381652832031,0.026093756780028343,0.06171294301748276,3.1941731770833335e-06,3.150023385959718,0.009931134496281942,0.596871031092413,7.266090029761905e-08,6.423178886003538e-08,3.150023542922727,0.0007344797139281932,0.00497757379207074,2713.0,-0.0029995759653651164,0.014757796689598252,9.50447939349397,0
315,0.9053363524448304,-0.03276622904482342,-0.1510119336247444,0.023195155458308227,0.04501361895413978,0.038545644228840555,1.0929999351501465,0.1809999942779541,0.3256000280380249,27.15879743048123,1.2851898710642542,4.538187579980918,0.9203558276697567,0.022523303763641544,27.60936311876829,94.77443082349905,8.558053000270963,106.8702290076336,106.8702290076336,3,0.06521739130434782,0.05065646155729463,0.6394409937888199,0.07157530162768451,8.539268638067444e-05,0.07771797054031768,0.0034498320751708733,0.04200469935260751,0.04438911684371901,1.5246938775510204,1.970793650793651,0.2838394757252915,0.8150333830401623,0.7736446060382915,19.40887451171875,18.59649658203125,91.80677788144065,15.136190476190476,8.261006263754792,9.491184779575892,9.87418845847801,4.860204285140414,4.528960543366946,34.088993072509766,0.025811854749917984,0.06171294301748276,1.0172526041666667e-06,3.1500463093821702,0.010411564468985394,0.6100629917209763,1.453218005952381e-07,-3.625262123743727e-08,3.15004659959234,0.0007255424814324983,0.006003586036001108,2718.0,-0.0030060214069047306,0.015792759887804358,9.50447939349397,0
316,0.9051547519138882,-0.033320152909982775,-0.15799591455005463,0.01902587454751796,0.0316370725708168,0.02710986784027852,1.0929999351501465,0.16659998893737793,0.3256000280380249,27.15334655736174,1.12308915410723,4.747470150845391,0.920393377447473,0.018759809834995925,27.610482932812342,91.77192778707736,9.74204944159454,106.8702290076336,106.8702290076336,4,0.09090909090909091,0.052681759856208515,0.6619805194805195,0.07838361017503284,4.406792103290291e-05,0.11964500668818308,0.003776515131977674,0.032764400062483205,0.03156433549976697,1.5185714285714285,1.6467857142857143,0.27625040400746154,0.2407013031683434,0.9221427022337887,19.40887451171875,18.59649658203125,85.43857472737629,14.639761904761906,8.25270727585514,9.906196594238281,9.859263102213543,4.5060044262968475,4.155857626061091,34.08940505981445,0.025584902614355087,0.07254655659198761,-5.79833984375e-07,3.1559510342501826,0.013017259275767162,0.5623322429005204,8.719308035714285e-07,9.27465519709012e-08,3.1559511328350243,0.0006874978433171611,0.009831685433274584,2716.0,-0.0030055767433693633,0.012021005695829323,-6.905516297759448,0
317,0.9036003330491837,-0.03986731464238394,-0.16453900011948178,0.03168706927967083,0.04191572607494206,0.047732894268212464,1.2218000888824463,0.17019999027252197,0.4129999876022339,27.106844705768992,1.4543870069299425,4.986842719103609,0.9215556136388009,0.03050779968576978,27.645454866285263,92.01781480077058,10.15716413437329,106.8702290076336,106.8702290076336,4,0.09090909090909091,0.05335182008345517,0.6607792207792208,0.08042872975547526,8.359183673471326e-09,0.12134647353483738,0.0029442494156253947,0.04874994252866031,0.024263164226030264,1.553015873015873,1.6855357142857144,0.30693676691848004,0.1899911887054615,0.9213782062600793,19.40887451171875,18.59649658203125,97.76963319324311,15.112556390977442,8.904716096555044,10.588944046585647,10.799331665039062,4.420362591172994,4.0679340281368335,34.095680236816406,0.025104215368628502,0.06982606649398804,-2.033051990327381e-06,3.162314372882123,0.012366946324275863,0.5623322429005204,2.5431315104166666e-07,-1.2413980946817133e-07,3.1623145112174704,0.0006424714309867414,0.008817335620593265,2724.0,-0.002991334431898332,0.01282808398073499,7.31593123629156,0
318,0.9030672662201382,-0.021183085892881665,-0.12632352373429706,0.06269838449202048,0.07959934055179005,0.10427281729430385,1.348599910736084,0.48440003395080566,0.4129999876022339,27.0907208437579,1.8655171462893485,4.597266289293766,0.9216267658376794,0.06067050722689021,27.64746600684451,91.48756782000814,8.352456823182692,106.06060606060606,106.06060606060606,2,0.045454545454545456,0.030829383354612022,0.6612662337662338,0.05978487711332656,0.00010459027671803419,0.03483921159630775,0.002781177708255444,0.007792959556070014,0.07982895079491961,1.3171428571428572,1.5741428571428573,0.45892559136825045,0.5607139945404158,0.8367365459660586,13.880310058593748,13.059082031249998,81.82034904843285,17.1687074829932,8.763841895129689,7.94696949146412,7.899129231770831,3.500913767278814,3.827093594509689,34.09284210205078,0.025674011558294296,0.07993245124816895,-1.8862769717261904e-06,3.1752334288838737,0.021311275170269983,0.6212407532404042,4.286993117559524e-06,9.286094506505459e-08,3.175233461039661,0.000665585120378967,0.019497426757178905,2739.0,-0.002980570958674587,0.015293539330430454,4.717744309868638,0
319,0.9040671618893033,-0.018995095312595366,-0.07512539038771675,0.09397266132418114,0.10720038572949281,0.127060196530786,1.3673999309539795,0.48440003395080566,0.4819999933242798,27.120761285253934,2.6268081425768988,3.8370768593038833,0.9227231498210088,0.09160315080367552,27.680406598021737,101.41301434909478,11.945037987389703,119.65811965811966,119.65811965811966,2,0.04081632653061224,0.027374481637064088,0.6004956268221574,0.07576655383864157,0.0001377988504789669,0.02667230401169284,0.0018481757311511297,0.015443703268756707,0.06929194157133596,1.0416883116883116,1.47012987012987,0.42965828342152795,0.5625203206539224,0.7085689045936395,15.396016438802082,22.54608154296875,101.55825616745723,16.861011904761906,8.277124976137944,9.313687411221592,9.743051239938445,5.554551818789152,4.739320483274659,34.0875358581543,0.026911981403827667,0.06715095788240433,7.251557849702381e-07,3.206173146737711,0.04332604642035818,0.6940033543222822,4.268827892485119e-06,7.665826946748177e-09,3.2061730478681962,0.0007235487259435586,0.04254131143254643,2711.0,-0.0029951097125025298,0.016864159359858053,4.717744309868638,0
320,0.8964712002334141,-0.018603076418240865,0.02267250485079629,0.12800131724485075,0.11373819829527664,0.1841948335028953,2.2090001106262207,0.48440003395080566,0.9113999605178833,26.892984007000923,2.7916850018501282,4.082395145637649,0.9233521101910623,0.12324796971599292,27.69935902452104,107.60859135106111,11.677885626669546,121.38728323699422,121.38728323699422,1,0.019230769230769232,0.015066877723062883,0.5654945054945055,0.07345284619027695,0.00032358870204081603,0.0061977499404227525,0.000516594032519277,0.006022731603758613,0.083351867610851,0.8246753246753247,1.3651190476190476,0.2708648218739205,0.5944555212798056,0.6041050603708666,15.396016438802082,22.54608154296875,134.51687738327752,14.381257142857141,7.951368053976368,7.912209250710226,8.259150187174479,5.477390489698668,4.535227544586681,34.07012939453125,0.03130820021033287,0.08036539703607559,-2.2481282552083335e-06,3.244035556528558,0.0437314164761596,0.9410440622812509,6.176176525297619e-06,-4.676202406671967e-09,3.244035846067115,0.0007454886930895305,0.0429584473498874,2701.0,-0.002979699069389553,0.019198461047945682,3.0992803725537343,0
321,0.8926460396732603,-0.06226073331208456,-0.03892304774976912,0.11455200267791142,0.0972374901829411,0.21011463646817896,2.2090001106262207,0.379800021648407,0.9113999605178833,26.778091475878444,3.0060495688659805,5.165642147489956,0.9256317658265959,0.11018003480002948,27.767603405673633,114.24484922045737,3.7550417393936515,121.38728323699422,121.38728323699422,0,0.0,0.00930923238404622,0.5257644110275689,0.01755348822781069,6.453673635985036e-06,0.004364278534823662,9.061150360866413e-05,0.00513512531925481,0.020762080808008117,1.4825396825396826,1.4385714285714286,1.3087912717834338,0.509977101437829,1.0305638309610505,34.860432942708336,51.064351399739586,177.05755913144066,12.526285714285713,8.102896791158287,14.013954445167826,13.851680049189815,14.360166018429577,10.869817821179327,34.04561996459961,0.03690776228904724,0.08075625449419022,-2.7567545572916667e-06,3.286133295671979,0.02910337581315777,1.02051827778393,2.9427664620535716e-06,-1.1424795675993826e-07,3.286133564915448,0.0007546811972654708,0.02787826663198986,2676.0,-0.0029452289265057318,0.01652883823064582,3.0992803725537343,0
322,0.8885739636364437,-0.059180514437811714,-0.09527552410818281,0.09079267142897746,0.07270123182339648,0.2157374296811446,2.2090001106262207,0.379800021648407,0.9113999605178833,26.65596805189337,2.2435384233083044,6.1701034343668395,0.9245125705734307,0.08655270848897101,27.73410334403975,113.28966909649577,4.154456921294573,121.38728323699422,121.38728323699422,0,0.0,0.009236131357282637,0.5303316326530612,0.01952980653766401,2.399000416493336e-09,0.0041407215841651095,0.00022552067709975452,0.0025690734321013606,0.054464100644242196,1.68125,1.4234920634920636,1.2991143838777088,0.41117392423250515,1.1810743755575377,34.860432942708336,51.064351399739586,197.51881394159227,15.03639097744361,9.355732642036292,13.93700917561849,14.378187391493055,13.58598311369564,11.028566466089801,34.030487060546875,0.029786987230181694,0.08075625449419022,-2.467564174107143e-06,3.3035001858751705,0.02297934421686681,1.0753372284298908,3.3968970889136903e-06,2.8044050629580828e-08,3.30350026492342,0.0007566067330793045,0.021232099407935138,2701.0,-0.0028731389406959043,0.014904606304328539,3.0992803725537343,0
323,0.8946144301891327,-0.07860628568274634,-0.1920230191491899,0.026527353304193,0.06881432159949691,0.08937186454798651,1.0694000720977783,0.2824000120162964,0.38580000400543213,26.8371706199646,2.5554805623207772,5.952343714066914,0.9253360420205231,0.023799528897338055,27.758783247790728,113.0029248577667,5.009504643394176,119.65811965811966,119.65811965811966,1,0.017857142857142856,0.015966105099847274,0.5320663265306121,0.025021739298578562,3.2724071636817803e-06,0.013869684475653522,0.00024600894446350646,0.008061742819454947,0.017737169500527866,2.0073809523809523,2.2418367346938775,1.3108333063040851,1.7099152987880923,0.8954179942345623,34.860432942708336,40.05259195963542,214.68561197916665,14.167047619047619,7.228686926738995,16.785142686631946,18.114740280877978,13.051397976316721,11.559168392678796,34.03062438964844,0.028335463255643845,0.06060457229614258,-7.266090029761905e-08,3.318242053577806,0.014086037366222614,0.9204775974555426,1.3805571056547619e-06,2.1226804215941857e-08,3.318241771590858,0.0007836897137336851,0.011136909285514817,2685.0,-0.0028715041482864656,0.011677956930509206,9.455113251062592,0
324,0.8933197435027077,-0.03991070490224021,-0.19594223804984773,0.03084335066018217,0.06839136339716949,0.09347430304961658,1.0931999683380127,0.2824000120162964,0.5238000154495239,26.798322590844972,1.6151125657984189,6.069771138259343,0.9228145253672971,0.028033499933703243,27.683096100082455,112.7831717248823,6.136282918454164,125.0,125.0,1,0.01818181818181818,0.017195685795493132,0.5336103896103896,0.029798151560077833,1.0918117451061957e-06,0.01433922268807285,0.0007164051352767078,0.006926437432427824,0.04996122529519001,1.9930952380952383,2.5989795918367347,1.136310240963629,1.7968162180505263,0.7668760633424945,31.1260986328125,40.05259195963542,189.7861030215309,13.386666666666665,8.961457860422431,19.059210883246525,17.86179315476191,13.252562733082721,8.00929112396211,34.0395393371582,0.025795774534344673,0.06524685770273209,-1.3049897693452382e-06,3.3159306750831807,0.013172410392640672,0.9204775974555426,3.814697265625e-07,-5.6069435190893466e-08,3.3159311983421795,0.0007878611180824239,0.01025939726323994,2662.0,-0.00288756216919358,0.01203938452471212,9.455113251062592,0
325,0.8938077148539679,-0.03447889539741335,-0.19639104734715962,0.03963458322887108,0.06660940452176907,0.08892187494571617,1.1754000186920166,0.2824000120162964,0.5238000154495239,26.81294930279255,1.4842074251600674,6.0737334218621255,0.9226129118441578,0.03675182361719006,27.677082291450912,111.34440207288428,7.1422764900062665,125.0,125.0,1,0.018518518518518517,0.018768393622067628,0.5411375661375661,0.03546833792887479,1.6927346938774494e-07,0.01495730354350452,0.0003145028480716968,0.04077270504017349,0.02102670759852803,1.8204761904761904,3.065428571428572,1.0962392939359367,1.1038616446875238,0.5938733028862583,25.276590983072914,24.802246093749996,174.3225545247396,17.25408163265306,8.566180380661839,17.80490451388889,15.850443522135416,6.6473174801588675,5.8007150584128455,34.039981842041016,0.025552622973918915,0.06562915444374084,-2.6085263206845236e-06,3.3183465894702096,0.014236994794563402,0.613071714029635,6.357828776041666e-07,2.178831788617486e-08,3.318346717762038,0.0007771469627728125,0.011959769909177869,2641.0,-0.0029368021165658777,0.013211735602347018,9.455113251062592,0
326,0.8917199530715034,-0.04303473340897333,-0.20920309513523466,0.04046168690359218,0.07659214405511552,0.07810903904507992,1.1754000186920166,0.3492000102996826,0.5238000154495239,26.750342306494712,1.7232317102806909,6.391218710967473,0.9235056728813532,0.039040962771637565,27.70385159616302,113.09508685214686,7.137142200457749,125.0,125.0,0,0.0,0.014325341863325075,0.5327012987012987,0.03452801043800355,2.816916951270296e-06,0.007164543517760903,0.0002965983248422626,0.005501706862662984,0.041398077087115924,1.0783333333333334,2.63047619047619,0.2967871229886534,1.1375019374033488,0.4099384503982622,35.1470947265625,36.11653645833333,163.78447875976562,15.812380952380952,7.8608356459192175,17.408226860894096,19.207865397135418,10.168968626934031,10.216028757926694,34.03529739379883,0.02461833879351616,0.06562915444374084,-7.266090029761905e-08,3.3316916723738603,0.028574994459797845,0.8163152295185079,4.105340866815476e-06,7.490185028721498e-09,3.331692031271649,0.0007701883495353002,0.027496565196978847,2639.0,-0.002950255368233953,0.013005313217463198,5.581988566750942,2
327,0.8905538293861207,-0.09137942868471145,-0.21250732377029602,0.03919450324329417,0.08199647376956778,0.07727643624202361,1.1754000186920166,0.3492000102996826,0.42900002002716064,26.715373738663537,2.9530559988532747,6.490257998577186,0.9270434028583623,0.037649612046200036,27.80996858844861,113.26463191240863,6.435710406941452,123.52941176470588,123.52941176470588,0,0.0,0.011890467608746453,0.5315064935064936,0.03128825605735818,4.191629487713471e-06,0.004657817001089878,0.0004833483019295766,0.0059217064818708025,0.1037714237842488,1.6571428571428573,2.2714285714285714,1.1143519516332547,0.7753191135855975,0.729559748427673,35.1470947265625,36.11653645833333,168.3550753638858,13.905619047619046,8.386335978685345,19.22409057617188,18.913201226128475,10.027219490138544,11.21197829104772,34.03706359863281,0.024964960291981697,0.05826398357748985,3.6969866071428573e-06,3.351945315342359,0.028509953630732453,0.8163152295185079,2.524966285342262e-06,1.6845444705902725e-08,3.351945243806777,0.0007734854102594536,0.027364326825614238,2670.0,-0.002967248490399267,0.013450317032452938,5.581988566750942,2
328,0.8854521816912152,-0.14815383800438472,-0.2370519522173064,0.030816415710235554,0.05317670044650203,0.06011104282645805,1.093400001525879,0.3492000102996826,0.42900002002716064,26.56231287930693,4.467693713818278,7.146798280732972,0.9320112414330533,0.03024152917602784,27.959019944062696,116.09400620002468,4.109851145677318,123.52941176470588,123.52941176470588,0,0.0,0.009843898229945093,0.5174686716791981,0.01825941393356462,7.715291961682651e-07,0.003305372121592023,0.00035191616638057715,0.004047061401467195,0.10646794171274057,2.0060000000000002,2.617857142857143,1.0990643144725147,1.122516836229661,0.7662755798090042,35.1470947265625,36.11653645833333,166.9975098382859,15.560659340659342,8.06224046939224,22.213114420572918,20.883060031467014,10.40121762896997,10.775629839733845,34.04994201660156,0.029457340016961098,0.06445447355508804,5.219959077380953e-06,3.3729711434232765,0.01748531727299725,0.7260394330389719,2.688453311011905e-06,-3.817857554841254e-08,3.3729713853685093,0.0007912354628531608,0.0154243555429161,2683.0,-0.0029544208192932033,0.012650299885893973,-6.095436629226829,2
329,0.8808255241938999,-0.14003078084616433,-0.260662418899082,0.03163006302351807,0.06310649292661068,0.03805837682634184,1.2074000835418701,0.2766000032424927,0.46820002794265747,26.423521440114293,4.412124717363289,7.8194568526744845,0.9321698027527494,0.029965138095620687,27.96376810519857,117.29567642897929,5.095017743834166,126.50602409638553,126.50602409638553,0,0.0,0.009973111002689466,0.512487684729064,0.022109955446043057,1.184483531861721e-05,0.0034584516636376236,0.00027503584304487363,0.003992892759543719,0.07952571549188257,1.8869047619047619,2.3910204081632656,1.08451356432357,1.1854415015172055,0.7891629680209399,22.469889322916668,25.861002604166664,148.4088647751581,15.437333333333333,7.8933727798242135,11.614159478081598,14.45899600074405,9.9697848802158,7.718162968616659,34.067054748535156,0.0304259043186903,0.0799519494175911,2.6114327566964287e-06,3.398189778089762,0.0382542654684641,0.7397954145192083,4.850115094866071e-06,5.809799988523951e-08,3.3981897353471315,0.0007722623994726317,0.037372769222148834,2689.0,-0.0029564109065862935,0.012330522370403043,-6.095436629226829,2
330,0.8771996951387042,-0.0931177331436248,-0.26260811407509305,0.032338072864690384,0.09563900749215484,0.08260972325285841,1.2074000835418701,0.2766000032424927,0.46820002794265747,26.31474042560373,3.5062911472576004,8.050880848339625,0.929063925032464,0.031151231840690383,27.870583774793953,120.12274505250738,5.666072768554335,131.6614420062696,131.6614420062696,0,0.0,0.01207529742415372,0.5006053268765133,0.0236926640686458,2.399000416493151e-07,0.007541700991298593,0.0002960030940204958,0.010713694130014089,0.03924885040682679,1.7971428571428572,2.8076190476190477,0.7521646765704117,1.0161035576698356,0.6400949796472184,35.560404459635414,25.861002604166664,152.71644730340867,14.605918367346938,8.769793702876012,15.89903089735243,17.392442491319446,9.34402763999308,10.436162750472947,34.07542037963867,0.026452789083123207,0.07411540299654007,-7.120768229166667e-08,3.4368814090837563,0.049412350753372865,0.8645350830927943,6.684802827380952e-06,-1.4969454561357708e-08,3.436881448219618,0.00079075704714619,0.04875006502013736,2685.0,-0.0029595736849677545,0.012465261821423065,-12.619636043136925,2
331,0.8772448095707667,-0.04748627621786935,-0.25656753325746173,0.03767353484038302,0.08594551114382042,0.10728690713551042,1.2074000835418701,0.2766000032424927,0.5304000377655029,26.3161251442773,2.3957820055314474,7.94058785370418,0.9255874665032111,0.03527817849212269,27.766305695633513,117.96115601313754,8.828508524592792,131.6614420062696,131.6614420062696,5,0.08620689655172414,0.023198423344823294,0.5117980295566502,0.04249233928955801,2.676228904623085e-06,0.038892154520347416,0.0006579847234135118,0.015176052750789152,0.016918186496180623,1.7120000000000002,2.6276190476190475,0.773541339607414,1.0755671393278123,0.651540413193186,35.560404459635414,36.7901611328125,149.0030075799851,13.789010989010988,8.494344491885057,21.212443033854164,22.459615071614582,10.56074282097379,10.294763441858334,34.08626174926758,0.03019752725958824,0.07411540299654007,1.9603910900297618e-06,3.4867948182713024,0.045281155671276274,0.9712124422335198,6.13984607514881e-06,4.65544628843986e-08,3.486794549692927,0.0007610403293488023,0.04459797923926447,2685.0,-0.0030173494284405356,0.01230823427688034,-12.619636043136925,2
332,0.8728919619435356,-0.02625746696903592,-0.2749492093069213,0.035328905400988264,0.06363457830071796,0.11218344011945187,1.1702001094818115,0.2549999952316284,0.5304000377655029,26.18544328689575,1.6647587186098098,8.492083992362023,0.9246966279957193,0.03233668224307396,27.73951055938323,117.41472120289356,9.342007459559387,131.6614420062696,131.6614420062696,7,0.12280701754385964,0.028319681728046345,0.5145112781954887,0.04436187926369847,8.540708038317343e-06,0.04272246995059676,0.0006605301890626075,0.02250052146769813,0.015460955085846599,2.0585714285714287,2.63952380952381,1.1665497706257282,1.240450781203982,0.7799025798304167,31.463419596354164,36.7901611328125,132.92519298735118,15.108241758241757,7.758455905583544,16.299540201822914,19.747212727864582,10.994628329351055,8.526333759765514,34.10835647583008,0.043393950909376144,0.07448293268680573,4.648844401041666e-06,3.5380434532414378,0.05327573219203072,0.8821498244151573,5.740211123511905e-06,-4.434999031069475e-08,3.538043808066073,0.0007547208519544049,0.05271467861502768,2673.0,-0.003070052955997631,0.012312436559380283,-12.112493735380042,2
333,0.8722381714241845,-0.03332754317067918,-0.290973409258184,0.03624914637140538,0.04963123045035933,0.08608229785805527,1.1702001094818115,0.24619996547698975,0.5304000377655029,26.165879571267535,1.4818160008958408,8.799923421910831,0.92556945574218,0.03292843708482335,27.765744392155007,116.38789608696293,8.23483062387565,129.62962962962962,129.62962962962962,5,0.08771929824561403,0.023599241476173094,0.5183458646616541,0.040286113751982586,8.515146422324007e-05,0.011801193231996073,0.0002881393731357816,0.03425235031135308,0.02441612195236,2.057714285714286,2.775142857142857,1.0914560953896706,1.204741178063757,0.7414804900648616,15.843200683593752,18.120524088541668,108.32766985212054,13.790989010989012,8.740406903377778,12.08544921875,11.768595377604166,5.511526468736371,3.7811651830075568,34.15397644042969,0.05170700326561928,0.0868477076292038,5.299886067708333e-06,3.6180602023217925,0.10185905027441203,1.257377544203476,1.4731997535342262e-05,-4.959665761367059e-08,3.6180605801020755,0.000722509356514586,0.10158287118436939,2648.0,-0.0031056194996573823,0.011915563873482443,1.5727696400156232,2
334,0.8689862379460108,-0.030360762252694084,-0.3131281807053657,0.030645743147796268,0.03663015143943098,0.03865937254761751,1.0817999839782715,0.18639999628067017,0.43400001525878906,26.06834656698363,1.1735449998293603,9.393401135461671,0.925783612355383,0.028430528020546898,27.772185928120983,119.45485682296965,5.676587544524905,129.62962962962962,129.62962962962962,2,0.03389830508474576,0.018094481878589645,0.5034382566585955,0.02436764224377842,6.504916284881354e-07,0.004338242168172635,0.00024242023669165613,0.017544317401722746,0.055879830423060266,1.6008571428571428,3.7535714285714286,0.6399417065288854,0.7363883874307477,0.4264890580399619,18.11553955078125,18.120524088541668,105.73730490548272,14.712380952380952,8.862368184704913,14.76123046875,14.599304199218748,2.5014030338785247,2.2990160333839014,34.21198272705078,0.059773825109004974,0.08909349143505096,6.32295154389881e-06,3.710616517592587,0.10935061189440244,1.1976672350412352,1.663934616815476e-05,-6.878648330516492e-08,3.7106170297211714,0.0007350666139837717,0.10908860316111099,2635.0,-0.0031126796231429454,0.011896304455897405,0.5386135967054989,2
335,0.8726979715199698,-0.027105638455776942,-0.3012977617723601,0.02575533809045273,0.03292801227213477,0.03699301652508347,1.0717999935150146,0.18639999628067017,0.42760002613067627,26.17962428850787,1.0174991437367031,9.038539853138584,0.9250172526942493,0.023999235449383156,27.749143402996353,120.86664946824217,4.560942367971007,128.44036697247708,128.44036697247708,0,0.0,0.008225789759713432,0.4971428571428573,0.019311927302748996,2.44722032486464e-05,0.0021361139940406833,0.00021901565878261866,0.0016248820656182942,0.1025299489604146,2.0789285714285715,3.5374285714285714,0.8895179702444213,0.8549521528562107,0.5876948550197884,18.294779459635418,18.075358072916668,111.04763350713819,13.880649350649351,8.4233608451222,15.28900146484375,15.746805826822918,2.7884920908542234,3.021281885786904,34.2633056640625,0.05161985009908676,0.09173624217510223,6.690615699404762e-06,3.812080544237012,0.09565045187872971,1.302434765847392,1.9055321103050595e-05,-6.411493382754998e-08,3.812080600766182,0.0007501214014455234,0.09533930942865865,2646.0,-0.0031513413737645677,0.011955791551004617,-4.634206505761236,2
336,0.8762643716732661,-0.026164457724207925,-0.28320488563605717,0.027483369537383995,0.03038457610585529,0.06765194802133419,1.0717999935150146,0.18639999628067017,0.43699997663497925,26.286699150204658,0.940050859110696,8.538819997651236,0.9243459267916159,0.023849254100889783,27.729049491902156,119.91877124692893,5.774951971663339,128.44036697247708,128.44036697247708,0,0.0,0.01085991258695704,0.501551724137931,0.02523260471690031,1.8274625572678044e-06,0.004137384624279046,0.0001272040139279739,0.0029104359697615092,0.03074502988712094,2.8322857142857143,3.8164285714285713,0.9448928672671016,1.1521490567541997,0.742129889575145,50.567525227864586,24.815266927083332,198.89127923874625,15.44051948051948,9.354887787602651,24.302144368489586,19.649759928385418,2.987447277199473,13.157703811114205,34.30937957763672,0.041251685470342636,0.10515068471431732,9.238106863839286e-06,3.903398122806094,0.09471563000524698,1.2497829761770611,1.4750162760416667e-05,4.8258691424610886e-08,3.9033977870739514,0.0007608280219936696,0.09439664647489446,2647.0,-0.003168214611153189,0.012611375466200656,-0.5967411234735298,2
337,0.8722142574105944,-0.030796333690484366,-0.29541779036465143,0.030513566415267923,0.03512122622051268,0.07689750837385921,1.0717999935150146,0.2598000168800354,0.495199978351593,26.165172579458783,1.0926427134445735,8.905250282372748,0.9254091753732325,0.025951089741593675,27.760936191690707,121.96767495888494,6.968270519577172,132.0754716981132,132.0754716981132,0,0.0,0.010217549170351826,0.49360774818401937,0.02936943202271361,3.549763598500622e-06,0.003332923175467803,0.00025150847715618273,0.0030914604103054444,0.07546182852560995,3.940714285714286,3.2085714285714286,1.7871429998858,1.2631774803798457,1.2281834372217275,50.567525227864586,58.520406087239586,219.5481646583194,16.226285714285712,9.173994861252416,30.662307739257812,30.21929423014323,16.532442372031433,14.185655199178955,34.34379959106445,0.04188072308897972,0.09235914796590805,5.387079148065476e-06,4.037763945154165,0.17546456179934564,2.0964050166357113,2.9809134347098213e-05,-3.477177351202925e-08,4.03776394014623,0.0007498705636910502,0.1752970922014568,2657.0,-0.00327497091493597,0.01333921371719513,1.8742226138522466,2
338,0.8717060858238311,-0.05105847647076561,-0.29792214277528584,0.029366063868924843,0.04097718781239108,0.07719245164611135,1.0699999332427979,0.2598000168800354,0.495199978351593,26.149934431825365,1.6429709992238453,8.980438283213548,0.9268982959776296,0.02440881747868124,27.805637423143374,122.04954200834261,7.776796522647861,132.0754716981132,132.0754716981132,0,0.0,0.011070354552295271,0.4936666666666666,0.032438708995116326,1.7316411495210205e-06,0.005856442739640829,0.00021036961354857722,0.002785368241297066,0.03592105701378018,2.9294285714285713,2.53,1.99872134636326,0.30853394834104003,1.1578769057029927,50.567525227864586,58.520406087239586,231.84026830764043,15.155571428571427,7.897134289069158,28.080586751302082,30.322231716579864,20.1151239271116,14.298208406215638,34.38145065307617,0.04500742256641388,0.08924107998609543,7.216680617559524e-06,4.203395699099197,0.20030308152267837,1.4890366469485838,1.800173804873512e-05,4.455839944371808e-08,4.203395780952605,0.0007349656596938472,0.20016531252488207,2659.0,-0.003271862629634824,0.013559121866641292,1.8742226138522466,2
339,0.8702357239155543,-0.061960190367131004,-0.295696647697971,0.03218997061609291,0.06857908829920074,0.08900429705078565,1.0699999332427979,0.39760005474090576,0.49900001287460327,26.105836003167287,2.334166713527271,8.976683856419154,0.9280899207024169,0.029932212969948895,27.841364593940593,121.23725633268029,8.458312105531485,132.0754716981132,132.0754716981132,0,0.0,0.011143540054816662,0.49738095238095237,0.03566584015826644,4.098558933777594e-06,0.005456886882030523,0.0003061491378157323,0.0019236648802032177,0.05610325895225693,1.8896428571428572,2.769761904761905,0.8852160897262341,0.3668893108826003,0.6822401788016849,23.490498860677082,26.027933756510414,166.0503439040411,18.128214285714286,7.870235674128605,16.739730834960938,19.058837890625,4.359310116431252,5.110906944742196,34.4423713684082,0.07175667583942413,0.09416922926902771,7.658458891369047e-06,4.394965305549066,0.21059953485277308,2.0259726619008283,3.467741466703869e-05,1.0289981317472867e-07,4.394964469785006,0.0006939874077735017,0.2104784589492369,2653.0,-0.0033027144319857536,0.013486104288600847,1.8742226138522466,2
340,0.8742000098001389,-0.09987256192593348,-0.28046120009819664,0.029021764472442143,0.07461319611673356,0.08247902125244588,1.0441999435424805,0.39760005474090576,0.49900001287460327,26.224764008266586,3.419002578173365,8.519620714145047,0.9302166435808938,0.02771005810962661,27.905160527128338,119.91050036679124,7.036221035284722,131.6614420062696,131.6614420062696,0,0.0,0.01097306535409801,0.5021549636803874,0.0304314335310688,1.0619617825905891e-05,0.005891472917552688,0.0001761447984118911,0.0022339986001639507,0.029898261585332292,1.7537142857142856,2.91,0.8414829475517661,1.1086637348483668,0.6026509572901325,23.490498860677082,26.027933756510414,166.4656338646298,16.02989795918367,7.706140568904891,17.327372233072914,17.933422270275297,5.064206649647022,3.817366530850278,34.48860168457031,0.06110913306474686,0.09339586645364761,3.573463076636905e-06,4.528357590852956,0.14686343812359592,1.506796172109715,5.758376348586309e-06,-7.21373544691226e-08,4.52835772713295,0.0006807407848653214,0.14668666403552982,2649.0,-0.0032358383441004296,0.012859195728516525,-0.3856160587101072,2
341,0.8781022097439993,-0.11031143813190006,-0.25261976210560116,0.032834489411332886,0.08307757003787089,0.1063589188118466,1.0441999435424805,0.39760005474090576,0.49900001287460327,26.34179343521595,3.7537927220123155,7.685218431481293,0.9303268025007743,0.028863382409614512,27.908490239691357,115.6955180434926,7.221914212553589,125.0,125.0,0,0.0,0.013379415022925518,0.5206766917293233,0.03327144838604929,4.012834652228236e-05,0.006641492985527731,0.0009005485561819758,0.0028949163841650357,0.1355942945576142,1.8208571428571427,2.950238095238095,1.439430329494758,1.1965274064839133,0.6171898958921799,28.37493896484375,34.76796468098958,164.9847462972005,13.496923076923078,7.510031801510759,19.517374674479168,19.90882025824653,7.792133592370299,6.2827253181410585,34.52992248535156,0.03232063725590706,0.07094969600439072,2.4079822358630953e-06,4.6107990821993505,0.11114191004703775,1.2208662945203672,9.936378115699405e-06,-2.756990411017014e-08,4.610799171076625,0.0006476805614220565,0.11091883919331676,2644.0,-0.0032573478527622196,0.012506479222969538,-1.6676321787810202,2
342,0.8829461623259953,-0.09775490521533149,-0.237894457192648,0.02796848969620327,0.07445508206067213,0.10342318152995521,1.0759999752044678,0.3033999800682068,0.4625999927520752,26.487125441176552,3.0791010075381826,7.201529575075422,0.9285844759593719,0.022287686475514122,27.85619932354088,116.57020030135939,7.6357255170978675,125.0,125.0,0,0.0,0.012619689368869735,0.5170426065162906,0.03563937974219479,3.625514435651807e-05,0.003912754850470535,0.0007376993011699443,0.0034293737026174524,0.18853706131914474,2.2071428571428573,3.5908571428571427,1.5246933448790176,1.2845536348538844,0.6146562698917887,42.5360107421875,34.76796468098958,242.09693145751953,13.14404761904762,8.838250624018903,26.165629069010414,23.427001953125,6.348865779635511,9.605103784604857,34.530155181884766,0.03061549924314022,0.06399504095315933,1.2410481770833332e-06,4.685000184433647,0.10790615779187641,1.1158160257167054,-5.086263020833333e-07,2.4673107521539477e-08,4.685000221643718,0.0006688590900807254,0.10766333111004918,2650.0,-0.0032650030406848186,0.011712145764597243,-5.709908204296392,2
343,0.8872716572284699,-0.08648057193131674,-0.21395089525552022,0.04107994699433421,0.08447078882337312,0.10947514459929343,1.1582000255584717,0.44179999828338623,0.4488000273704529,26.6169097168105,2.8906280089276177,6.545819145526205,0.9272675396339091,0.03856762967794121,27.816695332814625,114.7902352561434,7.102246085648714,123.89380530973452,123.89380530973452,1,0.017857142857142856,0.015998608473812032,0.5247704081632654,0.03363029661288643,1.390528879633483e-05,0.008636103033362052,0.001198198138614895,0.004415108166178464,0.1387429184188918,3.5275,3.3964285714285714,1.460299233732873,0.9973866361851939,1.038590956887487,42.5360107421875,51.27176920572917,272.7311615716843,14.176,8.105690613792918,28.586146036783855,33.53055318196615,11.284808685875625,8.304094536364936,34.549686431884766,0.035855215042829514,0.06784036010503769,5.911690848214286e-06,4.867258758058117,0.2386123375422026,1.5996572748655915,2.991812569754464e-05,9.396153865584816e-08,4.867258072204083,0.0006516015463937069,0.2385110901432307,2654.0,-0.0033218872773636524,0.011834149011501639,-5.709908204296392,2
344,0.884056438321159,-0.07858727662903922,-0.23277101899328687,0.04104368768521704,0.0884150257511382,0.09850287930267328,1.1582000255584717,0.44179999828338623,0.41360002756118774,26.520429292491503,2.742817005472524,7.109883143390928,0.9271142033472937,0.039723616756805046,27.81211598539077,112.80195689904544,8.139494860706112,123.89380530973452,123.89380530973452,2,0.03636363636363636,0.017508231516172198,0.5347532467532469,0.03955884233750812,4.829230487296954e-06,0.01690880794842638,0.0008143489541117105,0.0062061428459460775,0.048161227958562154,2.568857142857143,3.23,1.3964869626082062,0.2959798669380285,0.7953118089341,58.25205485026042,51.27176920572917,266.7502469017392,12.368428571428572,8.206918471382446,33.62841796875001,41.65625678168403,6.910007555679686,14.660125602313824,34.56352996826172,0.040616802871227264,0.0762987956404686,3.872825985863095e-06,5.015303560577286,0.18605647505086162,1.5407745904200691,2.0563034784226192e-05,9.721115127548433e-09,5.015303704817726,0.0006495178144788331,0.18592189947003931,2675.0,-0.003388691434382961,0.011692888660046466,-3.48960928116501,2
345,0.8781767144941148,-0.11500195258004325,-0.2627203807887577,0.039530930170220774,0.08050310833891723,0.07748734833265424,1.1582000255584717,0.44179999828338623,0.4391999840736389,26.34404343485832,3.7117348624978748,7.943806709434305,0.9305936920653836,0.03853444940290273,27.916476963989044,111.12243055482396,8.883159798690988,123.89380530973452,123.89380530973452,4,0.07407407407407407,0.020224005454199098,0.5437037037037038,0.04728735152660268,0.00012529375693461027,0.02460476561841752,0.0013958868282438178,0.006427153677382387,0.05673237656037447,2.2257142857142855,2.2954285714285714,1.6392417361047624,0.9596161647624895,0.9696290764251929,58.25205485026042,38.358052571614586,188.31074916294642,15.931666666666667,8.350857054743114,24.199483235677086,22.407918294270836,14.321254697292325,17.3647483146546,34.58540725708008,0.032217707484960556,0.06742014735937119,-1.0942731584821429e-06,5.160262183821557,0.12745589544176758,1.2654854895859775,2.979096912202381e-05,-6.021635034406399e-08,5.1602623296181624,0.0006141762886789285,0.12725832187265623,2701.0,-0.003436588672256306,0.011917616942739694,0.5250301496006822,2
346,0.87376167624905,-0.10476147619315557,-0.2871517140609878,0.02625822681831102,0.07315851970235165,0.060105918468629456,1.055799961090088,0.26579999923706055,0.4958000183105469,26.21159514461245,3.3203665691614153,8.619511423068387,0.930582231367629,0.023698865845547944,27.916119369626518,108.41419491081996,7.944525247797524,119.31818181818181,119.31818181818181,3,0.05660377358490566,0.019818643998051614,0.5566576819407009,0.044216486536699066,7.969752336526456e-05,0.013784593363707024,0.0019429991537290507,0.024591844319640527,0.14095440485351607,2.259642857142857,3.2535714285714286,1.8217555378798547,2.296312742394719,0.6945115257958288,33.22245279947917,30.45562744140625,150.9037377493722,15.854166666666666,8.17884074121641,18.688023885091148,18.81659613715278,9.947526203619757,8.647270930321906,34.58910369873047,0.031966350972652435,0.06742014735937119,-1.4604840959821428e-06,5.2222187454022375,0.13277244346755004,1.0238662169348955,5.8128720238095235e-06,-6.085705578407589e-08,5.222218778688195,0.0005821258455839464,0.13257001687668493,2726.0,-0.0034830363941932823,0.011799639331740197,0.5250301496006822,2
347,0.8711157905260721,-0.1046862475389526,-0.30127513312725795,0.02823702286619141,0.060037574349004016,0.05190310643211253,1.0625998973846436,0.2972000241279602,0.4958000183105469,26.132299430029732,3.2338534270014083,9.043187280808176,0.9311063151909278,0.02656009848308804,27.931923208454855,109.74139182116743,8.805990806821718,120.6896551724138,120.6896551724138,4,0.07547169811320754,0.022005065778979295,0.5506738544474393,0.04922941334723081,0.00013543259375260302,0.017189224246077384,0.0018089179530601132,0.00970772072966939,0.1052355782415784,1.2674285714285716,3.965952380952381,0.3799359774209012,2.2737133487513876,0.3195773548658222,33.22245279947917,30.45562744140625,141.46039210728236,14.014285714285714,8.917396118384676,17.783671061197918,18.582322862413196,7.070470385212841,8.428212599473342,34.57328796386719,0.040084678679704666,0.07784643769264221,-5.185081845238095e-06,5.3676659354402485,0.15024027097666143,1.2108466195778407,2.228873116629464e-05,-7.593942010356984e-09,5.367665843872246,0.0005583350328367086,0.15005897165133597,2729.0,-0.0035297740193175327,0.01260300896305502,4.792003509026588,2
348,0.8677427998440607,-0.08252863832030978,-0.31451421882141206,0.03238400480186336,0.05828306440568362,0.05574734945991578,1.1126000881195068,0.3022000193595886,0.5144000053405762,26.03102870958192,2.577234292754105,9.440426423038755,0.9302332733808516,0.030449960517758282,27.905670011927256,109.14100773518211,7.514847477368168,120.6896551724138,120.6896551724138,2,0.03773584905660377,0.019850303193948437,0.5526145552560647,0.04183759039300294,2.2665372094960445e-05,0.013489257566886915,0.001398575137237905,0.008218111431316528,0.1036806607259907,1.6089285714285715,3.646190476190476,0.6031899682149082,1.4195370680360357,0.4412628966958339,33.22245279947917,20.999247233072918,133.83646647135416,16.02725274725275,8.694421793172591,18.042017618815105,15.864512125651045,3.305105285330842,9.539963670466415,34.52922821044922,0.06195531040430069,0.09486673772335052,-4.451206752232143e-06,5.49334754070142,0.12908588369138382,0.9293239787627017,5.794706798735119e-06,2.3266337837485992e-08,5.493347855861261,0.0005324180966040938,0.1288800130438358,2734.0,-0.0036433354189700042,0.012649715620163428,13.818139609885293,2
349,0.8674113996539797,-0.06399297151962915,-0.31928032358487446,0.02855297460679181,0.048012444493312774,0.03760627311324723,1.1126000881195068,0.3022000193595886,0.5144000053405762,26.021079132471765,1.9554537192412784,9.577922136102403,0.9285628018659734,0.027265062542578673,27.855524630356957,105.31758933650383,8.583536129550046,120.6896551724138,120.6896551724138,2,0.0392156862745098,0.020328927815368148,0.5736414565826331,0.04846281621884514,2.8278883798417178e-06,0.015011348542982517,0.001469124471149945,0.002783036400551319,0.09786758777489908,1.7497619047619046,2.59047619047619,0.7705075704363801,1.3616131056335739,0.6754595588235295,20.038350423177082,25.5462646484375,115.51469501313711,16.58352380952381,8.854086920841361,14.360080295138888,13.609788682725695,7.721113304452957,5.702714470607025,34.48393630981445,0.050839345902204514,0.09216859191656113,-2.3367745535714285e-06,5.621222510609614,0.12345599658356887,1.2459250198361995,3.113519577752976e-05,1.5585068181378946e-08,5.6212224082897935,0.0005214436981281103,0.1232528891804748,2724.0,-0.003718041072634934,0.011923617042722266,13.818139609885293,2
350,0.8703296850124995,-0.06865310505174455,-0.29424315204222995,0.03329759847132548,0.06446450896609929,0.09379834324588643,1.2214000225067139,0.36820000410079956,0.5654000043869019,26.10871255031654,2.151466292142868,8.946136704981328,0.9284298333126962,0.02909671393438161,27.851622053298488,107.23470533879798,8.209459733986064,121.38728323699422,121.38728323699422,0,0.0,0.01632625549988297,0.5629395604395604,0.044804138087454495,0.00012188159999999976,0.009710240884566105,0.0010163334269293217,0.007778213396613808,0.10466613949245357,1.719047619047619,2.617142857142857,0.6235386543869909,1.2303179722840638,0.6568413391557496,52.296346028645836,50.683390299479164,180.68231084914433,16.036428571428573,7.80952985056594,19.388936360677082,19.919772677951386,16.018183177339683,15.795510990615165,34.47664260864258,0.04335569217801094,0.07677502185106277,1.4575776599702381e-06,5.882674551857045,0.3251901749937909,1.7036985248210648,3.3496675037202384e-05,5.367211777143028e-09,5.88267481702499,0.0004962613329137415,0.3251173254446084,2721.0,-0.0038058294250217996,0.013344491519190885,1.3538423745054495,2
351,0.8678983802625111,-0.09952087648993446,-0.2972306663195292,0.030934236927049136,0.0728289674289189,0.09563892269236826,1.2214000225067139,0.36820000410079956,0.5654000043869019,26.035662979313305,3.068932435171945,9.035772561899254,0.930711566743184,0.026112083325394525,27.919974596996223,107.56081496991776,7.716271519171114,122.09302325581395,122.09302325581395,0,0.0,0.014739297770229889,0.5607967032967033,0.04158214568772479,6.663890045812401e-09,0.008842448200641256,0.0006890340584397851,0.002129042284567166,0.07792344866547436,1.7057142857142857,2.4454285714285713,0.29117636145365194,1.0239337510457462,0.6975113915177007,52.296346028645836,50.683390299479164,215.01429908389133,12.223690476190477,7.6892413012304885,22.10040283203125,23.12481689453125,17.547915696053273,17.91761247689898,34.497962951660156,0.04430727660655975,0.07946768403053284,4.522414434523809e-06,6.034422613292596,0.288328527486333,1.6842778579533197,1.682099841889881e-05,4.32337858230184e-09,6.034422648481881,0.00048082753270620946,0.2882518130581476,2722.0,-0.003844406166438131,0.01308531768764002,1.3538423745054495,2
352,0.8689195042848588,-0.10156488624640873,-0.2856633044935408,0.034123083903335294,0.08700462761894556,0.1080001330509177,1.2214000225067139,0.36820000410079956,0.5654000043869019,26.06632384283202,3.4628624433279036,8.721816563265664,0.9308636450368482,0.02882963317446646,27.924570106311105,108.6772615389489,6.704597272601884,121.38728323699422,121.38728323699422,0,0.0,0.013670020657154796,0.5542592592592593,0.03521501897853256,4.57436068304875e-06,0.006997348308301659,0.0007422781984730875,0.002074660919322965,0.10607992710502179,2.572857142857143,2.491142857142857,1.1836129400427888,0.834664982285145,1.032801926826471,52.296346028645836,50.683390299479164,230.98019380115326,17.101785714285715,9.059376642162409,29.7001953125,26.85064697265625,14.01043951799049,13.500239880808913,34.53730010986328,0.03841839358210564,0.08019818365573883,4.894438244047619e-06,6.0545275809736365,0.262585189753408,1.4186153582340135,-1.6039893740699405e-05,1.5265412119114326e-08,6.054527603906945,0.0005086320957435607,0.2624980414716505,2724.0,-0.003796696384761068,0.013326660376398446,1.3538423745054495,2
353,0.8750048284700939,-0.06603760990642366,-0.2716929809025356,0.028325442434829307,0.08623671144399164,0.09037849764392429,1.0360000133514404,0.30379998683929443,0.4326000213623047,26.24889742553234,2.4577772936224935,8.183486426132067,0.9272050662424292,0.022575001669665754,27.81483060165298,105.94074417843966,6.775296625457329,116.34349030470915,116.34349030470915,0,0.0,0.014497036442882055,0.5687362637362636,0.03730591201306671,1.2764388171595343e-06,0.0027099493456082127,0.002330179916245414,0.003656092543344273,0.8598610597728481,2.3714285714285714,2.025714285714286,1.337118742151289,0.9944778139551327,1.1706629055007052,29.494832356770836,27.23663330078125,215.90793035598026,16.428571428571427,7.139474460927168,18.907206217447918,17.955830891927082,6.566503843333266,7.125230231478565,34.588966369628906,0.0698806419968605,0.10358232259750366,9.726388113839286e-06,5.884591382285833,0.18864816138669496,1.2303496498087592,-2.0762852260044644e-05,-1.400255796899434e-08,5.884591271386237,0.0005304779913235748,0.18851949267310772,2723.0,-0.0037606982559052248,0.010739783111033253,1.1638414487410893,2
354,0.8808168472562518,-0.005720104597863697,-0.2531384857211794,0.022996399453960144,0.06102427922419539,0.07623496152040014,1.0360000133514404,0.2093999981880188,0.4296000003814697,26.423230560507093,1.1232157104781695,7.626796999233109,0.9217648586235098,0.01908514521145008,27.651578810718753,102.11829461245873,7.615154608689473,116.34349030470915,116.34349030470915,0,0.0,0.017042954772337107,0.5908000000000001,0.04364996201227979,2.5391446897126213e-06,0.003897719404167817,0.002980765786191852,0.0012680637504029234,0.7647461187186871,2.465,2.025714285714286,1.2387418869906006,0.8574011515585208,1.216854724964739,40.36865234375,38.22052001953125,181.01864878336588,13.545816326530613,8.800524392411193,19.654405381944446,18.880394829644096,10.998922094228506,10.326588821791155,34.66046905517578,0.0783291608095169,0.09776368737220764,1.0166713169642857e-05,5.788585073771599,0.08068199870738763,0.7845270317067894,2.6157924107142857e-06,3.5233727730534714e-08,5.788584778643268,0.000573039620215549,0.08033960730414391,2715.0,-0.0037049627333594235,0.01010241897531541,2.9262929768511006,2
355,0.8799847615332831,0.026651209859620956,-0.2552137523378645,0.017767661585592294,0.03304651845076518,0.056237485535239065,1.0169999599456787,0.15359997749328613,0.4296000003814697,26.398285131709915,0.9703871387243271,7.656032284413065,0.9190162466087043,0.014038601378194569,27.56917176222267,100.74752249985227,7.008946401017778,116.34349030470915,116.34349030470915,0,0.0,0.016869093826599343,0.598338192419825,0.04024533979429555,5.207536859641902e-07,0.005135983626005894,0.0023553236999640237,0.001903658882200006,0.45859252510812437,3.177142857142857,2.0845714285714285,1.3888215530162429,0.7911935700611592,1.5241228070175439,40.36865234375,38.22052001953125,144.17377573649088,15.200714285714286,9.4056128939886,17.595621744791664,14.454305013020834,12.196413194576492,11.921165531615188,34.70903015136719,0.04753345251083374,0.08811469376087189,4.313151041666667e-06,5.85385848383615,0.11860760240021279,0.8763730524462656,1.7184302920386905e-05,-7.108614323918023e-09,5.853858251149256,0.0005255911284773783,0.11837896630669768,2716.0,-0.0037657748312673353,0.009633123710101284,-5.442645478996687,2
356,0.8721257991393407,0.044916543282213665,-0.28281818075407117,0.007591155032321818,0.026586585048209963,0.017359476559319055,0.9465999603271484,0.15359997749328613,0.39800000190734863,26.16253040271146,1.3920655735901424,8.484130851200648,0.9184916716329536,0.006775061362495721,27.55343808266984,98.82568504543057,3.9899300333759427,106.06060606060606,106.06060606060606,0,0.0,0.011935926786028154,0.6081547619047619,0.025429906220540557,1.0683559183673392e-05,0.004103051662163587,0.0007169862256957291,0.0017985412570864709,0.17474462539856345,2.643333333333333,2.15047619047619,1.6602927097611937,0.2171313697880427,1.229185119574845,12.836100260416666,11.18011474609375,67.4454353695824,13.328928571428571,5.691658448366095,8.561503092447916,7.470669216579861,2.8687996640364952,3.086734158973728,34.7056884765625,0.04682471975684166,0.07923991233110428,-5.560012090773809e-06,5.921312616153091,0.11588163988009563,0.9211277120950667,9.336925688244048e-06,1.209881451763562e-08,5.9213120769220495,0.0005235665648310823,0.11564270363655409,2708.0,-0.0038206820589923546,0.009104164948146908,0.5410304548191633,2
357,0.8705828941379274,0.056972171442849294,-0.28416234258526846,0.004335934031457096,0.0043031057055075,0.010776095586505155,0.888200044631958,0.07519996166229248,0.3187999725341797,26.11624253843512,1.7090771433285306,8.524451991873129,0.9176321511332999,0.0036492894144896453,27.527648861976875,98.0772890376532,3.95934226352143,106.06060606060606,106.06060606060606,0,0.0,0.01606813542755061,0.6127976190476191,0.025682782178991333,2.6869231153685827e-06,0.008325971799023031,0.00048317922867282387,0.004382786084312588,0.05803277267039507,3.861142857142857,1.8667857142857143,2.730599306274828,0.28777183244893934,2.068337478477138,7.19085693359375,10.378621419270832,43.19692876906622,16.722467532467533,9.42959603033598,6.454569498697917,6.634012858072917,2.573775460981711,0.5947196464505312,34.66149139404297,0.055172864347696304,0.08965818583965302,-9.43574451264881e-06,5.964214091902432,0.05244545081193756,0.6839998769831922,-7.774716331845238e-06,-6.924602737908975e-09,5.9642141160974464,0.0004651566909990973,0.05196638883595838,2704.0,-0.003843658521376214,0.009023620798743753,-10.99862006633398,2
358,0.8697466745603653,0.0633597716036297,-0.28025342839388623,0.009187416250063083,0.017629410257787293,0.04443834486788415,0.9731999635696411,0.20260000228881836,0.3367999792098999,26.091158808214324,1.9006981480973106,8.425173136293887,0.9172474740241278,0.0065395188927418425,27.516114559651122,99.87590829133495,4.903804226169066,109.375,109.375,0,0.0,0.017213396538979846,0.6022448979591837,0.030614965865468042,1.4570579591836721e-05,0.007247851781891681,0.00016995123178694977,0.011498128173102725,0.023448497141120163,3.1238095238095234,1.606,2.606147842307439,0.12633095505093606,1.9450868765937255,15.57708740234375,12.627156575520832,61.18936556861514,18.118791208791208,7.353065953436696,8.963487413194445,7.483418782552083,2.837562925276569,3.752981609844205,34.609310150146484,0.0517948679625988,0.08549031615257263,-7.308233351934524e-06,5.880305664998327,0.12115545948303745,0.8924712353062348,-1.9055321103050595e-05,1.1648320903171712e-07,5.88030529084178,0.0004830367936890726,0.12095233519995352,2701.0,-0.0038715437204348154,0.009033528309331747,-10.99862006633398,2
359,0.8677931032180786,0.06833107639494396,-0.2845153139858019,0.010224702911306007,0.017029314232367542,0.04580562512657559,0.9731999635696411,0.20260000228881836,0.3709999918937683,26.032542239342416,2.0498500061886653,8.553025704026222,0.9171285319263893,0.0071360492729116605,27.512537394590062,103.88967156509567,7.198339696873891,116.66666666666667,116.66666666666667,0,0.0,0.0158346043170504,0.5804201680672268,0.0417775259449551,0.0001269807020408161,0.00848347946043094,2.4478542061679223e-05,0.02191567667352578,0.002885436591890537,1.925,1.4991836734693875,0.7775136982847364,0.21917132181212254,1.2840321263272532,15.57708740234375,12.627156575520832,65.76798618861608,15.220672268907562,7.854741605839946,8.060213724772135,7.095409574962797,2.5163816026244326,3.599628755529956,34.561126708984375,0.048943884670734406,0.08015713840723038,-5.186535063244048e-06,5.737881569412571,0.14615585664651787,1.079708379316983,-2.2343226841517856e-05,-2.9670702555649798e-08,5.737881640475132,0.00048276427325352354,0.14599236959935352,2698.0,-0.0037817914374334107,0.009172835967216795,-5.707558479338614,2
360,0.8657025985888073,0.05597095266977946,-0.2916692760132608,0.012154774252153843,0.053795385182442756,0.050625958181058806,0.9731999635696411,0.20260000228881836,0.3912000060081482,25.969859243375915,2.250502579127039,8.767745279158865,0.9182362234654734,0.00957135716290048,27.545824658520818,111.0362024130997,6.079902419139434,121.03746397694525,121.03746397694525,0,0.0,0.010122081711329141,0.5419999999999999,0.0299196202093106,6.384336126613908e-05,0.004009978291839977,9.16503138439521e-05,0.00428978967949374,0.02285556359007081,2.0739285714285716,1.5891071428571428,0.928632621610057,0.3519159929179528,1.3050904596022026,15.57708740234375,12.627156575520832,73.86511986142114,14.785079365079364,9.329299847860907,8.911565144856771,7.712148030598958,2.5244032186074,3.481234096193468,34.51738739013672,0.04582648351788521,0.08639663457870483,-7.1498325892857145e-06,5.588627256647098,0.12388947179879203,0.8666600208618653,-1.3478597005208333e-05,-1.8954785772882767e-08,5.5886273835541695,0.0004905252923696211,0.12370006829613607,2695.0,-0.003790697786480034,0.009357489459229155,-4.768917879762208,2
361,0.8723543233474096,0.016835809506121135,-0.27582521889039446,0.021256081500032522,0.06714101141962929,0.07763571047298407,1.045799970626831,0.19940000772476196,0.3962000012397766,26.1694142718826,1.9358117192132132,8.390858136968953,0.9209470723950305,0.01444268407988191,27.627120209244115,118.0385121025269,6.284266223338702,129.23076923076923,129.23076923076923,0,0.0,0.007726181304565694,0.509749373433584,0.027094829963341623,5.455480483132023e-05,0.003169597151772215,0.00012999814228297708,0.001737825171154904,0.04101408982220068,1.795,1.5889795918367347,1.0067435040730073,0.44852834466546987,1.1296557924479835,34.850056966145836,10.565185546875,135.5449776059105,14.07047619047619,7.471400485546167,11.802130805121529,7.730727422805059,1.820500195755571,10.510112258657427,34.470428466796875,0.05050019174814224,0.08606857061386108,-7.950555710565477e-06,5.434919987330635,0.1362635208335277,0.9674570999336105,-2.25067138671875e-05,-1.279265267269257e-07,5.434920576846467,0.00050520582427095,0.13608053602030945,2685.0,-0.0036466660360388345,0.010722703274336573,-9.813137457647395,2
362,0.8743658853712536,-0.02364549547717685,-0.28074309514533907,0.021201151965266264,0.05884666945101961,0.08025351761194773,1.045799970626831,0.19940000772476196,0.3962000012397766,26.229730132562775,1.7383621484466962,8.538386424567019,0.9241298335294196,0.015119313784445207,27.722573329900865,124.16851469148227,6.917237660813824,135.92233009708738,135.92233009708738,0,0.0,0.00823341458000619,0.4847306791569087,0.027264660739370263,2.6955168679716224e-07,0.003002068746503221,0.00014880305506246308,0.0025048304387698247,0.04956683794659512,1.860612244897959,1.9561224489795916,1.3158129673695558,0.84209952608252,0.9511737089201878,34.850056966145836,48.483479817708336,154.49574505033948,14.490982142857144,8.389786257626634,14.687717982700892,14.513971237909226,14.050347075494596,9.912815812793303,34.407501220703125,0.07062122970819473,0.10199831426143646,-1.0059175037202382e-05,5.282940112331425,0.15079249393556976,1.0461160527345261,-2.1979922340029762e-05,-1.8052416752044896e-09,5.282940235885843,0.000499198667895684,0.15062581904757022,2698.0,-0.0036661832776843217,0.011166205165542141,-9.813137457647395,2
363,0.8759331425087793,-0.04506072397742952,-0.28468164754481545,0.020173977741165527,0.021729696908966586,0.080582254108986,1.045799970626831,0.19940000772476196,0.4049999713897705,26.276770703877723,1.3972932944553238,8.656643425141063,0.9260112166918781,0.01445250093497127,27.779064284640647,126.02406931061022,5.767191695721167,135.92233009708738,135.92233009708738,0,0.0,0.0075141589705045204,0.4771194379391101,0.02231873462455096,9.381093877550983e-06,0.0020397776120960535,0.0003372790851792602,0.0008038873247804162,0.16535091040276487,1.5438775510204084,2.357142857142857,1.0623428957520897,1.0124853236527653,0.654978354978355,34.850056966145836,48.483479817708336,167.79236130487348,15.71218487394958,8.921476160534674,15.113961356026788,14.711449032738093,14.322085883443123,9.645438733311186,34.34366226196289,0.0651872307062149,0.09431774914264679,-5.824497767857143e-06,5.136426020438294,0.1181542863738832,1.1745702779074265,-2.7829124813988095e-05,4.9585513182351534e-08,5.136425865427559,0.0005409392362390885,0.11791981444108601,2701.0,-0.0035809604595186686,0.011368450299069058,-9.813137457647395,2
364,0.8689124469019118,-0.04703333355131603,-0.31777218078147795,0.010497748522199464,0.00979353846446815,0.02642310653850301,0.9118000268936157,0.09939998388290405,0.42180001735687256,26.06614683559963,1.411228577877794,9.532757851992335,0.9268345063555394,0.009067978393910157,27.8037380955202,124.10561053217712,6.970621194458939,135.92233009708738,135.92233009708738,0,0.0,0.007926104292254842,0.48501170960187345,0.02769332478400677,4.0853484381507645e-06,0.0014494766224113515,0.0005874410884121801,0.0009577853332993283,0.4052780702560847,1.1569642857142857,2.0473214285714287,0.5334884413854125,0.861547444267865,0.565111208024422,11.340535481770834,16.654459635416668,96.58244934082032,15.147619047619049,7.995847590143728,8.653004964192709,9.886385599772135,4.845015401663522,2.7403466151156315,34.29417037963867,0.038543835282325745,0.07504446804523468,-7.495698474702381e-06,5.014232771549104,0.09277903697890845,0.8298134801564648,-1.4386858258928571e-05,-1.5146341410888193e-08,5.014232652311364,0.0005363544989722673,0.09247914170245267,2699.0,-0.0036183470720609285,0.010574328045550637,-3.097337166590897,2
365,0.874106209181604,-0.04073533336889176,-0.29155689513115657,0.015984523459953083,0.01902017592872276,0.07407105030703968,0.962399959564209,0.09560000896453857,0.42180001735687256,26.22194527549403,1.3111351438931056,8.862022710229668,0.9255907097067705,0.010587072009553599,27.76640800639063,119.7124118847168,5.789600136161744,128.44036697247708,128.44036697247708,0,0.0,0.009627108102395058,0.5023970944309928,0.024755379735949417,2.6655560183254727e-08,0.003034698351435711,0.000409070585145978,0.0025694435362654715,0.13479777486037364,1.6071428571428572,2.055510204081633,1.1616177017983134,0.8252959283974473,0.7818705321683875,17.039286295572918,26.96258544921875,120.711888558524,13.672142857142857,8.243730672951614,10.790245419456847,10.587332589285714,8.34593033579063,4.056214865178621,34.27415084838867,0.028308333829045296,0.05959375202655792,-4.292805989583333e-06,4.917917741570528,0.08694140825316662,0.8583637401552069,-1.5549432663690475e-05,-4.200507312252693e-09,4.917917596104611,0.0005296183330825769,0.08662295252787408,2695.0,-0.0034948722912376195,0.010651990495012665,-4.149044430390684,2
366,0.8779150000583558,-0.03335472394455047,-0.26376651403733664,0.031811288494282934,0.05188974640009219,0.10156637566803725,1.156599998474121,0.29200005531311035,0.5490000247955322,26.336154573134014,1.537651718556881,8.165121710598468,0.924519936905547,0.026517497090123545,27.734231550067904,119.49661929799043,5.116114878736353,128.04878048780486,128.04878048780486,0,0.0,0.008909585725742988,0.5030508474576271,0.022088244183382125,2.5814694543940028e-05,0.0025533331456292774,0.00044534555573219625,0.0016785604504392228,0.17441733229936174,1.8714285714285714,2.617142857142857,1.2396773773849388,1.4653788851242295,0.7150655021834061,44.15720621744792,47.348225911458336,184.81675197056364,13.48234693877551,9.27077255638223,18.302591959635418,16.110345749627978,14.655829089946984,13.622881671689255,34.258140563964844,0.03235240280628204,0.06735439598560333,-2.6186988467261904e-06,4.816235978741526,0.08762145050788751,0.8528694923207475,-1.3133457728794644e-05,-7.2733155375782e-08,4.816236412351616,0.0005218639279319003,0.08731507104812619,2693.0,-0.0034128449473016164,0.0111247219853345,5.339380617084787,2
367,0.8771174379927772,-0.03457670499029614,-0.2663983425639925,0.03257378773027061,0.05286215039613814,0.10344139327415866,1.156599998474121,0.29200005531311035,0.5490000247955322,26.312282282624928,1.5762242914523397,8.244042852095195,0.9248430332494723,0.02682479755481372,27.743963449456352,118.91688116536406,5.626849337045515,128.04878048780486,128.04878048780486,0,0.0,0.010660264817164401,0.5057142857142857,0.024562319310450206,7.174435718450641e-05,0.003599668848369096,0.000327049989828956,0.0054451596156426816,0.09085557688928321,2.8321428571428573,2.8231428571428574,1.0428617905962967,1.5138898134761787,1.0031879364436798,44.15720621744792,47.348225911458336,214.6473650251116,14.345064935064935,8.49235197483177,28.375218709309898,24.71820068359375,13.86100788408557,11.127316857897522,34.23197555541992,0.04188818857073784,0.0747334212064743,-1.2366885230654762e-06,4.7296934834855335,0.08459155591558075,0.8249862255705473,-1.2988135928199404e-05,-2.651149278136919e-08,4.7296933342615635,0.00052771743282511,0.0842688251039335,2701.0,-0.0033766266664013024,0.010885323773802785,5.339380617084787,2
368,0.8736948379278183,-0.04014419070311955,-0.2857393997169676,0.031467669041661116,0.050932634502592194,0.0870823905264841,1.156599998474121,0.29200005531311035,0.5490000247955322,26.209584280678204,1.6541762914402145,8.7086181389434,0.9257851218273702,0.02628362255695478,27.772236713103744,114.91146977963948,10.103190297032647,128.04878048780486,128.04878048780486,0,0.0,0.012980012543275255,0.5265454545454544,0.05025994831998279,0.00010392346122448959,0.005978319803358898,0.00020610844970024632,0.0022000686062660243,0.03447598263051184,3.0264285714285712,2.9596428571428572,1.3098315439282213,1.4558297216953047,1.0225654639797273,44.15720621744792,47.348225911458336,218.7917752947126,14.337428571428573,8.98230400423465,30.890757242838546,31.772613525390625,10.739168788753917,8.685569168291009,34.206932067871094,0.03568268567323685,0.07629571855068207,-5.086263020833333e-07,4.6377704323010756,0.07334028194276715,0.7862378010809944,-9.282430013020833e-06,-2.6339725025761274e-08,4.637770267653516,0.0005279193698856259,0.07295714401717242,2693.0,-0.003392689046754842,0.01078829227246874,5.339380617084787,2
369,0.8744843904234114,-0.04664627640871775,-0.29745650463161016,0.016419278588940298,0.014455226449336733,0.04720800289996714,0.9609999656677246,0.09520000219345093,0.4296000003814697,26.233251712662835,1.4035528628740992,8.923247281781265,0.9262604299079418,0.011311682027890143,27.78645393066922,111.74162028464956,9.151859002117371,126.50602409638553,126.50602409638553,0,0.0,0.014973985913556608,0.5407407407407407,0.046402508550224375,6.520727296959607e-05,0.005172832367580462,0.0010469583016355138,0.0034020453366776678,0.20239555957720268,3.3908571428571426,1.790952380952381,1.416057649005196,0.45113512664647504,1.893326243020473,39.60479736328125,33.414815266927086,197.87839108421693,16.538051948051947,8.230130540260696,26.4185791015625,23.242153591579864,7.223821061951243,9.048010274747758,34.193572998046875,0.026327965781092644,0.06589017063379288,7.266090029761905e-08,4.580058445732262,0.054695663595209026,1.1704643637194403,-8.991786411830357e-06,1.511666387321334e-08,4.5800583001813395,0.0005331048163051301,0.054135129755053774,2706.0,-0.0034275406412008656,0.010827491196952164,-4.700121732480595,2
370,0.8753689140705835,-0.04656362858272734,-0.29389092375834786,0.01787009116891446,0.014115605226236535,0.04858378206234665,0.990399956703186,0.1305999755859375,0.4296000003814697,26.259840564983232,1.401915143600532,8.816210284190518,0.9260269214268134,0.012802243435658939,27.77947359503793,108.00249941659331,10.809806070643862,121.73913043478261,121.73913043478261,3,0.057692307692307696,0.027017253242865302,0.561978021978022,0.06516742948340977,0.0003050654334027476,0.021312897162365414,0.0028121019239575377,0.006432963530895521,0.1319436725347309,3.8075,2.6896428571428572,2.135874665502331,1.291611228786174,1.4156154561147258,39.60479736328125,33.414815266927086,193.6687225341797,13.917142857142856,7.6351406172314835,27.980168660481766,26.91309611002604,5.1587788577494695,9.665604092233378,34.20110321044922,0.0277581587433815,0.08599270135164261,2.108619326636905e-06,4.521791047524522,0.041397737508119564,1.113759311090413,-7.066272553943453e-06,-2.7038602737705593e-09,4.521791126101139,0.000542864687516083,0.04059671264963458,2694.0,-0.0033762909890265643,0.011212891397713486,-5.547954179639055,2
371,0.8741264568283444,-0.05007893346604847,-0.29879745705922445,0.01700078649962169,0.015347434705493719,0.04393332322290059,0.990399956703186,0.1305999755859375,0.4296000003814697,26.222532990574837,1.5073950043746402,8.963495283169406,0.9263818451551488,0.012500671959005949,27.79012156053561,105.16605500633209,12.932832109989251,121.73913043478261,121.73913043478261,5,0.09803921568627451,0.03164277652359933,0.5802240896358543,0.07960153494542574,4.581908471470212e-05,0.03447157723143938,0.003474797095416359,0.011491939602159383,0.10080180178837923,3.6914285714285713,3.6117857142857144,2.0959964266210385,0.5803107673778712,1.0220508256699297,39.60479736328125,28.819478352864586,168.14199574788412,12.779142857142856,9.658251673452867,30.22130330403646,25.786387125651043,3.91592768230557,6.542682844094533,34.206703186035156,0.026926780119538307,0.08599270135164261,1.4546712239583334e-06,4.479864779940492,0.05029555212296982,1.0007797211306968,-6.230672200520833e-06,1.9228083517169057e-08,4.479864802851756,0.0005353017097111032,0.04963237063151055,2714.0,-0.003347252716388505,0.011095358050866741,-5.547954179639055,2
372,0.8690639707758313,-0.058910561686470395,-0.31677278074480236,0.014344234376833227,0.013359217316984992,0.03423177290759247,0.990399956703186,0.1305999755859375,0.4161999821662903,26.070698408910207,1.770006707566125,9.502692565194199,0.9276486788090657,0.010564228653192807,27.828142055482797,100.01523478131644,11.195099663310604,121.73913043478261,121.73913043478261,5,0.10204081632653061,0.034243525630680144,0.6077842565597669,0.07114173382119805,4.422008163265297e-06,0.037628860204033436,0.0045131548960887,0.00930381548595682,0.11993865537295587,2.5785714285714287,3.315714285714286,1.1837148948885252,0.6640942888549757,0.7776820336062042,22.290242513020836,28.819478352864586,110.06076674688431,18.2,7.573527337148167,14.57916259765625,15.7279052734375,7.498066486146298,5.46106386154719,34.2145881652832,0.026386134326457977,0.07317495346069336,2.1798270089285714e-07,4.418911345146604,0.049778115868181844,0.8704531282188671,-7.829212007068452e-06,-1.842353059665194e-08,4.418911163895256,0.0005345156105091549,0.049096286072218186,2702.0,-0.003296722372874357,0.010609542300011173,-5.547954179639055,2
373,0.867078456634567,-0.06150094268151692,-0.323533342619737,0.010961492505720634,0.00971750240043125,0.029969792171300576,0.9506000280380249,0.11260002851486206,0.4129999876022339,26.01113141332354,1.8449447089859417,9.705480992879187,0.928085054756376,0.007221042078433367,27.841220960365337,98.80041191682051,6.408570477332309,109.375,109.375,2,0.04081632653061224,0.02455470776591299,0.609941690962099,0.04107059492998402,7.302225672636404e-05,0.021708854594076326,0.0018970352116574928,0.005785065834061413,0.08738532028194315,1.3828571428571428,2.610612244897959,0.6352431641119961,0.9809520743109525,0.5297060662914321,11.0968017578125,19.058634440104168,90.7361792428153,16.45673469387755,7.4079814814375124,7.841206868489584,9.672168550037203,4.8439002791112085,3.485365724034551,34.220245361328125,0.02763216383755207,0.08475105464458466,1.3820103236607142e-06,4.37122214368954,0.04454158065710608,0.7096488161062267,-6.339663550967262e-06,1.3535169711394934e-08,4.37122179831317,0.0005229090980958616,0.043802947332045865,2710.0,-0.003287569715104712,0.010391846735341926,-5.474541189900942,2
374,0.8645723802929833,-0.05921761885427293,-0.3310563235112599,0.012311759421629254,0.01213041550970979,0.029282621023212968,0.9625999927520752,0.15859997272491455,0.44419997930526733,25.93591612313475,1.77784070789814,9.931231419614383,0.9282610942738764,0.00882924894799711,27.846493900159167,102.29198427386046,4.879732273792684,111.1111111111111,111.1111111111111,1,0.02,0.018975202476861762,0.5879142857142857,0.028511666069186762,5.025363165347771e-05,0.01290372027086249,0.0005251936888229302,0.005921459278105154,0.04070095118295881,1.6145238095238097,2.473061224489796,0.9587858736307721,0.8939630468851429,0.6528442537272378,11.931559244791668,12.758280436197916,85.75997910272507,13.401619047619047,7.849281796803041,8.560316297743055,9.380260649181547,3.539674180205826,3.5483122865320755,34.23066329956055,0.027086758986115456,0.08398197591304779,7.280622209821429e-07,4.324906022541524,0.032890148217259704,0.8689650890696585,-5.849202473958334e-06,3.388090330816781e-09,4.324906105977664,0.0005400915774932607,0.03182258936140498,2699.0,-0.0032422750667471935,0.011005601845814825,0.31496713936278226,2
375,0.8646678182738168,-0.05424926682880946,-0.3302680568496386,0.012944190494607027,0.010937665961277734,0.031131836051927975,0.9625999927520752,0.15859997272491455,0.44419997930526733,25.9388058339698,1.6287842899986675,9.907535134043012,0.9278170052426256,0.009076832482356795,27.833178170551836,102.42681452430595,5.515054059366941,111.1111111111111,111.1111111111111,1,0.02,0.017866178472032066,0.5876,0.0338441084011588,7.042292378175762e-05,0.010772959232754415,0.0005723825136741637,0.0022550093182902744,0.053131409978223576,1.8517142857142859,2.644761904761905,1.0191334454289276,1.0178086593855358,0.7001440403312927,19.76898193359375,18.853352864583332,107.00631299700056,13.19989010989011,8.406884325929363,12.468668619791668,12.392730712890623,5.6401610930438135,6.57397258805406,34.235286712646484,0.02608165144920349,0.08398197591304779,1.0172526041666667e-06,4.292451070096457,0.03097025210746815,0.7563137468099124,-5.013602120535714e-06,4.2574326544924564e-08,4.292451415960541,0.0005189609472761503,0.029863275260444407,2716.0,-0.003196954261711124,0.011530773116409399,-1.1659988082615023,2
376,0.8662068751936867,-0.053565886063235146,-0.3256667615515845,0.012134857632657281,0.009861797750927215,0.028627434409228932,0.9625999927520752,0.15859997272491455,0.44419997930526733,25.98497925579548,1.6082907242008617,9.769507275138583,0.9274842465890168,0.008916642683813982,27.823201333109516,100.93030279796797,6.648471833031656,111.1111111111111,111.1111111111111,3,0.061224489795918366,0.022609333753764525,0.597201166180758,0.04161660273212149,7.30222567263643e-05,0.022038305181767633,0.001191782424513791,0.029947560869581894,0.05407777116634889,2.2460714285714287,3.5557142857142856,1.09524034031861,0.8990048920436237,0.6316793893129772,19.76898193359375,18.853352864583332,98.51590089343844,15.886493506493506,8.638925119604206,14.38896179199219,15.279134114583332,4.5670740648842125,4.81753979227825,34.24177932739258,0.027205798774957657,0.07662209868431091,-2.108619326636905e-06,4.258103700122585,0.028706791897747913,0.6836531277595175,-5.2860804966517856e-06,9.725307339041533e-09,4.258104000508816,0.0005095340143219302,0.027501385132188826,2715.0,-0.0031716062604719717,0.011658411788804612,-1.1659988082615023,2
377,0.8678220753612973,-0.04940305756387257,-0.3174950663759595,0.015835267786648434,0.017686482635548388,0.04928614294559495,0.9758000373840332,0.12380003929138184,0.4472000002861023,26.033414546506744,1.5146942996127264,9.52437041985137,0.926955993223766,0.01020841030771736,27.807340362839334,97.55212698074455,7.531952488745868,110.5263157894737,110.5263157894737,5,0.10416666666666667,0.026660243111124225,0.6189880952380952,0.05119237953272169,5.389978175760092e-06,0.024935690317989298,0.0028089320327532863,0.005957647963175796,0.11264705315684984,2.362285714285714,2.7721428571428572,1.0306140828433803,1.3164138438056876,0.8521515073434681,30.807800292968746,18.616841634114582,157.0253479730515,15.751818181818182,8.038016607343453,14.767598470052084,9.809773763020834,6.342790381082899,9.487812704578248,34.24873352050781,0.028269417583942413,0.06427358090877533,5.086263020833333e-07,4.23048104872494,0.026393477648531966,0.5020067041610914,-3.5967145647321428e-06,5.630938839915212e-08,4.230481200815842,0.0005167172857868155,0.025081688049065895,2711.0,-0.0031643390632812127,0.0121586254636896,-7.664183910525835,2
378,0.8652048562821888,-0.04923481956833885,-0.3253890284243084,0.017134856993702575,0.01870681612598466,0.051097653698725064,0.9758000373840332,0.12380003929138184,0.45399999618530273,25.95492483130523,1.509753730893135,9.7611364241583,0.9273630574216667,0.01156757744493179,27.819556469048788,100.0090729468282,8.304956080388926,114.1304347826087,114.1304347826087,4,0.08333333333333333,0.024561282983542515,0.604375,0.0537579342743839,1.532802399000423e-05,0.023928190854962363,0.0020365087298983282,0.013115490816134497,0.08510918114296073,2.03,2.325,1.269311560151681,1.3365039046238623,0.8731182795698923,30.807800292968746,51.94437662760416,142.8251713344029,15.246153846153845,7.851197858484147,16.948323567708332,15.215182834201386,16.888472815302737,10.397060654064255,34.254493713378906,0.02681431546807289,0.07431867718696594,1.2366885230654762e-06,4.2008108561631925,0.025143935003577797,0.609689250178155,-1.9073486328125e-06,-1.1768973954928068e-08,4.20081061119426,0.0005373809224692149,0.023764462277705723,2703.0,-0.0032122450200474085,0.012129660718890966,-7.664183910525835,2
379,0.8644998659349623,-0.047265714452380224,-0.32751893329620363,0.01702113182624769,0.018222997805230103,0.050730874043373765,0.9758000373840332,0.12380003929138184,0.45399999618530273,25.933762549502507,1.4506868631073406,9.825083141752652,0.9273229953118585,0.011410440677232908,27.81836239146608,100.49171451931585,7.6708751470869885,114.1304347826087,114.1304347826087,1,0.02040816326530612,0.018837381420343694,0.6006997084548105,0.047878022901601,0.00013497697559350242,0.01144126403336215,0.0012933663843382626,0.005102030259241017,0.11304401162029575,2.013714285714286,2.36,1.2787135116584791,1.2937679732135587,0.853268765133172,30.807800292968746,51.94437662760416,141.01586151123047,14.481836734693877,8.293860974392883,18.257670084635414,14.88452729724702,15.586080768015337,9.1662672967773,34.25657272338867,0.026913991197943687,0.07431867718696594,2.6913597470238096e-06,4.173077511155068,0.02898303162905274,0.5840054794005602,-3.069923037574405e-06,1.3590115498139864e-08,4.173077181993941,0.0005530514806905114,0.027774483530887937,2710.0,-0.003214825812331109,0.012322923742580425,-7.664183910525835,2
380,0.865800294251669,-0.05330726669799714,-0.2995162475449698,0.034168596954227866,0.047837796994644466,0.1256878577498206,1.0999999046325684,0.3862000107765198,0.5778000354766846,25.972778827548026,1.6899115727203233,9.464341140389443,0.9276041036132301,0.031077469930225504,27.826801111073916,101.67836792745545,8.63728557492417,115.06849315068493,115.06849315068493,0,0.0,0.019146321648114584,0.5944897959183674,0.05190097257055269,5.151137959183669e-05,0.009040850516847188,0.001175122187192241,0.0038515818926162324,0.12997916346503657,1.4174285714285715,2.6459183673469386,0.649062369255585,1.527205269447127,0.5357038179714617,12.788594563802084,16.587320963541668,118.72059674944197,14.45,9.366252751887751,7.826517740885417,10.103570847284226,4.175168692624434,4.366706785386734,34.26179122924805,0.028809944167733192,0.06578843295574188,1.6741071428571428e-06,4.149431256156701,0.028056515723740745,0.6068600599829943,1.671200706845238e-06,-7.96578155913715e-09,4.149431274063722,0.0005494501460362192,0.026837361896498477,2728.0,-0.0032392866662227394,0.013226790375740803,10.719586941978383,2
381,0.8689227039076033,-0.03660930475734529,-0.28781954265776133,0.03332238057949673,0.05352327584307981,0.12200277244263465,1.0999999046325684,0.3862000107765198,0.5778000354766846,26.066456117289405,1.2507459830386298,9.113429136616842,0.9258078218591566,0.030768023485301263,27.77291183696661,102.3324959396054,9.22048029307004,116.34349030470915,116.34349030470915,0,0.0,0.01996039393684702,0.5912285714285714,0.054617041520845816,6.892232236568075e-06,0.008307123086349419,0.002135865636298386,0.006003309072033162,0.25711255438216896,2.034,2.742142857142857,0.9527011652160826,1.4053299295483441,0.7417556655379005,47.85390218098958,23.25113932291667,139.06529599144343,14.806813186813187,7.961434499810392,18.488220214843746,11.969706217447916,6.58411667788926,17.50268330189821,34.26666259765625,0.02828533574938774,0.06539587676525116,2.1798270089285714e-07,4.1568215713802505,0.03629456002884274,0.6835436130407381,-1.2897309802827382e-06,3.588786331090812e-08,4.1568212280538,0.0005678213235655263,0.03539764159553214,2732.0,-0.0032215175625937456,0.013137600911597751,10.719586941978383,2
382,0.8731493136542184,-0.019011990700449264,-0.27114821888151625,0.034429408869564235,0.055762896669228235,0.11942541906899148,1.0999999046325684,0.3862000107765198,0.5778000354766846,26.19323712391513,0.8624688401392528,8.613356994731086,0.9240188282793866,0.03192267020299834,27.7192484010279,101.44631381302874,11.284549669284841,116.34349030470915,116.34349030470915,4,0.08163265306122448,0.03539920537945165,0.5997084548104956,0.07502990079615444,1.4720533111203655e-05,0.05177451767653075,0.004378087964163444,0.014140505868890004,0.08456067116870544,2.2485714285714287,1.6747619047619047,1.2514739997345778,0.5397427370722299,1.3426215524594827,47.85390218098958,23.25113932291667,153.55083574567522,15.571619047619047,8.516136613562612,18.809233165922617,13.666500515407987,6.9996362169097,14.515195222421355,34.27689743041992,0.028802962973713875,0.06346465647220612,1.6726539248511904e-06,4.170155791996558,0.035893630504569826,0.6835436130407381,2.4159749348958332e-06,-1.753217409954438e-08,4.170155734787241,0.0005655907041972247,0.03500069343026413,2735.0,-0.003213419890858992,0.013255073027896028,3.5594095354594932,2
383,0.8753145237479891,0.0014973803219341096,-0.28787030475764047,0.012403980816917353,0.012034883786503348,0.030812918055254972,0.9773999452590942,0.14139997959136963,0.49980002641677856,26.258189712422233,0.23947853139468603,8.63567628558193,0.9220529376878939,0.010657541054120154,27.660268087084805,98.38120703314264,11.223596272939615,115.70247933884298,115.70247933884298,6,0.125,0.039973395407765046,0.6186309523809524,0.07748543769996757,0.00013369022640566432,0.06015024622041376,0.007530400365010912,0.022243970909259288,0.12519317605810976,2.1123809523809527,1.6645238095238097,1.2764834418527577,0.6051341655175685,1.2690602202832213,21.501464843749996,21.14501953125,108.57673078264509,14.146836734693876,7.9277719615057025,11.913079155815971,10.63841078016493,7.077676401621677,5.207849682321594,34.27970886230469,0.02892330288887024,0.06074852496385574,1.0172526041666667e-06,4.182522833094723,0.020070588828846745,0.6201757160720497,-3.7783668154761906e-06,-3.675078178359477e-08,4.182522972512769,0.0005715370342642593,0.018377830341001326,2723.0,-0.0032350710815296,0.01122847811120153,-7.126834803631078,2
384,0.8782529717797325,0.0008555515805880228,-0.2781797144498144,0.02388010503627241,0.014998178760747903,0.03193389235227821,1.1461999416351318,0.14139997959136963,0.5081999897956848,26.346363582015037,0.27899411946535113,8.344972719209535,0.9219276024840004,0.024030022500439504,27.656532882349076,93.03089987627865,8.113815494073384,106.32911392405063,106.32911392405063,6,0.13333333333333333,0.04068807540938107,0.6503174603174603,0.06195154927071699,8.84880366513949e-06,0.05988906364819148,0.005735956448894696,0.021296427261711846,0.09577635881218038,1.5433333333333332,1.7673809523809525,1.006414010732031,0.9965571402518011,0.8732318469621446,14.733988444010418,19.3780517578125,84.45859978085473,14.230102040816327,7.604499463390937,10.072106255425346,9.210662841796875,6.337214884014687,3.121817890050316,34.28839111328125,0.02751094102859497,0.0731646865606308,1.1640276227678572e-06,4.164749133882622,0.022428723802261612,0.5636540287249746,6.721133277529762e-07,-1.610017179436929e-08,4.16474875236944,0.0005545231385790034,0.02084056307895895,2716.0,-0.00326760127075422,0.014137723054269054,7.843153420499748,2
385,0.8791650674286343,-0.0037847248315811158,-0.27622671447197594,0.02431655375254835,0.016090675894200882,0.02897512756246179,1.1461999416351318,0.17559999227523804,0.5081999897956848,26.373713022896222,0.3183111292549542,8.286428862724986,0.9221366699403433,0.02450433273028574,27.662805814494995,94.58863807079838,6.574005220572581,107.14285714285714,107.14285714285714,2,0.043478260869565216,0.026201729184252287,0.6375155279503106,0.0461426309847819,7.996198917117698e-06,0.022223226356834404,0.0009465833746849545,0.021755386441124454,0.042594327191103266,2.1475,2.4025714285714286,1.416064673015772,1.0904424864826805,0.8938339873944583,27.248128255208332,25.620930989583332,107.5222144717262,13.672987012987015,7.340793698008032,13.457743326822916,11.875244140625,8.636251533805503,8.169374874893164,34.2900505065918,0.02722831442952156,0.0762597918510437,-7.266090029761904e-07,4.151810496700678,0.01878482870794,0.5443888617132969,-2.3251488095238097e-06,2.7199695248361565e-09,4.151810590214797,0.0005551397643885409,0.016862875244741043,2711.0,-0.003253034180524514,0.014495261113110428,9.336082600873345,2
386,0.8761764960175469,-0.010876829439685457,-0.2855072476892244,0.027255545306879885,0.01845445057675858,0.04951847810235791,1.1461999416351318,0.17559999227523804,0.5081999897956848,26.284059309107917,0.47501800566911695,8.564724573535578,0.923153427147513,0.025322069243311315,27.693267592469798,96.29822726087288,7.219514087812,107.14285714285714,107.14285714285714,4,0.08695652173913043,0.04533273308926348,0.6269565217391303,0.052576566633580665,1.9837025239483433e-05,0.06945131074372766,0.002120521146227012,0.0531724624893427,0.030532485615018028,2.407142857142857,2.7528571428571427,1.3973139928297515,0.8486261406123502,0.8744161909704203,39.68841552734375,25.620930989583332,199.3594241914295,12.499166666666666,8.982369342185454,22.381608751085068,16.68731689453125,9.433167247803684,13.510830464784211,34.29227066040039,0.027092114090919495,0.0762597918510437,0.0,4.150796743763225,0.018386135350539907,0.5188932367314715,-1.1625744047619049e-06,9.702100236601515e-08,4.150797045528992,0.0005350725674586628,0.0164546348410975,2713.0,-0.0032688873074496454,0.015029570723688032,9.336082600873345,2
387,0.8686782004492624,-0.01683927695240293,-0.30959501896301905,0.020144222135395757,0.01538549522735803,0.057243983217436234,1.080399990081787,0.17559999227523804,0.44179999828338623,26.05913015629564,0.5718208653586251,9.287412854603359,0.9243842035593033,0.01294889664111998,27.73023348105752,96.23716915875474,9.000488109608035,107.14285714285714,107.14285714285714,8,0.1702127659574468,0.049443666240703614,0.6296048632218846,0.06621371084542692,7.152326530612164e-07,0.08135050616778798,0.004633383436201636,0.05122443083115182,0.05695580340514583,3.6878571428571427,3.4417142857142853,1.416517899351672,1.354338275049962,1.0715175161879462,40.9161376953125,45.60262044270833,215.48371051606676,15.259610389610389,9.288057188761826,33.2733154296875,27.394368489583332,9.421194677435032,11.095874569925916,34.30208206176758,0.031017722561955452,0.07429712265729904,-1.8906366257440476e-06,4.152656592594363,0.017437186475770267,0.6705179963736408,-1.998174758184524e-06,-7.874014989696549e-09,4.15265634573834,0.000532887271032196,0.015422215448100733,2712.0,-0.003253882092854209,0.011999458916720513,-6.476841077324495,2
388,0.8570137051968347,-0.018630324244499206,-0.344632657065278,0.018441755066181804,0.011441009601843013,0.05811535373687244,0.9335999488830566,0.06499999761581421,0.44179999828338623,25.709207441636494,0.5868524302755084,10.33848899764674,0.9259396370237175,0.008684823056015947,27.776886078971614,93.96362478851213,9.322936211593634,106.32911392405063,106.32911392405063,11,0.24444444444444444,0.05212461876370508,0.6453015873015874,0.06861217190509929,2.5024495793419384e-05,0.09132724463136087,0.004549088418670289,0.049861975672184665,0.049810858052627346,3.0428571428571427,3.1805714285714286,1.7087164295852877,1.4191956905808532,0.9567014013654329,40.9161376953125,45.60262044270833,177.68693121047247,14.796785714285715,9.311761638080185,27.3944091796875,20.83699544270833,13.697665676233678,15.288816032059362,34.31965255737305,0.03560170158743858,0.07855039089918137,2.910795665922619e-06,4.150006539605583,0.018924682701020063,0.6705179963736408,-8.900960286458333e-07,-6.952287323225803e-08,4.15000658623313,0.0005403209734640184,0.017078967924405844,2713.0,-0.0032571603965659375,0.010945878249773645,-6.476841077324495,2
389,0.8554274860620499,-0.012911724118959337,-0.32690561896562575,0.026249436142534475,0.02720786921432141,0.1322030464090427,1.0743999481201172,0.24119997024536133,0.49299997091293335,25.66159986759935,0.6668068666117531,10.380365140140057,0.9259038381955569,0.019980219743876742,27.77581386048986,94.87056088987799,8.07394589778746,106.32911392405063,106.32911392405063,7,0.14893617021276595,0.031166325421581872,0.6372644376899697,0.056924987235039644,1.3184309204498085e-05,0.03987235751895151,0.001091268217984866,0.007279430735003028,0.027369041759474126,1.5462857142857145,3.051224489795918,0.698016197695224,1.3538037178467355,0.5067754665239784,26.2127685546875,48.54085286458334,133.35766812279113,16.915510204081635,8.592744105947997,12.279073079427082,18.127819242931547,13.655149373055988,7.689594780921941,34.33758544921875,0.0295648705214262,0.08077575266361237,3.647577194940476e-07,4.134919948676877,0.018831929175967866,0.6627772511522391,-1.6167050316220238e-06,-7.414137859898473e-08,4.134920442615175,0.0005656001877639223,0.016909026895429894,2699.0,-0.003239825057856248,0.011207645996555098,-4.887916539477378,2
390,0.8663250771363576,0.010068847264562334,-0.1437530283530553,0.03035645610627784,0.03740010729213513,0.27345031000599485,1.0743999481201172,0.24119997024536133,0.49299997091293335,25.98850345696722,0.9221949946028846,8.807648721592766,0.9208219285918327,0.021628324965556077,27.623351978308996,97.54973872602932,7.042276560470325,109.375,109.375,3,0.0625,0.022369416501458392,0.6183928571428571,0.04618767633880525,5.68189920866305e-06,0.02861834314326813,0.00019322394173898632,0.04237007622541879,0.006751751517258546,1.469387755102041,2.8528571428571428,0.6208016340893147,1.3915065141812115,0.5150583017383218,41.81223551432292,48.54085286458334,144.01541697184243,16.60919642857143,8.480451334626409,16.179286411830358,19.481186639694936,13.868198773593978,12.859757748916248,34.33836364746094,0.028957821428775787,0.08000119775533676,4.804338727678571e-06,4.103727964189903,0.04259548175109769,0.7400155183482249,-5.340576171875e-06,-1.1311471259737008e-08,4.103728073549806,0.0005573390870298621,0.04176863979549372,2695.0,-0.0032168333374099,0.011925199987697161,-3.8784400650830975,2
391,0.878394877013706,0.033954361458619436,0.05819734300318218,0.02728766097375639,0.03611509057117487,0.2456007535835778,1.0743999481201172,0.24119997024536133,0.49299997091293335,26.35061916751521,1.3116525649598667,7.224834002980164,0.9153933467560265,0.023260619996503692,27.460482259361644,100.96572057746846,6.447040660533791,109.375,109.375,0,0.0,0.015925261240501875,0.5969096209912537,0.04167199715440546,4.150514885464387e-05,0.007146840008126572,0.0008938733367869745,0.004124105081844637,0.1250725265670651,1.1173469387755102,2.355714285714286,0.25995450215439114,1.4755135736828886,0.4743134367148921,41.81223551432292,48.54085286458334,180.78943859281995,14.462100840336134,8.059377887716279,20.226614815848215,20.536397298177086,12.745246017439115,12.459260837374261,34.33328628540039,0.029671119526028633,0.08000119775533676,-1.8935430617559523e-06,4.063054819480787,0.05042134705320196,0.8145438898074144,-5.976359049479167e-06,-4.135751304067339e-09,4.063055067968442,0.0005569371599799997,0.04970011794481546,2692.0,-0.0031784375130202132,0.012454813871581052,-5.172486759444763,2
392,0.8789525912773042,0.055646647177991414,0.21298359060003644,0.07949520900148484,0.07547762127528215,0.10295263590710979,1.4477999210357666,0.45899999141693115,0.8049999475479126,26.36730002403259,2.078036846433367,6.632809148941721,0.9149858816660719,0.08020385327196666,27.44827329318155,99.11013732291572,8.572714149437921,111.1111111111111,111.1111111111111,0,0.0,0.016328158841952805,0.6102678571428571,0.0566306329885785,1.7748764681382679e-06,0.004816531046514177,0.0014003379960045035,0.0011456576821714435,0.29073579771025393,1.530408163265306,2.124285714285714,0.9486610832618044,1.4875592939648572,0.7204342396003458,30.868428548177086,26.221720377604164,142.42844594319664,15.456746031746032,8.845676189952671,10.030779157366073,13.111380117910878,8.569108618115164,10.044202075580706,34.322811126708984,0.029353361576795578,0.06962063163518906,-4.801432291666666e-06,4.024813846260995,0.029184785813980593,0.6238957845093438,-2.288818359375e-06,-7.08246305180135e-10,4.0248139709935815,0.0005384400393652623,0.027964722163456017,2707.0,-0.003125476778124033,0.016049926666126965,-2.9874701582160323,0
393,0.8834824858790352,0.028870228293396177,0.16757912361054195,0.1221255579858341,0.1430737964500256,0.141482929328536,1.5453999042510986,0.5490000247955322,0.8049999475479126,26.50324786203248,3.222538856608527,5.624768001266888,0.9219142837800266,0.12220389275513416,27.656104059884992,104.26091758491447,12.002749360266908,122.44897959183673,122.44897959183673,0,0.0,0.016009680536698115,0.5837428571428571,0.07223877075366109,2.729529362765781e-09,0.004564990713085984,0.0014490392413203004,0.002226417568914312,0.3174243568922255,1.6323809523809525,1.5687301587301588,0.8993981358679374,0.6984331165846531,1.040574724274006,30.868428548177086,22.325236002604168,116.61965150378998,15.839928571428572,8.253700338673088,9.501625343605324,10.266294126157408,6.0047244575082175,10.199897587295464,34.30433654785156,0.03840236738324165,0.07892696559429169,-6.259009951636905e-06,4.022307037416001,0.02258495274650542,0.5752486144299064,2.5794619605654763e-06,2.8856393901294857e-08,4.022306674744033,0.0005218624441789721,0.02106847619196418,2708.0,-0.0030903309210443103,0.019648840221857318,-2.9874701582160323,0
394,0.8867542859372638,0.013497752141384852,0.13735942810490018,0.1556609555006424,0.15833589337868392,0.15662988784791065,2.8417999744415283,0.5490000247955322,0.8049999475479126,26.601326006650925,3.541430141414915,4.94472542490278,0.9248339086737251,0.15459209800054544,27.74368936353466,104.40008723802974,11.936080356975141,122.44897959183673,122.44897959183673,2,0.0392156862745098,0.0220537377090319,0.5827731092436974,0.0708991087011841,3.6255144356517867e-05,0.01730793011386379,0.0015327231192109208,0.003439002477397128,0.08855611902333702,1.5196825396825397,1.0776190476190477,0.6701594820775822,0.48200074331196624,1.4102224186183532,30.4888916015625,13.852742513020834,150.72592366536458,14.167571428571428,7.003752916713107,9.662373860677084,7.293723777488427,4.1222133814591775,10.017865315839806,34.27614974975586,0.038723185658454895,0.08940812200307846,-3.928048270089286e-06,4.034875103487446,0.027221064688021754,0.6111622075349014,1.3623918805803572e-06,-2.2951310079032043e-07,4.034876132919063,0.0005143724273834445,0.026031394352467315,2707.0,-0.0031213505620826094,0.024233689094970604,-2.9874701582160323,0
395,0.8849139421440306,-0.008344904805932727,0.167540580644494,0.1349693393331165,0.13509945442344937,0.14723003098863743,2.8417999744415283,0.5490000247955322,0.6225999593734741,26.546135121413638,2.5532042736666543,5.606778141515596,0.9228703806590399,0.1329198866704633,27.684775852545872,103.52712137930016,12.149851039853116,122.44897959183673,122.44897959183673,3,0.06,0.025422707090677985,0.5879142857142857,0.07157368687626217,0.00011470847147022063,0.027317468266813475,0.0004996551276000943,0.008861942883466702,0.01829068209103032,1.6581632653061225,2.2882142857142855,0.6439246077439055,1.8121087543950285,0.7246538384356397,30.4888916015625,41.22273763020833,159.7088424682617,11.910672268907563,8.003271376713839,11.877644856770834,15.018603006998699,13.951191622205707,10.134602252904726,34.262813568115234,0.03204658627510071,0.08593939244747162,4.074823288690476e-06,4.031315470166414,0.02947296551495475,0.657427659241808,-2.452305385044643e-06,-5.882600522502709e-08,4.031315549821442,0.0005269427489894582,0.028387955627948845,2704.0,-0.0031301326669061144,0.021724933311104637,6.11968387722553,0
396,0.8751778278577895,-0.0018335426307859875,0.24099828557741074,0.09786774338953995,0.0714560054694968,0.11260099205449721,2.8417999744415283,0.4318000078201294,0.6225999593734741,26.25412369285311,1.0714936954208782,7.4562014274937765,0.9177373418337798,0.09560845481991363,27.530798103508317,90.72296882564855,11.936046786290461,113.20754716981132,113.20754716981132,10,0.22727272727272727,0.040348505529124515,0.6731168831168831,0.09051146809085697,0.000382817175510204,0.06214344625016431,0.0004266253292378744,0.02636769153524338,0.006865170102096589,2.650857142857143,3.552285714285714,2.232936859924204,1.39631310446987,0.7462398455722674,30.4888916015625,41.22273763020833,178.3348870413644,12.439285714285715,9.538867367054566,16.4964599609375,23.308227539062496,12.783056131444981,10.323605216087014,34.288997650146484,0.05274004116654396,0.09635680168867111,3.201439267113095e-06,4.008339116768714,0.035498022091084235,1.002665812419263,-5.1225934709821424e-06,1.247159212129789e-08,4.008339221416165,0.000540183925011127,0.03456113996922449,2689.0,-0.0030934021510508427,0.01846930017467852,6.11968387722553,0
397,0.8729596946636836,-0.017358885688441142,0.2763047618525369,0.022042623046918564,0.025902808085932143,0.045414959661004665,1.0473999977111816,0.15380001068115234,0.42139995098114014,26.187481839912277,0.6185312770519937,8.288985712783678,0.9173488441785265,0.019867817819292515,27.519128860002613,84.96559317317697,9.909935371111901,102.68948655256723,102.68948655256723,11,0.275,0.04987844984848998,0.7164642857142857,0.08938907588601137,4.2521045564348174e-05,0.09212128936258394,0.007374204047450575,0.008021827751610243,0.0800488583960885,4.29047619047619,2.797857142857143,1.9235604506373687,0.8633669851345998,1.5334865117862309,18.752034505208336,18.76861572265625,150.7512617565337,16.57,9.015963552250541,11.663038465711807,14.68310038248698,2.521988359335525,5.023738347808741,34.3349723815918,0.055607542395591736,0.10245472192764282,5.821591331845238e-06,3.98386374955336,0.014702064154291062,0.9073695200567353,-2.6702880859375e-06,2.4922314531665716e-07,3.983863296630781,0.0005417981280663125,0.012231161106214767,2702.0,-0.0030579467732749334,0.015146002950076972,7.732779980693081,0
398,0.8799959341401146,-0.042511514953204564,0.2553269619487581,0.020094352556252686,0.03301419466143862,0.03713816373362444,1.0473999977111816,0.15380001068115234,0.42139995098114014,26.398621024233954,1.3208364487971578,7.659501572762217,0.9186329101129402,0.01945431112803614,27.557670364714514,80.17920415029796,8.95560115541157,98.13084112149532,98.13084112149532,12,0.3157894736842105,0.07650890664798408,0.7583458646616541,0.09115356096891435,0.0001144288653061221,0.21066388303888245,0.010150376263700408,0.06225373431500801,0.048182802468456076,3.8377142857142856,2.2992857142857144,2.110105829631513,0.43968970970029136,1.669089779434607,28.815816243489586,30.344746907552086,139.04087306431362,16.68272727272727,8.449756085545408,19.7598876953125,14.812011718750002,10.056378944000555,7.980168013275186,34.376075744628906,0.03513609617948532,0.08113479614257812,4.0036156063988095e-06,3.974432359677906,0.010053919222994962,0.9025368662016926,-1.6348702566964285e-06,3.996103466208979e-08,3.974431870892997,0.0005518304265484696,0.005934858217896591,2693.0,-0.0031122480379468537,0.015395398733537508,7.732779980693081,0
399,0.8844027634915851,-0.06527551532075519,0.24143730484871637,0.019357930089687378,0.02852544366586583,0.0325632308788465,1.0473999977111816,0.15380001068115234,0.42139995098114014,26.530827333331107,2.0037451741099357,7.242841716919626,0.9201062941039964,0.019347224445015562,27.60188149429604,81.26963897781916,8.555811734671023,98.13084112149532,98.13084112149532,8,0.21052631578947367,0.07197589533379171,0.7471428571428573,0.08548842422627598,7.721029304456473e-05,0.18855075699357926,0.005711057255000356,0.026736008655270975,0.03028923005169815,2.5414285714285714,2.334285714285714,1.6982115442369339,0.39032299550029914,1.0887392900856794,28.815816243489586,30.344746907552086,105.54643293108259,13.376000000000001,7.506928059996258,19.83233133951823,13.92583211263021,10.196668622405655,9.138203258148149,34.39986801147461,0.03063194453716278,0.07688586413860321,5.025227864583333e-06,3.968752636738513,0.011933156383537206,0.5367058602179294,-4.904610770089285e-07,1.255602403342246e-08,3.9687522561988016,0.0005929727378090908,0.008854141190043987,2719.0,-0.003197972192451401,0.015468265310259818,7.732779980693081,0
400,0.8851959736063367,-0.08112642936195646,0.240303409638859,0.004735329063386836,0.005895704894196125,0.012585910773884835,0.9127999544143677,0.10839998722076416,0.2937999963760376,26.554612779617308,2.4336758808578765,7.208775146262986,0.9209208679027009,0.00441370624697437,27.62631280163036,79.38341021128751,6.796320431616724,88.79492600422833,88.79492600422833,8,0.20512820512820512,0.05223058846732818,0.7621245421245421,0.07425673694820459,0.0007064747022074139,0.10667899361189925,0.005223319391719841,0.07467657969471542,0.048962960887336475,2.874285714285714,2.9538095238095234,1.7232420797166375,1.0214151403268354,0.9730775431242947,12.699686686197918,10.993448893229168,87.15836799258278,14.898035714285715,6.833702455757532,8.36456298828125,4.853346082899306,4.366036833969961,3.3358664167978573,34.41334915161133,0.029912980273365974,0.06217969208955765,3.0604771205357142e-06,3.958777333264078,0.012744550929423264,0.47419812386063637,-1.5803745814732144e-06,1.6643669387992372e-08,3.958777957074149,0.000641390504322728,0.010099509235831744,2703.0,-0.003218867019167242,0.012297171473243017,-1.0068743375631575,0
401,0.8901771827311743,-0.07532025713579996,0.2141097430955796,0.011134094789363874,0.020869844751689837,0.05200576420136945,0.9766000509262085,0.12919998168945312,0.2937999963760376,26.7040426248312,2.2790428565655434,6.44303357899189,0.9204026792397177,0.007386875112260617,27.610774030696994,82.1042751854691,6.315803208829797,93.33333333333333,93.33333333333333,6,0.15,0.0411287623394516,0.7355,0.061723998904934275,2.883065389420493e-08,0.06274581317953849,0.0025130163996396554,0.005862962579714966,0.04005074238896236,2.888857142857143,2.804642857142857,1.5722988239634141,1.403180925320635,1.0300267413727238,13.9447021484375,24.071146647135418,71.15212990897042,17.497142857142858,8.486810764788407,8.244588216145834,9.302088419596355,9.263977917714195,4.170194278269871,34.42543029785156,0.02800862491130829,0.058695949614048004,1.2395949590773809e-06,3.949916958212881,0.01166362515087776,0.4586927029982721,-1.1807396298363096e-06,3.1328051209075446e-08,3.9499169783892425,0.000662108272922244,0.008722401069142918,2717.0,-0.0031671312887165343,0.013080233073760269,3.3646879437908,0
402,0.8964169438623246,-0.06512660907279877,0.18378288591475714,0.01200846251312812,0.022493183319688505,0.05529615568817375,0.9766000509262085,0.12919998168945312,0.2937999963760376,26.891230030144964,1.9732265575442995,5.533226577895028,0.9193661654094742,0.007390995190120703,27.579673063461996,83.90777544974765,5.113045493309021,93.33333333333333,93.33333333333333,2,0.04878048780487805,0.027156011849898663,0.7178745644599303,0.046155451783510056,8.521633319450213e-06,0.025021474134292683,0.002475830519625044,0.009459711635733562,0.09894822768382953,2.793142857142857,2.034,1.1390803307932238,1.0921162381134255,1.3732265767663998,13.9447021484375,24.071146647135418,76.12124699183873,16.021666666666665,7.719156439261148,6.608479817708333,9.030192057291666,8.330521718107764,3.7411695942909047,34.43526840209961,0.029533497989177704,0.06060662865638733,2.1144321986607142e-06,3.94157726454409,0.010854208682390272,0.6908758479799424,-1.9073486328125e-06,-7.123425243805693e-09,3.9415779877800903,0.0006762601811974343,0.007648853303122587,2698.0,-0.0031216470044395208,0.012912306366911565,3.3646879437908,0
403,0.9022429996274767,-0.05461355207363765,0.15572871451150802,0.009327471726980991,0.01741407241574748,0.04082246278432727,0.9766000509262085,0.12919998168945312,0.2834000587463379,27.066010274546485,1.6578337046929768,4.691603150027139,0.9183045889736663,0.007064697792221378,27.547825432890818,83.25565739323493,5.804355961439589,93.33333333333333,93.33333333333333,2,0.05,0.026451578936945455,0.7243214285714286,0.05249245572616379,8.3509204498126e-06,0.016283928894097556,0.0024053902217242968,0.004414671218831128,0.14771559353812824,2.3191428571428574,1.3482142857142858,0.9206575290053765,0.42600346721785337,1.720158940397351,6.715087890624999,10.287679036458332,38.996596127464656,11.596883116883117,6.327312818417332,5.162556966145833,5.343119303385416,3.941246925802529,1.069531897439475,34.450252532958984,0.03163988143205643,0.06368668377399445,4.0864490327380956e-06,3.9319920588672677,0.013829074871181317,0.6908758479799424,-1.1262439546130953e-06,-9.31345861671809e-08,3.9319923478034116,0.0006773822800860906,0.011563556035575427,2685.0,-0.0031034637534001356,0.012981521006115274,3.3646879437908,0
404,0.9045399892727534,-0.053294295237177894,0.1465529433148248,0.0036448998112473567,0.00368073912587838,0.009873400970669119,0.9206000566482544,0.06840002536773682,0.18299996852874756,27.13490553532328,1.5987541428634098,4.396394870877266,0.91794440984208,0.0036078960861505543,27.537021604617006,80.83148705344459,5.27355404508908,90.12875536480686,90.12875536480686,4,0.1,0.028712107875787395,0.7454285714285713,0.04830515246950413,5.738835485214479e-05,0.017293329272630494,0.003546844026527842,0.005897128861986517,0.20509897027990437,4.548928571428571,1.5442857142857143,2.5756699891207226,0.3908585526290365,2.9456521739130435,8.000284830729166,9.066975911458334,43.20665784563337,13.472714285714286,8.983308909259643,6.2708282470703125,6.3536834716796875,2.7414220281012867,1.6950204497079038,34.46710205078125,0.03129769489169121,0.06175201013684273,3.7202380952380952e-06,3.9173494048995248,0.017978535940663187,0.6851417762418748,-1.9436790829613094e-06,-9.465477435864169e-08,3.917349909504652,0.0006888858254362761,0.01640662395962879,2651.0,-0.0030921379115875433,0.012420120938056275,-3.52629305578781,0
405,0.9049357985087804,-0.05434390511399224,0.14409208659331005,0.0039078654663734615,0.003777609897335373,0.010553508929708303,0.9206000566482544,0.07059997320175171,0.18420004844665527,27.146775098102434,1.6302420105252946,4.322565883483206,0.9180147172109505,0.003806067319967698,27.539125659741888,79.95312320826176,4.542177531880162,89.74358974358974,89.74358974358974,5,0.1282051282051282,0.031084929224938596,0.7528937728937729,0.04329626943622764,0.00015968706372344865,0.01576231348499556,0.0036059279795972723,0.009579900451802775,0.22876895469880243,4.952857142857143,1.7242857142857142,2.221681887256424,0.33639343664478216,2.872410936205468,8.000284830729166,9.066975911458334,46.70930895124163,17.234126984126984,8.06074740502636,6.848424275716146,6.223653157552085,2.881109691360483,1.3320296936652989,34.48258590698242,0.02957303076982498,0.0659651905298233,1.8252418154761906e-06,3.899794531733608,0.01859403186463294,0.5925170058678058,-1.998174758184524e-06,-4.604976211605297e-08,3.8997947837449316,0.0006725786995251773,0.017202792356558107,2640.0,-0.0030961093672808733,0.012867999525124763,-0.22164984893585704,0
406,0.905576341742561,-0.05470247650146484,0.140315249198959,0.00401952488937251,0.0042690224506999365,0.00920709409227405,0.9262000322341919,0.07260000705718994,0.18420004844665527,27.166000680838312,1.6410011522259031,4.209238333106041,0.918069752989571,0.0040399476867414965,27.540782483918274,80.48541623280782,3.3917498117519322,86.0655737704918,86.0655737704918,3,0.075,0.025436019817061815,0.7468214285714285,0.03195738153688248,1.2667788421491058e-05,0.019918121034229297,0.000927159000695897,0.0021967759583248455,0.04654851725735445,4.495,1.697142857142857,1.4316896325955681,0.29509424298840187,2.648569023569024,9.145609537760418,13.393656412760418,49.09536815824962,12.547428571428572,8.690751518665326,7.407938639322917,8.016153971354168,3.983060668968258,1.6672245767603504,34.49327850341797,0.028675401583313942,0.06633716821670532,6.568545386904762e-07,3.8802906227284377,0.018850186654960712,0.577279860494995,-2.5612967354910712e-06,7.095252041729846e-08,3.8802904810409147,0.0006676885534390321,0.01751143396054285,2640.0,-0.0031304487267719396,0.013317082984830367,-2.627862996332486,0
407,0.9054856372560773,-0.05393125740687053,0.14092536327384766,0.004036079694981463,0.004979481490040231,0.008650846741073762,0.9262000322341919,0.08660000562667847,0.18420004844665527,27.16326968916825,1.6178560078995567,4.227554898176875,0.9180261045591306,0.004095300835857636,27.53946494465223,82.18068678015553,3.533707971502915,88.79492600422833,88.79492600422833,1,0.025,0.022241008978388682,0.7314999999999999,0.03266238865504269,1.412532511453558e-05,0.01745271546080746,0.0006981347179302014,0.0016526397391788807,0.04000149544052108,5.219285714285714,1.666190476190476,1.7407142857142857,0.06251349060752012,3.132466418976851,9.145609537760418,13.393656412760418,35.02204924083892,11.425510204081633,8.98459810817088,8.487497965494793,6.87835693359375,4.736307454364499,0.6581115722656254,34.501129150390625,0.027884257957339287,0.06285406649112701,1.751127697172619e-06,3.862207675285552,0.018464139379791966,0.5466563672833382,-2.9609316871279763e-06,-1.3823831410409331e-08,3.862207742189701,0.0006754920438052879,0.01706489121084055,2656.0,-0.0031433243517886796,0.013560392027985162,-2.627862996332486,0
408,0.905731418132782,-0.0551375909277371,0.1394261251574471,0.00394858652841377,0.0053039913484232626,0.008508600564630793,0.9262000322341919,0.08660000562667847,0.1751999855041504,27.170644401056425,1.6540458706872805,4.182592897500311,0.9181119349255435,0.003974291533620239,27.542043362245426,82.50608892758162,3.4882207232072693,88.79492600422833,88.79492600422833,2,0.05,0.025064020591380146,0.7285714285714285,0.03204906952070305,1.1912359183673412e-05,0.023004912411633365,0.00014928209501226768,0.007867836559519378,0.006489139899388495,7.485,1.7514285714285713,4.8878571428571425,0.2939457120501217,4.273654159869495,8.21624755859375,7.660420735677084,32.04592437744141,18.551020408163264,8.434654384477726,7.12677001953125,6.7579481336805545,1.2665190223426848,1.0894775390625,34.505577087402344,0.02761245332658291,0.06517389416694641,-1.6799200148809524e-06,3.8439889855796023,0.01725399539910209,0.535390760149257,-3.3242361886160715e-06,1.477235910799846e-08,3.843988893972127,0.0007002695646606192,0.015694696928276467,2659.0,-0.003132541261056021,0.013798787630311386,-1.6280169988791913,0
409,0.9065196942204521,-0.05459559092067537,0.13353099174158914,0.004313449136043921,0.005838327612080699,0.013249391551423842,0.9298000335693359,0.08660000562667847,0.1751999855041504,27.194301683817592,1.637792727649212,4.00572560931955,0.9180411336663158,0.004227942633957951,27.539926541334435,82.47852357511417,4.2635832374449185,88.79492600422833,88.79492600422833,5,0.125,0.033782943686784125,0.7295,0.03948204190075611,6.755755768429822e-06,0.045112760218874816,0.00025768879253932535,0.0024874163741754286,0.005712104320132255,2.795714285714286,1.5652380952380953,0.20967418845943447,0.3932860573456608,1.7861271676300579,9.721272786458332,7.660420735677084,47.31662837437221,16.726964285714285,4.884664383719892,8.086785210503471,6.697998046875,1.3513004580406467,1.3904231334456778,34.50874328613281,0.027297507971525192,0.059788111597299576,3.633045014880952e-07,3.8216789554036303,0.024033017844402555,0.5639863074190972,-3.5422188895089287e-06,3.517954945393812e-08,3.8216791772599734,0.0007280168329676991,0.02289150795599292,2666.0,-0.003131852468520844,0.013942415788212219,-0.8576694490808355,0
410,0.9067563038212912,-0.044758229122275395,0.12204601999975385,0.006981783229937309,0.03900293355040387,0.032967750406511925,0.9673999547958374,0.1826000213623047,0.19159996509552002,27.20139340034553,1.6962030112743378,3.693043458206313,0.9174500161173744,0.006916589281907637,27.522186106241527,83.01548016757405,6.411193105045068,95.89041095890411,95.89041095890411,8,0.2,0.03977632385350356,0.7271071428571428,0.056515744149172216,3.62944773011245e-05,0.06498336281286493,0.0011344583329170532,0.021582026778439328,0.01745767353074657,3.644285714285714,1.3139999999999998,1.4539935154109673,0.3143940073168296,2.7734290063057188,12.89337158203125,14.175618489583332,74.8478227161226,14.770357142857144,9.058238707270368,8.39349365234375,9.05682373046875,3.388658330782189,2.7980553877319037,34.513919830322266,0.028180908411741257,0.06440822780132294,2.9355003720238095e-07,3.7993552111357793,0.02354503721368743,0.5675673792645308,-1.3623918805803572e-06,-3.76863952765063e-08,3.7993549038342684,0.0007283906277050557,0.02238813282718331,2663.0,-0.0031483050193294366,0.015546783331168327,3.131949270579705,0
411,0.9062845896823065,-0.04025890523195267,0.12444971483945846,0.00716681274815522,0.038115651029644454,0.03438651719140168,0.9673999547958374,0.1826000213623047,0.19159996509552002,27.187235119002207,1.56122286600726,3.76516887485981,0.917113796102961,0.007010855174414533,27.512094926411024,83.47655913176021,6.1296051798156865,95.89041095890411,95.89041095890411,7,0.17073170731707318,0.036622035298270295,0.7226829268292683,0.053529665600006354,0.00011268905689296139,0.047482271398812545,0.0028309971270124314,0.033819686184810224,0.059622192528119664,3.7842857142857143,1.408857142857143,1.3818901577778406,0.3311333660663766,2.6860677347394035,15.580037434895834,14.175618489583332,68.38291836693173,17.106428571428573,8.449874360052952,8.366109212239582,9.885782877604166,3.1256322051682273,4.97710807352569,34.516597747802734,0.027732081711292267,0.05938602238893509,3.6490304129464284e-06,3.7849304931605747,0.013039229403031672,0.8844072728832064,-1.071748279389881e-06,-8.246826374875208e-08,3.7849307480337115,0.0007290325258778192,0.010680170249643866,2663.0,-0.0031720313064984257,0.015407648514957942,3.131949270579705,0
412,0.9050099233218601,-0.031847800850868226,0.12692800957532155,0.01006561032178129,0.03880390013054186,0.049005816974171154,0.9673999547958374,0.1826000213623047,0.31540000438690186,27.14900469967297,1.3296737237487521,3.846636716723442,0.9165761893893193,0.008042491105402307,27.495978555996917,84.68634774445128,6.338382136016791,95.89041095890411,95.89041095890411,5,0.12195121951219512,0.03287421916508872,0.7125087108013938,0.05379641997541026,1.8860408163265013e-05,0.035524635453480585,0.0018590954348284448,0.003605018438259521,0.05233256896507567,2.606190476190476,1.2407142857142857,0.8582440016917737,0.2925314681601718,2.1005565150642873,24.09088134765625,11.663106282552084,129.322946312314,13.515510204081632,7.837998324993904,9.11468505859375,6.794162326388889,3.5587181188231027,8.0853710769192,34.517669677734375,0.027852462604641914,0.06982709467411041,-1.0201590401785713e-06,3.7804510348081917,0.010184299976145044,0.8844072728832064,-7.084437779017857e-07,4.125053589813178e-08,3.7804507063084554,0.0007016311986144251,0.006598509475487312,2680.0,-0.003176730789744759,0.017482393300608086,10.309701625691712,0
413,0.9063158950692132,-0.0377224771124976,0.1250979236761729,0.009264501691514049,0.016471963630676045,0.04281567950266135,0.9498000144958496,0.08560001850128174,0.31540000438690186,27.188180137787548,1.1642593038082123,3.7633114246811186,0.9168562351118605,0.006779422388585715,27.504375690958945,84.20898971378107,4.553752716500121,95.67198177676538,95.67198177676538,1,0.024390243902439025,0.02270597332178906,0.7145644599303136,0.0380605207091885,1.378379275301951e-05,0.014927226409937272,0.000620415942593459,0.009046975353741004,0.04156270733459493,2.657142857142857,2.3442857142857143,1.2689976761368857,1.9565928319924104,1.1334552102376598,24.649556477864582,41.38295491536458,114.24673055013018,13.548571428571428,7.439127988676559,13.265965779622395,11.961791992187498,14.820211452518818,11.111673268144674,34.515869140625,0.027296697720885277,0.07098256051540375,-4.087902250744048e-06,3.776980188879352,0.012681859379736399,0.8605683136075788,-1.5440441313244048e-06,2.4771467534764673e-08,3.7769794064940956,0.0007018745087627912,0.009744211938511587,2694.0,-0.00317720378968189,0.01760428619615072,10.309701625691712,0
414,0.9081947335515703,-0.041051896123659046,0.11132199986775716,0.009247942548982615,0.018327884814853024,0.04137925059529178,0.9498000144958496,0.08560001850128174,0.31540000438690186,27.244539863637517,1.2641355884075165,3.350045996052878,0.9170521327824082,0.006677111872094227,27.51024856057567,84.24633215756913,5.398468683939318,95.67198177676538,95.67198177676538,2,0.05,0.03515310014815429,0.7151785714285714,0.04680254604534385,0.00021428179858392387,0.06006240410633004,0.0014433851829755901,0.062167160227745884,0.024031425389172363,3.775714285714286,3.369047619047619,2.3198948779843365,2.021747857447355,1.1207067137809188,24.649556477864582,41.38295491536458,127.63373158772788,14.044285714285714,9.176909181828012,16.287206013997395,17.61379665798611,16.853369410712663,8.201398011533923,34.51607131958008,0.02727496437728405,0.07098256051540375,-9.489513578869048e-07,3.766297674208594,0.01562072751260543,0.6721327366839014,-2.1253313337053572e-06,5.966212549213391e-09,3.76629759733081,0.0006429697558264266,0.013281307092235819,2730.0,-0.003165614201360575,0.018444526134501107,10.309701625691712,0
415,0.9102491623276756,-0.05101591523204531,0.10272786676883698,0.0045693124314709855,0.011545561802650714,0.016589200667750166,0.9498000144958496,0.0756000280380249,0.14180004596710205,27.306175726992745,1.5422783153397697,3.0851368604387557,0.9176685343075635,0.004797610875500316,27.528746018043265,81.03277417239467,6.0372189554725795,91.50326797385621,91.50326797385621,2,0.05128205128205128,0.03500498660195748,0.7447619047619048,0.05825325294913379,6.557694294044125e-05,0.029034618238956294,0.004354114704395734,0.008250127899454283,0.1499628708241025,4.178571428571429,2.162857142857143,3.07,0.0,1.9319682959048878,10.147806803385416,4.204610188802083,48.335556175595244,11.319714285714285,4.981104737722673,8.204193115234375,4.204610188802083,0.0,1.943613688151042,34.51953887939453,0.027463989332318306,0.08406811207532883,5.696614583333334e-06,3.750279760208591,0.017845421078443353,0.660162811083173,-2.8519403366815477e-06,-5.473640594999095e-08,3.7502802960509825,0.0005987969397818218,0.01581888140421917,2738.0,-0.0031399109052377716,0.016989765531317227,15.122318748870317,0
416,0.9107450956276485,-0.05638755335694268,0.10003001931735447,0.0030898391047034937,0.004370745688159802,0.00967646406637967,0.9256000518798828,0.0756000280380249,0.14020001888275146,27.321054011668476,1.6915488864268575,3.000757579548018,0.9180167793980898,0.0031092397748281437,27.539194334324627,79.1964686669542,5.544867299062044,91.50326797385621,91.50326797385621,3,0.07894736842105263,0.037693424673958816,0.7613533834586466,0.053778744087416896,3.2370618908788347e-06,0.03242301471529295,0.0036170819467710178,0.007146464620192267,0.11155908784339386,3.48,3.4628571428571426,1.6300824235243425,2.695995518678526,1.004950495049505,7.542724609375,16.068216959635418,44.42644624255952,19.142678571428572,8.11689358361338,6.084018283420138,7.747463650173612,6.083281926657801,1.353342053640016,34.524658203125,0.028176605701446533,0.06938129663467407,3.502255394345238e-06,3.7320941478023926,0.019449966825467443,0.575645819901479,-3.505888439360119e-06,3.1626451359037946e-08,3.732094177979054,0.0005333167298438299,0.017560137813959965,2742.0,-0.0031113085772422294,0.016250597831710137,3.59395862531455,0
417,0.8971242476361139,-0.028319143786316826,-0.017979970957551685,0.024090503185568296,0.04843614236776776,0.18733341161360964,0.9493999481201172,0.11539995670318604,0.4074000120162964,26.912467143365316,1.6422104516199656,4.747470286147935,0.9186521265421344,0.007460475500977851,27.55825619456188,81.4312171128959,5.878429738183118,92.10526315789473,92.10526315789473,1,0.025,0.023786069033423625,0.7407142857142858,0.05419258929682063,0.000295896165930862,0.01151714564621928,0.0020370908083473683,0.006257625153851812,0.17687462422740843,1.6505714285714288,2.932857142857143,0.7033201726853301,2.2050596734023564,0.5627861665854847,15.557861328125,12.291259765625,45.90453927176339,18.86452380952381,7.0357304528055336,6.941365559895833,6.643900553385416,3.4020077685116625,4.39654833082765,34.531368255615234,0.02810114622116089,0.07556592673063278,-5.115327380952381e-07,3.7107552388107075,0.021534073664291498,0.5216661087511361,-3.069923037574405e-06,-7.997182707852164e-08,3.7107553140861955,0.0005404862234026018,0.01976178538036269,2729.0,-0.003130793123039528,0.01770208467189276,11.36004805820414,0
418,0.8899137044634138,-0.007540714644250416,-0.10777877103998547,0.05984763296369905,0.06118816217159608,0.19335516852649928,2.095400094985962,0.17100000381469727,0.6181999444961548,26.69610170526164,1.6554087245464324,5.758201853505203,0.9193005745178606,0.05672682349972892,27.577695696537624,86.60335456516648,5.863587289375263,96.55172413793103,96.55172413793103,1,0.023809523809523808,0.019998755561085185,0.6960884353741496,0.048470342513570616,0.0001577946149104538,0.011616164247075426,0.0004350324915943156,0.003593284988565251,0.037450614707332734,2.1133333333333333,1.8464285714285715,1.091146082448464,0.4273281569724801,1.1445519019987105,24.691874186197918,19.53460693359375,92.29206310453868,15.329081632653061,7.94671049914268,11.189999050564237,9.700893825954862,4.894190970561871,7.327701273645722,34.53025436401367,0.02855967916548252,0.07057585567235947,-4.895891462053571e-06,3.689295554988685,0.022038485401317018,0.5806489020991489,-3.033592587425595e-06,-5.927444032261987e-08,3.689295825698505,0.000554795458014724,0.02029004090469334,2717.0,-0.003133550472903448,0.021746269213682536,2.799346607761342,0
419,0.8893801426376615,0.0012538664454505557,-0.12380733285631453,0.061036919141449285,0.06045812053819991,0.18563969574609837,2.095400094985962,0.17100000381469727,0.6181999444961548,26.680093707697733,1.476039858843599,5.736816139306341,0.9191222938053455,0.05817096760618646,27.572344545992195,92.34493887471814,4.9276505544210405,101.69491525423729,101.69491525423729,0,0.0,0.01601396653875195,0.6516190476190477,0.0353570707069971,0.00013188413094543941,0.009990637125543626,0.00040248237698775456,0.0038795526039719884,0.040285956934488706,2.217857142857143,1.8855102040816327,1.0202026442693382,0.4454410652457258,1.1762636648987985,24.691874186197918,25.792439778645836,121.63084004720054,14.414761904761905,9.131908499019639,14.670342339409721,13.229936872209821,6.468617585995627,7.235115135141769,34.5113639831543,0.0385366827249527,0.07598882168531418,-3.284272693452381e-06,3.670751341785296,0.017967357404271817,0.5797820900992229,-2.3978097098214285e-06,-4.99005369760419e-08,3.670751220117981,0.0005586463185579948,0.01584716317417291,2709.0,-0.0031504716642027464,0.025837344839856686,11.846515576816897,0
420,0.8993543622891108,-0.013418228830610003,0.01573417184750239,0.05839682813502181,0.05401244984528098,0.17425358097309146,2.095400094985962,0.2077999711036682,0.6181999444961548,26.97937086871692,1.2223620008570808,4.636401436626911,0.9179037513879098,0.05839888647567496,27.535803303592875,94.23067782859037,5.198200215813359,102.68948655256723,102.68948655256723,1,0.021739130434782608,0.030273882085189153,0.6388198757763974,0.03804366839856149,0.00016308853710953782,0.04012784942471905,0.0032358534257588296,0.0795208209512365,0.08063859569223562,2.4234285714285715,1.8176190476190475,0.9819146643997458,0.7770332847591426,1.3332984018862983,24.691874186197918,28.48317464192708,147.2121750604539,15.262307692307692,7.89304388498617,17.418192545572914,16.014404296875,9.520119743333288,6.59699754191551,34.484397888183594,0.03933368995785713,0.07175278663635254,-2.1885463169642858e-06,3.652982855744546,0.01835784362208587,0.5662482173446638,-2.8156098865327383e-06,8.652351990551908e-08,3.652982278585583,0.0005486185743560824,0.016336670327396472,2700.0,-0.003131564745056783,0.024006414832121018,11.846515576816897,0
421,0.904727876600765,-0.018798238694667815,0.11504989569811594,0.01704127739682226,0.033054559287586445,0.07822892618353813,1.0113999843597412,0.2077999711036682,0.33560001850128174,27.140525012271745,0.7655454329507692,3.91153672516346,0.9161626893520955,0.01646461456201132,27.483554780785244,91.98812150464428,7.732897931115666,102.68948655256723,102.68948655256723,6,0.13333333333333333,0.04108173219146896,0.6573650793650795,0.06111433510357805,2.2821093877550997e-05,0.07572664335105764,0.0005557182914576932,0.027196483303709718,0.007338477804720124,2.008285714285714,2.146857142857143,1.0926116997957747,1.0973007326887116,0.9354538195368645,21.278177897135418,28.48317464192708,137.23065381731305,12.920238095238094,7.6763369247816655,15.546366373697916,14.348124186197916,9.450728050685134,5.180187528207794,34.46331787109375,0.02928074821829796,0.06367024034261703,-3.2828194754464285e-06,3.636998182523535,0.018634083898922602,0.571365272629818,-1.6530354817708334e-06,1.877563967231081e-08,3.63699842890605,0.0005160280465711493,0.01666555758495357,2691.0,-0.0030742641812443456,0.019371274276820227,12.947116863966578,0
422,0.9025718955198924,-0.010909743564469474,0.14703937168348402,0.01138285421185945,0.020378528431328657,0.02809749525273948,0.9783999919891357,0.2077999711036682,0.26100003719329834,27.075852151257653,0.4508694383076259,4.411629150169237,0.9151968688509424,0.011164237010702883,27.454582900762595,87.79218330064026,9.360727262921245,102.68948655256723,102.68948655256723,10,0.23255813953488372,0.06140285808930616,0.6921926910299003,0.08299756049800364,5.655039999999992e-05,0.18129106815161514,0.0026053747569590065,0.038499715835418176,0.01437122514375673,3.640357142857143,2.7047619047619045,2.595171414062537,1.4232005386601814,1.3459066901408452,26.051940917968754,20.981241861979168,146.84903717041016,12.237460317460318,8.1064750519384,18.69359334309896,14.174465603298612,9.157575317859898,5.681261864059013,34.46139907836914,0.028108268976211548,0.05788445472717285,6.568545386904762e-07,3.621673929107217,0.01368333464465053,0.5746489900594602,-2.143496558779762e-06,1.6079502599563314e-08,3.6216738602601057,0.000579663600979063,0.01078857860534234,2704.0,-0.0030502654286737835,0.011364008916828417,-7.5180229977058985,2
423,0.9026528760138012,-0.0051887533068656925,0.14438026664370582,0.008968699891023026,0.011611016032735738,0.02348412776778954,0.9368000030517578,0.07700002193450928,0.25360000133514404,27.078303423268455,0.27636799335479734,4.3311895706823895,0.9145217135716986,0.008461209542333877,27.434349425908486,85.51604024486173,8.997114126288238,99.7624703087886,99.7624703087886,10,0.24390243902439024,0.061539351936258584,0.7101393728222996,0.0816722954892155,3.772466538942107e-05,0.1180484962266967,0.012503837176983565,0.03443056734090493,0.1059211898216101,5.257142857142857,3.5171428571428573,2.757117690484698,0.6438605925082184,1.4947197400487409,26.785380045572918,28.110555013020836,150.0234553745815,15.065357142857144,10.432104899182669,24.705166286892364,24.705098470052082,3.259054864536195,2.441675695927132,34.46873092651367,0.028664076700806618,0.05788445472717285,-2.1870930989583334e-06,3.611595506560467,0.011520038893454612,0.5241337667916924,-1.2534005301339286e-06,6.242357699286675e-09,3.611595812320528,0.0006100753974996192,0.007892568290185972,2716.0,-0.0030546510317775045,0.01070159508883882,-9.602903253147028,6
424,0.8996529145865213,0.001557723051025754,0.15978892379147666,0.008925995814911413,0.009654333887009698,0.02560596950742983,0.9329999685287476,0.03579998016357422,0.25360000133514404,26.98829200906413,0.2419038382598332,4.793451427987644,0.914152167206266,0.00804076004847655,27.42325146337627,84.95415661340645,8.851742172490827,99.7624703087886,99.7624703087886,9,0.21951219512195122,0.06087038755940898,0.7145993031358886,0.08073610583239561,2.0128956934610702e-05,0.12315754612790498,0.011531236737912749,0.031684541017062716,0.09362996503630407,3.2876190476190477,2.9139285714285714,2.43804910670643,0.7535693127932384,1.128242840217347,26.785380045572918,28.110555013020836,138.6607918875558,17.814603174603175,7.907854437455259,17.807244194878475,20.009358723958336,7.062125669584559,7.252464059718931,34.47539520263672,0.028096666559576988,0.05788753926753998,1.1669340587797619e-06,3.6002640337962424,0.01468035834771518,0.5544600100701886,-1.598539806547619e-06,8.851813147241433e-09,3.6002640286925,0.0006666927432909744,0.012131336585168314,2725.0,-0.0031340365511798546,0.010311608167783986,-1.8358498006547679,6
425,0.8992207622641609,0.007190646866957346,0.15966147629419963,0.008854745241984745,0.008308962501786275,0.025990498236580308,0.9393999576568604,0.045600056648254395,0.25360000133514404,26.9753290108272,0.2776156803965569,4.7896344316857205,0.9137306762253495,0.00778937714163988,27.41060940219767,85.61478199513695,7.011659754800989,99.7624703087886,99.7624703087886,5,0.12195121951219512,0.04116418098199413,0.7056097560975609,0.05889000659234329,1.5886287380258266e-06,0.06119904947842638,0.0030240999599004275,0.01001437147020997,0.049414165508672975,2.5585714285714287,2.9485714285714284,1.1996827812010158,0.7833965816121695,0.867732558139535,17.61260986328125,25.692036946614586,122.46674688430058,16.584415584415584,8.090434982252665,13.777491251627604,15.85540771484375,5.895707046166672,3.6988135094373247,34.48066329956055,0.02799786813557148,0.05441133305430412,1.4590308779761905e-06,3.586545273676514,0.01735624531340924,0.564910630529012,-1.7075311569940477e-06,-2.985889295295648e-08,3.5865456129379703,0.0006804826503970616,0.015335149994169727,2717.0,-0.0031383654814800487,0.010222961981779235,3.74382263267822,6
426,0.8997770099639892,0.021528161710216886,0.13546488589048386,0.010288254810732778,0.033457516542972944,0.06086716778111246,0.9581999778747559,0.19539999961853027,0.22940003871917725,26.992035584705217,0.6835284148795264,4.26503714799881,0.9128225625483635,0.009894429356313373,27.383387649262897,84.23702199820994,5.623717226560105,94.17040358744394,94.17040358744394,3,0.07317073170731707,0.030433936482090487,0.7155400696864112,0.04902960282732056,1.1799926030820549e-05,0.027919055960588527,0.0017674214402653616,0.004767623921333328,0.06330520067585067,2.3130952380952383,2.329428571428571,1.1035910513486324,0.7837854766895006,0.9929882660779266,17.151997884114586,18.46893310546875,94.71280488513763,16.298571428571428,9.167441809194141,11.162329779730904,10.723042805989582,5.425624593324396,3.8992067724780486,34.48275375366211,0.02805704064667225,0.059427157044410706,4.012334914434524e-06,3.5738001050940467,0.013270922878980778,0.624042247022424,-1.6530354817708334e-06,-1.1813113751327424e-09,3.5738003151570097,0.0006802278179015803,0.01044482819750702,2716.0,-0.0031553128294578977,0.012008033837664085,-0.1724148608781395,6
427,0.9027884760640916,0.013166780852136158,0.07236703816481999,0.014762638182392379,0.05530072338155681,0.10964870835314065,1.0280001163482666,0.29339998960494995,0.3230000138282776,27.08236813902855,1.0463448511702673,3.6676380014419556,0.9140742394822363,0.014304345353515697,27.42092309908123,81.34233581755913,7.565092785323584,93.33333333333333,93.33333333333333,3,0.07692307692307693,0.036197483162858944,0.7443956043956044,0.07318670318662053,1.436084298209075e-06,0.02519655854999492,0.00541838652025455,0.002921000243589478,0.21504470578803084,1.5142857142857142,2.528809523809524,0.7570215536251668,1.7358856307091473,0.5988136710290932,13.132731119791668,18.46893310546875,89.23876175653368,17.842307692307692,7.685933808263735,8.16033935546875,10.33443874782986,5.0143989323130125,4.117982389729474,34.47868728637695,0.028775081038475037,0.06019841134548187,-5.827404203869048e-07,3.5686309459884815,0.022110026792421033,0.8137575205180893,4.795619419642857e-06,6.748644731608581e-08,3.568630671308124,0.0006502366517553861,0.020424172204447692,2723.0,-0.003154035511655323,0.015412816785811667,-2.168509429868926,0
428,0.9014338571344103,-0.007206038267839523,-0.01669726674329667,0.026440653477147743,0.10484188217770361,0.13619945688411053,1.093400001525879,0.43320000171661377,0.3230000138282776,27.04173885686057,2.008125565137182,3.6524188581534793,0.9178725208701602,0.025787213775059967,27.534865217923134,83.86273020538549,8.921739333010962,96.10983981693363,96.10983981693363,3,0.07317073170731707,0.03221658211643977,0.7242508710801394,0.08307402098224267,1.3686979758433964e-05,0.014999928336700906,0.0068797835886203,0.003598548264916582,0.45865443048732885,2.1392857142857142,2.1671428571428573,1.0371126028645146,1.7848514105726363,0.9871456822676334,16.128031412760418,13.12286376953125,99.52054138183594,16.206785714285715,8.36587839386997,10.165901184082031,9.327341715494791,3.7207343089857865,4.337041675494946,34.46013641357422,0.03671114891767502,0.07411129772663116,-6.415957496279762e-06,3.588242442498553,0.048082796982383935,0.9145687958189209,2.1798270089285714e-07,4.874763450812385e-09,3.5882426761320736,0.0005894416625559827,0.04727774708185407,2729.0,-0.003178045162841948,0.018348482599603207,7.846726326035255,0
429,0.8856841525123232,0.020362904426597415,-0.14152199055751163,0.03510329959194426,0.12240010606172469,0.15239787698364898,1.093400001525879,0.43320000171661377,0.375,26.569287289636474,2.8177862773622784,5.483188856669835,0.9185309086391817,0.024892771828088918,27.554627421363406,87.7734257479032,9.48854628940481,99.0566037735849,99.0566037735849,1,0.023809523809523808,0.0204503794320517,0.6928231292517008,0.08603087118254363,0.0001643419348604748,0.009166382618291197,0.00122759881380265,0.009875027999992793,0.13392402051306687,1.9526785714285715,2.105,1.0331805059660017,1.8146150338538571,0.9276382762130981,33.31217447916667,29.663187662760414,165.35066797165643,14.551517857142857,7.158555757116259,16.70427958170573,14.328511555989584,7.111597051347906,7.125048102287333,34.42556381225586,0.04527267441153526,0.08378610759973526,-5.6137811569940476e-06,3.5950397276933987,0.045846960038567246,0.9145687958189209,1.0535830543154763e-06,-8.597879665387363e-08,3.5950394937141104,0.00056790525644822,0.04501398450343433,2726.0,-0.003180582360661397,0.018744961555943813,7.846726326035255,0
430,0.8620775907891137,0.06569806636231286,-0.25840471436863854,0.03612389446071385,0.11909530385160026,0.11828602295516329,1.093400001525879,0.43320000171661377,0.383400022983551,25.861086437957628,3.5560461324027606,7.90213514481272,0.9182834066407252,0.022423209801783577,27.547207364775687,88.82025930855417,7.931074898670328,99.0566037735849,99.0566037735849,1,0.023255813953488372,0.017795130420052183,0.6814950166112957,0.06716438015702074,5.8332185589337616e-05,0.005268735889232456,0.0015141608552568186,0.0019208959132904287,0.28738598538432336,1.5378571428571428,1.6625714285714286,0.3966961773736383,0.8029696921619223,0.9249871111874892,33.31217447916667,38.5546875,162.7690982636951,9.506428571428572,5.737776196425938,20.709355672200523,21.375590006510418,10.773950093897891,7.889315474131172,34.37342071533203,0.05988766998052597,0.10781105607748032,-9.323846726190476e-06,3.598988423443517,0.03930238273610867,0.8211453421021373,-4.268827892485119e-06,-1.2847401498617897e-08,3.5989882726441267,0.0005681188411413113,0.03834230175893969,2722.0,-0.0031594913588564237,0.016979396985944056,7.846726326035255,0
431,0.8493321040357862,0.050896962035269964,-0.33043766657227563,0.015666722444080156,0.10982711798620831,0.046093510901626195,0.9033999443054199,0.21640002727508545,0.44040000438690186,25.47872697821685,3.5534019951735223,9.912714282870292,0.9205772841540376,0.010681426127466483,27.616004068772533,82.18100951625,10.737835600708673,99.0566037735849,99.0566037735849,4,0.10256410256410256,0.03270231583228999,0.7430769230769231,0.10028558825197849,0.00023482747788421504,0.027920828449644653,0.005651861599446849,0.005671515030061453,0.20242456665066397,2.0964285714285715,3.2689285714285714,1.8926467538063931,3.4992120650984577,0.6413197858625588,33.31217447916667,38.5546875,142.34351443336124,13.527285714285714,9.078231744797272,17.264022827148438,19.24067179361979,15.348190563795646,12.232700377919798,34.31047439575195,0.0651589035987854,0.10214567929506302,-5.022321428571428e-06,3.607308681246996,0.037464194286403865,0.7096883325843578,3.487723214285714e-06,1.426950014360014e-08,3.607309051235248,0.0005909918569840924,0.0364928078808211,2720.0,-0.0031353334864913426,0.017808635496697915,17.507373846671147,0
432,0.8517288172528857,-0.030773371205443427,-0.34673579965886614,0.01429604153758901,0.1116715999722313,0.016788601150569356,0.891800045967102,0.1937999725341797,0.44040000438690186,25.550652517591203,3.4346687064852035,10.40158313261611,0.9270786050038642,0.009835323894289849,27.811038819749104,73.89094917314446,8.215617909286605,89.93576017130621,89.93576017130621,8,0.2222222222222222,0.10458051705793463,0.8238888888888889,0.11013422603815734,0.00014525660708038295,0.3351441523767211,0.016738955039664938,0.040352012757781434,0.04994553812429166,2.4203571428571427,3.0062857142857142,2.26688007636316,3.2365506456152753,0.805098840524615,8.518880208333334,12.25006103515625,65.71298799060641,16.8538961038961,7.958841341981309,5.681432088216146,6.18121337890625,3.922468008981269,2.246256962175575,34.273197174072266,0.042747970670461655,0.08901970088481903,-4.077729724702381e-06,3.6104469377423154,0.03719735417699052,0.716335818555399,-4.178001767113095e-07,-4.549546231617424e-08,3.6104472505790954,0.0006481737905503077,0.03620182383245871,2719.0,-0.0030881991517424023,0.018412125755000928,17.507373846671147,0
433,0.8598882264296214,-0.10279367609251114,-0.33918556146110806,0.014987550086264704,0.05158386059578157,0.03383235388493123,0.9335999488830566,0.1966000199317932,0.542199969291687,25.79544879283224,3.305934705053057,10.175021272429397,0.9321677145493287,0.010707397135110087,27.963710125680773,76.02792310682625,9.131618745020473,90.9090909090909,90.9090909090909,9,0.24324324324324326,0.10351311987566869,0.8029343629343628,0.11767556900966333,5.188703107038729e-05,0.35592205092493556,0.01180484351882606,0.049807450452109145,0.033166934973960685,2.035510204081633,1.8355102040816327,1.7632355675874671,1.0519329503878183,1.1089615299088282,18.961283365885414,22.781575520833332,93.81263413202194,16.346071428571427,9.474444069900539,8.568071637834821,8.6425054640997,6.910959810431555,4.57937261435254,34.26511001586914,0.032527584582567215,0.07666007429361343,1.1640276227678572e-06,3.60834512147022,0.039024549364622574,1.0228317516898486,-5.631219773065476e-07,6.914993692057212e-08,3.608344846217617,0.0007025454621093647,0.03808739153276215,2724.0,-0.0030611662244599217,0.02275093803634166,13.953191946836146,0
434,0.8445935130516689,-0.0646725525685719,-0.3585501330324582,0.04074003506491684,0.09670608055313122,0.10099834456976073,0.9805999994277954,0.3578000068664551,0.6638000011444092,25.336615105867384,2.993006134756974,10.762948135222707,0.9310881738624195,0.019137236339238823,27.93129908882142,84.10450845196239,11.143263207564738,100.71942446043165,100.71942446043165,6,0.15,0.09575992569944573,0.7294285714285713,0.1255164027007577,7.692363915035434e-05,0.338397007367717,0.007538480865908583,0.2200893740171761,0.022277031716527385,1.3893877551020408,2.1214285714285714,0.38777218007504094,1.3252664620125558,0.6549302549302549,48.400472005208336,38.85050455729167,140.8930927094959,14.3475,7.899520611585056,14.506225585937498,15.10652087983631,12.050342725468589,14.564714634501485,34.277774810791016,0.028065908700227737,0.06579665839672089,5.100795200892857e-07,3.583685949094965,0.026061757539084136,0.9596166688657721,-4.3051583426339285e-06,-6.97084839884056e-09,3.5836858313647157,0.0007171996432778565,0.024635774604998453,2715.0,-0.0030257021277911617,0.024950803856983048,9.15388934572508,0
435,0.7837538189831235,-0.005572610097272055,-0.4596820572302455,0.08674914474210836,0.10254072751186413,0.16473959001790636,0.9805999994277954,0.3578000068664551,0.7310000061988831,23.51153399808066,2.468149557539395,13.796795432610171,0.9328969256155519,0.022162357767763194,27.98557469984861,92.6280003556951,7.808106268238337,105.0,105.0,4,0.08888888888888889,0.02414685281620865,0.6525714285714285,0.05737539984990526,9.22175760099976e-08,0.031738915894331275,0.0010379412660825778,0.010118571347621374,0.03270248012056263,1.3,2.3308163265306123,0.2050136879452149,1.3430613950488155,0.5577445057350495,48.400472005208336,38.85050455729167,164.97264651343934,14.157047619047617,7.834889672573948,19.343312581380207,17.710382370721724,11.20334321589976,13.733564232183001,34.27511978149414,0.028904017060995102,0.06579665839672089,-1.6028994605654761e-06,3.5857148536255994,0.030790611914960717,1.1263140656389432,2.9972621372767857e-06,4.638966599144059e-08,3.585714860335322,0.0007185414583807845,0.029559424817218898,2731.0,-0.0030519241980385605,0.023989804460858324,9.15388934572508,0
436,0.7135860666717802,0.06772274221692766,-0.5678988193614142,0.08195929505629485,0.08062566084046345,0.15283510183712762,0.9805999994277954,0.3578000068664551,0.7310000061988831,21.406533714362553,2.6353274104424886,17.04320943938834,0.9340496240769699,0.020693108536261173,28.020150905125224,91.34723774282436,10.020001827858065,105.0,105.0,5,0.11627906976744186,0.04093596411966157,0.6657475083056479,0.0820735593130317,0.0006962705379425241,0.07591059158730618,0.005600813067816509,0.1551208831569345,0.07378170754175865,1.9291428571428573,2.9257142857142857,0.9039471720161075,1.1681740504928613,0.659375,19.874877929687504,38.85050455729167,133.90682358514695,14.354835164835164,8.573237621154515,10.516459147135418,13.834991455078127,12.72963764984457,4.989353387915705,34.257991790771484,0.03421514481306076,0.076670341193676,-3.5647437686011904e-06,3.5960331910406147,0.032919993767501564,0.9297615197479303,1.0899135044642857e-07,-1.406775463174926e-07,3.596033801348449,0.000710054227798194,0.03180565712694918,2712.0,-0.003086141493029722,0.019234656749387614,9.15388934572508,0
437,0.658279961625735,0.09970256110600063,-0.6567254005585398,0.02793146833782134,0.03504866278813531,0.030982987618801458,0.8370000123977661,0.17159998416900635,0.7310000061988831,19.747356134482793,3.0244474046570913,19.700953731068545,0.9366873802467299,0.012109219747670269,28.099281283064308,85.08326812223332,12.483467135094347,105.0,105.0,9,0.21951219512195122,0.0559085441245115,0.7210104529616725,0.1090924797094771,0.00010505831636818009,0.12214788469591087,0.0027807309386973155,0.0073416998512276935,0.022765281164057734,2.1014285714285714,2.3014285714285716,0.8867910505564086,0.7540313423897725,0.9130974549968963,10.917053222656248,22.07794189453125,75.34546668643043,14.126190476190477,7.9053524090971505,6.975728352864583,8.88714599609375,6.9040893684773605,2.0555936765563647,34.221031188964844,0.048783499747514725,0.08211028575897217,-7.5581868489583336e-06,3.602794438145012,0.025559267832037956,0.8226686131857892,4.613967168898809e-06,3.273523881682002e-08,3.60279408690702,0.0007235907922702497,0.02416496523759874,2713.0,-0.0031111450980012855,0.011763934314806926,1.40541187329962,0
438,0.6470295044183731,0.10760916100229535,-0.6687720196020035,0.011307896141069822,0.021995308854007925,0.014282089693403813,0.7378000020980835,0.17299997806549072,0.7720000147819519,19.409961132577486,3.2281182586295265,20.062209159476417,0.9371232422546462,0.009929469316965124,28.112361624583095,77.28475736604098,7.385811040445205,88.98305084745763,88.98305084745763,9,0.24324324324324326,0.058916424914590274,0.7837837837837838,0.07824270738780066,5.359697459391883e-06,0.11594027009511029,0.0044085018076427595,0.015367188522217187,0.03802390492989446,2.8120000000000003,2.0157142857142856,1.4326178692113518,0.7843067912858736,1.395038979447201,13.58154296875,12.069803873697918,58.04743855794271,13.833095238095238,7.8772552074421585,7.787373860677084,7.121175130208334,3.282952335700464,2.984202459572609,34.18976593017578,0.0426824577152729,0.07866325974464417,-3.633045014880952e-06,3.6017012706251803,0.019054059116639734,0.7033516885134203,-2.089000883556548e-06,-7.064370385834282e-08,3.60170156309059,0.000720068871759254,0.01735781826790521,2683.0,-0.0031029253617666274,0.011320824788531398,2.2498032457081933,0
439,0.6471876377662023,0.1010875613235292,-0.6706072292640096,0.011759848263829037,0.018594537242936582,0.014106783443174009,0.7378000020980835,0.17299997806549072,0.7720000147819519,19.41471070442881,3.0324606968675343,20.117266020774842,0.9377483953715546,0.009776944131043146,28.131119428092283,78.58958671508613,5.980268433931372,88.05031446540882,88.05031446540882,6,0.15789473684210525,0.04435913704257119,0.7681203007518796,0.06142254321108413,0.00022925667905039564,0.05536025819200049,0.005411937300881683,0.006941909674284723,0.09775852710281802,2.7785714285714285,1.3844897959183673,1.431808712948832,0.3650579478513825,2.006928066037736,13.58154296875,12.069803873697918,47.52148946126302,15.927523809523809,9.516913657754861,5.855882432725694,5.444684709821428,3.7817834625728466,4.021188154811248,34.17905044555664,0.03198859468102455,0.08407427370548248,-7.266090029761905e-08,3.6005322305731906,0.019009320050727828,0.6469735276154222,5.4495675223214284e-08,1.7902272191839252e-08,3.6005322495163514,0.0007414401158144195,0.01736688539371963,2683.0,-0.0031001985280276834,0.011118375495821438,-2.7574954342485074,0
440,0.6483527326583862,0.0992459135736738,-0.6699200670917829,0.0122128186432577,0.017355873045680148,0.01425967304237898,0.7378000020980835,0.17299997806549072,0.7720000147819519,19.44964169400079,2.9772196929795403,20.096675727026803,0.9378419040325714,0.01049734171857125,28.133927809210956,78.85710024106669,6.2719687250879455,90.12875536480686,90.12875536480686,5,0.13157894736842105,0.04731919751424542,0.7660526315789474,0.06555016626665466,0.00031240923215326806,0.04185383351366528,0.0030402392649675133,0.012684707284382929,0.07263944565495715,2.3879591836734697,1.2935714285714286,1.1679295320866039,0.3101138149636235,1.8460203518182536,13.58154296875,8.531697591145832,44.1817143031529,15.970380952380951,7.519379777337202,4.967796688988096,3.7153795030381946,2.5060116433094577,3.97510981770832,34.200557708740234,0.03810333088040352,0.08407427370548248,2.9776436941964286e-06,3.593867944823033,0.018702398105025147,0.6469735276154222,-3.505888439360119e-06,-4.589203387618296e-08,3.59386798693377,0.000738825854430026,0.017030455664648416,2688.0,-0.0031324170168329037,0.010700271242389129,-2.7574954342485074,0
441,0.6497755417085829,0.10585057104769208,-0.666722200637772,0.008673042840979127,0.008942686128545263,0.010079473762813788,0.7059999704360962,0.1677999496459961,0.7383999824523926,19.492344251189913,3.1753785599981037,20.0007087334139,0.9370923897746879,0.006762613554900502,28.111435368388765,78.87012834696411,6.034520894249356,90.12875536480686,90.12875536480686,4,0.10526315789473684,0.04700752776790676,0.7656390977443609,0.06441586438252879,5.435559183673438e-06,0.06294796820092483,0.003397185016230374,0.011625840995865092,0.05396814406124808,1.708392857142857,1.5339285714285715,1.0072734052928252,0.8978857678128195,1.1137369033760185,6.672770182291668,8.637593587239584,27.12527233305431,13.910476190476192,8.672549978481053,2.953236897786458,3.3005269368489585,2.3641096290843695,1.644323999629384,34.221824645996094,0.0307425856590271,0.07319548726081848,1.6697474888392857e-06,3.5896596077095753,0.019801450835953797,0.6469735276154222,5.449567522321428e-07,6.982257145022216e-08,3.5896597213205244,0.0007377851118270525,0.018250582893535844,2669.0,-0.003163706943549563,0.009406113078730838,-8.391157902924792,0
442,0.6494750841004507,0.10275240007468632,-0.6679592006689026,0.007841245500593683,0.010020247156600865,0.009750775965545138,0.7059999704360962,0.13999998569488525,0.7383999824523926,19.4833305230311,3.0824370022330965,20.03781944862434,0.9374220325334418,0.006506564647809857,28.121325342488376,77.36496807373494,6.183847395972002,90.12875536480686,90.12875536480686,6,0.15789473684210525,0.048683155623667346,0.7807518796992481,0.06559464169035505,2.7740644064972967e-05,0.06694748140638238,0.0026776125044575654,0.018185815863696587,0.03999571676496702,2.038333333333333,1.9376190476190476,1.9593156893470594,0.9773870714964183,1.051978373064635,6.672770182291668,8.637593587239584,26.30856715611049,14.614795918367347,7.795684565491863,3.7547810872395826,3.4300401475694446,2.4458804597375496,1.5771383605169698,34.21561050415039,0.036850348114967346,0.0829349085688591,-2.617245628720238e-06,3.587119485428149,0.014289099957747901,0.561887089706608,8.35600353422619e-07,-1.2408238771431103e-08,3.587119300487308,0.0007424933179662953,0.012007114107029801,2660.0,-0.003166150413270871,0.009118829069029792,-7.7922647870048865,0
443,0.6474694080125718,0.098262591168994,-0.6714245437270119,0.007663180657369391,0.009589372369207623,0.010340937876048995,0.6806000471115112,0.13999998569488525,0.7170000076293945,19.423148240361893,2.9477317350251333,20.141798883208207,0.9380366620881657,0.005284413807863106,28.13976841894622,77.18531599851246,4.261295915716315,84.33734939759036,84.33734939759036,7,0.18421052631578946,0.03505019645270784,0.7797744360902253,0.04397725014322731,2.0987617825905857e-05,0.03995335625062499,0.0011875988815025554,0.009681148910824583,0.02972463374673255,1.99,2.0580952380952384,1.9341534737098671,0.9000531604355253,0.9669134659879683,9.063924153645832,8.553873697916666,33.1973141624814,14.5515306122449,8.801209870187849,4.837832980685763,5.032806396484375,2.256851195190534,2.5992261980769378,34.183807373046875,0.047520510852336884,0.08099938929080963,-1.3805571056547619e-06,3.5891832655301847,0.01356238523916419,0.5661704752002782,2.906436011904762e-07,-2.0265731686468615e-08,3.5891833454281183,0.0007438717730867422,0.011115814000942383,2657.0,-0.0031536279034145697,0.009054303933199124,-7.7922647870048865,0
444,0.6553941313255401,0.09482536289521626,-0.6590467532191958,0.03933276246626646,0.013727820169523657,0.06638198216625413,0.9154000282287598,0.16260004043579102,0.7170000076293945,19.660708225454602,2.854669029882976,19.77078431086881,0.9375261231460795,0.007924328221998107,28.12444587159346,76.4997027457342,5.186533118310624,87.1369294605809,87.1369294605809,9,0.24324324324324326,0.0412372429253173,0.7879922779922779,0.05435522826217294,2.1529600000000096e-05,0.06437577004200311,0.0015633729831838927,0.018208222662849667,0.024285115069906618,3.9491428571428573,1.5305714285714287,2.0440197690645094,0.2419050243718111,2.5801754713459024,9.063924153645832,8.553873697916666,41.05748073032924,16.230595238095237,8.58657226634397,5.303670247395834,6.506815592447916,1.4980307347040054,2.692515772317344,34.14241027832031,0.042779888957738876,0.08763908594846725,-6.100609188988096e-06,3.590013631088019,0.01473166037552797,0.6907666209701226,2.089000883556548e-06,-1.547798413187197e-08,3.590013829700742,0.0007438532077754717,0.012276226635165801,2688.0,-0.0032032449429026445,0.010704580647709128,-0.8236250889734933,0
445,0.7104401415472938,0.07506562905652182,-0.31673416264284227,0.08747433287929585,0.07527267697273797,0.4932061274714292,1.1426000595092773,0.37199997901916504,0.7170000076293945,21.312182532123156,2.9858991598231452,16.88882201050009,0.9309457251992783,0.02430326916952809,27.92705186633454,77.90906389573159,8.069711643201952,94.38202247191012,94.38202247191012,10,0.2702702702702703,0.048438777779210775,0.7784169884169885,0.08060908768567063,0.00011972825722615547,0.08976078530873223,0.007282162363664319,0.03846939450533059,0.08112855005242346,2.6454761904761903,1.4576190476190476,1.8773378924312685,0.24937018171454395,1.8149297615158444,15.619608561197918,11.822509765625,79.67137516566686,14.703775510204082,8.808044272640096,9.248419867621527,8.344031439887154,2.6930310731669698,4.817423780828122,34.10611343383789,0.03802823647856712,0.09152210503816605,-3.7027994791666667e-06,3.600580111826427,0.02536982082077408,0.6907666209701226,1.816522507440476e-07,8.2353438045193e-09,3.600579708373217,0.0007032784106831024,0.023939672731967742,2704.0,-0.003189331769636714,0.012450265056460803,-8.481902674554856,0
446,0.7590941513833546,0.07405050509316581,0.05736758035989035,0.07774269272337918,0.07487238430593435,0.5055756201045019,1.1426000595092773,0.37199997901916504,0.7020000219345093,22.771789255823407,2.955437440957342,14.625155144546714,0.9228519517089804,0.02447918135541025,27.684237221544972,76.46060882263984,8.41936698491218,94.38202247191012,94.38202247191012,6,0.16666666666666666,0.04200027766116743,0.7938492063492063,0.08346439995267936,3.692670453977517e-05,0.057600654057240956,0.00539352472627062,0.0012003108136291016,0.09363651879561605,3.776857142857143,1.539642857142857,3.2559339109774723,0.24765507407336865,2.4530735328230113,15.619608561197918,20.268656412760418,67.70804014660062,13.352857142857143,7.312818821047187,10.975687662760418,12.671025594075521,4.765206357984194,5.00509848467508,34.11343002319336,0.047066956758499146,0.0830138772726059,3.197079613095238e-06,3.605289204019256,0.023860520174275843,0.8136867346885589,4.722958519345238e-07,-2.3403424717478322e-08,3.6052893327077076,0.0007126423354958958,0.022311196632714827,2700.0,-0.003134995629393392,0.01288873283266293,-8.481902674554856,0
447,0.7984314474321547,0.07196622881719045,0.417667304788317,0.03233079335827922,0.07349697908547906,0.12510283650268053,1.1426000595092773,0.37199997901916504,0.6799999475479126,23.951725422910283,2.882885723922934,12.823571002653667,0.9158276005703062,0.021806047244509817,27.47350151908015,76.43648364928802,7.937807970090231,94.38202247191012,94.38202247191012,5,0.13513513513513514,0.037088635637133334,0.7930115830115831,0.0779938644282247,0.00016644159333610976,0.04720976008108395,0.00496996454798038,0.0021553118740886045,0.10527409034581708,3.212285714285714,1.2339285714285715,3.028615983499758,0.21203670985593653,2.6032995658465987,13.700154622395834,20.268656412760418,62.92245657784599,12.568181818181817,8.397072090900538,9.354044596354168,10.12761433919271,6.6466613182701035,4.119133809647103,34.14577865600586,0.061545781791210175,0.08687539398670197,5.012148902529762e-06,3.604095333287003,0.022777603019666914,0.7942907083544835,-3.3060709635416668e-06,-3.239312705818683e-08,3.604095167055443,0.0007261863339412858,0.021243272040019644,2678.0,-0.0030588687961938567,0.011649542049182244,-13.504085096340868,0
448,0.7919184277682078,0.08974170515083131,0.4482011620090121,0.006124595379595054,0.004831331441031231,0.011924647273879558,0.8209999799728394,0.12300002574920654,0.4797999858856201,23.756422261595727,2.6921195830617632,13.445390003153255,0.9144706697351378,0.004369822343031091,27.432811882097678,76.466145694753,4.7701816096290885,85.71428571428572,85.71428571428572,3,0.08108108108108109,0.025573911380753978,0.7876833976833976,0.04853320248156442,8.751793419408557e-05,0.018736159091449617,0.0027643167890625707,0.011094143954816353,0.14753913945596708,4.261428571428572,1.1925,3.555436337641332,0.17115267978012605,3.573525007487272,8.328043619791668,7.035624186197917,34.15467594691685,16.463428571428572,8.447910216166372,5.858739217122396,5.2112070719401045,1.2570797526705553,1.5850046626308663,34.19101333618164,0.0368189662694931,0.09260912239551544,6.827218191964286e-06,3.586790873989492,0.01489119063907882,0.7358413935743818,-1.998174758184524e-06,1.1210006804556625e-09,3.5867914198446886,0.000739497957638865,0.012423638743110078,2673.0,-0.002997200067063399,0.010079008706174104,-6.465533270737688,0
449,0.8048663234597161,0.058720990933123086,0.24350878100168138,0.02761537687585837,0.05926480016204042,0.3582288805924325,1.070199966430664,0.227400004863739,0.49140000343322754,24.1448308466162,2.37611458165305,12.860728002956936,0.91812534069372,0.014254651361679062,27.54243796262391,80.80365386065634,5.5558892091609,90.71274298056154,90.71274298056154,4,0.1,0.027486736252352414,0.7461071428571429,0.05200371601714474,5.378575993336101e-05,0.022533828911636626,0.0017324665644948486,0.005545541759637417,0.076882919955081,3.989642857142857,1.6717857142857142,3.649672109258863,0.5223371487255866,2.3864558854945526,8.811543782552082,29.766031901041668,100.50393516903833,15.504545454545454,9.002694501166252,7.026723225911458,12.928187052408855,9.83194532681634,1.609025662824917,34.20599365234375,0.026006313040852547,0.07279709726572037,-8.007231212797619e-07,3.5683520867321517,0.021808685741428347,0.5731484019158415,-3.578549339657738e-06,-1.6081698431448237e-08,3.5683522498959435,0.0007131536261705666,0.02014637880279078,2688.0,-0.0029822646036107656,0.011004125873328257,-2.925099628391468,0
450,0.8133939721073423,0.017031971826439812,-0.055813400311129434,0.02574441216746411,0.06759569337934104,0.42853734949789035,1.070199966430664,0.227400004863739,0.49140000343322754,24.400675591826438,1.8728005743878229,12.833280851415225,0.9239387006792761,0.0151151381798905,27.716841562300832,82.78989835629558,3.8802206196834854,90.71274298056154,90.71274298056154,2,0.05,0.021713610939968712,0.7263214285714286,0.03409004807199633,6.960982257392743e-06,0.01741970672110264,0.0005709066411834859,0.004426675935858975,0.032773608093635484,2.545714285714286,2.2921428571428573,0.7153955663313344,1.090602482809481,1.1106263633530695,43.06915283203125,29.766031901041668,98.70540473574682,13.267142857142858,7.145058660732333,23.866246541341148,14.41332499186198,8.994070223901677,15.54480235715428,34.19375228881836,0.03257738798856735,0.08249901235103607,-1.1625744047619049e-06,3.544330374410417,0.02904069460615092,0.685076544605141,-3.760201590401786e-06,-6.664953008105244e-08,3.5443305647001226,0.0006474917764049905,0.027736146089960712,2712.0,-0.0029580783948439213,0.011556937317259876,-2.925099628391468,0
451,0.8288497151817594,-0.0053569041405405315,-0.1756639050074986,0.028353519049608443,0.05676046426620283,0.36798326304601586,1.070199966430664,0.227400004863739,0.49140000343322754,24.864329312614032,1.5014291495084762,11.980571428111622,0.9257230195195,0.01877763726463592,27.770378081674004,82.63136718092532,5.77890371875584,90.71274298056154,90.71274298056154,3,0.075,0.032247895123972664,0.73,0.055813099186627566,0.00012536686780508093,0.025773293311873252,0.003831460716659499,0.009055647772327056,0.14866011379672694,3.0004761904761907,2.2697142857142856,1.579900682891318,0.9223742212798625,1.3219620678079895,43.06915283203125,29.766031901041668,133.81160459972565,16.825934065934064,9.293453999231991,23.933885362413193,15.478271484375,8.877526742698834,15.426776266589364,34.16899871826172,0.03881152719259262,0.07443263381719589,-4.356747581845238e-06,3.5328198737129983,0.02821163869325437,0.8212156519143549,-1.1262439546130953e-06,-1.4693954752407673e-08,3.5328195790924517,0.0005929653393804392,0.02686312351863494,2711.0,-0.0029458937420855703,0.012054279643130116,-2.0390944504598685,0
452,0.8281403046619324,0.015714629502523513,0.00697926672299703,0.019674746857923215,0.05065382712231362,0.4016017589847848,0.9955999851226807,0.136199951171875,0.47920000553131104,24.84303613986288,1.5190468766008105,11.90377715004342,0.9220244056348631,0.014828959820628968,27.65941517344083,77.0198935852302,7.870187639896591,90.71274298056154,90.71274298056154,4,0.10810810810810811,0.03548018513783385,0.7875675675675675,0.08411170104781279,0.00010499138958767176,0.027073768696259545,0.006938239809864827,0.0011162593147125632,0.2562716660434275,2.215142857142857,1.5739285714285713,1.042734474194399,0.11935359488614032,1.4073973224415701,30.469258626302086,18.49395751953125,75.76162538074313,16.107922077922076,5.192737627508216,14.734049479166666,10.906956990559896,6.234306791420523,12.136520831550131,34.15446472167969,0.030735313892364502,0.06514819711446762,-1.0899135044642857e-06,3.5224797753945776,0.02619698950004553,0.8212156519143549,-8.719308035714285e-07,-5.962617923742401e-09,3.52247995802984,0.0005486245248962626,0.024713142405679758,2693.0,-0.0029367912179498147,0.01084045152879668,2.122030617650913,0
453,0.8320353603079206,0.051266639187222435,0.2822088666047369,0.018220614049813656,0.036398950282176816,0.25013154477507077,0.9955999851226807,0.136199951171875,0.47920000553131104,24.959885237812998,1.8382297440086093,11.208433858667101,0.9157520773836458,0.013181437846889946,27.47124522049351,74.70789272265546,7.480797581964957,90.71274298056154,90.71274298056154,5,0.1388888888888889,0.0392034388924142,0.8110714285714287,0.07985557754663179,6.9005231820075e-05,0.04012949845593714,0.006157650149083088,0.0060131444585647675,0.1534444831361222,3.0638095238095238,1.4233333333333333,2.081750092281016,0.21983553943594508,2.1525593844095017,30.469258626302086,18.49395751953125,91.67567334856305,14.125612244897958,9.230128674835424,13.978118896484375,10.091145833333334,5.507565264028939,11.087718868634147,34.16277313232422,0.03573242202401161,0.08061365783214569,1.8891834077380953e-06,3.5206237047503413,0.027034246168920424,0.8621869054197373,1.2352353050595239e-06,6.93413395255165e-08,3.5206232339705243,0.0005783745622668698,0.02552352370190082,2682.0,-0.0029280243711887976,0.010235894466674719,2.122030617650913,0
454,0.8318100657065709,0.0686855046919414,0.36999814234461104,0.007010816132665204,0.0062858215978381015,0.01798444835235218,0.865399956703186,0.09940004348754883,0.4041999578475952,24.953106256893705,2.060468712108476,11.09942484174456,0.9131922033895088,0.004051228354198629,27.39445831244083,72.9889311383709,5.825354963896481,83.66533864541832,83.66533864541832,8,0.2222222222222222,0.051436507324217555,0.827420634920635,0.06773114404407901,5.426577326114089e-05,0.10182982346366028,0.004496638510658815,0.011371453723370634,0.04415836498296119,2.942285714285714,1.37,2.1951275542874127,0.2483003447933365,2.147653806047966,9.650777180989584,10.814412434895832,56.97955147879464,17.827582417582416,7.4823905125079415,7.522583007812502,6.719767252604168,2.694038422336895,1.4122363259593704,34.18561553955078,0.0327676422894001,0.08484436571598053,3.413609095982143e-06,3.50536471587988,0.01309056500447689,0.6637135371643677,-2.9064360119047617e-06,9.475712929945556e-09,3.505364533670316,0.0006026806164617009,0.009480820580797023,2681.0,-0.002939160577081895,0.009619934738672686,-10.939171735003582,0
455,0.8373482100055332,0.07419444613797324,0.353600084344546,0.008304856774039568,0.006167644083064773,0.021771391473583125,0.865399956703186,0.09940004348754883,0.40240001678466797,25.119255300164223,2.2257209555591855,10.60748695892947,0.9122796598329722,0.004084912112411849,27.367086473382045,74.00643909711408,5.088259057797033,83.66533864541832,83.66533864541832,9,0.25,0.05451883350730355,0.8146825396825396,0.0576275191638386,1.783587505206203e-06,0.09152372124182688,0.006182944594410984,0.012479408417589804,0.06755565126197406,1.8408163265306123,1.3992857142857142,0.5160665635772989,0.19946100841405326,1.3155399985415301,9.650777180989584,10.814412434895832,55.369802711123505,14.947647058823529,7.702627869520952,6.609685988653275,6.5706634521484375,1.9949602340271273,1.8314659507964761,34.19872283935547,0.026430292055010796,0.07047314941883087,1.5999930245535714e-06,3.497466997421161,0.012702206808445204,1.056062401651289,5.4495675223214284e-08,-3.8346198754650626e-08,3.497467131054937,0.000644504236843679,0.008843559909383687,2674.0,-0.0029714989506638076,0.009680758629883142,-10.939171735003582,0
456,0.8436302679606846,0.07882170269318989,0.33526459836392175,0.008252568532655425,0.00767729614993094,0.019157273190294723,0.9864000082015991,0.11080002784729004,0.3944000005722046,25.30770546742848,2.3651086523703166,10.05745580809457,0.9114656357880393,0.007189047791233305,27.342667737100346,74.34981467380634,5.068891669884587,83.66533864541832,83.66533864541832,9,0.25,0.05431524438493075,0.8109523809523809,0.05829785121067768,3.7085614327363355e-05,0.11344426267457648,0.005001315976352815,0.10990714103312207,0.044086107648294834,1.73,1.3616071428571428,0.40249413736381917,0.15096701474433522,1.2705573770491805,9.878336588541668,9.515177408854166,56.49519602457683,15.225555555555555,8.19996942764182,6.177228291829428,6.032663981119792,1.650098500334302,1.830855386227831,34.198917388916016,0.02632303722202778,0.07202799618244171,-5.812872023809524e-07,3.491103876761542,0.01076318218216607,1.0031828850144744,-1.4713832310267858e-06,-2.9632182483178062e-08,3.491103533489127,0.0006437235790021073,0.005908316524683916,2671.0,-0.0029678893290237666,0.009762025757870819,-10.939171735003582,0
457,0.8469191912866774,0.08154663623230798,0.3252351037036805,0.006818940075946619,0.006811085405576866,0.014560323111123605,0.9864000082015991,0.11080002784729004,0.37699997425079346,25.406367738587516,2.4468618014029095,9.756579968248095,0.9110189092356595,0.00702011281667905,27.329265561720987,75.2817190855535,5.160203671279232,84.33734939759036,84.33734939759036,8,0.2222222222222222,0.048300565280480864,0.8008730158730157,0.056606889016283066,6.3874825489378925e-06,0.06594248358397996,0.003664962486408964,0.0048201723880638165,0.05557816884075213,1.6580357142857143,1.4182539682539683,0.39104317412609596,0.16061358789271918,1.1690682708449915,9.878336588541668,9.515177408854166,55.762723432268416,15.209473684210526,8.352003550677644,6.5839385986328125,6.463769983362268,1.5875915697616751,1.6621197917253583,34.19379425048828,0.026324165984988213,0.060444168746471405,-5.812872023809524e-07,3.4877092666520624,0.010451977880295345,1.0031828850144744,5.994524274553571e-07,3.085781220900972e-08,3.4877094971733307,0.0006477593390888812,0.005245578148485132,2682.0,-0.002963647587652076,0.009721742019960847,-10.311524530491772,0
458,0.8476030668587912,0.08333051329283488,0.32243454234373004,0.006910061557613999,0.00707284247159962,0.014591341691413936,0.9864000082015991,0.11080002784729004,0.37699997425079346,25.426886577180454,2.500362970318113,9.67254969886371,0.9108235432379501,0.0070796806189170804,27.32340073091349,76.60654170682002,4.91537374028912,84.33734939759036,84.33734939759036,8,0.21621621621621623,0.04459314692679209,0.7866795366795366,0.054042387047572894,9.024506455643416e-08,0.06634795698238198,0.004467268483376304,0.016284459085607536,0.06733091245842794,1.6776785714285714,1.4088888888888889,0.4469254021098157,0.1779561180307393,1.1907813204146012,9.878336588541668,9.515177408854166,56.99854656401134,14.663533834586467,8.550797079301445,6.580212910970053,6.488184045862268,1.7344277241448889,1.635337549772229,34.19113540649414,0.025985542684793472,0.06430133432149887,-1.3078962053571429e-06,3.4857980853392676,0.010461368069758548,1.1261984332435517,-7.266090029761904e-07,1.2490160975266167e-07,3.48579783212571,0.0006414541019538225,0.004967687831133333,2702.0,-0.0029517680961434873,0.010416270630842762,-0.23739151110767764,0
459,0.8478116573379153,0.059592865586280824,0.26778329507793697,0.012533083487612387,0.08106999950336542,0.1836048724335592,0.9470000267028809,0.32660001516342163,0.4423999786376953,25.433137148788997,2.774177824471678,9.685968707927636,0.9134095529506581,0.012921680643412061,27.40094491772372,79.59754908573349,6.387879408406593,90.3225806451613,90.3225806451613,5,0.1282051282051282,0.029402389988858517,0.7589010989010989,0.06398052223431251,7.235411911703441e-05,0.028296235035022137,0.0032246480927488547,0.00894676820636274,0.11396032329946795,1.8480357142857142,1.456530612244898,0.3788704597287865,0.21759198603465532,1.2687929101863527,8.96820068359375,8.724365234375,77.78624928792318,14.265378151260505,8.36447312694203,6.193186442057292,5.927618117559525,1.6004227337030401,1.3486892747995,34.186973571777344,0.026362227275967598,0.07711781561374664,0.0,3.4921254948669205,0.028860020641227706,1.3661105432265814,6.303333100818452e-06,2.4493661762682636e-08,3.4921252190955006,0.0006256130920668009,0.027338224086137574,2712.0,-0.002972248775448937,0.013485471750450347,8.919305510711382,0
460,0.8329117909896941,-0.050020666990961346,0.015432028225490025,0.025100421526066664,0.16044093250223604,0.3674527334116538,0.9470000267028809,0.32660001516342163,0.4846000075340271,24.98617744403226,4.420392832543169,10.856261710737433,0.9259794950471374,0.020906367880393968,27.77805748932681,83.74411428043882,5.499940327103851,94.17040358744394,94.17040358744394,1,0.025,0.02177257455186297,0.7195714285714285,0.04736764589412292,9.411375660141581e-05,0.020207715693365002,0.0013253515951356786,0.01940491894928472,0.06558641339015099,1.84875,1.649387755102041,0.5273685335257131,0.3707763953655445,1.1208704528582032,37.20987955729167,25.518900553385414,90.70563187372116,14.419327731092437,8.298508162514791,12.687034606933596,10.524248395647321,7.862538944810645,11.999792286188386,34.17864227294922,0.02909301593899727,0.07711781561374664,-2.3978097098214285e-06,3.522130547407201,0.04917017706177535,1.3661105432265814,2.052670433407738e-06,-1.843519740393593e-08,3.5221308448625837,0.0006059923446136243,0.04830413029401315,2716.0,-0.0030081706139923397,0.013365515024495796,8.919305510711382,0
461,0.8165160099949156,-0.16119361904121582,-0.2428021049016998,0.028227069027521295,0.14385825777327335,0.33038629132026226,0.9470000267028809,0.3361999988555908,0.5559999942779541,24.49432372842516,6.0613775455525944,12.1187431415064,0.9390501500878234,0.02159912984722698,28.1701711648008,84.78972400142351,5.209368730940094,94.17040358744394,94.17040358744394,2,0.04878048780487805,0.02635704607028299,0.7104529616724738,0.04613529891862224,1.9087982673885923e-05,0.025625077439728913,0.0013431800622504715,0.004561409690743654,0.052416624512049904,1.7044444444444444,1.6944642857142858,0.646449379457945,0.6906187840241089,1.005889860774464,37.20987955729167,25.518900553385414,104.0577422369094,16.437293233082706,9.270868860553957,13.298305935329862,11.451390584309896,7.917292135151431,11.474711561537088,34.16457748413086,0.029433341696858406,0.06668242067098618,-4.067557198660714e-06,3.537627816353518,0.042410881225621234,1.257477311108279,1.2715657552083333e-06,-4.340819299119744e-09,3.5376285836564083,0.0005961721310921114,0.041394545696411045,2723.0,-0.003013905465764651,0.012749234370495506,8.919305510711382,0
462,0.7936271054063525,-0.24819198975676582,-0.4578615049123764,0.016407419078952074,0.01720857314650663,0.03279694542243084,0.8902000188827515,0.3361999988555908,0.5559999942779541,23.807651733585768,7.445360835577761,13.73524514734745,0.9500506773611193,0.011184469634536993,28.500149318118705,81.18811959333613,7.195962767671142,94.17040358744394,94.17040358744394,5,0.1282051282051282,0.037561978856805414,0.745128205128205,0.06938295577774192,0.00021275496809662685,0.05414886304325436,0.005510209049963581,0.004941233680434982,0.10176038314159988,1.6219642857142857,1.4969642857142857,0.7919644065066747,0.6728474512116701,1.083502326136228,18.33404541015625,19.316711425781254,71.1870883759998,14.992857142857142,7.84974885858504,6.952679951985678,8.697280883789062,6.119004165878946,4.492420068118299,34.159095764160156,0.02779029868543148,0.08565641939640045,-1.453218005952381e-07,3.5354796809631552,0.03648019544452768,1.2556979626153075,-5.558558872767857e-06,6.082706063704134e-09,3.535479663097071,0.0005973619452098375,0.035247552545102444,2734.0,-0.0030135152953095984,0.00886125831904619,8.132582341721191,0
463,0.7861345914034616,-0.248312313411917,-0.47304102859894437,0.013002323037226435,0.014699494350236358,0.024354751845981255,0.8902000188827515,0.3361999988555908,0.5559999942779541,23.582903027789932,7.449024259490626,14.190562857985496,0.9509513449867553,0.01021001835896382,28.527178836664316,76.35508585815094,6.150732464972162,88.23529411764706,88.23529411764706,8,0.21621621621621623,0.0435837869541045,0.790965250965251,0.06435993489292308,5.25438667221992e-06,0.06791754302886684,0.0032650256321917746,0.005946133547278135,0.04807337672394963,2.1352380952380954,1.3751020408163266,1.7580006939444865,0.7098379304791028,1.5527851983773622,18.33404541015625,17.47833251953125,51.24604063488187,12.963809523809523,7.494232497435851,7.936808268229165,7.524675641741071,4.717723686447947,4.790529817599195,34.167606353759766,0.031082428991794586,0.08565641939640045,3.487723214285714e-06,3.50619084914181,0.022837831857485096,1.079529426924166,-2.216157459077381e-06,-2.2225660647814124e-08,3.5061910888908856,0.0006209105651582057,0.020798930944544842,2737.0,-0.003001247813069169,0.008501379689317655,8.132582341721191,0
464,0.7815118010952359,-0.24873411370175225,-0.4819532668618929,0.005939280794754996,0.0050921034957512445,0.011601061510800773,0.812999963760376,0.2770000100135803,0.5266000032424927,23.44424703291484,7.461672411050115,14.457902005868299,0.9513591547579362,0.004455768146987983,28.539420708267112,75.62779039649936,5.030288794731785,85.88957055214723,85.88957055214723,7,0.1891891891891892,0.04058877898621534,0.796988416988417,0.054758945032664055,4.504789670970444e-08,0.06616418256876441,0.0010825919009145443,0.003993959498978096,0.01636220472896203,3.0738095238095235,1.323095238095238,1.47123245726522,0.20310919396029764,2.3231959690480473,9.704182942708334,10.895894368489584,45.28904651460194,15.344183673469386,9.499881209389049,6.385701497395833,6.290995279947918,2.2406638750651964,1.833101251609316,34.18740463256836,0.03249942511320114,0.08565641939640045,5.3754534040178576e-06,3.4905933855851545,0.01264915878731733,0.6330144087544208,-1.3623918805803572e-06,3.142827044744294e-08,3.490593456981376,0.0006039220026989347,0.008748098476292713,2731.0,-0.002948444018244295,0.008257098431188187,-9.759446455771041,0
465,0.7818454961038771,-0.24885547574644998,-0.48136468587035225,0.005349410068638014,0.004458618130149103,0.011225751280515428,0.812999963760376,0.2760000228881836,0.5110000371932983,23.454255597421103,7.465311843838011,14.440242718969072,0.9513584498328971,0.003873148208431791,28.539396330157448,77.12952611044776,4.23084833172971,85.88957055214723,85.88957055214723,4,0.10526315789473684,0.030276351725403293,0.7803383458646618,0.0443480451611584,6.499650212411477e-05,0.04363225974786145,0.002014480825129364,0.004301640185641696,0.04616952770199118,2.2473809523809525,1.3181632653061224,0.9015098509377856,0.11144875349860657,1.7049336842648501,9.704182942708334,10.895894368489584,45.584030950637086,16.639809523809525,7.4652814349155205,5.942654079861111,5.802975609188989,2.387404429443882,2.209385823281043,34.207359313964844,0.029895851388573647,0.07362362742424011,3.633045014880952e-07,3.4846230510484433,0.010363637171321171,0.6284436094919321,-1.6530354817708334e-06,-3.1572341716361366e-08,3.4846228728984356,0.0006035189699726089,0.005222480432657768,2723.0,-0.0029673334996045573,0.008345396389891976,-9.759446455771041,0
466,0.7812918485686893,-0.24983526666391465,-0.48195931426684063,0.00544292827104107,0.00439023866309023,0.011423919569486185,0.812999963760376,0.2760000228881836,0.5110000371932983,23.43763117134571,7.494701714217663,14.458092856577464,0.9514639973676042,0.0038808546410052758,28.54255514073372,77.22253805442973,3.9025819023772654,85.88957055214723,85.88957055214723,4,0.10526315789473684,0.030778643178286866,0.7790225563909775,0.04065535276172407,6.8067745106206234e-06,0.035337067970448326,0.00202199568466964,0.0019939421308040267,0.05722024493827824,1.8071428571428572,1.3375,0.2512225210884582,0.057408978534080626,1.3511348464619495,7.89886474609375,10.895894368489584,51.464299156552265,15.735634920634922,8.158827272675682,5.2532704671223955,5.695457458496094,2.179695200745978,1.255300847163357,34.223445892333984,0.028713705018162727,0.0611906498670578,2.108619326636905e-06,3.482121655182761,0.010148630031797591,0.6117484690874396,5.994524274553571e-07,1.0539791045394349e-07,3.482120624746872,0.0005842382464443613,0.004705015820155905,2720.0,-0.0029847647461356008,0.008332452241205613,-13.02459791356551,0
467,0.779755782070614,-0.2501181619025412,-0.48464307597421463,0.003942891452730387,0.004314523197355552,0.008839042030163854,0.7929999828338623,0.2825999855995178,0.5105999708175659,23.391562462108475,7.503189999929496,14.538584564924241,0.951607708869792,0.003484861953376378,28.546866937138777,76.48528961525153,3.402785858787435,80.92485549132948,80.92485549132948,4,0.10810810810810811,0.030498503736392225,0.7861003861003862,0.03683814518719319,3.109104539774999e-08,0.025165304457521426,0.0017848075641016554,0.007817322519998986,0.07092334476280142,1.7885714285714285,1.3211111111111111,0.21796835568869316,0.08616226262190411,1.3538387600624775,6.093444824218751,5.88348388671875,45.72456635974702,15.792556390977444,8.423681040530843,5.239283243815104,5.1309430157696765,0.5558229872673814,0.4825860606993226,34.235931396484375,0.028006576001644135,0.0584748238325119,2.762567429315476e-06,3.47758893892655,0.011651838826549004,1.0195078698269793,-2.5431315104166666e-07,2.4143098224139302e-08,3.477588745290896,0.0006169358701327299,0.007095902855515454,2732.0,-0.0030189057508143214,0.008254388745161106,-14.296048452610917,0
468,0.77889242039408,-0.2487650573650996,-0.48657950453247345,0.004703244319562356,0.0073617145702430725,0.010156052870385204,0.7960000038146973,0.2825999855995178,0.5191999673843384,23.36566432612283,7.46259714952537,14.596677993110248,0.9515679262568282,0.0038746641152268527,28.545676141781858,75.82078966647966,3.2494961566566145,80.92485549132948,80.92485549132948,6,0.16216216216216217,0.03419133836291905,0.7928571428571427,0.03546865337605992,2.751536193252807e-06,0.02062397859377794,0.002869825226394621,0.010493242279301072,0.13914993236370116,1.6632142857142858,1.3015873015873016,0.11737944314687043,0.0997830854761484,1.2778353658536585,6.557413736979166,6.162516276041666,48.49566214425223,14.857669172932331,8.14702555503006,5.45464833577474,5.400594075520833,0.5266068564145497,0.5263583419477174,34.24594497680664,0.02715332619845867,0.08395737409591675,3.490629650297619e-06,3.4717937269856103,0.011934985788912075,0.9672300382518233,-9.08261253720238e-08,2.0455129698859613e-08,3.471793931061721,0.0006960585401337174,0.007685267730015461,2732.0,-0.0030464966872392235,0.008377054762105016,-10.935497157778407,0
469,0.7782566489038013,-0.24587821935472035,-0.4888957047604379,0.0048707792345425,0.009049234193830736,0.010179000330238623,0.7960000038146973,0.2825999855995178,0.5216000080108643,23.34657660995211,7.375993580605303,14.666192714231356,0.9514989996636539,0.004171242724122464,28.5436113233155,77.46768224245412,3.4055286284889634,85.71428571428572,85.71428571428572,4,0.10810810810810811,0.029880715233359858,0.775984555984556,0.03344173228344786,9.785405414410768e-06,0.023180520391575914,0.00328227859414956,0.025109966324473605,0.1415964153825632,1.7111111111111112,1.2693650793650793,0.12296558111757029,0.10249741130763715,1.348005502063274,6.557413736979166,6.162516276041666,45.53592427571615,14.532714285714285,8.565269798102435,4.947905363859954,4.8672259295428235,0.88796376079033,0.9849757494347554,34.2525520324707,0.026714736595749855,0.08047311753034592,-4.3596540178571427e-07,3.4687227876088396,0.010756383114220622,0.9543415933928239,-2.1253313337053572e-06,-2.1662108424956413e-08,3.4687227844485884,0.0007422160797005249,0.005773081870299854,2741.0,-0.0030364154673810178,0.008626617850340981,-10.935497157778407,0
470,0.7786569062755221,-0.24148678161132903,-0.4899723142953146,0.0047347245846683745,0.008207243189235295,0.009476236520596154,0.7960000038146973,0.2781999707221985,0.5216000080108643,23.35859733113221,7.244254734047821,14.698460000285081,0.95124058384043,0.004029805286067454,28.535854809385356,76.98523372923111,3.80630749950891,85.71428571428572,85.71428571428572,4,0.10810810810810811,0.034085892573942664,0.7812741312741314,0.038636130180167094,1.7061957517700923e-05,0.04969811863012165,0.0018815846061776594,0.03270463952061843,0.03786027837756509,1.699107142857143,1.373392857142857,0.12726306015333685,0.23425406744012983,1.2371603172539334,6.557413736979166,5.985310872395834,41.088812764485674,13.69,8.124698647821582,4.831682840983072,4.636446634928385,1.1266684171123496,1.1773923382167815,34.26066589355469,0.02766185812652111,0.09094524383544922,1.1654808407738096e-06,3.468436353814346,0.01042186689031975,0.8245267674834214,-4.178001767113095e-07,1.0815339650554528e-09,3.468436330373591,0.0007389440630288274,0.005367806992232581,2728.0,-0.003016534211959029,0.008606405144268792,-10.935497157778407,0
471,0.7791566871120816,-0.23880109657276244,-0.4901664569491432,0.0038646365707614466,0.005428046367363035,0.007956538399972665,0.7934000492095947,0.26639997959136963,0.5216000080108643,23.37358775624207,7.163688040035112,14.70428870848247,0.9510356886424012,0.0036175749997155626,28.529708852163733,77.23138881462255,4.016575291888816,85.71428571428572,85.71428571428572,3,0.08108108108108109,0.033134611727483186,0.778996138996139,0.04069292925602343,2.6976386505622787e-06,0.04483197349336353,0.0021839612016287305,0.006052817915090599,0.04871436681126746,1.9342857142857144,1.404642857142857,0.2837545031815385,0.21489645109651662,1.3770658530383932,6.283976236979166,5.985310872395834,35.63616921561105,14.12327731092437,8.164019335364946,4.113537016369048,3.9936192830403647,1.2461906591047314,1.29677175945391,34.26789093017578,0.027736274525523186,0.09016852080821991,1.4386858258928571e-07,3.468282229218856,0.010470616068203807,0.8448381683247395,-4.904610770089285e-07,-3.037003339995537e-08,3.4682823412478174,0.0007209044839760152,0.005258165096776071,2733.0,-0.0029427658392755106,0.008530593564590348,-12.007522945485938,0
472,0.7792116015354792,-0.23751607781648637,-0.4905005902789888,0.0038116015066908594,0.002638933173373591,0.008279801813670985,0.7934000492095947,0.24940001964569092,0.5185999870300293,23.37523218887193,7.125143191644123,14.714320851223809,0.9509230811902131,0.0032828805909728325,28.526333812848023,76.38099422809725,3.016567570775518,82.19178082191782,82.19178082191782,1,0.02631578947368421,0.024626274427279445,0.7867669172932331,0.03121025371066078,9.278800499791798e-07,0.023506653745108966,0.0027893275268610117,0.008224544592226862,0.11866119087415355,1.9201785714285715,1.4260714285714287,0.334031067157728,0.20568173105503543,1.3464813423491109,6.7327880859375,6.5081787109375,39.91851283482142,14.989682539682539,8.725667658677766,4.2533111572265625,4.233868916829427,1.339406863011519,1.308845903518384,34.2738037109375,0.026952344924211502,0.09712272882461548,1.5999930245535714e-06,3.4650911689287116,0.010708341275054519,0.7961889509906052,9.08261253720238e-08,2.9582680524311718e-08,3.4650915533797013,0.0007001872243821425,0.0056786240041388596,2723.0,-0.002981364377923968,0.008355034097724593,-13.444693320871435,0
473,0.7783155157566071,-0.23709089711450396,-0.4921636094734782,0.003925662231342778,0.002703833980822437,0.008522021078570308,0.792199969291687,0.24940001964569092,0.5185999870300293,23.348349758471763,7.112389913456781,14.76420599848032,0.9509452929547821,0.0032481139995065734,28.52699803666175,77.19913488798868,3.051222687247511,82.19178082191782,82.19178082191782,2,0.05263157894736842,0.02604993295903917,0.7784586466165413,0.03160643719351149,2.849895210329053e-06,0.031783690036510166,0.0017738849848315174,0.006256860028577787,0.0558111717926346,1.8610714285714285,1.44,0.3316022866788048,0.13133148588085594,1.2924107142857142,6.7327880859375,6.66015625,42.29270499093192,14.933809523809522,8.513622856907622,4.973106384277344,4.836769104003906,1.3538332521981498,1.1940324143885548,34.275535583496094,0.02682442218065262,0.0854872465133667,-2.1943591889880953e-07,3.460637612953838,0.010762239861357917,0.8825254648126275,-1.071748279389881e-06,3.150812907636272e-08,3.4606376791792295,0.0006759460115007523,0.005673972715414639,2725.0,-0.0030024096055414774,0.008329823343724353,-12.633552145558927,0
474,0.7969310966559818,-0.20752838240067165,-0.3971704572808175,0.048905923984732855,0.09297806090108662,0.22176035104716257,1.272200107574463,0.520799994468689,0.5185999870300293,23.906751899634088,6.525222610448088,13.133566861408097,0.9461411211070264,0.030706935900959676,28.382876808854935,80.43694474572743,5.660018068964239,92.51101321585902,92.51101321585902,2,0.05128205128205128,0.024290136704814173,0.7494871794871796,0.05079945608790017,0.00010180398167430229,0.0224568572721451,0.0013571610637775628,0.007246292245061285,0.06043414923694377,1.616031746031746,1.3025714285714285,0.36863465544665097,0.2354238903834216,1.24064731544442,17.486572265625,13.465677897135418,66.76326046898251,16.526462585034015,8.955734296901905,6.947586624710649,6.923817952473958,3.1211341995502084,3.9888730685273233,34.27374267578125,0.02738049626350403,0.08742689341306686,-3.4165155319940477e-06,3.481521413903095,0.053734928430183675,1.471640169054464,3.669375465029762e-06,3.501264389258341e-08,3.4815212775800664,0.0006243860543445061,0.052952482029536015,2717.0,-0.003047976719300569,0.01321017598954117,9.662636057577608,0
475,0.811979495587803,-0.1015665158572651,-0.10444403823500588,0.04778950353050988,0.1573387058688544,0.40604018168389094,1.272200107574463,0.520799994468689,0.5169999599456787,24.358242724793296,4.9537750101515226,12.068965428769589,0.9334311362224413,0.033900790636654424,28.001604172019174,80.80869717992857,6.17972955928068,92.51101321585902,92.51101321585902,4,0.10256410256410256,0.029516330203081774,0.7469230769230769,0.058331536306211344,3.5129469387754854e-06,0.028552458733270194,0.0018284187956869877,0.005400191531266984,0.06403717496862918,1.4126785714285715,1.32015873015873,0.38449704591365397,0.27612761554308124,1.0700823614283996,17.486572265625,13.465677897135418,70.93735569545201,13.80263157894737,7.5246546325412345,7.746264139811197,7.722461841724536,3.859614983106354,4.886437084180206,34.260868072509766,0.032037634402513504,0.08587479591369629,-5.089169456845238e-06,3.50065202714375,0.05360610029189559,1.471640169054464,2.379644484747024e-06,-1.983825421167048e-08,3.500652631673323,0.0006313340692086773,0.052831645943296056,2723.0,-0.0029440736732030616,0.01350859323693711,9.662636057577608,0
476,0.8264963422218958,0.0033632175496646336,0.19056738135076703,0.04130055383677997,0.13588495336125553,0.33072958247295337,1.272200107574463,0.520799994468689,0.5169999599456787,24.793747409496987,3.3721986842581204,11.049607584093298,0.9208411182145484,0.032056041531631364,27.623898390597663,79.69122977397552,7.4395189527325805,92.51101321585902,92.51101321585902,7,0.18421052631578946,0.035445319244868656,0.759624060150376,0.07234872302956889,7.416173927530122e-06,0.032449129996542043,0.004257548696751722,0.0044557132212537185,0.13120686740154297,2.1376785714285713,1.3118367346938775,1.224625919038803,0.3042188431701348,1.6295309583074051,17.486572265625,13.465677897135418,70.16869056338355,13.294117647058824,8.363956496723087,8.463058471679688,8.723304385230653,3.8077371376319005,4.525090036996878,34.24776077270508,0.031020786613225937,0.06464564055204391,-2.5460379464285716e-06,3.5140662799306805,0.04530314059956498,1.6074403333421454,2.1071661086309525e-06,5.149363688064528e-08,3.5140663817343882,0.0006699725560024481,0.044348459026258065,2725.0,-0.0029729768030019406,0.013749371147625217,9.662636057577608,0
477,0.8213275990826743,0.07870800773870378,0.3909902478399731,0.004571060311733917,0.004304469781076072,0.009994547889080762,0.8717999458312988,0.11619997024536133,0.4301999807357788,24.638617543918745,2.361162375041417,11.729168006607464,0.9131087134279994,0.004375031989598649,27.391932947921315,74.60349393105795,5.5588544896842995,84.50704225352113,84.50704225352113,12,0.3333333333333333,0.05117112432822417,0.8088095238095238,0.0613163426628743,2.5516930612244933e-05,0.07422156123793405,0.010487281496924078,0.013020913092240965,0.14129696710777503,2.3457142857142856,1.48,1.1645312123796485,0.08683955246153746,1.584942084942085,8.4368896484375,8.389383951822916,60.23577190580823,16.469107142857144,9.116270522171792,6.524222237723214,6.483880905877975,1.4377457097292028,1.3922773887905413,34.22886276245117,0.028324775397777557,0.060805078595876694,9.445917038690477e-07,3.502213199401684,0.01700174703022965,1.1273760531089818,-2.143496558779762e-06,-5.1478714745776824e-08,3.502213628795473,0.0006655675314970942,0.014322116868053687,2729.0,-0.0029617882837517408,0.009500276233395596,-8.598701983402295,0
478,0.8200309996831985,0.07737277907416934,0.394371714529537,0.003557584428911949,0.002717889874199598,0.007605444998217956,0.8345999717712402,0.09000003337860107,0.4301999807357788,24.599760561926026,2.3210742293936866,11.830582007340022,0.9132536733832777,0.00347142362156714,27.39630482924153,74.73579396004114,4.7313457356435,83.16831683168317,83.16831683168317,10,0.2777777777777778,0.04618318197543445,0.8061507936507938,0.052617237034616,9.68352786339026e-06,0.05910683485964029,0.004148881943128839,0.00942217812952517,0.07019293036044136,1.8618367346938776,1.489107142857143,0.8594030453376889,0.08845019785167244,1.250304078940606,8.4368896484375,8.389383951822916,58.32035733177548,16.430672268907564,7.872293095894637,7.005048479352679,6.872266133626301,1.109576114796194,0.7262695342029235,34.214622497558594,0.031336452811956406,0.06391281634569168,-8.007231212797619e-07,3.492419648514459,0.011037227423229377,1.1164412346634485,-3.9963495163690477e-07,4.9854610708995595e-08,3.492419558859501,0.0006553792534945117,0.005980199870536259,2721.0,-0.0030248803721400173,0.009414552766897396,-8.598701983402295,0
479,0.8178069435641879,0.07681602656273614,0.3995358756667092,0.004163476368902031,0.002532313825861795,0.009146803427469423,0.8312000036239624,0.08739995956420898,0.4398000240325928,24.5330500211886,2.3043627968856266,11.985493269988469,0.9134730551614022,0.0034933478600989005,27.402889548605277,75.28740340863956,3.826307330549309,81.08108108108108,81.08108108108108,7,0.1891891891891892,0.04328752157157445,0.7991505791505791,0.043472365973801295,2.436147605164565e-06,0.061135613603700734,0.0014897338014233986,0.01302867905838979,0.024367691981964833,1.496190476190476,1.510952380952381,0.1427301022425466,0.1207365904067137,0.9902300661834225,8.665059407552082,8.42437744140625,67.43865334647042,14.896928571428571,8.630885253564902,7.291587547019676,7.209370930989583,0.6564414454613557,0.7419640930747102,34.198936462402344,0.027401152998209,0.05927804112434387,-2.9064360119047617e-06,3.4911594778678228,0.010113074876391438,0.873491758148536,-1.2715657552083333e-07,-2.4310547458682694e-08,3.4911602628551273,0.0006311524910767841,0.004518239926135276,2719.0,-0.003031722523304322,0.009480299513188647,-8.598701983402295,0
480,0.8167058106377011,0.0769471694003968,0.4019308750970023,0.0043853565348579175,0.003207591076562342,0.00934244982109745,0.8573999404907227,0.09839999675750732,0.4398000240325928,24.500004604884555,2.308304653423173,12.05736625288214,0.9135534686065037,0.00381283654221047,27.40530246341914,77.21804108192536,2.4874102831251053,82.19178082191782,82.19178082191782,5,0.13157894736842105,0.03237006782010866,0.7778195488721805,0.024821028215747314,1.900248229904212e-05,0.04545834230502656,0.00040709491156723173,0.026718680673369216,0.008955340008564659,1.5734920634920633,1.4764285714285714,0.1861132602170566,0.1230853362509117,1.065742084610009,8.665059407552082,8.42437744140625,66.00513211204893,14.722255639097746,8.2181782122964,6.994176793981482,7.110888163248697,0.6294219239796351,0.7119363702562803,34.18748092651367,0.02650144137442112,0.06046678498387337,-2.762567429315476e-06,3.4915231465214824,0.010389159673899728,1.1242063378776077,-3.0880882626488097e-07,1.882717250876058e-08,3.491522649888288,0.0006772047246259016,0.004776197555674023,2725.0,-0.0030062589967349024,0.010410532137709682,7.683206214573778,0
481,0.8175092582986468,0.07969972244898478,0.3989687129542941,0.00577848967758579,0.006139136808813508,0.01430246353626673,0.8573999404907227,0.10619997978210449,0.4398000240325928,24.524103177530424,2.390874673468726,11.96851210287639,0.9132952371666,0.004113059029015209,27.397554656688403,79.21296877490113,3.315186953857585,85.71428571428572,85.71428571428572,3,0.07692307692307693,0.028957912345900703,0.7587912087912088,0.03203304557068515,2.3926073469387682e-05,0.029208815127972087,0.00046184454744294687,0.010347378475782513,0.015811820692468188,1.539642857142857,1.5033333333333332,0.20817691406834812,0.15147049434657686,1.024152676591701,10.455830891927084,10.08209228515625,70.83614124116444,15.24954887218045,8.399535331281493,7.639020284016928,7.584488480179398,1.088655149591017,1.324164804741631,34.174930572509766,0.029220905154943466,0.06513483822345734,-3.919328962053571e-06,3.491899421241055,0.010227872087144216,1.1242063378776077,-2.361479259672619e-07,1.4749761263651043e-08,3.491899457101524,0.0006721440123291969,0.0045400285288387365,2742.0,-0.003041657701707285,0.010520763741275104,7.683206214573778,0
482,0.8205420853013085,0.08357253323282514,0.39063107539358594,0.0057372161317805976,0.006633194603866145,0.014339434342182166,0.8573999404907227,0.10619997978210449,0.4318000078201294,24.61509741621358,2.5070539970057353,11.718367261801447,0.9127608114730749,0.004068717314321513,27.38152333767659,78.3209225601777,4.572042433746159,85.71428571428572,85.71428571428572,3,0.07894736842105263,0.028943522996377088,0.7688345864661653,0.04733369355954628,1.261724947938347e-06,0.024289535208490042,0.0018686021579015415,0.0035698722084715443,0.07693033818318597,1.5222222222222224,1.4873015873015873,0.234479315200168,0.1426052452887867,1.023479188900747,10.455830891927084,10.08209228515625,63.54441840762183,15.062428571428573,8.622561969528972,6.828375922309028,7.01435230396412,1.6011966457484645,1.8171113238528476,34.16243362426758,0.028002925217151642,0.06358800828456879,-5.827404203869048e-07,3.4907402626009625,0.010198359788318819,1.0949670436536243,5.4495675223214284e-08,-7.399452522915045e-08,3.490740594887296,0.0007347039338891203,0.0048339617359546465,2739.0,-0.002941571350955014,0.010483427903812128,7.683206214573778,0
483,0.8233968081701369,0.08934518130052657,0.38156576154345556,0.005623029817472351,0.007175825472137076,0.014154524462928579,0.8824000358581543,0.1175999641418457,0.4227999448776245,24.70073481653418,2.680231296079499,11.446415703466961,0.9120419370757137,0.004501335592532165,27.35995668590308,79.1298478035895,5.856325828007218,88.60759493670886,88.60759493670886,4,0.10526315789473684,0.04167282543194693,0.762857142857143,0.06267746020050446,0.0004598136269887556,0.0696043194667762,0.004916288955516632,0.05836765343284161,0.07063195205670093,1.5177777777777777,1.5110714285714286,0.282108284890983,0.19836030657490372,1.0044381417579242,10.455830891927084,10.08209228515625,67.01844896589007,14.844436090225564,8.21478788781755,7.049877025462963,6.899363199869791,1.8811429411766625,1.9962199922050199,34.152767181396484,0.02535107359290123,0.05778365209698677,-3.633045014880952e-07,3.489214946789876,0.009951574326858293,0.7639292500773678,4.722958519345238e-07,2.067355850190155e-08,3.4892152432634664,0.0007610253665143643,0.004742137386025864,2723.0,-0.0029422993785080177,0.009721819911039105,-9.432725653392419,0
484,0.8227228748684837,0.0933639046521414,0.3813358765783764,0.004992763686842111,0.005510980384542634,0.011330706504546397,0.8824000358581543,0.1175999641418457,0.4190000295639038,24.6805099603108,2.800783139552389,11.439547011596815,0.9116867574773617,0.0042116545315802716,27.349305862270548,76.34836810097518,6.3101602862175366,88.60759493670886,88.60759493670886,6,0.16666666666666666,0.047658894892671104,0.7915476190476192,0.06917998396505953,2.341769862557265e-05,0.07954533724926748,0.005482639901029965,0.010201788962847014,0.06892471753371633,1.8385714285714285,1.5057142857142858,0.5388022566026581,0.1603296985742129,1.2210626185958253,9.607340494791668,10.6024169921875,59.688969712030314,14.430588235294119,8.204483622673859,6.549362909226191,6.5205637613932295,2.016765399343586,1.897716718344785,34.14937210083008,0.025365067645907402,0.05739690363407135,7.992699032738095e-07,3.4863048164931136,0.010771833081669954,0.7639292500773678,-1.1444091796875e-06,1.6696725037184292e-08,3.4863046306244554,0.000805111169495293,0.006523734297469381,2687.0,-0.0029478729307625975,0.009613223269444512,-9.020679765068953,0
485,0.8215739234515599,0.09599318951652164,0.38281235275382086,0.005090886787564533,0.0041917326612682425,0.011707282813555457,0.8824000358581543,0.1175999641418457,0.4190000295639038,24.646046703542982,2.8796639711516243,11.483818868313517,0.9115406709910238,0.004225506023950221,27.344918923764656,76.93469196821896,5.9067114525775555,88.60759493670886,88.60759493670886,6,0.16216216216216217,0.04614074396851718,0.7847876447876447,0.06442517366946288,6.192726364015016e-07,0.0803946333530451,0.0038250775746733368,0.0065056834657240825,0.04757876757613765,1.9155102040816328,1.5201785714285714,0.5125545856283469,0.16036221356920816,1.2600560487321912,9.607340494791668,10.6024169921875,64.66572011311848,14.533613445378151,8.56839756097606,7.158421107700893,7.023874918619791,1.6985781541237281,1.3883839537872391,34.145408630371094,0.02577102743089199,0.06632380932569504,-9.431384858630952e-07,3.482149028873439,0.011312422582143575,0.6971463325742302,-1.0899135044642857e-07,6.556901944478363e-08,3.482148527104938,0.0007884111066432484,0.0076112370455157985,2669.0,-0.0030772046278581227,0.009618161434086864,-7.033370456682554,0
486,0.8208055901868003,0.0964649227914356,0.3844607910371962,0.003861210675730994,0.002625070696490574,0.008623836966082809,0.839400053024292,0.10739994049072266,0.4190000295639038,24.622992848413332,2.8938119695016318,11.533283159732818,0.9115490814044467,0.0034410397812857665,27.345172039970617,76.91649109359173,3.588561441453221,84.33734939759036,84.33734939759036,4,0.10810810810810811,0.027290741662675012,0.7817760617760618,0.0366817312897616,7.196579025406068e-05,0.021929294547604367,0.0020154742980390042,0.0022363395251439777,0.0919078492773121,1.7060714285714285,1.6123214285714285,0.20822592469307397,0.18647637249796556,1.0581459740835086,8.7646484375,9.512227376302082,65.80996587844122,15.686428571428571,8.5549239676908,7.1874237060546875,6.961555480957031,1.477611784135253,1.258991367363855,34.142051696777344,0.025479309260845184,0.07755191624164581,-4.645937965029762e-06,3.476940380449006,0.010726827542456987,0.6635413466764526,-1.4532180059523809e-06,5.0420145400760974e-08,3.476940327679494,0.0007577246692391028,0.0071295756862608615,2673.0,-0.0030641982194486274,0.009455857200863723,-7.067617040392803,0
487,0.8216929988520486,0.09671175148941222,0.38233585729485464,0.003909737371602074,0.002954713927468981,0.00886609687636948,0.839400053024292,0.11440002918243408,0.41700005531311035,24.64961510837078,2.901212401815823,11.469530004518372,0.9114843834313805,0.0034781931026602064,27.343228516659416,78.2299225166841,3.0832251829805255,84.33734939759036,84.33734939759036,3,0.07894736842105263,0.02463970938432209,0.7681954887218045,0.031132722725959985,2.285650312369849e-06,0.024406342302117457,0.0015091314111426637,0.0080280072069033,0.06183357557071277,1.6351020408163266,1.541607142857143,0.14824701068349772,0.2182519110653409,1.060647680826066,8.7646484375,9.512227376302082,66.02500668480283,14.600672268907562,7.837629246214428,7.342819940476191,7.259546915690104,1.5114710694075808,1.2780945526009473,34.137855529785156,0.025623450055718422,0.07755191624164581,1.5970865885416667e-06,3.4740668695022148,0.01017507404461836,0.680327587772913,-6.539481026785714e-07,2.223942456782988e-08,3.4740669273560676,0.0007345893298201035,0.006548465720018627,2676.0,-0.003047832857568538,0.009522474131249244,-7.067617040392803,0
488,0.832680846237001,0.07770350431828271,0.2210634095186279,0.02187842431422696,0.053383208442419276,0.2897037360658311,0.9565999507904053,0.16559994220733643,0.46140003204345703,24.97924367283072,2.7299092747483935,10.814745711811952,0.9140057029127188,0.010701375094715714,27.418862897985367,81.94828980140353,4.759290110466101,91.70305676855895,91.70305676855895,2,0.05,0.022364189810303248,0.7345714285714285,0.041427586195181394,3.030839550187439e-05,0.026607890038351244,0.000345606173151849,0.001656461726744748,0.012988860546766769,1.562857142857143,1.593174603174603,0.3937114088636342,0.5980265269060778,0.980970409484906,26.655680338541664,23.6968994140625,97.50590224493118,16.01924812030075,8.9065876049377,10.3741455078125,10.32645896629051,6.2075915916067315,6.493497967491513,34.136802673339844,0.025852030143141747,0.09111122786998749,-1.0157993861607143e-06,3.4787297697272974,0.015273026094252485,0.6629457395241725,8.35600353422619e-07,2.3905619183020186e-08,3.47872946361927,0.0007198584397524869,0.013217116208166731,2675.0,-0.0030197144281261905,0.01503828153190228,15.479134654124191,0
489,0.8534925992148263,0.019634371226742154,0.02597212389821098,0.039841027415053756,0.10034741307273927,0.3233917184679794,1.0281999111175537,0.25859999656677246,0.46140003204345703,25.603604547807148,2.762201140608106,9.201707290623869,0.9193764289977393,0.02226595654018123,27.57998305872748,86.54236933588439,5.812228689169949,96.7741935483871,96.7741935483871,1,0.023809523809523808,0.016746284031691476,0.6964965986394558,0.0476250360666029,9.51938718867138e-05,0.014108246234155951,0.00011928976594060821,0.0035541335015733836,0.00845532208332235,1.3796825396825398,1.4674285714285715,0.42014724650145735,0.6437241138048796,0.9402042229145033,26.655680338541664,23.6968994140625,101.94035542805989,16.393265306122448,8.72646061680054,11.904895923755785,11.353790283203125,6.469287108213398,6.200302685067517,34.13624954223633,0.025785032659769058,0.09111122786998749,3.048851376488095e-06,3.4908347172735077,0.02453010489909734,0.8235396980405646,2.5612967354910712e-06,-5.2577469805792834e-08,3.4908349909393626,0.0007368891925804029,0.023261855038593345,2660.0,-0.003082104645640014,0.016589399919422623,15.479134654124191,0
490,0.8647950094200316,-0.022475895245869956,-0.2001584191208794,0.0689159144079094,0.0879101741050876,0.23929065235385227,1.779400110244751,0.25859999656677246,0.550599992275238,25.942635711176056,2.2181170115300586,8.562382430051054,0.9244978601044024,0.058993998559546165,27.73362799313647,91.23331722575628,3.959606805469507,98.59154929577466,98.59154929577466,0,0.0,0.015357520381949815,0.6589206349206349,0.0292291836202635,5.98151836734695e-06,0.01047416741650451,0.00019791382547820185,0.012420252673807461,0.01889542314994337,1.0723809523809524,1.5354285714285714,0.1883091008430486,0.7843439478770959,0.6984245130877063,26.655680338541664,23.6968994140625,165.0153635660807,14.585782312925168,7.466966364024636,11.933220757378471,12.902191162109375,6.836882006782209,6.378347332861531,34.139801025390625,0.02592148818075657,0.09111122786998749,-2.758207775297619e-06,3.5007689874584655,0.02230888465212193,1.0478074905620043,1.9073486328125e-06,-1.0532853768562101e-08,3.5007690181228424,0.0007362033082520687,0.02093397570857148,2656.0,-0.0030927896488281066,0.020122958973709776,11.25583114127089,0
491,0.8726216858682179,-0.044182305072035105,-0.25914505734330134,0.06986389013217997,0.06570934472761397,0.14737455135167546,1.779400110244751,0.25859999656677246,0.550599992275238,26.17741743317672,1.7825022915431432,8.096103717599597,0.9262266051661914,0.059992156752242856,27.78547681055199,91.34292007377869,4.3280456191183685,98.59154929577466,98.59154929577466,1,0.022222222222222223,0.01774771667354154,0.6583809523809524,0.032029748077447656,2.0099667805081208e-05,0.009219013051915073,0.0010079539317399478,0.0062005309226040185,0.10933425585405422,1.2544642857142858,1.7578571428571428,0.43722830484910796,0.8751859860647231,0.7136326696464853,43.408304850260414,46.64296468098958,173.15858619326636,12.266904761904764,7.756053465700955,15.102144877115885,15.308609008789062,12.953241991293282,12.411228949608049,34.134891510009766,0.027050314471125603,0.09235812723636627,1.8150692894345237e-06,3.502899067474884,0.020238573661099796,1.0478074905620043,-4.178001767113095e-07,1.5688763704546272e-08,3.5028986746992805,0.0007324719773041064,0.01872067409608118,2659.0,-0.0030637143208954334,0.01844165306855932,4.479502230314438,0
492,0.8693377145188196,-0.050432933739253456,-0.2654365047301565,0.0715214558156128,0.07990646623792264,0.15210693512729295,1.779400110244751,0.5413999557495117,0.550599992275238,26.078941721320152,1.7637837210723333,8.445362705418042,0.9268848500674791,0.06534093013982407,27.805223990319636,90.45858085732985,4.832178439867474,98.59154929577466,98.59154929577466,1,0.022727272727272728,0.019830798270316013,0.6652272727272727,0.03636669456064151,1.835335543523532e-05,0.00817021897110715,0.0020011798773987622,0.008470354402252297,0.24493589271911295,2.1376190476190473,3.4657142857142857,0.9427347202869252,1.4386733306699448,0.6167903270129156,43.408304850260414,46.64296468098958,204.46866687593004,14.746122448979591,9.37743116665208,21.21305677625868,20.3607177734375,12.329885070407492,11.020073776803704,34.14132308959961,0.029568200930953026,0.09235812723636627,1.8891834077380953e-06,3.499730403840749,0.016988477808351835,0.9255901319038163,-1.9073486328125e-06,8.117736433578368e-08,3.4997302608461993,0.0007123180406557213,0.015217857269146179,2657.0,-0.0030267592935492656,0.01921198515045867,4.479502230314438,0
493,0.8687497430358614,-0.05700222883054188,-0.28567631408997946,0.039243594186774464,0.07465053352111321,0.12185419791038898,1.335400104522705,0.5413999557495117,0.43860000371932983,26.06124486250537,1.820234714448452,8.874969705428397,0.9275157472615132,0.03552566000154349,27.824147004036046,86.3468256595125,8.467218225516303,95.67198177676538,95.67198177676538,4,0.0975609756097561,0.1092492936511047,0.7044599303135888,0.10098972399510944,9.583211261974166e-05,0.24700935961337273,0.0043648888086812165,0.5786936022064718,0.017670945001895012,3.2271428571428573,3.773214285714286,1.886161418850249,1.7068386982479435,0.8552768575485092,25.828959147135418,22.079060872395832,152.96124274844217,13.455324675324674,8.412280053134202,18.1080322265625,16.60247802734375,4.605654135801464,4.23061169736717,34.15000915527344,0.032791394740343094,0.08964589238166809,4.789806547619048e-06,3.4959689281502313,0.015443502152144855,0.9662544835085431,-4.904610770089285e-07,5.134408394282483e-08,3.495968782328484,0.0007271956969485841,0.013283347735676352,2657.0,-0.003011987309337576,0.015433334659662016,12.050482111290915,0
494,0.8647069995573589,-0.0633352288660549,-0.30452141861120857,0.03291262383731432,0.06974708753152394,0.11195073040941875,1.335400104522705,0.5413999557495117,0.4097999930381775,25.939967986771038,1.915695865069117,9.439953698175295,0.9283849036924917,0.03232915640811769,27.850223226884026,82.56032286060433,11.605493017903546,95.67198177676538,95.67198177676538,7,0.1794871794871795,0.14081090915652297,0.7466666666666666,0.14586982050838135,0.0021790986129112885,0.8628956023244914,0.032048137694610054,0.6640310725780347,0.03714022601144092,3.9137142857142857,1.9019047619047618,1.6918919732002964,0.3309979413655146,2.05778668002003,17.61322021484375,22.079060872395832,127.05839792887369,14.962077922077922,9.33420693250708,14.162150065104166,12.901272243923609,7.964677430243588,3.83845878819573,34.164161682128906,0.02643614076077938,0.0666813999414444,9.445917038690477e-07,3.493417816430942,0.015496206171686476,1.0347966925265357,5.086263020833333e-07,6.940647622029984e-08,3.493417387960985,0.0007370417062652135,0.013250381852420189,2641.0,-0.0030217088748657056,0.012843046422309106,5.320255043988112,4
495,0.8600850174086434,-0.046188514771915615,-0.34359434267736616,0.008169844139446394,0.009020125759722927,0.02233598243082541,0.8921999931335449,0.12540000677108765,0.4097999930381775,25.801329665098873,1.3860572996735572,10.307325994585241,0.927663652347262,0.004882789615133188,27.828586512406805,74.99968048289672,12.137852607011663,91.30434782608695,91.30434782608695,14,0.3888888888888889,0.15479093395981433,0.8249206349206349,0.15772599035114646,0.0001596870637234483,0.6358456250311371,0.03331554067494021,0.15577753518126974,0.05239564347605406,4.295714285714285,2.0342857142857143,1.4647462690353785,0.2884606104991179,2.1116573033707864,13.527323404947916,18.3392333984375,81.03675718761626,15.92125,6.970603633770367,10.823906792534721,11.6546630859375,6.607717052413245,1.9278347250455474,34.17383575439453,0.027590850368142128,0.0666813999414444,2.1798270089285713e-06,3.4911012429293264,0.010250681536728316,0.9643095583599643,8.35600353422619e-07,-8.412515346562677e-09,3.491101256190917,0.0007583343119522232,0.006274544588431985,2647.0,-0.003013360534961505,0.008846844382998927,-5.8230396235644815,4
496,0.861897654181435,-0.045312438561802816,-0.3386856472889582,0.005989818817241898,0.00544606126454557,0.017160062304156194,0.8921999931335449,0.11100000143051147,0.38739997148513794,25.855688054050717,1.3593048711333957,10.160077132923263,0.9273476674101199,0.0038807282140148605,27.81909266924334,72.2476770005418,9.721895722297093,90.71274298056154,90.71274298056154,14,0.4,0.10669879968182124,0.8470204081632654,0.126573764860076,1.4997441732611376e-05,0.3209024071764736,0.029346328212787806,0.024867756962371576,0.09144938634458233,3.9578571428571427,1.8382142857142858,1.2579585421934822,0.419178466449189,2.1530988925587717,13.527323404947916,18.3392333984375,64.35518573579334,14.740714285714287,8.238677307402579,8.970082600911459,8.479512532552084,5.908484706614054,3.000337660988663,34.185447692871094,0.0307410079985857,0.07438540458679199,2.9820033482142856e-06,3.4906401769767847,0.010001859833482478,0.9753322624256342,3.633045014880952e-07,-4.1521703072628894e-08,3.490640896070618,0.0007242365957605143,0.006230095552979351,2649.0,-0.003023132234123524,0.008445182556639036,-9.517178732959096,4
497,0.8606894535564241,-0.04580680961268289,-0.3426231235861778,0.0029465620393282245,0.002559827479220993,0.008564786653507616,0.8730000257492065,0.05419999361038208,0.3633999824523926,25.819456892439298,1.3741367169788905,10.278199707610266,0.927554001890635,0.002714438756108352,27.825295885136214,72.74582772295406,5.606127968775743,80.1526717557252,80.1526717557252,8,0.22857142857142856,0.042564829447354215,0.8300816326530612,0.06895719960182753,0.0004022234895460225,0.053730902605449014,0.005520180952837144,0.03275362712018087,0.10273754366965214,3.4996428571428573,1.34,0.5640916257532086,0.16801117552722739,2.611673773987207,6.5997314453125,7.2174072265625,42.94268159412202,16.73311688311688,7.550360686765434,5.7346852620442705,5.950785319010416,1.0278817461544636,0.6972034673852352,34.204376220703125,0.02989213541150093,0.07629161328077316,2.5431315104166665e-06,3.490757863865904,0.009744149954450618,0.5172319240234614,-5.449567522321428e-07,2.649750916620852e-08,3.4907577754070456,0.0007381884489242328,0.005945977200085834,2668.0,-0.003020762874991444,0.008176318627716856,-12.64105831848654,4
498,0.8613815966787792,-0.0464711139911697,-0.3407173329307919,0.0038901876966920216,0.002672309388080579,0.01132624086798515,0.8818000555038452,0.05620002746582031,0.3637999892234802,25.84020790031978,1.394071134030819,10.221057702217783,0.9275604525421366,0.002878524230045367,27.825488694806108,74.85876965792106,5.668657236295644,84.0,84.0,5,0.1388888888888889,0.05375953369921332,0.8067460317460318,0.06973598666203042,1.3160607080383176e-05,0.11094705935062187,0.004618994995745929,0.041132099917954676,0.041632423813493705,2.9833333333333334,1.2822857142857143,0.7070633272577743,0.09347967147777017,2.326574569221628,8.806864420572916,7.2174072265625,53.534267098563056,15.387032967032965,7.794948661454157,6.120859781901042,5.675862630208334,1.0242236546013366,1.3453702980406346,34.22149658203125,0.02941979095339775,0.07434844970703125,1.598539806547619e-06,3.488493585557031,0.00973491227574797,0.5318587413526736,-1.816522507440476e-07,4.783699559848906e-09,3.4884937612945928,0.0007216459901385423,0.005887312596228069,2676.0,-0.0030461457518019975,0.008216144297374937,-12.74147693948853,4
499,0.865959188580513,-0.045987828515824815,-0.3265128188786052,0.0073565447406866566,0.0032297638601483077,0.02290141926332031,0.8910000324249268,0.05620002746582031,0.3637999892234802,25.97752880028316,1.3795691411835806,9.794926423473017,0.926924572711131,0.0032679021328429004,27.806406860991775,76.37375596234783,6.539720879435586,87.68267223382045,87.68267223382045,8,0.21621621621621623,0.06515766679332613,0.7921621621621622,0.07725761635814041,0.00010707603565181137,0.17862684056692918,0.0030728318598996574,0.010375718251193027,0.01720252034994879,2.690571428571429,1.8211428571428572,0.3683771359431992,0.7584115516213167,1.4774082208973958,14.359842936197916,16.938985188802086,93.34226677304223,13.32845238095238,7.918728649297298,7.758036295572916,9.1981201171875,4.726284480609932,3.6035714807635375,34.2393684387207,0.030715886503458023,0.06658891588449478,1.1625744047619049e-06,3.48707322341863,0.009789355839024147,0.5054724286468469,-1.9981747581845239e-07,9.039754165845525e-09,3.4870729736892985,0.0007374599724981753,0.00584179294837737,2691.0,-0.003024450966667138,0.008163130559022737,-12.74147693948853,4
500,0.8695132087412335,-0.045602619085993085,-0.31530719039269856,0.007863909963422637,0.004186715387886222,0.024545397695794533,0.8952000141143799,0.05620002746582031,0.3637999892234802,26.08416111937591,1.3680077154295784,9.458743426076003,0.9264021652445961,0.003509672368755403,27.790740545389095,74.95978384736138,8.989795284604373,87.68267223382045,87.68267223382045,16,0.45714285714285713,0.09361936676956181,0.8135102040816327,0.11014453417667283,7.274349287796764e-05,0.3223385111177737,0.006159722659717176,0.044428531063788565,0.01910948412076825,3.368095238095238,2.4485714285714284,0.7729177278720918,0.7325967234322532,1.3755348113574486,17.359212239583336,16.938985188802086,133.06625220889137,12.06047619047619,8.028541405355375,13.508639865451391,13.082249959309895,4.16568219789515,3.542981165164849,34.256744384765625,0.030978266149759293,0.07357434928417206,1.4532180059523809e-06,3.4892449179840486,0.011688315657889707,0.8132916612312202,3.814697265625e-07,2.8904634292441906e-08,3.4892449228167335,0.0007038352759173989,0.008117843170689329,2708.0,-0.0030278317173698575,0.007974724496265738,-11.968784580366528,4
501,0.8703741799820037,-0.047469180927390144,-0.31267715240660165,0.007472450403317419,0.005397911443553432,0.023388319687662026,0.8952000141143799,0.06180000305175781,0.35920000076293945,26.109985113739967,1.4240017135654177,9.37983942934445,0.9263860861478351,0.0035136600368467236,27.790252063197727,74.31303131867897,9.002535782307804,87.68267223382045,87.68267223382045,14,0.4,0.07970948149734905,0.8200408163265306,0.1054079874349048,0.00011674581990837171,0.1749165805230694,0.028313184030344416,0.048599193801649475,0.16186678212938335,5.03,3.2761904761904765,0.9768803601747954,0.19490564028980803,1.5353197674418604,18.860982259114582,18.781534830729164,149.65445549374536,14.401428571428571,9.399561539926058,17.547471788194443,17.387254503038196,1.0066280093873878,1.0044801396771392,34.27366638183594,0.030057867988944054,0.07550844550132751,3.2028924851190475e-06,3.4972095902741147,0.015205966506546046,0.8462274524293747,5.812872023809524e-07,-3.024306219405294e-08,3.497209494439787,0.0006688297793942874,0.012370370275147572,2720.0,-0.003014888520933527,0.007940008722796989,-13.144513324404976,4
502,0.8672260646593003,-0.05122826668194362,-0.32261245707387015,0.007406043719443144,0.005784827799962325,0.02276729994588833,0.8952000141143799,0.06339997053146362,0.36400002241134644,26.015539654067585,1.5367752861550876,9.677907997923239,0.9270272702763316,0.003359139476385591,27.80948886218851,72.52830626117998,9.549919476509924,86.95652173913044,86.95652173913044,16,0.47058823529411764,0.08194942404570266,0.8421848739495799,0.11435147020825587,7.257649046230754e-05,0.12846156931178163,0.050555611200590274,0.01522909244140704,0.3935465795057328,5.496190476190477,3.4214285714285713,0.8557451567158476,0.12428571428571429,1.6064022268615172,18.860982259114582,18.781534830729164,129.89247480119977,14.952244897959185,9.111335420938744,16.081780327690975,16.818440755208332,1.9630940755208321,2.42019505232667,34.28507995605469,0.028378702700138092,0.08400864154100418,2.037411644345238e-06,3.505985991488547,0.013324078064515158,0.8462274524293747,9.08261253720238e-07,9.247740560900152e-08,3.505985996029462,0.0006304253659785667,0.00979092460667349,2736.0,-0.0030126804613191784,0.007900123494059842,-12.871004788411462,4
503,0.8637223302182697,-0.05552675299985068,-0.3335845235444251,0.006210893905762889,0.0035413901915504766,0.018393179576929288,0.8838000297546387,0.06620001792907715,0.36619997024536133,25.91043262081487,1.6657251614332198,10.007063277789525,0.9277703560071281,0.0031161806267984166,27.831783883290093,74.27374301499998,9.14118688818123,87.68267223382045,87.68267223382045,10,0.2777777777777778,0.061708899991754995,0.8204761904761905,0.10331138674117915,0.00018177643048729666,0.08501420562440859,0.02322496618660869,0.01827660924851751,0.27318923956328217,5.724285714285714,2.9571428571428573,0.0,0.41025626635266965,1.9357487922705312,12.962137858072918,14.8553466796875,98.76091759091331,17.912448979591836,7.826884546183875,10.18768310546875,9.422098795572916,5.8710588953692495,2.774454752604167,34.29145812988281,0.027074910700321198,0.05996909365057945,2.6942661830357143e-06,3.5122367837452773,0.010910587241829877,0.6767704782084125,6.721133277529762e-07,-2.309804410023905e-08,3.512236966119412,0.0006133370198842358,0.006144375797490614,2735.0,-0.003045450420097183,0.008090714570837675,-12.871004788411462,4
504,0.8617479869127274,-0.05791788710298992,-0.33946876143841515,0.005967639055348338,0.003107202164213687,0.017441757114452405,0.8838000297546387,0.06800001859664917,0.36739999055862427,25.851205607397215,1.7374561845404761,10.183604557471616,0.928193627738126,0.003030895231677402,27.84448946005123,73.87619224678389,9.412697392614108,87.68267223382045,87.68267223382045,10,0.2777777777777778,0.08391860557418739,0.8263492063492064,0.11232113240652626,0.00045020179192003276,0.17444147960175102,0.02007967076999459,0.02512725624976764,0.11510834932056511,4.28952380952381,2.5752380952380953,1.9988317449628425,0.4475683861908259,1.665680473372781,8.49090576171875,12.142740885416666,75.41867443266368,16.63232142857143,7.294985520453242,6.807318793402779,8.115980360243055,4.867062033382501,1.6776358191253415,34.29264450073242,0.0265287384390831,0.07004895061254501,-1.312255859375e-06,3.513405387852625,0.009874015817587067,0.5364526393631709,3.9963495163690477e-07,7.158817417339253e-08,3.5134055405033378,0.0005962783170281596,0.004240683195573983,2728.0,-0.0030239605289443063,0.008082688650957823,-12.438165532472869,4
505,0.8613743584326335,-0.05901112535453978,-0.34073732330969403,0.005895239675759905,0.0028062121825316254,0.01707447696460551,0.8838000297546387,0.06800001859664917,0.3686000108718872,25.840003752963884,1.7702460463132177,10.221617984984603,0.9283720073146331,0.0030990729189319414,27.849831662519552,73.7564709775084,9.172038708508767,87.68267223382045,87.68267223382045,10,0.2777777777777778,0.09724904160604596,0.8273412698412698,0.11262138967552505,6.061644981257751e-06,0.2638145459456715,0.019121353531769303,0.0833812497258897,0.07248028520651416,3.244285714285714,2.388571428571429,1.5779847002698457,0.4082328767170193,1.3582535885167462,15.48370361328125,14.643452962239582,82.92516050792875,15.809142857142856,8.333904472400798,8.770421346028645,7.528177897135417,5.468479592586229,4.122753291512127,34.29222869873047,0.026413079351186752,0.06386656314134598,-2.547491164434524e-06,3.5155968997349176,0.010158292231004038,0.5574187472158891,4.722958519345238e-07,-1.3903280998313772e-07,3.515597337470364,0.0005781713633312285,0.004635308941446259,2713.0,-0.0030210636767947804,0.008094722386442535,-11.251656210776577,4
506,0.8607881304082416,-0.05922275388240814,-0.34237100922209873,0.005777432458229606,0.002822990655323773,0.016705429649951413,0.8838000297546387,0.06800001859664917,0.373199999332428,25.822414912240845,1.7765981878978865,10.270630419552326,0.9284352403107236,0.0031419605182869187,27.851727715180406,73.64974932408762,8.259074405306324,86.24229979466119,86.24229979466119,11,0.3142857142857143,0.07997185879595216,0.8260408163265307,0.10215639169030005,0.0002447372901291126,0.19705349177906445,0.011119339486804327,0.04291608276165132,0.056428025641236966,3.1561904761904764,2.3578571428571427,0.5706498662413493,0.5545751269472616,1.3385842673937194,15.48370361328125,14.643452962239582,87.50608571370444,16.144603174603176,7.372718903240722,10.440673828125,9.243367513020832,4.1465465739191,3.7276230031429556,34.29140853881836,0.02658063732087612,0.06386656314134598,-8.007231212797619e-07,3.516838906021449,0.010086555676947363,0.5613028790360388,1.8165225074404764e-08,-3.74731471007774e-08,3.5168390462603982,0.0005489965436500353,0.004917545523381629,2711.0,-0.0030166410183964454,0.008050435771361374,-11.105269463931183,4
507,0.8608561036075865,-0.05787490583601452,-0.3419797808953694,0.006616081934757668,0.0035184866140093324,0.01926956881787986,0.8838000297546387,0.06779998540878296,0.3790000081062317,25.824451108234268,1.7361650322590556,10.258922855428287,0.928326188111406,0.0032959706312359373,27.84846338864524,71.99325803663851,8.828058707040931,83.49900596421472,83.49900596421472,17,0.5,0.1051553022937728,0.8471848739495798,0.1130295913055444,0.0002597754508954601,0.3092772749532742,0.03192884895636217,0.04245292018751076,0.10323697064773352,3.5264285714285712,2.2147619047619047,0.2545213595142451,0.43066525557360286,1.592238228337992,15.48370361328125,10.892130533854166,106.98494386218843,14.729523809523808,7.463895197500724,11.295293172200521,9.852091471354166,1.1979954573846707,3.0139178562574984,34.29132080078125,0.02662019431591034,0.05339259281754494,5.841936383928571e-07,3.519652020470891,0.009897902151102393,0.6521020801253945,9.80922154017857e-07,-5.1522391506726895e-09,3.519651980933281,0.000556671356727347,0.004469202209972339,2722.0,-0.0030397351858337846,0.008033734982296176,-9.89392483672214,4
508,0.8576432483707156,-0.05672106742007392,-0.3511173809511321,0.006132946324918398,0.0034223099133034915,0.017601035556334133,0.8818000555038452,0.06779998540878296,0.3848000168800354,25.728074308208058,1.7015508797339032,10.5330061428036,0.9286560539418819,0.003113091171597982,27.858351820999367,74.30444037498314,7.443658587751175,83.49900596421472,83.49900596421472,10,0.2857142857142857,0.07742052424925841,0.816734693877551,0.09286221111981346,0.0001508184496459808,0.17481625161891268,0.012968401655803841,0.06037875461045105,0.07418304382863705,3.4957142857142856,2.313333333333333,0.3485714285714286,0.5538613168263731,1.5111156854672707,12.705179850260416,16.189371744791668,76.22310493105932,10.73265306122449,6.089410893611711,10.224202473958332,11.617838541666666,3.368057363494353,2.480977376302083,34.29159164428711,0.026760099455714226,0.05571700260043144,1.6741071428571428e-06,3.521516519378216,0.00992669586561666,0.6439039769796889,3.633045014880952e-07,4.0089237310420345e-08,3.521516282439542,0.0005649298377241319,0.0046451100782074735,2723.0,-0.00305460525759004,0.008181589063078733,-12.075033558111564,4
509,0.8584891818988891,-0.05416127608787446,-0.34853053333361944,0.00689596608914202,0.003796301464021098,0.01978154888025882,0.8818000555038452,0.0658000111579895,0.3848000168800354,25.753451885495867,1.6247575683678899,10.455399000006063,0.9283607298881325,0.0032067212994393236,27.84949110981731,73.76743827543811,9.298575707030007,87.68267223382045,87.68267223382045,9,0.2571428571428571,0.1149815998641649,0.828326530612245,0.1207718064691324,9.711499142024021e-05,0.3403450460379906,0.02449637513154144,0.18518819928649122,0.07197511882928087,3.2142857142857144,6.218571428571429,0.9057142857142857,3.1914285714285713,0.5168849069607168,11.63848876953125,16.189371744791668,82.58315596807572,15.20404761904762,8.791548485519638,9.657491048177084,10.303141276041668,5.886230468750001,1.980997721354166,34.29201126098633,0.026756955310702324,0.0564875528216362,-5.827404203869048e-07,3.5260667097488474,0.01091308927176823,0.6530125030220996,1.0899135044642857e-06,-4.3344649380461696e-08,3.526066600544334,0.0005547103943132177,0.006452569532996632,2716.0,-0.003052338345448952,0.008180873186932855,-11.112441769203109,4
510,0.8581665342364992,-0.05331251395316351,-0.3494109618493489,0.006621892430348304,0.003404848872389518,0.018801834406152435,0.8813999891281128,0.06440001726150513,0.3848000168800354,25.74377645560673,1.599296847156116,10.481811712597098,0.9283205646948329,0.0031504737554256482,27.848289924146947,75.2870352179055,10.35902443362019,91.1062906724512,91.1062906724512,7,0.19444444444444445,0.1194874866888523,0.8148015873015875,0.1323047711503096,0.00016492849579342037,0.3790649642630356,0.017650507432611616,0.08025568477452506,0.04656327832071501,4.2838095238095235,5.324285714285714,2.1170899464287865,0.0,0.8045791968518021,12.1246337890625,11.721293131510418,82.65627070835659,19.081904761904763,6.403363362973918,9.439832899305555,11.721293131510418,0.0,1.9293015337815766,34.29201126098633,0.026988321915268898,0.0564875528216362,-1.2381417410714286e-06,3.530714442733242,0.011040575260403768,0.6167468008267196,9.08261253720238e-08,-2.33335220518838e-09,3.530714280412036,0.0005455955799562353,0.006686302995780362,2696.0,-0.0030496093319867953,0.00826160884373383,-11.112441769203109,4
511,0.8602160095771154,-0.05259687577258973,-0.34352179037956965,0.00683391803545439,0.003166176570776527,0.019392697074182536,0.8813999891281128,0.06339997053146362,0.3813999891281128,25.805245144452368,1.5778325589214053,10.305177568537848,0.9279908135072813,0.003329984248610758,27.838397850674582,72.93014247860674,12.43730015353763,91.1062906724512,91.1062906724512,16,0.47058823529411764,0.15719479661118763,0.8496218487394959,0.16063436250749963,0.0001087721289462719,0.5024176802986452,0.035926586040803656,0.07385542870495375,0.07150740797865296,5.061904761904762,3.7138095238095237,1.6183595176426873,1.1504275060654705,1.362995255802026,16.643575032552086,15.175374348958334,112.29568822951542,16.4725,8.58333603708431,12.428860134548612,13.647494845920138,1.4379765186389628,3.324068594363921,34.2920036315918,0.027054594829678535,0.0638614222407341,-1.5273321242559524e-06,3.536177101569382,0.010506199805437289,0.6376274444520612,9.264264787946428e-07,-2.6134421500515437e-08,3.536177173102392,0.0005420859636775481,0.005739145389518025,2700.0,-0.003029518823136398,0.008102579226852655,-10.892193884770585,4
512,0.8599872859829948,-0.0526917234318597,-0.34412798077719553,0.007166519774400167,0.003192984207979206,0.02029281115654382,0.8813999891281128,0.06339997053146362,0.3985999822616577,25.79840429382665,1.5806725600787572,10.323320280483792,0.9280303144403534,0.0034212194624073013,27.839586454475644,74.22560044670279,11.509791787832384,91.1062906724512,91.1062906724512,21,0.6,0.12306826690633021,0.8301632653061224,0.14275538066521803,0.00014778619841732582,0.423152335117044,0.010949296257503226,0.05687405503557319,0.025875542561934934,4.220714285714286,2.9680952380952377,0.42214285714285715,0.1837194449891469,1.4220279159313336,16.643575032552086,15.175374348958334,118.49514719645181,14.00625,8.540641791634291,14.655558268229168,14.666035970052084,0.4677576212670925,1.9880167643229179,34.2929573059082,0.027031850069761276,0.07814916968345642,2.9209681919642856e-07,3.5385972119235953,0.010095002560492611,0.6448785266956227,-2.1798270089285714e-07,-8.096895208925094e-08,3.5385975253570416,0.0005570110654814523,0.004978228506278054,2692.0,-0.0030261751277282927,0.0081451386145066,-10.980494248952928,4
513,0.8546697528191975,-0.05372215236368633,-0.35834970460903076,0.01036606506235583,0.003518267319342654,0.028131898999946416,0.8794000148773193,0.06459999084472656,0.4150000214576721,25.638875727398055,1.6115892852204186,10.749973281111036,0.9287948188647324,0.0035197348159148665,27.8625199505938,72.02597514539049,10.07493751362155,88.42105263157895,88.42105263157895,18,0.5294117647058824,0.1261015777692477,0.8507983193277311,0.12893701114231473,9.62801499375262e-05,0.4493518393367086,0.0076296917469462835,0.05095432829597309,0.016979326841542533,4.167142857142857,2.769047619047619,1.2225205366720977,0.23889294939332403,1.5049011177987963,15.498250325520832,14.77691650390625,103.50767102922713,14.70875,7.970504696766289,13.771294487847221,14.506462944878471,0.32736976198387313,1.2368008343752666,34.29168701171875,0.027152257040143013,0.07814916968345642,1.2381417410714286e-06,3.539041784637162,0.01009662330148792,0.8422216763582181,-3.0880882626488097e-07,5.444689732141944e-08,3.53904202483644,0.0005681160750360904,0.004709881283414832,2696.0,-0.0030414179321539003,0.008249157671684337,-10.980494248952928,4
514,0.8529452285823368,-0.05370943808271771,-0.3629478950585638,0.010606491096543538,0.003536938210048842,0.02865014805566644,0.8794000148773193,0.06459999084472656,0.4150000214576721,25.587130143131528,1.6112069996339935,10.88794242322445,0.9290127283474274,0.0035539225289367734,27.869055529732332,72.77304282415321,9.251314695006158,88.42105263157895,88.42105263157895,15,0.42857142857142855,0.08630538481334239,0.8381224489795919,0.10819309561701246,6.755755768429807e-06,0.23601684618111102,0.007055409264176506,0.035321382240826496,0.029893668093346325,4.574761904761905,2.275714285714286,1.2354713955252052,0.2357142857142857,2.0102531910441517,15.498250325520832,14.6966552734375,98.70024290538971,13.668571428571429,7.01477445406475,12.074042426215277,11.254221598307291,3.4424336751302085,3.3223033396111763,34.29036331176758,0.02713555470108986,0.07155047357082367,1.4532180059523809e-06,3.537879647042012,0.010111760827518336,0.8422216763582181,-7.266090029761904e-07,-3.1946340480680394e-08,3.5378796300297783,0.000586208597074379,0.004738943552294301,2696.0,-0.0030874253500019345,0.008487306960990969,-4.0520612642641005,4
515,0.8497999144849323,-0.05428965734867822,-0.37130672371671314,0.010629415526923766,0.0036730049711541013,0.02827306082470279,0.8813999891281128,0.06459999084472656,0.4229999780654907,25.492795434594154,1.6286114347406797,11.13864785437073,0.929456391797624,0.003549899403614355,27.882365600934342,73.54381715784405,9.767146945263962,91.1062906724512,91.1062906724512,10,0.2857142857142857,0.06598182659320845,0.8302448979591835,0.1093588447936909,0.00017984452078300696,0.10573108984177579,0.01797014368268337,0.028309026973404205,0.16996082901987758,6.46,3.13,1.4385714285714286,1.09,2.0638977635782747,15.278930664062498,12.63336181640625,107.03838697160994,13.973809523809523,8.430023227131542,11.427357991536457,10.222574869791666,2.4107869466145835,3.851572672526041,34.288124084472656,0.027133088558912277,0.09480118751525879,2.906436011904762e-07,3.5369318488960997,0.010180657494436987,0.8422216763582181,-2.361479259672619e-07,-3.3972116104603313e-08,3.536932319925841,0.0005833126712168179,0.004406593061448458,2698.0,-0.003101859477115673,0.008725082945162941,-5.930165101601061,4
516,0.8489024570953279,-0.05390720957801456,-0.3731550380218597,0.012473187751128099,0.003882979812095203,0.03248278588198648,0.8813999891281128,0.0658000111579895,0.4358000159263611,25.465861712864466,1.6171442873563084,11.194110283511026,0.9295147576890281,0.003762428727142741,27.884113485967827,76.44706609896113,9.375888711785096,91.1062906724512,91.1062906724512,8,0.2222222222222222,0.06306829099829853,0.7972222222222223,0.10130270775820041,0.00019186207346938766,0.1328131010518935,0.013523809220826893,0.06377969814999866,0.10182586743112633,4.941428571428571,3.474285714285714,2.561222869067433,0.36857142857142855,1.4222861842105263,15.278930664062498,16.624959309895832,113.49567355201357,19.460204081632654,7.932931782379705,10.65829806857639,9.1815185546875,7.443440755208333,3.9692639418799582,34.2880744934082,0.027068017050623894,0.09480118751525879,-4.3741861979166667e-07,3.5375059516615743,0.010104108719327185,0.7523108024173093,1.453218005952381e-07,-1.0054229105763519e-07,3.537506615582604,0.0005898718314551227,0.0046418868234383015,2708.0,-0.0031104366879571954,0.008858343643767865,-5.930165101601061,4
517,0.844404248283023,-0.05412545729251135,-0.38487789534954797,0.011411804991162473,0.0038607484051618314,0.02950227568222908,0.8813999891281128,0.0658000111579895,0.4358000159263611,25.330929162757737,1.6236848616174289,11.545764431910856,0.9300976566478522,0.0036002797456010493,27.901599176609796,74.24763912418841,9.667983307423821,91.1062906724512,91.1062906724512,7,0.19444444444444445,0.0774310565155838,0.8223015873015872,0.11033204768234746,9.354442582257384e-05,0.15737221081246522,0.008465710466339985,0.0157370077485304,0.05379418909243301,3.779047619047619,3.0285714285714285,1.5413331685615335,0.7077914293653131,1.247798742138365,12.079366048177082,16.624959309895832,93.62141621907553,14.90875,7.147795951054293,9.591776529947916,10.469902886284721,6.344793815090293,2.8590180577736612,34.287109375,0.027113554999232292,0.09480118751525879,-5.79833984375e-07,3.5388016517965757,0.01044234201726333,1.1404360595779182,1.1989048549107143e-06,2.9804789885081684e-08,3.5388014816842865,0.0005834301197674453,0.004931220480950222,2706.0,-0.003122416446733563,0.008988044675510823,-7.350590496567943,4
518,0.8408386485803695,-0.0539605620049295,-0.39419758120888754,0.009185973979666731,0.0037986832772507477,0.023061086288726624,0.8686000108718872,0.07099997997283936,0.4358000159263611,25.223959314482553,1.6187414315768651,11.82536600768566,0.9305544978298248,0.0034728390953314794,27.915307591859342,74.65029313573348,7.2741706992141095,86.77685950413223,86.77685950413223,7,0.19444444444444445,0.06634084617880688,0.8121825396825397,0.08774543557271111,3.269038967097043e-05,0.12169948408028124,0.0045548279044349575,0.04170321687004777,0.037426846455900206,4.65,1.9814285714285713,2.5474172594762625,0.2970123339705142,2.3467916366258113,12.079366048177082,13.046671549479166,73.3960950578962,15.438392857142857,8.178993982767873,7.881401909722221,9.38015407986111,2.5939046439008075,2.972669456799651,34.28517150878906,0.02703613042831421,0.05495461821556091,-4.3596540178571427e-07,3.53843177093176,0.010354908429392736,1.1340883819485945,4.904610770089285e-07,-1.8100905060926812e-08,3.538431863769187,0.0005818068162206029,0.005138082796668608,2716.0,-0.003096000381120244,0.009181378326788833,-7.307643458093236,4
519,0.8411688584713709,-0.052829456877140774,-0.39365509563684464,0.0073898180140701975,0.003552921657266264,0.018177929912877793,0.8999999761581421,0.08020001649856567,0.46539998054504395,25.233854039822305,1.5848212777716773,11.809112869117941,0.9304321314732319,0.0037487087771329642,27.911635767752326,72.03022861543924,7.053751180387551,83.16831683168317,83.16831683168317,8,0.22857142857142856,0.09568574765826922,0.8424081632653061,0.09778585004899354,0.00021928169929196135,0.2676834739141534,0.002678673592393926,0.04722795430706305,0.010006869506083075,4.757142857142857,2.1680952380952383,2.208348722831757,0.46134428440464553,2.194157698220953,13.07861328125,14.681498209635418,63.17717270624069,15.441785714285714,7.79394312028545,10.012173122829862,9.925096299913195,3.3642749125996803,2.978890910513952,34.28216552734375,0.02709897607564926,0.07232989370822906,-8.719308035714285e-07,3.5380922790414,0.010346915204180136,1.1540226252107777,0.0,3.9033281049227023e-08,3.538092514864336,0.000591272083696251,0.004989645169144366,2727.0,-0.003118370880451005,0.009301117008346979,-9.642356534730196,4
520,0.8405601440554573,-0.05205428518851598,-0.39511189553567344,0.007493549827064417,0.003628267857611145,0.018233722024236856,0.8999999761581421,0.08020001649856567,0.46539998054504395,25.215618607401847,1.5615479842254094,11.852749008919512,0.930458132084634,0.003723579984277505,27.91240901771116,74.50746275495872,7.595238256988428,84.84848484848484,84.84848484848484,11,0.3055555555555556,0.09709692791782201,0.8155555555555554,0.10228332985702739,4.231836734693834e-08,0.29071191032763566,0.004728439122052675,0.03281462478160579,0.016265034056305673,3.217857142857143,2.174857142857143,1.3668019055370064,0.3623670481031911,1.4795717288491856,13.07861328125,14.681498209635418,57.77293737502325,16.183376623376624,8.51138413194101,7.646993001302084,7.11328125,4.223197885512137,4.637632199385425,34.27799987792969,0.027164556086063385,0.07310512661933899,-2.838134765625e-06,3.5374037771359848,0.009886225633952035,0.7205452873372695,-7.992699032738095e-07,-5.509512526805116e-08,3.5374036510742264,0.0005785113359519376,0.0044853875427725886,2729.0,-0.003088519571054652,0.009546943641537834,-9.642356534730196,4
521,0.8447759435176849,-0.04787739053510484,-0.3836346952886808,0.010889290196246357,0.008223182389135776,0.03001813035626903,0.8999999761581421,0.08020001649856567,0.46539998054504395,25.342068734083856,1.4367074295452662,11.508506430089474,0.929611437641071,0.004907058839573315,27.8870193052733,74.03320284263805,8.513004828945098,90.9090909090909,90.9090909090909,10,0.2857142857142857,0.08133600812977848,0.8215102040816327,0.09714162235538328,0.0003321022747188671,0.17320804420669889,0.015065984527669364,0.016814560206452944,0.0869820140090623,2.8688571428571428,1.9682857142857142,1.3105983677819277,0.4568654515459957,1.4575410074031063,16.349589029947918,33.347880045572914,113.46324855259486,14.857380952380952,8.231774112872113,7.49212646484375,9.680521647135418,11.977483382788725,6.136328835365604,34.27641677856445,0.027095934376120567,0.07348502427339554,-4.3887183779761906e-07,3.540183923271836,0.010547264634067768,0.7205452873372695,5.267915271577381e-07,-8.999714291766571e-09,3.5401835716063825,0.000609976462302013,0.00570088735302073,2735.0,-0.0031008437260986086,0.009355615683985692,-3.1075023959804025,4
522,0.8479299048639479,-0.044802172408217475,-0.3755652471638861,0.010612686053196263,0.00788996554155613,0.029306478297816407,0.8974000215530396,0.0690000057220459,0.4513999819755554,25.43668300313609,1.3444530286107745,11.266428557762078,0.9290076162662094,0.00449581399265648,27.86890283499263,76.47746082344734,7.85507181477093,90.9090909090909,90.9090909090909,9,0.24324324324324326,0.07548332548519476,0.7934749034749035,0.08759868159486398,3.531755102040747e-07,0.16708291388152266,0.0099575498623363,0.036929381286293306,0.05959645801603106,1.9633333333333332,2.1019047619047617,0.46924796301491895,0.5492856626829294,0.9340734028092433,16.349589029947918,33.347880045572914,101.34287436349051,9.635714285714286,5.122159640986905,7.6628282335069455,13.338758680555555,14.21790972733783,6.318849572825561,34.27296447753906,0.027286836877465248,0.056510187685489655,-5.841936383928571e-07,3.5461549843829516,0.01282494847571236,0.6600527875002113,1.5077136811755952e-06,2.841365434906895e-08,3.5461552487574592,0.0006062016062407373,0.009415026857854985,2737.0,-0.0030998039981262053,0.009252650274642856,0.6449360552155113,4
523,0.8537144186156137,-0.04256710613909222,-0.3605060375389599,0.008444843394682683,0.006314649624911843,0.02463972610350051,0.8974000215530396,0.0690000057220459,0.43459999561309814,25.610232558420726,1.2773903262615205,10.814625126166003,0.9280648356101898,0.004340203385414355,27.840618925787734,77.06609849905693,9.029883357824469,90.9090909090909,90.9090909090909,8,0.21621621621621623,0.09565266910325065,0.7905019305019306,0.10313573180246946,0.00027019308354851994,0.23087952091926991,0.003869839152642718,0.0631396435106526,0.016761292371166425,3.749285714285714,7.229285714285714,0.1407142857142857,4.656428571428571,0.5186246418338109,23.70412190755208,33.347880045572914,119.8004619053432,14.426190476190477,9.48728736478189,15.674845377604164,19.58552042643229,13.762359619140623,8.029276529947914,34.27051544189453,0.027332592755556107,0.056510187685489655,2.5460379464285716e-06,3.5562460493243346,0.014810083376655937,0.6617104538880023,1.4895484561011905e-06,2.5643312391179462e-08,3.5562459333284853,0.0006537480693925096,0.012000717970992291,2750.0,-0.0030874994605911625,0.008927060311496558,0.6449360552155113,4
524,0.855180675966399,-0.04775255334093457,-0.3573436184355191,0.005496653955585122,0.008029048508035664,0.015559747539838475,0.8808000087738037,0.07239997386932373,0.39719998836517334,25.65420227893761,1.4325028859291757,10.719783124497958,0.9282427014939892,0.003320877114847322,27.84595233636187,79.76683461110355,8.992087108314513,94.17040358744394,94.17040358744394,8,0.21052631578947367,0.08276456017765692,0.7632330827067669,0.0994321601906819,0.00016018260124947843,0.21867973539142652,0.010151703132496349,0.06117690592615864,0.046422697166361916,3.361428571428571,2.605714285714286,1.4065246406038716,0.8471428571428572,1.2900219298245612,11.180623372395832,15.920003255208336,66.23472231910341,19.91734693877551,5.960761365098015,9.701029459635416,9.468638102213543,6.451365152994793,1.4995264729623308,34.267730712890625,0.026832938194274902,0.054190102964639664,1.453218005952381e-07,3.566520701453298,0.01328694830637718,0.618572612384814,1.2534005301339286e-06,4.2673376843038335e-08,3.566520707232066,0.0006821583562979025,0.010047361117247394,2741.0,-0.0030929095336047984,0.008923543125007266,-8.529993439206509,4
525,0.8570986180589313,-0.054480971977824255,-0.35251290441694716,0.004696604206853556,0.009149933784532884,0.0136804266743597,0.8808000087738037,0.07239997386932373,0.39719998836517334,25.711741684590066,1.6343511593341828,10.574868703910283,0.9285112435845485,0.0033718180637183045,27.854012235106268,79.55100617244364,9.080905490260522,94.17040358744394,94.17040358744394,10,0.2631578947368421,0.08476468839875546,0.7654887218045113,0.10009368668104802,2.1113869221158017e-06,0.23866426594577878,0.014117604119323699,0.0289897726371342,0.05915256757595636,3.3085714285714287,2.2647619047619045,1.3992043414439672,0.8431672821923519,1.460891505466779,11.9921875,17.279866536458332,62.92732798258464,14.006964285714286,6.151855885459215,11.14990234375,12.072380913628473,6.426950662186036,0.7006016140685852,34.266815185546875,0.026520082727074623,0.0530344620347023,-1.1625744047619049e-06,3.572225218744234,0.010259947874829875,0.6118768103389532,1.9981747581845239e-07,3.4384882319071205e-08,3.572225157461606,0.0006686862679197927,0.005362099332543249,2718.0,-0.0030534391056713074,0.009017350726031024,-9.618928477645133,4
526,0.8567947138377598,-0.05917799095596586,-0.3536973424241656,0.005068405294275598,0.0068723358248724085,0.01418651186183507,0.8858000040054321,0.07419997453689575,0.39719998836517334,25.70262312940189,1.775266871537481,10.610406272709369,0.928956761557257,0.0038126525683570296,27.86737842339672,80.4141778033062,9.295035867725819,94.17040358744394,94.17040358744394,6,0.15789473684210525,0.12314279443512186,0.7599248120300751,0.12389921208358204,0.002620771307955024,0.9533242670299551,0.016099901645733425,0.9983341855854712,0.01688816932762243,6.508571428571429,1.4807142857142856,5.7379987741348275,0.10214285714285715,4.395561987457791,11.9921875,17.279866536458332,64.84873969668433,13.794693877551019,9.223814428048847,10.741712782118055,11.047465006510416,6.232401529947915,1.2396709571153457,34.26603317260742,0.02678300254046917,0.06427358090877533,-1.1640276227678572e-06,3.5712653412988518,0.010689586177522473,0.6118768103389532,1.0354178292410713e-06,-1.5912000823328977e-09,3.5712659715951554,0.0006699295984616222,0.006064263695441934,2714.0,-0.003049238779040656,0.009147188088527906,-10.689702464196863,4
527,0.8565033802815846,-0.059706915049325855,-0.3546024757595289,0.005162325571740796,0.004815654454001442,0.014145523040370566,0.8858000040054321,0.07620000839233398,0.38419997692108154,25.69388740846089,1.7911203085950442,10.637555129911219,0.9290549781939448,0.0035574431181575657,27.870326122697826,77.93570529452924,8.009064645431124,91.70305676855895,91.70305676855895,6,0.16216216216216217,0.14044834267961742,0.7813513513513515,0.11535644462102462,7.885780924614611e-06,0.563853434650727,0.002657609081035292,0.1589847018598452,0.00471329767226038,6.832857142857143,1.6966666666666668,5.4586416540640395,0.22638638132801553,4.027224249228178,17.764892578125,18.223673502604168,65.3538093930199,17.406607142857144,9.757987647424848,12.473856608072916,11.936069064670141,5.505671246720621,3.794600508687615,34.264732360839844,0.02670506201684475,0.0646589994430542,-3.779820033482143e-06,3.569659956988423,0.011402818638960628,0.8746421940481343,1.816522507440476e-07,-1.1056789333198095e-08,3.5696600750794487,0.0006511712128898745,0.007213073910589781,2717.0,-0.0030230929991056973,0.009015130729621396,-8.092200835768622,4
528,0.8565460378953389,-0.057921210172630494,-0.3543596187092009,0.005575684090632702,0.004627968345130396,0.015445895533191513,0.8858000040054321,0.07620000839233398,0.38419997692108154,25.69515670827457,1.7375454480307442,10.630295847015722,0.9289100533163691,0.0037303987025779045,27.86597837114275,78.92249064145166,9.092973144426015,92.10526315789473,92.10526315789473,8,0.21052631578947367,0.14066934782118257,0.7736842105263156,0.12127041074353738,4.285744939608501e-06,0.570267441429038,0.0036652267515704167,0.13574206413142859,0.0064272067547564956,3.0785714285714287,1.7107142857142856,0.7720645526569574,0.15581418813602887,1.7995824634655535,17.764892578125,18.223673502604168,77.75216340564546,17.556142857142856,6.842304870347091,10.940017700195312,12.235234578450521,3.8273927831278316,4.148703724973168,34.26334762573242,0.02691224217414856,0.06581515073776245,1.3078962053571429e-06,3.5741893491667343,0.014190082832116873,1.0985065710679642,7.992699032738095e-07,1.5761403260754365e-08,3.574189247213963,0.0006506545897047274,0.010926887961995167,2722.0,-0.00305376170470677,0.00906295504961264,-8.092200835768622,4
529,0.8591963520050049,-0.0591061245855831,-0.3462696664588792,0.008158104804377923,0.005618402753857417,0.024436463086915595,0.8946000337600708,0.09020000696182251,0.3830000162124634,25.77467541728701,1.773092308981078,10.387555565195424,0.9285992886972256,0.003634563864722209,27.856648020193134,81.51143532615922,6.8803274389801015,92.10526315789473,92.10526315789473,6,0.15384615384615385,0.04568373038994921,0.7417216117216117,0.0670934893616596,0.00011794846547272012,0.0937316659075266,0.003783372978973223,0.031501640292225505,0.04036387214866966,3.237714285714286,1.545142857142857,0.7878757801188961,0.1884384812730399,2.0954142011834325,13.058268229166666,12.76947021484375,102.70705246698287,14.721904761904764,8.1988079300544,9.318725585937498,8.958170572916668,2.2906271214943,2.243701599340512,34.26279067993164,0.026792680844664574,0.05496593192219734,-1.0899135044642857e-06,3.5829678937756593,0.015096831657615249,1.1217643739023344,-1.2715657552083333e-07,1.0463648520998944e-07,3.5829675876742737,0.0006038082014941767,0.012129984572525272,2716.0,-0.003040883899966817,0.009116218487688359,-6.743326391839783,4
530,0.8597982570046471,-0.06285454318069277,-0.3441492951767785,0.010074667793774852,0.006893696044023197,0.02986753678892049,0.8946000337600708,0.09020000696182251,0.3962000012397766,25.79273799589702,1.8855430097239358,10.323967712436403,0.9287995904434273,0.003858268992374847,27.86267106671485,84.031411382971,5.876411408688908,92.10526315789473,92.10526315789473,5,0.12195121951219512,0.03664292676128168,0.7177700348432056,0.053788340215187976,0.00010279476884631385,0.04832020540614679,0.0009637697338982385,0.008385276869403298,0.01994548089763786,3.0761904761904764,1.7439285714285715,0.7681520659165619,0.5699690064971489,1.7639429312581063,13.058268229166666,21.3690185546875,138.2368818737212,11.32952380952381,7.1674918999643396,9.184027777777779,11.295852661132812,5.985705975916074,2.7499471391194206,34.26378631591797,0.02682102471590042,0.05690520629286766,3.199986049107143e-06,3.5918505746610654,0.011406953651837503,1.1217643739023344,1.1625744047619049e-06,-4.774215451756706e-08,3.591850446708253,0.0005544038927050258,0.007223040346197381,2712.0,-0.0031116398951705425,0.009160614706208752,-6.743326391839783,4
531,0.8590066381806419,-0.06718449499777385,-0.346085914123626,0.01128774463792261,0.0060214616940987,0.03296948026985431,0.8946000337600708,0.09020000696182251,0.39740002155303955,25.768980002573556,2.015437707049506,10.382066138003553,0.929202252613859,0.0039309423601515065,27.87474115383991,81.8307195105589,9.467763057843165,91.30434782608695,91.30434782608695,7,0.1794871794871795,0.09350295951019058,0.7461172161172162,0.11388158801007918,0.000531293091878381,0.21560502344379517,0.012518704895444877,0.1738041111216601,0.0580631410877507,5.5685714285714285,2.710952380952381,1.2760819072511003,0.9710505800548925,2.054101528192517,21.718343098958336,22.123209635416668,181.62250344412666,13.240357142857142,9.996257303437652,18.78139919704861,17.261250813802082,6.35002346458008,4.047332698831209,34.26581954956055,0.02676575258374214,0.057683881372213364,-6.539481026785714e-07,3.5956126497754664,0.010653601144378275,0.5437365620792725,6.539481026785714e-07,-4.9605516826984073e-08,3.595612773302036,0.0005416343257880002,0.006231601239253199,2718.0,-0.003063980247127369,0.0087807957049885,-6.916039036831894,4
532,0.849235418972515,-0.07087809499672482,-0.3719950190158117,0.014347037527293195,0.004132028952614353,0.03814700465234392,0.886199951171875,0.08259999752044678,0.45020002126693726,25.47586371200425,2.126238849886826,11.159280713328293,0.9307354919957471,0.003787401855812266,27.92073277430915,76.44165311043957,10.626721344240428,91.30434782608695,91.30434782608695,8,0.21621621621621623,0.09681287324681494,0.8022007722007721,0.12693623164835524,0.00011787755102040824,0.23913716194503146,0.02181579367522017,0.060260620262668,0.09122711626156538,5.16,3.6957142857142857,0.4,0.20285714285714285,1.3962118283726324,21.567586263020836,22.123209635416668,144.8392252604167,16.336190476190477,7.023558833298634,18.492584228515625,20.915018717447914,1.2081909179687518,3.07500203450521,34.266456604003906,0.026448078453540802,0.057683881372213364,2.1798270089285714e-07,3.596541429836349,0.009537913505515805,0.46937305545794183,8.537655784970238e-07,3.6710730262094972e-09,3.596541355277409,0.0005290452160590846,0.004124247954167539,2717.0,-0.003133971159483477,0.008415944107079413,-12.710223779702892,4
533,0.8434966096480687,-0.051986456981727054,-0.3829182762361708,0.013636544035802603,0.05230909633414731,0.034400529335478464,0.9393999576568604,0.16260004043579102,0.4742000102996826,25.30368886087622,2.1088039940595626,11.487032287120819,0.9299727578768849,0.008472980050559645,27.897865530182223,75.50184857349507,10.999091026501146,93.33333333333333,93.33333333333333,7,0.19444444444444445,0.09677872932095975,0.8130952380952381,0.12922562841228033,0.0003057502040816324,0.23406417104551666,0.018792287415574704,0.03899718134598021,0.08028690308146441,3.657857142857143,4.178571428571429,1.102142857142857,2.1900706663962977,0.8753846153846153,15.417582194010416,19.706827799479164,102.91258806501116,17.708035714285714,8.143670164220948,8.596700032552082,10.225084092881943,6.751793854684682,6.820882161458333,34.261966705322266,0.026747729629278183,0.07157820463180542,-1.819428943452381e-06,3.5981696104187098,0.012571368332951718,0.8492118414829352,2.1616617838541666e-06,-3.133346760743086e-08,3.5981692940288763,0.000552944717836337,0.008940270172027191,2719.0,-0.003086876059752363,0.010308641816635999,8.408559615697534,4
534,0.8396087528013048,-0.002899276514848073,-0.38014824754283544,0.01184062471928007,0.0857024192380386,0.035583624335595004,0.9393999576568604,0.21080005168914795,0.4742000102996826,25.1870428697552,2.3821824313061577,11.403913854828902,0.9263303308794316,0.011285883457475554,27.788575296000367,77.93443443998653,8.752066899205198,93.33333333333333,93.33333333333333,6,0.16216216216216217,0.04135324295563585,0.7799227799227799,0.09001681888930792,0.0005487449669304455,0.046106934241113236,0.006634443163587859,0.003528518290008856,0.14389252447134018,3.0710714285714285,3.5495238095238095,0.7670433395147093,2.53978448208101,0.8652066004829622,16.575724283854168,22.396952311197918,65.98154703776041,15.802698412698412,8.310855983933852,9.34832255045573,11.121792263454862,8.012465628535978,5.3426413075788535,34.255882263183594,0.026692427694797516,0.09680838137865067,-1.671200706845238e-06,3.626256197737794,0.04380690249175537,1.0010070989718725,5.431402297247024e-06,3.936080321205412e-08,3.626255951246708,0.0005446434770568329,0.042907852131945284,2718.0,-0.003122791359126128,0.012393103726495582,10.98424507188572,0
535,0.8588322670289449,0.010223352276143573,-0.2741702187941188,0.05002304853832116,0.08069967762710138,0.17656078008941314,1.5313999652862549,0.21080005168914795,0.4742000102996826,25.763726296595166,2.1055577076758656,9.16990442957197,0.9226620484011488,0.04183163343233538,27.67854040616909,84.86168307954507,7.823730031009561,95.45454545454545,95.45454545454545,4,0.0975609756097561,0.035175942613887554,0.7138327526132405,0.07412300528736866,0.0005173860864639726,0.0490858608487277,0.0032664799700579867,0.004777460317102446,0.06654625005201785,2.098095238095238,2.3894285714285712,1.2836267886057475,1.540974671685265,0.8780740563593608,16.575724283854168,22.396952311197918,92.94232105073475,18.22120879120879,7.780875517160591,9.429456922743055,10.647664388020834,6.699976896532636,3.6437510927021797,34.246036529541016,0.028212597593665123,0.09680838137865067,-3.4891764322916665e-06,3.6297302405940117,0.05221767016954954,1.0010070989718725,-2.1253313337053572e-06,5.0733503493984486e-08,3.629730264703393,0.0005363462829974647,0.05147049307646966,2715.0,-0.003049458931085127,0.02028287765654012,9.896825349151085,0
536,0.8825994574001857,0.001965285613423302,-0.12364973309210368,0.052560907625858425,0.07141041051301124,0.21091232192361858,1.5313999652862549,0.21080005168914795,0.4222000241279602,26.47673386488642,1.8040814229846,6.102278995386191,0.9191938566140596,0.04127563793168494,27.574507945647454,86.35012769943089,5.844963471466941,95.45454545454545,95.45454545454545,4,0.09523809523809523,0.032072125039968785,0.6984013605442178,0.05287938710185172,2.0511656143273694e-05,0.05667385113030117,0.001700224952648954,0.04320757330715427,0.0300001661919868,1.6260000000000001,2.545714285714286,1.0848949540045292,1.492426595466974,0.6387205387205387,28.627421061197914,30.92397054036458,108.73877469017391,13.704642857142858,6.953893690407051,12.122762044270832,12.353068033854166,9.828420713177731,8.47210740029957,34.23420715332031,0.02977118454873562,0.08792608976364136,-5.812872023809524e-07,3.6151209182270616,0.06257066346073396,0.9669122716654232,-3.832862490699405e-06,2.7654743161395546e-08,3.6151202787237238,0.0005262592529916251,0.061980019076200155,2709.0,-0.003002257024916596,0.019617030185821067,9.896825349151085,0
537,0.9057992285603569,-0.03500456150372823,0.019471390122459048,0.04428895508415675,0.026466967322250932,0.1423082694659939,1.5313999652862549,0.2021999955177307,0.40219998359680176,27.172708285450934,1.1671234137671334,3.3751477039711815,0.9183215407064691,0.04093775951970375,27.548322888910416,85.96121023748027,5.411350535966921,95.45454545454545,95.45454545454545,1,0.023809523809523808,0.017958250349067995,0.7008503401360544,0.0455855537827952,1.4720533111203679e-05,0.009372473281620972,0.0005088022326287145,0.005120303884499274,0.05428686936098867,2.737142857142857,1.9774285714285715,1.9868831092431982,0.5981968824760637,1.3841930356884842,28.627421061197914,30.92397054036458,92.59520140148345,11.029166666666667,8.87291917655733,11.60980224609375,12.140950520833332,9.95791313815806,9.631747683066468,34.21116638183594,0.037860117852687836,0.08368150889873505,-3.7769135974702383e-06,3.5717494396600067,0.040899664897014354,0.8847631910687982,-8.083525158110119e-06,-9.761608236009663e-08,3.5717496163705356,0.0005391729743974075,0.039994058458719645,2701.0,-0.0029188128608924127,0.01855044073581849,9.896825349151085,0
538,0.9129706855387915,-0.03464212313152495,0.07223477088837396,0.005088602401652856,0.004309903480569579,0.011977512606123742,0.9859999418258667,0.08179998397827148,0.12919998168945312,27.38782028044973,1.0392102654065405,2.1669256980930056,0.9165666318096839,0.005191423429242458,27.49569196664811,82.36055812461385,4.204449340797402,91.90371991247265,91.90371991247265,3,0.075,0.023991974935989466,0.7304285714285713,0.03778321622852439,3.0813827571845184e-05,0.019264812308801903,0.0006790072506155621,0.0028869121569499783,0.035245983180709754,3.5242857142857145,2.654642857142857,1.7232755355509959,1.0939342847665738,1.327593165612808,15.45166015625,12.169189453125,76.09617614746094,17.150714285714287,8.371250418630932,9.183909098307291,7.157338460286459,3.6705700819879183,4.939090484696795,34.17680740356445,0.04650292173027992,0.08137072622776031,-4.3451218377976193e-07,3.5511551422821013,0.011295251039718724,0.6226959492116568,-1.0535830543154763e-06,-6.713903409780721e-09,3.551155009151552,0.0005496667092559554,0.007274295338409133,2682.0,-0.0029376958030830377,0.009535889325525525,-6.757744399122265,0
539,0.9132586377745583,-0.03360305633715221,0.06842415196555002,0.0031065009340115546,0.003197935873440255,0.012163787672710868,0.9282000064849854,0.0461999773979187,0.10580003261566162,27.396459990399226,1.0080449758257184,2.052627701844488,0.9165207924869111,0.003137076482868103,27.494320137885257,80.13987954187603,2.9226487460802253,85.5397148676171,85.5397148676171,2,0.05128205128205128,0.02580185590207431,0.7497069597069598,0.027882123648873325,3.914162165764273e-05,0.026386849837203557,0.00041496885838080864,0.003748078498463697,0.01572635085055634,2.2279999999999998,2.273142857142857,0.5531472845159298,1.1174626506108398,0.9801407742584212,10.789794921875,12.169189453125,54.642199416387655,16.96845238095238,7.189644231079945,8.439737955729166,7.731221516927084,3.3707479921154344,1.4961536451921624,34.149940490722656,0.03606746718287468,0.0732550323009491,-5.448114304315476e-06,3.5429263420317505,0.012490547474849418,0.5385212555244516,-1.2897309802827382e-06,-9.50820243159423e-09,3.5429258623089415,0.0005487739006952547,0.009036572866884938,2683.0,-0.0029622111500549825,0.009121799329453126,-9.4573454278939,0
540,0.9135883331412361,-0.03337010411137626,0.06485079997494107,0.002957457035423869,0.003252928043880888,0.010105250221834214,0.926800012588501,0.048200011253356934,0.1016000509262085,27.406343708549226,1.001051551912512,1.9454262849262782,0.9165560781440449,0.0030384782053295145,27.495371372669588,80.25904081283925,2.7878199462822595,85.5397148676171,85.5397148676171,2,0.05128205128205128,0.025401184880640793,0.7484981684981685,0.02647421801612917,2.4182308038317347e-05,0.023500425285785095,0.0009872369778797432,0.004466235526631334,0.042009323911125204,2.1310204081632653,1.7292857142857143,0.5596128994681461,0.33143036740071685,1.2323125036879683,10.789794921875,9.553426106770832,66.43672637939453,15.85095238095238,8.257493643342467,7.659984770275297,7.327796088324654,1.4661366131076787,1.6960883826492101,34.129844665527344,0.02629728615283966,0.057793937623500824,-3.486269996279762e-06,3.5321481193476,0.014196006584352473,0.5443002907596372,-1.5622093563988095e-06,1.7338335484623115e-07,3.5321480982532862,0.0005401455755763102,0.011297398580451505,2691.0,-0.003006982664841481,0.009003524641838965,-6.583961701954987,0
541,0.9135617426804133,-0.03356378978774661,0.06542417134557452,0.0029243146535503695,0.0031467077288607967,0.009607358446714658,0.926800012588501,0.048200011253356934,0.1016000509262085,27.405548137511527,1.006867550781795,1.9626322832277843,0.9165717069794128,0.002994754971212624,27.49584294419292,80.61765028188981,2.6915816044183156,86.41975308641976,86.41975308641976,0,0.0,0.02187382036101197,0.7450915750915751,0.02511469216645696,3.063283631820083e-05,0.01959228705762167,0.00034551268062336476,0.008784851083607888,0.017635137725738638,2.076190476190476,1.62,0.5625559181074646,0.32484578085779087,1.281599059376837,7.658182779947917,7.889302571614583,52.44877631777808,15.241714285714286,7.897556639287135,6.182352701822917,6.123046875,1.0363721176121095,1.1200581986235407,34.12925720214844,0.026357050985097885,0.07061693072319031,6.539481026785714e-07,3.5205922440786397,0.013962892947997742,0.535913178321913,-1.5622093563988095e-06,2.87394926492337e-10,3.520592407013714,0.000564728102039877,0.01108088377929789,2699.0,-0.002973587125501464,0.008976667288987489,-7.1147985501565145,0
542,0.9135329523483913,-0.03413008521000544,0.06567606664271582,0.003020779549605664,0.0034939008728363495,0.010505699059299422,0.9256000518798828,0.0493999719619751,0.1016000509262085,27.404684998989104,1.023858556321689,1.9701879993506841,0.9165930687155774,0.0030841563109791346,27.49648433500639,82.03777702802874,3.642389285945398,90.12875536480686,90.12875536480686,2,0.05,0.024509847015691484,0.7328214285714285,0.0327459103226211,2.06420658059136e-06,0.02468521746373246,0.0015670219125801742,0.01892883911227568,0.06348017451668975,1.7410204081632654,1.804047619047619,0.4056688062219283,0.33724112436611114,0.9650634438809179,12.691446940104168,8.802693684895832,58.18463955833799,14.327809523809524,7.777411350228146,7.067275274367558,6.533440483940971,1.4958508667433086,2.5551693781526272,34.1280632019043,0.026214776560664177,0.07061693072319031,2.0315987723214286e-06,3.510975486908315,0.011653764469265132,0.5718073397072553,-1.762026832217262e-06,9.55104619932265e-08,3.5109749790497924,0.0005779860811456918,0.007966478832481097,2692.0,-0.0029706423194412615,0.009045449135561441,-8.523322672243022,0
543,0.9132652188028608,-0.03293755214838755,0.05684964798745655,0.005388468834923632,0.014991001047485266,0.037633991063882474,0.9393999576568604,0.09379994869232178,0.218999981880188,27.396669135519435,1.0682492795586587,1.965133724638394,0.9165261521741228,0.004474378833581584,27.494477734126214,82.1302591005007,4.0216228730462715,90.12875536480686,90.12875536480686,3,0.075,0.026138142852428145,0.7323214285714286,0.0363032683916802,2.580940608079913e-06,0.019655421199721152,0.0021097774777700255,0.01144717410755082,0.10733819725012846,2.070952380952381,1.6551020408163266,0.5914933635240303,0.29336874888751086,1.251253596383066,12.691446940104168,9.827779134114584,53.30049024309431,13.700476190476191,8.156497058360197,6.317918565538194,6.265738351004464,1.9777239375113849,2.9060103574828053,34.13483810424805,0.025928333401679993,0.07061693072319031,4.574730282738095e-06,3.507045627599625,0.009909730796409565,0.5776420172473464,4.3596540178571427e-07,-1.386573096197417e-08,3.5070457230165033,0.0005932994973406099,0.005150172315309029,2674.0,-0.002967632121684682,0.010048375413407026,0.6698029509521891,0
544,0.9118019146124522,-0.00569526663848332,0.034578581324645453,0.007038420107087856,0.04113754257575133,0.051240987222550397,0.9401999711990356,0.09660005569458008,0.251800000667572,27.352750724128313,1.2071941465990883,1.585510299376079,0.9148460580170086,0.005917052348890494,27.444071791533954,82.3002910725509,6.6170149874479804,94.80812641083521,94.80812641083521,6,0.15,0.03808264443851904,0.7338928571428571,0.060670561987151005,3.7804930612244986e-05,0.04814127426714844,0.006562596873207302,0.005459507218331108,0.13631955059580989,1.9959523809523811,1.7277551020408162,0.6207447889193445,0.47678457594780077,1.1552287581699348,12.691446940104168,12.202962239583332,61.65320587158203,14.852761904761904,8.050267101102481,6.883222791883681,6.962847028459821,3.258642829346386,3.2016579872725615,34.14226150512695,0.026299182325601578,0.05817244201898575,-5.100795200892857e-07,3.505858187050849,0.009912456246439574,0.5274370611105771,-5.994524274553571e-07,-4.735875755513753e-08,3.5058587010591102,0.0005833812207967367,0.005054088708264668,2673.0,-0.002943426295408924,0.010400781132781247,0.6698029509521891,0
545,0.9103040384678613,0.022709847986698152,0.020183895420460472,0.006864528705941696,0.040301683419182145,0.04719338521895047,0.9401999711990356,0.09660005569458008,0.251800000667572,27.307819296887942,1.3545771566033364,1.1542594357899256,0.9129296767488784,0.005876873421137926,27.386585499780153,80.69105510692128,6.31526583815171,94.80812641083521,94.80812641083521,4,0.10256410256410256,0.03667211820294637,0.7480586080586082,0.05757391188845817,2.0630134777176216e-05,0.045453635553161266,0.0053232208988448155,0.00659779698638021,0.11711320412684986,2.1077551020408163,1.49734693877551,0.3941776376151177,0.4679590501704199,1.4076598064604062,9.566853841145832,12.202962239583332,49.94403054373605,14.98125,8.250484059314957,5.234723772321429,5.231860932849702,3.1452782586707357,2.082443766797662,34.1413688659668,0.02762320078909397,0.062436699867248535,-9.431384858630952e-07,3.504897437716182,0.010115199126935339,0.5274370611105771,-5.812872023809524e-07,-1.2040901784758554e-08,3.50489736111357,0.0005914360718789921,0.005525823287114137,2679.0,-0.0029316819467395156,0.010379553218147096,0.6698029509521891,0
546,0.906914543390274,0.05386153395970662,-0.0053257431842031935,0.011225924833257562,0.020652418302090695,0.06407093228102909,0.9401999711990356,0.2109999656677246,0.2702000141143799,27.206148873141835,1.6159928756952286,1.0537957037772452,0.9110686124121584,0.0059185306096290035,27.330745318963995,79.95061415448079,6.3790830013719,94.80812641083521,94.80812641083521,4,0.10256410256410256,0.03670212782517945,0.7550915750915751,0.05831741118289024,1.0646870470637279e-06,0.05863411093694485,0.002498928593167032,0.0061536395310647935,0.04261902420340919,2.1195918367346938,1.5364285714285715,0.48861839748316593,0.5030285827883351,1.3795576808129109,9.566853841145832,12.202962239583332,58.46024162655784,14.74966386554622,8.789610484432517,5.821591331845238,5.938440958658854,3.424762458224113,2.0122227247333844,34.125850677490234,0.03565588220953941,0.07721530646085739,-3.4121558779761903e-06,3.504013578117839,0.010198634485772642,0.9020496793382129,1.0354178292410713e-06,-3.6298723516054334e-08,3.504013152223073,0.0006184135144271215,0.005533422195838081,2687.0,-0.0029287327812328877,0.011438813429881243,9.087255174150762,0
547,0.9086699238902046,0.026130619613897232,-0.03099154317946661,0.01124154072193577,0.04898491247504311,0.06693178537276143,0.9562000036239624,0.2109999656677246,0.2702000141143799,27.258793431009565,1.5057312977739743,1.5177697066324098,0.9133935208929613,0.006507640479963542,27.400497864209942,78.22990896222399,5.13090038003539,87.68267223382045,87.68267223382045,4,0.10526315789473684,0.03906589960385908,0.7704135338345864,0.05268301729141655,1.1823233652644848e-06,0.05272014183960492,0.003379759912472306,0.0030769733947996983,0.06410756486116528,1.7161224489795917,1.5880357142857142,0.5901315336336084,0.43568204652391324,1.0806573388379301,14.519856770833332,14.030354817708332,59.79088403610955,15.165714285714285,8.2964693600071,7.633492606026785,7.187856038411457,3.669424340058846,4.00083234420967,34.105892181396484,0.03278755024075508,0.07721530646085739,5.827404203869048e-07,3.5038598894669915,0.010094859655436677,0.9020496793382129,1.217070079985119e-06,4.620916625931766e-09,3.503859730287502,0.0006323859808447026,0.00543129510438324,2697.0,-0.002952389317259074,0.011949614463345247,9.087255174150762,0
548,0.9012311810027985,0.025149914488905953,-0.10002345748174758,0.019387679007598614,0.06802391121470462,0.09692531296338289,0.9562000036239624,0.2109999656677246,0.3367999792098999,27.0356551443679,1.7404910078644753,3.2172987141353744,0.9149674301571799,0.00933297894376947,27.447715959222094,84.51962152475735,24.097629164115183,214.28571428571428,214.28571428571428,7,0.1794871794871795,0.10477637175115484,0.7389377289377289,0.10878652201890135,5.828231836734691e-05,0.2634703969374282,0.008911822477902318,0.18541076124859263,0.03382475823277708,1.850204081632653,1.6236734693877553,0.6565953480356508,0.4683989585170514,1.1395173453996983,25.843912760416664,14.030354817708332,131.3153285435268,14.696160714285714,7.99950431689412,11.057768322172619,9.432329450334821,3.2250836611843834,6.910108392868156,34.103458404541016,0.030158493667840958,0.0741225928068161,-1.887730189732143e-06,3.505344226481682,0.010689455223985024,1.1543949471235206,3.0880882626488097e-07,2.9529109430369232e-08,3.5053442689229866,0.0006504404500718336,0.005955712019698364,2679.0,-0.002951563202161504,0.01520603019545265,9.195873420256753,0
549,0.8972698482558841,0.022754657027267273,-0.1505385718317259,0.02124893048517798,0.07230780838798101,0.07694038976142453,0.9977999925613403,0.20980000495910645,0.5110000371932983,26.916791161979948,1.7595339999028614,4.515988297803061,0.9163528984627591,0.01303617546975831,27.48926695023212,85.71148561898956,23.6687556005479,214.28571428571428,214.28571428571428,9,0.225,0.10451252369253118,0.7277142857142858,0.10804893071461387,1.3665132861307534e-06,0.3980055404666649,0.005730637383267125,0.15149067953219014,0.014398385953491761,1.7322448979591838,2.676326530612245,0.5651253671087247,1.46522028058488,0.6472472167149612,25.843912760416664,35.72163899739583,149.2605199904669,14.214732142857143,9.409211735819161,10.870797293526786,14.68563988095238,10.087830740498703,7.454190892541763,34.12177658081055,0.034991033375263214,0.07021431624889374,3.048851376488095e-06,3.5050833136131354,0.01135612548501317,1.1198368650750203,-2.1798270089285713e-06,1.1380520430382306e-08,3.5050828306995814,0.0006263019985747587,0.007243881215738958,2678.0,-0.002957832086120899,0.017772262288503163,9.684523985237947,0
