,ACC_X_mean_C,ACC_Y_mean_C,ACC_Z_mean_C,ACC_X_std_C,ACC_Y_std_C,ACC_Z_std_C,ACC_X_max_C,ACC_Y_max_C,ACC_Z_max_C,ACC_X_iabs_C,ACC_Y_iabs_C,ACC_Z_iabs_C,ACC_3D_mean_C,ACC_3D_std_C,ACC_3D_iabs_C,HR_mean_ECG_C,HR_std_ECG_C,HR_max_ECG_C,HR_min_ECG_C,HR_NN50_ECG_C,HR_pNN50_ECG_C,HR_rmssd_ECG_C,HR_rr_mean_ECG_C,HR_rr_std_ECG_C,HR_ULF_ECG_C,HR_HF_ECG_C,HR_LF_ECG_C,HR_UHF_ECG_C,HR_rate_L_H_ECG_C,resp_I_mean_dur_C,resp_E_mean_dur_C,resp_I_std_dur_C,resp_E_std_dur_C,resp_IE_ratio_C,resp_I_ampl_max_C,resp_E_ampl_max_C,resp_volume_C,resp_rate_mean_C,resp_rate_std_C,resp_I_mean_C,resp_E_mean_C,resp_I_std_C,resp_E_std_C,Temp_C_mean,Temp_C_std,Temp_C_dynamic_range,Temp_C_slope,EDA_C_mean,EDA_C_std,EDA_C_dynamic_range,EDA_C_slope,SCR_mean_C,SCL_mean_C,SCR_std_C,SCL_std_C,SCR_peaks_C,EMG_mean_C,EMG_std_C,EMG_dynamic_range_C,Target
0,0.8728003614630018,-0.13288887644949413,-0.2844857047455651,0.024465091477993396,0.03134711654233567,0.047498498118287706,1.175800085067749,0.40140002965927124,1.0262000560760498,26.18270570107869,3.99273443707398,8.54353528542178,0.9292725524940785,0.025726515110186386,27.87670733057504,72.44473868785606,6.75125627237556,85.88957055214723,85.88957055214723,13,0.37142857142857144,0.053322953171537436,0.8353469387755101,0.07674982482170518,8.110288979591804e-05,0.06834004552071747,0.010646661845156892,0.029595160459873475,0.15578950473378494,1.1688571428571428,1.2211688311688313,0.1343720087469629,0.11859226570440715,0.9571626076784003,7.184651692708333,8.627115885416668,45.905080740792414,15.15577639751553,7.9938460744932085,5.223398844401042,5.085097804214016,1.7009344413392973,1.0618591904999914,30.016952514648438,0.07732141017913818,0.14144779741764069,-9.39360119047619e-06,5.552589148034664,0.3259096028956338,2.4064959696494532,1.0935465494791667e-05,1.1475285073793646e-08,5.552589280649,0.0005525996917876764,0.3257746011858402,2680.0,-0.002660068816942497,0.011226777642624352,-4.95252040880964,0
1,0.8773578001033692,-0.1346677238487062,-0.2695746097507931,0.03386245300847865,0.047932383004858164,0.04710649721429182,1.200200080871582,0.38120001554489136,0.4344000220298767,26.319481145909855,4.070665714783328,8.087068292370864,0.9301355073317769,0.03276758483381977,27.902751276978677,72.42560748779698,6.464246912156723,85.88957055214723,85.88957055214723,10,0.2857142857142857,0.04438792758449193,0.8349795918367348,0.07358727503491161,0.00013248479800083315,0.04699086038027099,0.005407536657744501,0.018174714873031926,0.11507634918757188,1.2144155844155844,1.1881818181818182,0.13939633242548083,0.1681693321344134,1.0220789157284949,7.184651692708333,8.627115885416668,46.24596383231027,15.402380952380952,8.527786841420134,4.632411147608901,4.542902166193182,1.7092705135410156,1.1715518648505048,29.943756103515625,0.07464877516031265,0.13435058295726776,-1.2910388764880953e-05,5.448700996712443,0.19428356904255367,1.6787659777594068,-1.9800095331101192e-06,-8.718559384020426e-09,5.448701532492147,0.0005782999486841977,0.19404410622633791,2703.0,-0.002762631333264264,0.011084197704491327,-0.31558840207930455,0
2,0.8761132478997821,-0.14447224760623206,-0.24373351434015092,0.05854974095896802,0.06397807312972217,0.1251910493160111,1.2711999416351318,0.46160000562667847,0.4522000551223755,26.282163437008858,4.403296713786466,7.954694858874594,0.9316324405455793,0.05574710796254859,27.947662069244792,77.43265419276213,8.99336862958251,94.17040358744394,94.17040358744394,5,0.13513513513513514,0.03510350745762686,0.7853667953667953,0.09084417806859241,5.329502040816324e-06,0.027080048155971048,0.002481569009190318,0.01963511016913555,0.0916382790347122,1.1864285714285714,1.1175,0.433795737065959,0.18062733180002763,1.0616810482582295,9.89654541015625,7.89306640625,52.358363778250556,15.93186813186813,8.429295580451,4.520195855034722,4.80881585015191,1.637489619850617,2.0402238897860285,29.812580108642578,0.1497819721698761,0.20698942244052887,-2.5059291294642858e-05,5.484910195432705,0.1947245790237793,1.6787659777594068,7.920038132440477e-06,4.278645712488242e-08,5.484910560769596,0.0005636075755973995,0.1944911605790008,2711.0,-0.0027596472921862353,0.011850718026778957,-6.512265895503808,0
3,0.8757878667683828,-0.12098220976193746,-0.24559906661794298,0.059039531568700405,0.078588903817155,0.12773689823273843,1.2711999416351318,0.46160000562667847,0.4522000551223755,26.272394574454854,3.7075871475679536,8.010637855785234,0.9299469262225315,0.05601156890876283,27.897077851368266,81.27371305010183,6.697844375200745,94.17040358744394,94.17040358744394,2,0.05128205128205128,0.029558149646524152,0.7434432234432234,0.06332139407862468,5.958579658475623e-05,0.005271997037553043,0.0009844748561890408,0.010919773404504597,0.18673661027813804,1.3414285714285714,1.1673809523809524,0.8216109340202756,0.4176700164368823,1.1490923924128085,12.336934407552082,7.89306640625,70.36254977271672,14.63457142857143,8.24781279108193,6.243924227627841,5.679812961154513,1.6137420273589789,3.1982226651237062,29.617612838745117,0.23523347079753876,0.24237698316574097,-2.8621128627232142e-05,5.475523308239508,0.18289170858263754,1.3742686509957511,-1.3078962053571428e-05,-3.893417709596516e-08,5.475523554588912,0.0005712557022970648,0.1826496515780015,2714.0,-0.002748709441105483,0.013698332633685627,-12.327128071316524,0
4,0.8686003429151716,-0.12155730492160434,-0.2680447424962407,0.05265674447195007,0.06938812925024117,0.13203679282462172,1.2711999416351318,0.46160000562667847,0.4522000551223755,26.05676943029676,3.6939730030298232,8.684129703768662,0.9293935472557692,0.048368504938820396,27.880504995772156,81.09008062219456,6.368566154991921,94.17040358744394,94.17040358744394,8,0.2,0.03723853554539535,0.7445357142857143,0.059000075665811044,3.578481232819651e-05,0.01994583647733853,0.00078894577928831,0.0185292309842621,0.03955440927156256,1.3003571428571428,1.2053571428571428,0.8016378058504399,0.4036812429607888,1.078814814814815,12.336934407552082,9.073588053385418,76.15542595272973,15.337087912087913,8.652262210702942,6.9532012939453125,6.6190338134765625,1.5845422659933506,2.8079445005059407,29.412128448486328,0.18560171127319336,0.22263556718826294,-2.6261102585565475e-05,5.385641113734632,0.14833141733064253,1.1812036115590254,-1.6021728515625e-05,6.410090684609605e-09,5.385641026255297,0.0005709727794771408,0.14802828325126186,2701.0,-0.0027517174591388505,0.014787107828658101,-10.605296552185637,0
5,0.8632693327608563,-0.12533347654342653,-0.314259209161713,0.013658803505356011,0.05153110359209378,0.034663917135967615,0.906999945640564,0.20420002937316895,0.3895999789237976,25.89685641144003,3.768838294020721,9.427325131978307,0.929333941324319,0.009126991575242573,27.87869982676327,78.15545228108304,4.263511794204333,87.1369294605809,87.1369294605809,8,0.21052631578947367,0.03826418457631991,0.7699999999999999,0.04226660816074,2.149515035401945e-06,0.01859046080306044,0.0008311213742473409,0.025673318377427083,0.04470687322126615,1.3296428571428571,1.204935064935065,0.8030530867907063,0.44059765601366524,1.1034975210174607,12.336934407552082,9.073588053385418,69.98664703369141,15.354057142857142,8.366818766669068,7.23801506890191,6.2902647076231055,1.9117190704607807,2.0747481225649462,29.295551300048828,0.049568820744752884,0.13306790590286255,-3.980364118303571e-06,5.3111779542771025,0.07609625041312928,0.869439727073451,-4.741123744419643e-06,-5.349987504676092e-08,5.311178031071262,0.0005881002210923153,0.07547340201050078,2687.0,-0.00281898589720244,0.015758187444177497,-10.605296552185637,0
6,0.8615829419294994,-0.15633007664623716,-0.3165298282390549,0.021204951488211967,0.020615912532674315,0.03128002772505684,1.1624000072479248,0.20420002937316895,0.4666000008583069,25.846258400763784,4.689683156566961,9.495433418623039,0.9319178675761418,0.018373483533183396,27.95620341112189,76.78188560135939,6.298307625405907,86.77685950413223,86.77685950413223,10,0.2702702702702703,0.15076279968449605,0.7891119691119692,0.09585988542610134,2.425965181174498e-06,0.1748979184146398,0.002180040480403847,0.27582891289884015,0.012464645092204638,1.062857142857143,1.2705194805194806,0.4979312303964089,0.45698303729324147,0.8365532045384851,7.8759765625,8.789469401041666,73.07309831891742,14.080892857142857,8.483112724626762,5.708221435546876,6.084002870501894,1.8792901698506972,1.146841062531387,29.288482666015625,0.03798766806721687,0.10758810490369797,-2.124604724702381e-06,5.42125542966146,0.315505923181774,2.2723590095299375,5.013602120535714e-05,2.2634916629626258e-08,5.421255328903064,0.0005589090976835408,0.3153634035859753,2678.0,-0.0028633933982124362,0.015897418938861655,-9.497238767936235,0
7,0.865826141834259,-0.16575202899603617,-0.3013886377470834,0.02078463262278415,0.012263854784250244,0.026277559645135447,1.1624000072479248,0.21139997243881226,0.4666000008583069,25.973560826522963,4.9723297270280975,9.041201703846454,0.9321485308355193,0.01832440046668768,27.963129483971166,75.24945513722544,7.136691670005149,86.77685950413223,86.77685950413223,10,0.2777777777777778,0.15490107818644652,0.8069047619047618,0.10343450171545622,2.3386106455643467e-05,0.4548596756526203,0.0007222675847999918,0.1381026123442896,0.0015878909990508653,1.4889999999999999,1.430909090909091,0.9918136448559521,0.5393988520618737,1.0405972045743328,13.730061848958334,11.826883951822916,74.2676494780041,15.915217391304349,8.28515219349251,7.23590087890625,6.879189231178976,2.8679343771727455,3.3791402531166543,29.3062744140625,0.03337423875927925,0.1118394285440445,3.5661969866071428e-06,5.580942006708526,0.33957982853534946,1.9322259023746933,9.645734514508928e-06,-2.1047088294388016e-08,5.58094197838049,0.0005306531670330799,0.33945513676513844,2684.0,-0.002887498957220415,0.015815229546603773,-7.944119740916412,0
8,0.8660323981898171,-0.17073951447293872,-0.2992520758566402,0.01995436711235321,0.01600149270246535,0.023661138514610276,1.1624000072479248,0.2343999743461609,0.4666000008583069,25.979747945666315,5.121920434193952,8.977114989970412,0.9325289573048285,0.017880694077909418,27.974538318860166,74.85768757144098,7.41561117031383,86.77685950413223,86.77685950413223,12,0.3333333333333333,0.15627571508511626,0.8115873015873016,0.10473851350211344,1.3398587921699242e-05,0.5077157765463602,0.0024684840115396945,0.06972145124452132,0.004861940726622848,1.4140259740259742,1.3977922077922078,0.8871586083428878,0.40941034735107906,1.0116138623060487,13.730061848958334,11.826883951822916,79.62483665829613,14.994821428571429,8.489543526470674,7.532006466027462,7.539580374053031,2.71647478690532,3.050024229089934,29.334871292114258,0.04210558161139488,0.1193421334028244,1.7147972470238096e-06,5.602133112302037,0.32591746068730365,1.911284569267835,-2.3251488095238097e-06,-1.9448383201137386e-08,5.6021333846327455,0.0005392288392891415,0.3257866532368315,2695.0,-0.00287988082459243,0.015527414184613217,-5.8087602324022924,0
9,0.8626904366356986,-0.1813205237757592,-0.30618452358813514,0.009803456315873784,0.022754699159709485,0.014533341088132465,0.9223999977111816,0.23940002918243408,0.36500000953674316,25.879486241936682,5.439359427562782,9.185080707626684,0.9336102602877487,0.007607119567428859,28.00697436292716,74.45856508824981,4.475130661685558,85.71428571428572,85.71428571428572,7,0.19444444444444445,0.036401550602925915,0.8086904761904763,0.04800247418982351,7.870948704706373e-05,0.039703815786037024,0.0013556142850812518,0.0019189506622748643,0.034143173854790855,1.1218181818181818,1.3674285714285714,0.24774537388550041,0.3107520830869154,0.8203852144512404,8.38226318359375,11.290791829427084,66.8915737333752,13.97482142857143,8.747222531119725,6.792204885771781,6.466776529947917,1.8234870256785896,1.2639103818250368,29.345914840698242,0.041249047964811325,0.09537983685731888,3.634498232886905e-06,5.511958235462792,0.26243372154802563,1.7236843568627214,-1.2988135928199404e-05,-5.86848553496498e-08,5.511958631398433,0.0005495506786612927,0.26226952525960334,2699.0,-0.002872247433901957,0.015557412003511514,-6.509195211352688,0
10,0.8594515499728067,-0.1830021431389309,-0.3158011045910063,0.008092013932241592,0.02034882975747314,0.012108662198890065,0.9223999977111816,0.23940002918243408,0.36500000953674316,25.782319784930774,5.489828865613256,9.473562280620847,0.9340542259307878,0.006779903248792529,28.020291868311887,74.65949565498359,3.9705666820271897,85.71428571428572,85.71428571428572,6,0.16666666666666666,0.035443874246114004,0.8058333333333334,0.0411999369812168,2.2262990420658086e-05,0.04975438194102063,0.0010125471833397673,0.01025136460831224,0.02035091471018676,1.1845714285714286,1.36012987012987,0.24716746368007425,0.2986826081108905,0.8709252363219708,8.38226318359375,11.290791829427084,64.96416727701823,15.679875776397514,8.363737355857827,6.698527018229166,6.694752086292613,1.702637959570435,1.3518762481590805,29.369529724121094,0.03151381015777588,0.08213900029659271,1.380557105654762e-07,5.464878157657485,0.2152444514714766,1.456949064685519,-4.868280319940476e-06,2.5947904627736803e-08,5.464877949756329,0.000565821962579241,0.21504453294929263,2702.0,-0.0028202784730675026,0.015341878059861608,-7.090457787620478,0
11,0.8571693797168277,-0.19116681933686847,-0.3194976854693322,0.0073386988295697795,0.023535022416895007,0.01029362057530908,0.9223999977111816,0.24119997024536133,0.36500000953674316,25.71385367717062,5.734686580087457,9.584499706923962,0.9349001379488923,0.006189816486138188,28.045664654745174,72.64018652909435,4.518671222719878,85.3658536585366,85.3658536585366,11,0.3142857142857143,0.045250403750860015,0.829265306122449,0.05300681668971306,1.5584770345689346e-05,0.042438174098116996,0.005479932553723536,0.00923987937966132,0.12912743467836152,1.2202597402597402,1.2369999999999999,0.2208213863478313,0.08172240219430754,0.9864670495228296,10.141194661458332,12.052103678385414,68.04694431849889,14.594534161490683,8.06239994843431,6.855635209517046,6.715718587239581,1.987971832408389,1.5591670220258191,29.355051040649414,0.040747322142124176,0.09969547390937805,-5.762009393601191e-06,5.430641553951532,0.2288484036983285,1.456949064685519,-4.486810593377976e-06,1.4747440002273821e-08,5.430641591660719,0.0005578782932476041,0.22866453673705364,2701.0,-0.002822235864512404,0.015628985616523552,-4.5204250228364975,0
12,0.8572724650530588,-0.18831846687623433,-0.32067307569299425,0.006321216267355501,0.022537054768995254,0.011200096477673034,0.9246000051498413,0.25199997425079346,0.379800021648407,25.716945094466208,5.649301292002201,9.619738699368067,0.9347999063494561,0.005796519825259384,28.0426630109535,73.15140269640405,5.1084785893963,85.3658536585366,85.3658536585366,13,0.3611111111111111,0.047760334616522696,0.8242857142857143,0.058619801937044476,4.3506139108704777e-07,0.05993512145947736,0.0058853059981927094,0.005501474724237349,0.09819461202179784,1.2164935064935065,1.2732467532467533,0.20318645634780283,0.2697666764196928,0.9554263565891473,10.141194661458332,12.052103678385414,66.7085673014323,15.098928571428571,8.867046970739047,6.885819868607954,6.835317900686553,1.9987027949126646,1.3788932142831642,29.310699462890625,0.07804911583662033,0.12411238253116608,-5.211239769345238e-06,5.350281589286997,0.22759317651585126,1.571748132905928,-4.459562755766369e-05,-4.0584954151247855e-09,5.350282193548135,0.0005647148003380454,0.22740089573515707,2704.0,-0.0028121328474220724,0.015573755603877979,-6.21914500722358,0
13,0.8594889515922183,-0.1898552286539759,-0.3127322471624329,0.012968172663285586,0.025596927999350663,0.021100833293843796,0.9859999418258667,0.25199997425079346,0.48739999532699585,25.78343826208796,5.6954245739323754,9.381517414876393,0.9347363131139029,0.010216188563267217,28.040758741360126,73.89132381223881,6.238451644161307,85.3658536585366,85.3658536585366,16,0.4444444444444444,0.05614174065463038,0.8180158730158731,0.07159684763720245,2.8328463140357075e-07,0.09779857287977506,0.010846842776936804,0.044013464218378325,0.11091003127694875,1.0863636363636364,1.132261904761905,0.32834739038166627,0.35281542954392325,0.959463205283834,10.141194661458332,12.052103678385414,72.94689360119047,16.191371428571426,7.877046214029672,6.309379808830493,6.1973317464192705,2.3464982578731357,1.967617733181012,29.216251373291016,0.10405080765485764,0.1688700020313263,-1.3975597563244047e-05,5.205002946346398,0.24384971431951388,2.75694210898912,6.37054443359375e-05,-1.9720331105402907e-08,5.205002741060227,0.0005643160839445764,0.2436575514737593,2701.0,-0.0028183603166404276,0.016221871624200794,-6.68880807773972,0
14,0.8658333992049808,-0.16337316202265875,-0.29972922816163017,0.022929856257101828,0.04420647258251689,0.03338055305010234,1.010200023651123,0.25199997425079346,0.48739999532699585,25.973775547572544,4.908126289120743,8.991439273442541,0.9324420807596477,0.01849035800651808,27.971928714058013,76.9305519937418,6.885704593155489,93.12638580931265,93.12638580931265,12,0.32432432432432434,0.047561870434985797,0.7861389961389963,0.07000107545061882,2.2170644897959117e-05,0.06644082511411838,0.00778099633273904,0.0074300283585232154,0.11711167522941575,0.9698979591836735,0.9952040816326531,0.3544570291389905,0.3532537666562236,0.9745719265866913,8.618367513020834,13.796488444010418,65.01892721993583,16.085714285714285,8.444186117304229,5.505116780598959,5.510079520089286,2.7085494495229123,1.8972709780089825,29.148090362548828,0.06437254697084427,0.1310170441865921,-5.549839564732143e-06,5.624612071026984,0.7176913287992102,2.9696881431315014,6.150745210193452e-05,3.112518583130523e-08,5.624612011213845,0.0005345035727140762,0.7176333042725244,2688.0,-0.002877733797228034,0.016730789761943095,-4.438672596229932,0
15,0.8722429330916632,-0.157427352533454,-0.27912614268632163,0.02351450283604002,0.04513754529530305,0.038090686389300285,1.010200023651123,0.243399977684021,0.48739999532699585,26.166045278481075,4.729798290176051,8.37338085204363,0.9312363070567126,0.018511613459679263,27.935760624630138,76.5440141902509,6.813578024273119,93.12638580931265,93.12638580931265,9,0.24324324324324326,0.04720534579051205,0.7899227799227799,0.06863088312627434,4.2648896293210824e-07,0.06918569410394135,0.007832425447182234,0.033497100302078,0.11320874277007563,0.9580219780219781,1.0823469387755102,0.3759406991136907,0.41797045634112806,0.8851339101174116,8.618367513020834,13.796488444010418,62.85680142357236,14.44423645320197,8.250715342136592,5.472333859174679,5.277949741908482,2.67338905408267,1.9900402132163593,29.121488571166992,0.04128531739115715,0.1041644811630249,-3.7013462611607144e-06,5.984440415673333,0.6460113451105499,2.9696881431315014,5.03721691313244e-05,1.7806125173482592e-08,5.98444098958274,0.0005069902029665637,0.6459558211314104,2692.0,-0.0029637565738127054,0.016843380461999933,-4.438672596229932,0
16,0.8753030764829545,-0.15494800975776854,-0.2700874856511752,0.020829455246451772,0.04385085242762856,0.032271253389150996,1.010200023651123,0.243399977684021,0.40380001068115234,26.257853865964073,4.655423578321933,8.102199712395668,0.9307156409790076,0.016679455345649578,27.920139421327526,76.72821883259763,6.07411369432609,93.12638580931265,93.12638580931265,6,0.16216216216216217,0.043235105833306746,0.7865250965250965,0.057575141473287905,3.696640000000006e-05,0.042699662834811275,0.003937660978484197,0.021358328914393095,0.0922176129052238,0.955054945054945,1.0445918367346938,0.32889359045339195,0.33175616224420823,0.9142852849016765,9.48394775390625,10.053812662760418,57.5232174827939,14.48566502463054,8.50330730443683,4.688133826622596,4.506516229538692,1.9704483805518693,2.3090495029532283,29.164958953857422,0.05838114023208618,0.11460298299789429,1.0203043619791666e-05,6.21669900615433,0.3252200121394573,1.749799279259553,-5.146208263578869e-05,-7.716248054760264e-09,6.216698745469647,0.0005002025658593261,0.32512213695900627,2674.0,-0.0029907764227559103,0.017317428476177947,-4.990001891013324,0
17,0.8730614380268824,-0.17235446716490246,-0.2738645524183909,0.011347876161153648,0.0292413083291702,0.026870979216842228,0.9293999671936035,0.24320000410079956,0.34579998254776,26.19061785510608,5.170401729217597,8.215477429713522,0.9319883308795016,0.006910790640282375,27.958320860075467,74.32842936105895,5.218586653545227,89.55223880597015,89.55223880597015,9,0.25,0.05380615244390111,0.810952380952381,0.05326313407270703,5.886070137442665e-06,0.04376384986044032,0.0011457584793759161,0.015728956242539484,0.026180477335281407,1.1404285714285713,1.3444155844155845,0.2827164513018913,0.417108366544867,0.8482708655332302,10.792948404947916,11.15020751953125,68.72000914074125,14.476459627329191,7.938529383896131,6.108317057291666,6.207811760179925,3.1515078638283405,2.998428998887826,29.216585159301758,0.06844940036535263,0.11239956319332123,6.167457217261905e-06,5.8834479176528705,0.2776477567233758,1.6169963150116948,-4.815601167224702e-05,-4.302262774315941e-08,5.883448530313151,0.0005218475538377155,0.27751847251209044,2679.0,-0.0029190046765351202,0.0175592672701317,-5.720381179823598,0
18,0.8683172090110325,-0.17547106733208612,-0.2903545713140851,0.014280601009578989,0.02344134725634483,0.02265240108260777,0.9464000463485718,0.27300000190734863,0.38099998235702515,26.048267127445765,5.263883591379438,8.710240853726864,0.9328538503647663,0.01099570275977884,27.984281064758264,75.92455658661589,6.064782491559269,89.55223880597015,89.55223880597015,12,0.3333333333333333,0.0568446299429662,0.7951984126984127,0.062036629492913435,8.305532428154912e-05,0.05463018823458804,0.0014537541714957055,0.023760540526988057,0.02661082120480942,1.1477922077922078,1.3094805194805195,0.26876020143652546,0.39674383052570905,0.8765248437964892,10.792948404947916,11.15020751953125,73.81255326043993,14.851071428571428,9.09120179308088,7.427007501775568,7.247406930634469,2.8777196482725573,2.337017750898478,29.257068634033203,0.03913338482379913,0.09609874337911606,3.837948753720238e-06,5.601934049079648,0.22921236051817026,1.3302920405486898,-3.5167875744047616e-05,-2.385347575693216e-08,5.601933958809089,0.0005299341048920108,0.22903864591218798,2688.0,-0.002836201351135437,0.018198455852042966,-5.720381179823598,0
19,0.8711400277501061,-0.15853464819419952,-0.27817219035966056,0.019172730373674684,0.05121624946805704,0.056224138082027184,0.9506000280380249,0.27300000190734863,0.38099998235702515,26.132961832455226,4.756095302956445,8.3447489964962,0.9313404633212204,0.012439573917254532,27.938892381673867,77.42166063100436,7.070928009732263,90.9090909090909,90.9090909090909,15,0.40540540540540543,0.061197887266601705,0.7813513513513514,0.07004997502645874,3.7644485464389636e-05,0.07644916799103912,0.0008057163289581163,0.08364568429742883,0.010539242612196345,1.1093506493506493,1.3095238095238095,0.25434361199644906,0.4005694642525937,0.8471404958677685,10.792948404947916,11.15020751953125,81.72378932407923,16.57422857142857,8.234516240254822,8.044072931463068,7.532840304904514,1.9868956119891386,1.7536271809702926,29.233013153076172,0.06886884570121765,0.12357034534215927,-6.987072172619048e-06,5.660917377376561,0.4349100003430901,2.1885571796571615,3.569466727120536e-05,-2.8146810863538628e-08,5.660916870246087,0.0005243487924147896,0.4348152654742013,2700.0,-0.0028547093809334974,0.01751962705618369,-6.749427476263826,0
20,0.8744155998286747,-0.13094022891067322,-0.27384009505737394,0.019161092849051757,0.05384572424419339,0.05541488194469246,0.9506000280380249,0.27300000190734863,0.38099998235702515,26.231232280560903,3.9282602959019797,8.21477242312261,0.9289314790577458,0.012649438210329971,27.866621178409094,76.9676217383981,6.605013075509249,90.9090909090909,90.9090909090909,13,0.35135135135135137,0.050471697913280406,0.7852509652509653,0.06680070057040219,5.46605314452307e-06,0.054122406783271765,0.0006588656881778095,0.03907297370414217,0.012173621376746546,0.9697619047619048,1.2053061224489796,0.18453179706214354,0.4184629059607787,0.8045772660571171,11.311848958333332,19.616190592447914,79.99622483026413,15.832244897959185,8.40845775811796,7.177691989474827,7.13347662062872,4.1340639062399855,1.7984683724748576,29.147197723388672,0.1054152399301529,0.15380516648292542,-9.58833240327381e-06,5.858417538414512,0.4816881965555146,2.1885571796571615,2.503168015252976e-05,7.191986086674039e-08,5.858417682845968,0.0004983117723795093,0.48160939763991617,2709.0,-0.0029119794286209585,0.016196903212207917,-3.962149463057698,0
21,0.8801353716623216,-0.10277514303865887,-0.2608437713696843,0.015039813017788438,0.043479933503489394,0.0506476436036435,0.9661999940872192,0.20499998331069946,0.38999998569488525,26.40280743556363,3.0832432911651475,7.824890712499618,0.9261865423122481,0.010042349103262663,27.784248831952304,75.48408614533112,6.451068067202371,90.9090909090909,90.9090909090909,13,0.35135135135135137,0.05423608842811086,0.8004633204633205,0.06583592406356321,3.7493604331528403e-06,0.07111302781684138,0.0007567504210331141,0.03805751847778458,0.010641515967822373,0.9364835164835165,1.1247619047619049,0.2128815646323533,0.3574138654302797,0.8326060053409756,11.311848958333332,19.616190592447914,77.6246558779762,15.102704081632652,8.140607040882454,6.911832369290865,6.989212036132813,4.542691942859304,1.818711675890788,29.090524673461914,0.06960099190473557,0.14868579804897308,-9.793236142113096e-06,6.03140613066742,0.3470016938723866,2.0727894932924307,1.983642578125e-05,-1.9603793847450644e-09,6.0314058428900275,0.00048621394045024984,0.3468953257972026,2687.0,-0.002931926075739325,0.014477845923427449,-5.2532706253214725,0
22,0.8774706671748842,-0.10829259064084007,-0.27593385699817113,0.014558703866840647,0.02883519315864211,0.02094656129097313,0.9661999940872192,0.1833999752998352,0.38999998569488525,26.32288315815585,3.2486207191858973,8.277584709950856,0.9268962814228009,0.012923486960078688,27.80556876129862,74.91335533710489,5.875277049918171,89.55223880597015,89.55223880597015,11,0.2972972972972973,0.05009514756464751,0.8057528957528958,0.06182326864270983,0.0002109489472719699,0.05335858857443688,0.0011501817864591323,0.02354213114621331,0.021555701100575274,1.0101190476190476,1.2090476190476191,0.2985836511130811,0.41213577337039065,0.8354667191807797,11.311848958333332,8.982442220052084,74.03577270507813,13.642967032967034,8.24405109644887,7.071160210503471,6.070972018771702,2.307159176738844,1.8465168922135016,29.051883697509766,0.04362785816192627,0.11979252099990845,-4.996163504464285e-06,6.0382898600520045,0.16606319992700316,1.3002412312558755,-7.011776878720238e-06,-4.771398785561739e-08,6.038289707798647,0.0005097612409022443,0.16583767233795568,2681.0,-0.0029154386493593313,0.012923695947326867,-5.3938412938131695,0
23,0.8727579709177925,-0.1227657239210038,-0.2892236569381896,0.0161895699082376,0.0287286339821468,0.028380546769156863,0.9661999940872192,0.1833999752998352,0.38999998569488525,26.181497699022295,3.68279186048678,8.676281279580934,0.9285164030443599,0.01335678853109525,27.8541658947482,74.51269258360011,6.437845428848345,89.55223880597015,89.55223880597015,8,0.2222222222222222,0.04458555506121483,0.8111111111111112,0.06827408341466307,3.9934720533111424e-06,0.03221106657652925,0.0045421100103579925,0.016762322261534714,0.14101085412886089,1.1718571428571427,1.4331428571428573,0.36336974478975465,0.40300848221184365,0.8176834130781497,9.460042317708334,8.982442220052084,65.94377920968194,14.31616883116883,8.407922101241772,6.95599365234375,6.79302978515625,1.462260055766673,1.515446392385211,29.029878616333008,0.06797586381435394,0.12886981666088104,-1.0663713727678571e-05,6.248819189442663,0.4554584744508618,2.6978286303947785,2.2143409365699404e-05,3.1442657663154494e-08,6.248818862020688,0.0005080886794318613,0.4553799474414812,2676.0,-0.003007595167064217,0.010906054199369072,-4.999334383640763,0
24,0.8660116369213376,-0.1392813240431604,-0.3091292663642338,0.015077826990220027,0.012013756325673529,0.025760627346497908,0.9414000511169434,0.1833999752998352,0.4097999930381775,25.97911253614085,4.178223435580731,9.273420562360968,0.9304931886260541,0.012411804175194783,27.913459099676007,72.17368226766636,6.676325167471197,89.55223880597015,89.55223880597015,11,0.3142857142857143,0.05037136994329206,0.838,0.07244114933253112,4.9447236984589365e-06,0.03294358765847187,0.007228256318312775,0.0246733967663747,0.21941314932813444,1.1748571428571428,1.3612987012987012,0.29414712409310567,0.2994258293627881,0.8630414043121541,9.460042317708334,8.982442220052084,66.75982302711125,15.275217391304349,8.602121079393283,6.517038981119791,6.646552808357007,1.5991012651377072,1.6610353956027306,28.937068939208984,0.10439147800207138,0.16538003087043762,-1.2366885230654762e-05,6.5471208865832935,0.4476968811434909,2.3665518846036084,1.765659877232143e-05,-2.923876451680217e-08,6.547120889765342,0.0004927324139172877,0.44762851476857235,2674.0,-0.003137742080641249,0.009433632431945952,-8.886165591850833,0
25,0.8598984367336545,-0.14538900991280873,-0.32741862817321504,0.013235313313366644,0.007914190439709723,0.018956215743841733,0.920199990272522,0.17900002002716064,0.4318000078201294,25.79572424488408,4.361469154528209,9.822082845185484,0.9317813800826972,0.012118149634752088,27.9521080267219,69.3849113135774,5.199417842307793,82.19178082191782,82.19178082191782,10,0.30303030303030304,0.05246597536907678,0.8693506493506493,0.06168935975414081,2.8609306122448727e-06,0.11376667023023287,0.0075261343916579685,0.06846042548072638,0.06615412384336392,1.165064935064935,1.207142857142857,0.2773692766602212,0.17975701664751115,0.9651425497579343,8.55621337890625,7.857564290364584,60.601954941522514,16.396228571428573,8.37127189399946,6.308112866950757,6.307669745551215,1.1382526581635188,1.1325294790572953,28.849681854248047,0.08973507583141327,0.14868375658988953,-1.2159075055803571e-05,6.4984137362215915,0.5020677428186012,2.4687977675417385,7.338750930059524e-06,-4.499557068977759e-09,6.498413976330636,0.00045894291195809996,0.5020104557717538,2685.0,-0.003148398747427578,0.008715031942558932,-5.988846041404923,0
26,0.8584531423023769,-0.14494754323789052,-0.32950379010041553,0.020892599030145856,0.027663308570219113,0.03597560204223257,0.9562000036239624,0.24080002307891846,0.4580000042915344,25.75233769765922,4.351964153477124,9.884717845874173,0.9320654141068375,0.01656510227858525,27.96061973549164,71.43414270385823,6.16429845055528,86.77685950413223,86.77685950413223,10,0.2857142857142857,0.05238547217576675,0.8460408163265306,0.07106198642173195,0.00017722673152852935,0.04762668884813792,0.007620917463182438,0.016575532418072796,0.1600135900163548,1.033095238095238,1.2378571428571428,0.19691742920042019,0.2599780864653344,0.8345835737641855,10.046183268229166,8.089192708333332,63.83317798432849,15.050439560439559,8.576988524294299,6.354904174804687,6.328692966037327,1.3004855495206247,1.610244907667522,28.78293800354004,0.04261879250407219,0.0997609794139862,2.0635695684523808e-07,6.1775004078698075,0.502152840633688,2.7662760775969852,-4.6103341238839285e-05,-3.98571033195683e-08,6.17750075739472,0.000484908590011809,0.5020879692589962,2695.0,-0.0030246820173276717,0.011139828881394514,-2.7303273171778697,0
27,0.8648124099061603,-0.1618385336342312,-0.2994914664938336,0.022736814924680653,0.04788881429398622,0.05697980377985354,0.9562000036239624,0.25019997358322144,0.4580000042915344,25.943130868588174,4.858747722506523,8.98432599480663,0.932515566872257,0.016095672285208015,27.974141022497953,72.85861685037602,6.623995079484712,86.77685950413223,86.77685950413223,10,0.2857142857142857,0.05251421804843804,0.8303265306122449,0.0752713929098383,2.927590837151229e-06,0.062453235353611455,0.014786443271401233,0.026654446457335355,0.23676024448821745,1.2182142857142857,1.305064935064935,0.6575524409391497,0.25046921728539034,0.9334510896606627,11.42181396484375,13.140055338541668,68.6347893851144,15.108742857142857,8.657260699999458,6.891242133246529,6.520505962949811,2.4757402787837917,2.518358375953148,28.83954429626465,0.11929245293140411,0.16443315148353577,1.3940720331101191e-05,5.766968068426708,0.26063515225350836,1.7414169780681779,-3.872825985863095e-05,3.1191797611121034e-08,5.766967908347154,0.0005203395235898969,0.2604903544450565,2710.0,-0.002858135905823681,0.014870745158482933,-3.3042547906623376,0
28,0.87360407717455,-0.1476924001035236,-0.2729975904879116,0.021361632115078143,0.05618341352809296,0.05127000955617926,0.9562000036239624,0.25019997358322144,0.4580000042915344,26.20688874380929,4.4343482879655705,8.189471000347819,0.9303601412689971,0.014011774215019058,27.90947194102024,73.9296674581931,6.015046458450191,86.77685950413223,86.77685950413223,9,0.25,0.04751001122059179,0.8169841269841269,0.06666902868075682,7.715291961682672e-07,0.03705641531988335,0.010444626246777267,0.00776404984826921,0.28185743700829574,1.1479120879120879,1.2053246753246754,0.6418496660755723,0.2993462827526131,0.9523675333394113,11.42181396484375,13.140055338541668,69.54224453880673,15.969505494505494,8.530117903693462,6.679499699519232,6.267339533025568,2.721117000318416,2.4950099720365735,28.95589828491211,0.1646457463502884,0.1781010776758194,1.8319266183035715e-05,5.630596991544859,0.2548095594552436,1.8398186274693662,-5.009969075520833e-05,-2.2276971145659894e-08,5.630596578846564,0.0005346192510585955,0.2546457855845927,2723.0,-0.002796488973925349,0.01740696060271699,-4.117299767771032,0
29,0.8772770860478991,-0.1458113431220963,-0.2645382095319884,0.010016258963739111,0.05032227000633802,0.031170639573371,0.9298000335693359,0.25019997358322144,0.3489999771118164,26.317057724339623,4.374084007952894,7.935767143113273,0.9297340806713364,0.007436538308271982,27.89068522876554,79.29177665512573,9.210578876464139,94.5945945945946,94.5945945945946,5,0.13157894736842105,0.03899028971001963,0.7671052631578947,0.09019104132772444,8.721272802998996e-07,0.036884392602296596,0.0064801344810415645,0.0077097397681211224,0.17568771027120236,1.1823376623376622,1.5364285714285715,0.6851440466415356,0.9614557945625786,0.7695363678627276,11.42181396484375,12.5799560546875,71.43186630975633,13.74745341614907,7.6934557857066554,6.545826305042613,6.177886962890625,2.8011064942991695,2.5588519163916272,29.092626571655273,0.10257784277200699,0.16965392231941223,1.853724888392857e-05,5.433662105393372,0.20343311192471522,1.333097847077338,-1.71661376953125e-05,3.740063287743662e-08,5.433662432144719,0.0005348280959155254,0.20321495781816298,2724.0,-0.002711612731750497,0.018304635561795575,-3.0137207653117057,0
30,0.8766899907816024,-0.1435468099770092,-0.26883393334774747,0.010417837775569021,0.04686216808221263,0.028403229134411432,0.9298000335693359,0.2778000235557556,0.3489999771118164,26.29944286635944,4.3061640136156765,8.064693143282618,0.9297904155355905,0.007989433968839166,27.89238995851691,81.4149311988255,10.432099514876771,94.5945945945946,94.5945945945946,7,0.1794871794871795,0.15131787697621396,0.7521611721611721,0.12262644316182089,4.746928779675119e-05,0.44066809971055354,0.005680963243539839,0.38750197130570724,0.01289170522502377,1.4576190476190476,1.7842857142857143,0.9589721916714232,1.047986082890404,0.8169202028289299,12.395222981770832,12.5799560546875,71.38246910458518,12.350571428571428,8.827423473679818,7.862266257957176,7.421694155092592,2.9978594626770723,2.966575032574888,29.153539657592773,0.038068417459726334,0.0834599956870079,4.792712983630952e-06,5.287901017048388,0.21611780543884068,1.5318322732425573,-1.4623006184895834e-05,-9.659032737180572e-10,5.2879002160741395,0.0005217711139431788,0.21590045507719408,2712.0,-0.0026472455052828584,0.0169577033349269,-3.0137207653117057,1
31,0.8605482476949692,-0.14775370524610792,-0.29997171428941544,0.047823522709351036,0.051803390639179527,0.11003207787715454,1.089400053024292,0.2778000235557556,0.6926000118255615,25.815051430804388,4.43241715742009,9.004919428314482,0.932336849937514,0.01353552419270988,27.968655915509714,82.54762117868557,11.66952205291062,95.23809523809524,95.23809523809524,10,0.2564102564102564,0.2040943685607114,0.7467399267399267,0.14447543060664061,0.0002053898448979596,0.794826529779803,0.0015801415113639368,0.6332770241916195,0.00198803317725403,1.81,2.0611904761904762,0.9381114332660537,0.8652801900287767,0.8781333025297448,12.395222981770832,14.646402994791666,80.94170982724144,16.837053571428573,7.99593980942238,9.967791239420574,10.051778157552084,3.0299671501077805,2.0889294078019485,29.190385818481445,0.04792492836713791,0.10004554688930511,4.9322219122023806e-06,5.079821460411995,0.15280328764607362,1.1607104830507249,-2.9591151646205357e-05,-1.0418259729934769e-08,5.0798215228869,0.0005309811659357462,0.15247449765313575,2690.0,-0.0025647517005793624,0.01652416071007508,-12.663161971804765,1
32,0.7874485714832942,-0.13991932421638853,-0.3976785335086641,0.11945064334540324,0.05665193681532,0.25891497160952054,1.145400047302246,0.2778000235557556,0.8700000047683716,23.622404287372316,4.201182440647057,12.639477002790995,0.9387913045445189,0.03141071806836086,28.162396199111555,80.51120575959168,11.98852938298178,95.89041095890411,95.89041095890411,14,0.3684210526315789,0.20912577730540713,0.7663909774436091,0.14632840397214025,1.2070661224489668e-05,0.6062149206376501,0.008083928758093209,0.4829256728810431,0.013335087083620589,1.6892063492063492,1.65625,0.9325983770789058,0.547814739232533,1.0198981731057202,12.395222981770832,14.646402994791666,76.61419743129186,15.757744360902254,8.406156397186601,8.744710286458334,7.926050821940104,3.7930577214249697,2.912996400676646,29.202096939086914,0.05195116251707077,0.10515376180410385,-1.9197009858630953e-06,4.930404849088985,0.14107523246220866,0.8407741640888655,-1.8365042550223213e-05,2.8076678178612703e-08,4.930405721106268,0.0005401410499817437,0.1407021989709048,2691.0,-0.00259299655396804,0.01431780576092779,-12.663161971804765,1
33,0.7001646565823328,-0.11459268607979729,-0.5540183430228914,0.11765647182086787,0.034331978863570256,0.2642207797081961,1.145400047302246,0.2516000270843506,0.8700000047683716,21.003871411681175,3.4413357251456804,17.329737431066377,0.9455925624535532,0.031423093928236875,28.36643081683115,79.26464738451446,11.685956422818787,95.89041095890411,95.89041095890411,13,0.35135135135135137,0.15687693950883883,0.7755984555984556,0.1288424335526552,0.00047449286530612105,0.5279975571417619,0.010394877124865143,0.3388298764672503,0.019687358367974847,1.635357142857143,1.4801587301587302,0.533903965032618,0.35933324779096354,1.1048525469168902,12.012430826822918,14.646402994791666,65.74717530750094,14.995338345864662,8.408852220703203,6.914596557617188,7.05524585865162,3.654366190170447,3.133053686299162,29.181842803955078,0.0735943466424942,0.12319876998662949,-7.254464285714286e-06,4.786989124756382,0.10339993658779913,0.971336510232612,-2.045404343377976e-05,-6.241643661334933e-08,4.7869892241260485,0.0005524799568756665,0.10286683293169999,2713.0,-0.0026550380157678503,0.012523160918038468,-12.663161971804765,1
34,0.6277478751568567,-0.11187496249732518,-0.6763273526316598,0.054826392003115364,0.015900511801755945,0.19952051458047332,1.145400047302246,0.20759999752044678,0.8700000047683716,18.8312173976217,3.359821589035647,20.993040576832634,0.951992266632401,0.02792864947815055,28.558299147954145,77.47774755262346,10.284390988728681,95.89041095890411,95.89041095890411,11,0.2972972972972973,0.06787050829109512,0.7881081081081082,0.10384980778166308,0.000208773011245314,0.12658433940171127,0.01571033979934767,0.04030727557815694,0.12410966375146472,1.4841269841269842,1.3220634920634922,0.41704143387818987,0.1641318963988106,1.1225837435466441,9.653727213541668,6.037801106770833,51.937306722005204,15.980285714285715,8.255223153017878,5.170977557146991,4.7011537905092595,1.1714829397143258,1.7974191280345893,29.104555130004883,0.09359367936849594,0.14815954864025116,-1.4442080543154762e-05,4.663845916162428,0.11193065594239823,1.259186597917386,-1.5167962937127977e-05,-8.565403310608616e-08,4.66384678862608,0.0005997834286232904,0.11139970783716001,2715.0,-0.0027492521921854167,0.00928180689889406,-16.26650853884567,1
35,0.6172008567424048,-0.11227248661291031,-0.7177496858835221,0.005706076583589327,0.005025015365233176,0.006942173063469827,0.6390000581741333,0.1412000060081482,0.7594000101089478,18.515148559468134,3.3680185983862194,21.53146043368748,0.9533066833001859,0.00435796181031675,28.597838546187788,72.58541402426249,7.804092587919222,92.9203539823009,92.9203539823009,12,0.34285714285714286,0.0708929497491087,0.8355918367346938,0.08411734925971358,1.4846080799667665e-07,0.15916006782264444,0.013898678902160448,0.025751061352371228,0.0873251632290585,1.5158571428571428,1.2792063492063492,0.25561246975426993,0.08354425310732794,1.184998138726889,5.611470540364583,6.037801106770833,44.191932460239954,15.23972789115646,8.3119818045841,4.769429524739584,4.925164116753473,0.6637782068000369,0.43236286896388343,29.018224716186523,0.07627421617507935,0.14876314997673035,-1.3682047526041666e-05,4.530319868510726,0.1256490339473996,1.1304130657208191,-2.0599365234375e-05,-2.9638433078104745e-08,4.5303201239279725,0.0006210561212702964,0.12515418504970538,2709.0,-0.0027473231371422787,0.008420830932877627,-9.88912421261796,1
36,0.6177600570179167,-0.11380882930471783,-0.7170316572728611,0.006021799637205256,0.006917651188052014,0.007102284082692389,0.6402000188827515,0.14459997415542603,0.7594000101089478,18.53190542485033,3.4141240219984734,21.509929146766662,0.9533241069707348,0.0046947505182379475,28.59835752654781,72.82209255579673,4.799160917445332,82.19178082191782,82.19178082191782,12,0.3333333333333333,0.04701962867834626,0.8275396825396827,0.0549815585565298,5.188703107038719e-05,0.06712541222094912,0.0039333323165159795,0.007895975510152203,0.05859676963426422,1.4021428571428571,1.280857142857143,0.24874316727360796,0.08248982621251805,1.0946910550970332,5.420633951822916,5.572916666666668,45.617631240118115,15.436233766233766,8.663697044760207,4.810689290364583,4.813893636067708,0.4935215770420621,0.3803959197579061,28.947683334350586,0.05799069628119469,0.11565443128347397,-7.517496744791666e-06,4.3884037574196615,0.12136500295576663,1.074537161233771,-2.0399547758556546e-05,6.473307342404861e-08,4.3884037144837595,0.0006473034927625289,0.12082152042243324,2704.0,-0.0027479182015793147,0.008542527662431928,-6.485400841766474,1
37,0.6188195142518906,-0.11226398142178853,-0.716125171366192,0.006522195818677578,0.008098294805864976,0.007540368649125619,0.6441999673843384,0.14459997415542603,0.7594000101089478,18.563710713216235,3.367772014098508,21.48272971238409,0.9531612478367228,0.004966689706589822,28.59348151196211,74.11289539288309,7.560720217223908,94.17040358744394,94.17040358744394,10,0.2777777777777778,0.05701874276270099,0.8175,0.07822678743313471,8.660391503540072e-07,0.08574118035759634,0.008791244035583599,0.027265930857037685,0.10253234208951181,1.3337662337662337,1.2797142857142856,0.29965612494952815,0.13969178901555865,1.0422375124317522,5.420633951822916,5.572916666666668,44.088566444033674,15.196770186335403,8.388555151893588,4.65097138375947,4.675781249999999,0.5080794113867688,0.5223490728503911,28.899293899536133,0.047650132328271866,0.09385988861322403,-5.327497209821429e-06,4.247050051246164,0.1219794326759094,1.1389103231554456,-1.9073486328125e-05,5.2293978397932046e-08,4.247049397008095,0.0006281379947957066,0.12144095278903193,2709.0,-0.002693024052193571,0.008850833958771225,-7.41969409851555,1
38,0.6196684095405397,-0.10893910428172066,-0.7154871906212398,0.007064639793908821,0.009897816781948345,0.007920151011365107,0.6441999673843384,0.14459997415542603,0.7516000270843506,18.58916814335755,3.268021557033062,21.463594004341534,0.9528715368171881,0.005002518909486779,28.584786441443413,73.29015143889357,8.083000242612897,94.17040358744394,94.17040358744394,9,0.2571428571428571,0.05666290032913497,0.8279183673469388,0.08442661543861031,6.911377326114117e-05,0.07202500465357639,0.004709021539489905,0.01834249453831169,0.06538037119385426,1.2037142857142857,1.3067532467532468,0.2271232695956906,0.1672888594302041,0.9211488769628304,5.569661458333334,5.572916666666668,43.26105528331937,14.196459627329192,8.3702732956219,4.628041585286459,4.596761067708333,0.7026821753202307,0.753636657103274,28.86052131652832,0.041965629905462265,0.09914986789226532,-5.052839006696428e-06,4.111091541475378,0.1174562940546157,0.9958713609658072,-1.8909999302455358e-05,-5.649551566529862e-08,4.111091311071051,0.0006376972329830137,0.11687120776449947,2710.0,-0.0027068849121024,0.009161961200847755,-7.5283900182346875,1
39,0.62132691410042,-0.10399973237798328,-0.7142952097682725,0.0056803821787197095,0.005615412772601922,0.007003800087338741,0.6441999673843384,0.12339997291564941,0.7450000047683716,18.6389134230784,3.1198639713014873,21.42783129308905,0.9524573985423492,0.0042990694400587654,28.572355658153903,69.93944724684557,8.106224749397526,94.17040358744394,94.17040358744394,8,0.24242424242424243,0.05632166636420495,0.8675757575757577,0.08408956915032215,4.4328420491461915e-05,0.06351080838413312,0.00605554413145939,0.03025383123512199,0.09534667067743141,1.51015873015873,1.3611111111111112,0.4062702676301728,0.13650609079593853,1.1095043731778425,5.569661458333334,5.307006835937501,38.601756359282,14.177142857142858,8.322228398103723,4.112311469184028,4.1128313982928235,0.7056686321735416,0.7501524465652937,28.823516845703125,0.04632071778178215,0.09317152947187424,-5.189441499255953e-06,3.9853248725158363,0.1021288993499362,1.1287056995320657,-1.7420450846354166e-05,-7.945858921235332e-08,3.9853249748089925,0.0006624174418722286,0.1014355767726984,2708.0,-0.00269984440612575,0.00909653615776431,-7.5283900182346875,1
40,0.6213992191212517,-0.1028614845304262,-0.7141923814870063,0.006262518721744902,0.0056151595468476,0.007642385811270084,0.6446000337600708,0.13739997148513794,0.7473999857902527,18.641102573701314,3.0856895359073366,21.42473601605211,0.9523120069391399,0.004385083385622353,28.5679963238752,70.07663235763498,5.2102286871516545,83.83233532934132,83.83233532934132,9,0.2647058823529412,0.04806651235932985,0.8607563025210084,0.06142977846587975,0.0002877523698458978,0.03996703885578929,0.0018293082282055577,0.016062205875867114,0.04577042184201193,1.4908571428571427,1.2384285714285714,0.3920106204308912,0.16015356151302448,1.2038297381474217,5.569661458333334,5.476481119791666,39.68809472946893,15.298441558441557,8.865339702181851,4.240041097005208,4.294331868489583,0.8065324476795005,0.822874415760113,28.793712615966797,0.04057197645306587,0.08760422468185425,-4.163469587053571e-06,3.877578211491417,0.08651147937882485,0.8646633678759742,-1.4368693033854166e-05,4.794732548133339e-08,3.8775775263277903,0.0006926600795699212,0.08564530901861454,2713.0,-0.002695846793753869,0.009312945884550679,-7.5283900182346875,1
41,0.6217736382597969,-0.10389383692116964,-0.7138722289460046,0.00569451947541218,0.005122489933971891,0.007272498577168102,0.6446000337600708,0.13739997148513794,0.7473999857902527,18.65232029063361,3.1166681076373375,21.415154725483486,0.952419173518468,0.0043841134219731155,28.571220167138204,70.96850612862663,5.134935678558354,83.83233532934132,83.83233532934132,9,0.2647058823529412,0.048651576349195445,0.8497899159663865,0.060260670604645857,4.910291112036651e-05,0.05182987153534328,0.004273998307249729,0.01057102308296607,0.08246206638454137,1.3867142857142858,1.2112857142857143,0.3565824460294232,0.11393777392300856,1.1448283995754216,5.295206705729168,5.476481119791666,38.42882007417225,16.00642857142857,7.874141125823677,4.193135579427084,4.196380615234374,0.7706133683943486,0.6609685459916687,28.78211212158203,0.03279385343194008,0.07860477268695831,6.844656808035715e-07,3.7826363708080493,0.07982474454469399,0.8594613844096295,-1.2624831426711309e-05,3.669266068954892e-08,3.782636258880773,0.000742426379902561,0.0788722826092631,2719.0,-0.0026275081115929005,0.009306855856929891,-5.490316318600507,1
42,0.6216536103997912,-0.10459104663985117,-0.7139228766049658,0.0056778028655650355,0.005034703260669583,0.007257054905918418,0.6446000337600708,0.13739997148513794,0.7505999803543091,18.648722026262966,3.137592827805451,21.41666272674288,0.9524542303726988,0.004422858078731201,28.572265777660963,75.59057902473609,16.724303505837067,161.53846153846152,161.53846153846152,10,0.2777777777777778,0.09561645929770529,0.8163888888888889,0.1068936181014981,5.2075368596417215e-05,0.4372264661909391,0.013516775490895744,0.14258845877412624,0.030914815401391776,1.3377142857142856,1.1883116883116884,0.19841226920588498,0.09509651026260367,1.125726775956284,5.236714680989583,5.476481119791666,39.89696582612537,14.299751552795032,8.54329937836395,4.163686116536458,4.168756658380682,0.6428441638941086,0.4643288819913482,28.79355812072754,0.03574422001838684,0.08205489069223404,2.593994140625e-06,3.6881888368562157,0.08473017697565377,1.4633961033451446,-1.3696579706101191e-05,-1.6477194996372418e-08,3.688188887359927,0.0007563035697410823,0.08380260063120573,2717.0,-0.002589487199595778,0.009238756317914437,-5.529842023164745,1
43,0.6217353247574398,-0.10523566571587609,-0.7139957717231342,0.0041835548331700225,0.0032790517703473634,0.005962390305920572,0.63919997215271,0.11959999799728394,0.7505999803543091,18.65117459986891,3.156907828620502,21.418842008880205,0.9526106001119121,0.00402124266292147,28.576949389756304,74.95411361468794,16.958520062958595,161.53846153846152,161.53846153846152,12,0.34285714285714286,0.0989658410517388,0.8238367346938776,0.10738002128544198,7.169279466888829e-06,0.44354798880435464,0.011015683179508209,0.014119511063419006,0.02483538074245927,1.4888571428571429,1.2168253968253968,0.15903638397728811,0.07110969386342811,1.223558570310462,4.865214029947916,4.898274739583334,39.938374473935085,14.781428571428572,8.220114229117947,4.211018880208333,4.1485369646990735,0.577523054998634,0.4677679627447,28.813716888427734,0.03463668003678322,0.08635357767343521,6.006150018601191e-06,3.588234704481148,0.09258592451239564,1.221653382900358,-1.5476771763392856e-05,-6.737969706390097e-08,3.588235230742895,0.000744244825218951,0.09173188389140731,2718.0,-0.00258064406252232,0.009047185642912303,-8.844930108796191,1
44,0.6203887910615831,-0.10470387563251314,-0.7152443812290827,0.0053288646924921634,0.007013827101746516,0.006948724882619672,0.6460000276565552,0.14840000867843628,0.7533999681472778,18.610772874695915,3.1409696975776127,21.45631843686104,0.9526387478906477,0.004996988238153942,28.577805489547266,77.6519429430956,16.116326376258442,161.53846153846152,161.53846153846152,13,0.35135135135135137,0.09859241782514368,0.7927027027027027,0.10106645009160287,0.00011449873486047472,0.4999393613161702,0.006673358228311103,0.03293325209909469,0.013348335307590949,1.417,1.2306493506493508,0.22432433698389775,0.10868818676835157,1.1514246517517939,5.509440104166667,5.6951904296875,43.48398190452939,15.502360248447205,8.78874072611025,4.59857177734375,4.616162849195076,0.5473287000362266,0.43658872386876607,28.81561851501465,0.03433450311422348,0.09329240769147873,-3.823416573660714e-06,3.4842919874211717,0.09077184860352107,1.0127439777161562,-1.5276954287574405e-05,-4.4256839611894817e-08,3.4842917727145926,0.000718687512065543,0.08987973207603782,2700.0,-0.00260271811949617,0.009476283210992292,-12.928451017551684,1
45,0.6605008383762269,-0.124576247215271,-0.6135759810805321,0.09637434572793221,0.049015726680220036,0.25059378430962864,0.9328000545501709,0.2896000146865845,0.7878000140190125,19.813914722715104,3.737070273586682,18.628864437213966,0.9500776165531192,0.009818689358476771,28.50096985319884,77.19247578715336,7.492851509675682,97.4477958236659,97.4477958236659,14,0.3783783783783784,0.07571054198591141,0.7842084942084943,0.07200688355428093,9.066148837984217e-05,0.2018422941790402,0.0015636836336360496,0.029725577338311143,0.0077470563837775995,1.274142857142857,1.2045454545454544,0.2448560176670263,0.13204797321002326,1.05777897574124,7.805277506510418,11.56158447265625,54.577524820963546,15.656770186335402,8.161187369218458,5.151275634765625,5.499988902698863,1.9844597120384857,0.9521463154500157,28.802669525146484,0.03917807340621948,0.09329240769147873,-6.830124627976191e-08,3.4067718569797925,0.07013800870461515,0.8533537165878068,-6.884620303199405e-06,-4.715934376529726e-08,3.406771082333586,0.0007009640207405579,0.06896749115579084,2697.0,-0.002524535807307167,0.011099734778876337,-3.4120072465869677,1
46,0.6781378476052057,-0.11075079990000952,-0.5874817714662779,0.1002292987281191,0.06289602524817202,0.2574916887102606,0.934999942779541,0.2896000146865845,0.7878000140190125,20.343230142423085,3.3366891391362463,17.84615814843348,0.9473405754428431,0.01100627222556101,28.418865295773205,79.53225072108683,7.417821596605795,97.4477958236659,97.4477958236659,13,0.34210526315789475,0.07266573387993051,0.7607894736842106,0.06896869366258293,8.503098109121236e-05,0.17927103561979754,0.003313735156546207,0.0687784893387641,0.018484498318925645,1.1732467532467532,1.2420779220779221,0.20899715571747124,0.18994126973992045,0.9445838561271434,11.4935302734375,11.56158447265625,53.689009530203684,14.938154761904762,8.365128302068197,5.621846516927083,5.6285418886126894,2.100632424264781,2.2884553686967672,28.803863525390625,0.043343424797058105,0.11274299770593643,-1.4328729538690477e-06,3.3545565147648753,0.0488937916068969,0.8289726103053746,-7.901872907366072e-06,-5.729105217607493e-08,3.3545565047418284,0.000717051895061546,0.047226271972070764,2686.0,-0.0024882412360944122,0.01168414834308508,-3.4120072465869677,1
47,0.6877131043559029,-0.09542700025013515,-0.5777757332977794,0.09532546895970961,0.0680679805744039,0.25292394942620405,0.934999942779541,0.2896000146865845,0.7878000140190125,20.630488559263092,2.8769812924947056,17.554970860523838,0.9452357487730593,0.010026101635629092,28.355717160818937,77.19120653722983,8.685659881958829,97.4477958236659,97.4477958236659,14,0.3783783783783784,0.07335729355017676,0.7866409266409266,0.08374060770326751,1.4127020408162643e-06,0.1610340608994263,0.0030021057251003085,0.041268648795597426,0.01864267539632669,1.3153246753246755,1.2567142857142857,0.3404335830320849,0.1863024203727227,1.0466378000764724,11.4935302734375,11.56158447265625,51.370432245163684,14.275962732919254,8.547731898733762,5.186841560132575,5.113311767578125,2.4794204113778715,2.4906430108785402,28.808164596557617,0.043962933123111725,0.11532746255397797,1.091366722470238e-06,3.3004527693447354,0.07326060217257269,1.1199721749816502,-8.374168759300596e-06,7.775981315434329e-09,3.3004527089779025,0.0007143789670724637,0.07213806095648952,2691.0,-0.002449091227473171,0.011605687745870926,-3.4120072465869677,1
48,0.6552955610297975,-0.05956281975337437,-0.6718134566204889,0.04161521037742011,0.026453055903149062,0.08994867009809292,0.934999942779541,0.24459999799728394,0.7217999696731567,19.657739973749432,1.8009821633355958,20.154491412511895,0.9459230319504892,0.0067300132303707745,28.376332219360005,74.39413144388715,6.258665675367959,94.38202247191012,94.38202247191012,9,0.25,0.05115972814877499,0.8117857142857143,0.06308614040430047,1.1867321949187836e-05,0.08657384442932796,0.002364217077858278,0.007433841987755067,0.02730867611855031,1.3597142857142857,1.245142857142857,0.34152586778653665,0.17271800775854737,1.0920146856356125,5.009562174479167,5.942891438802084,40.73071637834821,15.164545454545454,8.215739844598936,3.9003804524739585,4.099945068359375,0.904569217804515,0.7717313787545395,28.796836853027344,0.05522102490067482,0.11532746255397797,-5.525134858630952e-06,3.2214285027361513,0.08971151682584343,1.0387259932285247,-1.4822823660714286e-05,-5.757970587806281e-08,3.221428352945458,0.0007478761923150924,0.0887798610654406,2698.0,-0.002515309038948294,0.01030004685071861,-4.893695902915583,1
49,0.6454393229995455,-0.05653572445824033,-0.690215875353132,0.0054457867825258325,0.005807648622548672,0.006751583688134019,0.6706000566482544,0.10280001163482666,0.7281999588012695,19.36224926148142,1.695991019478866,20.705498260600226,0.9467165170972851,0.004792485504163017,28.40014320098644,72.07620121137278,3.5424665185835944,78.79924953095684,78.79924953095684,10,0.2857142857142857,0.04617610738420101,0.8344897959183672,0.04152226261149765,7.583921632653049e-05,0.07186452094571069,0.0009313258872814757,0.005732573736356973,0.01295946699463893,1.38,1.2064285714285714,0.2810056446685741,0.06738936511507024,1.1438721136767318,5.097249348958334,5.942891438802084,41.02323397681827,14.932176870748298,7.755040952737082,4.309873227719907,4.360738118489584,0.7904034389767496,0.5452084330291675,28.754850387573242,0.056264203041791916,0.13227148354053497,-5.801246279761905e-06,3.1224750449592618,0.08386893467872382,1.099365115643093,-1.33514404296875e-05,-3.37184410525657e-08,3.1224754738274916,0.0007558406698924455,0.08281699330788597,2714.0,-0.0025707917136014355,0.009943969900416013,-4.3877972050031575,1
50,0.6440577044714065,-0.05608207676808039,-0.6918121799826622,0.004989771353510221,0.005388918163195914,0.006401015598281627,0.6706000566482544,0.10280001163482666,0.7281999588012695,19.32080999127456,1.6823781601871763,20.753381399512293,0.9469071104158724,0.00463183523497617,28.405862813122834,71.93249312238189,3.0308599141742505,77.20588235294117,77.20588235294117,11,0.3142857142857143,0.04401653078097814,0.835591836734694,0.035073220251955035,3.92233795918367e-05,0.08245752013253073,0.0011292448597196479,0.0038867619945327026,0.013694868071519213,1.4741428571428572,1.2234285714285713,0.2542619972888322,0.08952527861003326,1.2049276039234005,5.097249348958334,5.555013020833333,39.94606381370908,14.90103896103896,8.710119753429096,4.247975667317708,4.218159993489583,0.5438725057319361,0.35741596949527255,28.72611427307129,0.03705177083611488,0.11032439768314362,-3.4775506882440478e-06,3.0302833610532125,0.07815434393940303,1.185982903220937,-1.2370518275669643e-05,1.604622217796006e-08,3.030284233218643,0.0007750656624074923,0.07700519123488275,2714.0,-0.00255605678468436,0.009963345495035174,-3.404112712821709,1
51,0.6433283527351561,-0.0574086195741381,-0.6926089231939543,0.005008885671330549,0.008085923670574494,0.0066092684951152,0.6693999767303467,0.12559998035430908,0.7281999588012695,19.29893015350614,1.7221745872071812,20.77727869587285,0.9470933330399287,0.004755161496779989,28.411446341933285,72.81020819767667,4.91312295089877,85.02024291497976,85.02024291497976,12,0.34285714285714286,0.05496752287877425,0.8275918367346938,0.05248992287412837,9.805844897959013e-06,0.09188140269710676,0.0025619459885139547,0.0071214552588226565,0.027883183248296528,1.461142857142857,1.1897142857142857,0.24210960580796828,0.13288448259403998,1.228146013448607,5.097249348958334,5.555013020833333,39.61285066150484,15.598181818181818,8.484098617253109,4.185536702473959,4.185496012369791,0.523219393783917,0.36107167961013,28.710769653320312,0.03628632053732872,0.11032439768314362,-2.1812802269345236e-06,2.9443467561928784,0.07368254048609846,1.033626232109855,-1.2116205124627975e-05,1.3373997667623717e-07,2.944346118825099,0.0007691105852127441,0.07244873814723966,2707.0,-0.002521320715568604,0.010319191103225314,1.410158378996208,1
52,0.6423570297615868,-0.05917132459651856,-0.693704828063647,0.004477262627276966,0.007173299543544469,0.006348666099817252,0.6649999618530273,0.12559998035430908,0.7202000021934509,19.269779321466174,1.775056166435991,20.810166984796524,0.9473345996331846,0.004376279641930529,28.4186848248714,72.66239066941503,5.239508645964538,85.02024291497976,85.02024291497976,9,0.25,0.05118308758574941,0.8298015873015873,0.05653260730844147,5.650808163265263e-06,0.046058837902563175,0.004814117360681717,0.01177405659075792,0.10452103396238338,1.3835714285714287,1.2195714285714285,0.1480585240052468,0.16793104756028254,1.1344734684315334,4.260457356770833,4.534098307291666,36.69966692243304,14.89974025974026,8.135225971188126,3.894510904947917,3.9407552083333335,0.2836918680402856,0.26350353581423647,28.676713943481445,0.06251831352710724,0.15211735665798187,-8.24555896577381e-06,2.862662936635179,0.070708801008261,1.2991652485770222,-1.1425926571800595e-05,8.019756223277672e-08,2.8626628935546057,0.0007982235020408584,0.06940841564357217,2696.0,-0.0024687436119578384,0.010201808813533561,1.410158378996208,1
53,0.641792754462787,-0.06098682961293629,-0.6944582566164789,0.0043430085000373195,0.006616121545820036,0.006347299533859625,0.6649999618530273,0.12559998035430908,0.7202000021934509,19.25286777666637,1.8295183169416018,20.832762984207697,0.947614646093954,0.00435990329149238,28.427092477152655,73.37672123107203,5.147275485017446,85.02024291497976,85.02024291497976,7,0.19444444444444445,0.04850535722268511,0.8215873015873015,0.05561425470397548,2.7295293627655124e-05,0.05692621466986357,0.007429593984294266,0.02737589963453979,0.13051270012210126,1.3385714285714285,1.2805714285714285,0.13275879616501376,0.1919026113550776,1.0452922802320392,4.260457356770833,4.534098307291666,35.720460946219305,14.011623376623376,8.375379639117394,3.804565429687499,3.784210205078125,0.37339211802345,0.3225169476615752,28.623247146606445,0.06582984328269958,0.1318584531545639,-7.1541922433035715e-06,2.7861890915002,0.06573871912800833,1.031006669975097,-1.0880969819568453e-05,2.450870143562522e-08,2.7861887796379246,0.0007913721905881626,0.06433379150297408,2702.0,-0.002485309508373485,0.010093847174101151,1.410158378996208,1
54,0.6409671453180767,-0.06153216312612806,-0.6954221232363156,0.003960721082907953,0.0029197370815879516,0.0060932490075893,0.6619999408721924,0.07499998807907104,0.7197999954223633,19.228098502414568,1.8458773223417146,20.86167455426284,0.9477773448093039,0.004057399229416928,28.431969464504686,73.06809496981546,3.925349999255963,83.66533864541832,83.66533864541832,7,0.19444444444444445,0.04099704888760545,0.8234920634920635,0.04367401979482828,2.033457792586414e-05,0.050868160113277425,0.002862924322992641,0.00831009936706362,0.05628126349797682,1.3204761904761906,1.3965714285714286,0.07934539438415644,0.11380470202975639,0.9455128205128206,4.564615885416667,5.316060384114584,35.66567775181362,15.396054421768708,8.189031903644299,3.6184579354745363,3.7170511881510415,0.5729184285230714,0.36457691062223896,28.57741355895996,0.042206697165966034,0.1111391931772232,-5.1792689732142855e-06,2.7160251999428136,0.05931169910888996,0.9361500263706672,-7.411411830357143e-06,-1.1491761454226806e-08,2.716025007392626,0.0008101502854213097,0.057720446096858384,2702.0,-0.002497714313176307,0.009704361709543594,-8.203590641423006,1
55,0.6405934975204014,-0.06215201071614311,-0.6958757518387976,0.004083048167953635,0.0030090042425249255,0.006091451646038509,0.6619999408721924,0.07499998807907104,0.7202000021934509,19.216882925544468,1.864471321446555,20.87529441233192,0.9478988295441001,0.00407475393692479,28.43561765790378,73.14615414049476,3.7977567864782533,83.66533864541832,83.66533864541832,8,0.22857142857142856,0.04362546587154117,0.8224489795918367,0.04194897835076621,1.8945588671386928e-05,0.06071736459362183,0.0034531286030672877,0.01188727982609185,0.056872175302385045,1.3728571428571428,1.3634920634920635,0.16780455103166533,0.11069991941837204,1.0068684516880093,4.564615885416667,5.316060384114584,37.95258556547619,14.846190476190477,8.201201544306004,3.8998514811197915,3.898891872829861,0.6069898128345101,0.44892466969583295,28.55779457092285,0.03317514806985855,0.11330001056194305,2.7175176711309524e-07,2.6509586637754974,0.05611583502319077,0.9957182862348746,-8.628481910342262e-06,-6.778615850694042e-08,2.6509588999662252,0.0007971283859980836,0.054380610552208386,2705.0,-0.0024816039789120905,0.009697957897490297,-8.291022474652934,1
56,0.6405167256253106,-0.0640732101684525,-0.696069913696675,0.004109634266587644,0.0038408168483119536,0.00597388095044669,0.6619999408721924,0.08079999685287476,0.7206000089645386,19.21458719730377,1.9221057336245264,20.881116125200474,0.9481197687006456,0.004075443689824464,28.44224860250314,71.86517610473399,4.390228712554852,83.66533864541832,83.66533864541832,10,0.29411764705882354,0.04950028578842184,0.8379411764705882,0.04997981726687366,5.640316534776447e-09,0.06252179258397476,0.0038507241197152124,0.013864224258814943,0.06159011059292962,1.4385714285714286,1.340142857142857,0.1781996129087163,0.08596261645954845,1.073446327683616,4.564615885416667,5.316060384114584,39.73798007056826,14.449387755102041,8.371192069880586,4.199840404369214,4.126627604166666,0.6902381317097849,0.3548242911346269,28.556859970092773,0.03342396765947342,0.11330001056194305,1.7714727492559524e-06,2.58911682829324,0.05537070501209613,1.0547431728853112,-7.302420479910715e-06,-4.414347277931605e-08,2.5891169535970278,0.0007974585090427576,0.053563293497609174,2708.0,-0.002458915239992292,0.009816061853932353,-4.114973793781894,1
57,0.6406579442591894,-0.06560045712902432,-0.6960396946214494,0.004976384512261616,0.006044380522922264,0.006580235897171518,0.6713999509811401,0.11959999799728394,0.7222000360488892,19.2188223277671,1.9679231424416814,20.88019498148135,0.948312590902115,0.005010627342771225,28.44802163234021,73.6279075001459,6.749394337907585,92.3076923076923,92.3076923076923,12,0.34285714285714286,0.059770971446104555,0.821469387755102,0.07209362694023481,1.810241999167021e-05,0.11468024701359043,0.004305685827307752,0.06154140277131921,0.037545139110116296,1.3888888888888888,1.3585714285714285,0.21707578097014749,0.3193763054608089,1.0223156910854072,6.042989095052084,5.973002115885418,40.77207329159691,15.550204081632653,8.498940850786811,4.3868227358217595,4.342915852864584,0.8408989317583561,0.6370829585569558,28.570329666137695,0.04088931530714035,0.11330001056194305,2.453031994047619e-06,2.529999919292115,0.0518292003958893,1.8141205451611675,-1.068115234375e-05,1.2315069389806599e-08,2.529999202109809,0.0007897219389618751,0.04981846672221543,2706.0,-0.00246238753906994,0.010173684535907945,-8.893716425228911,1
58,0.6407254104784557,-0.06688308529626756,-0.696103608968712,0.005882171959213242,0.007631332634536051,0.007193211861817072,0.6862000226974487,0.11959999799728394,0.7244000434875488,19.220847742898123,2.0064024160163743,20.882110697627066,0.9485128038252015,0.005538376303518302,28.45402775347393,73.23579277651285,6.9203394478043005,92.3076923076923,92.3076923076923,13,0.37142857142857144,0.061392406786543396,0.8262857142857142,0.07482239417817327,4.937786855476892e-05,0.08777490363148513,0.006335691619161721,0.015759760250794782,0.07218112873995898,1.285,1.3011428571428572,0.20355739299985634,0.34220580989593175,0.9875933245498462,6.042989095052084,5.973002115885418,39.11695716494606,15.54603896103896,8.208690256075501,4.168935139973959,4.134704589843749,0.9533006568328577,0.6765516866154351,28.589763641357422,0.039953265339136124,0.09071264415979385,2.1115257626488095e-06,2.4740612102141806,0.049199586439630134,1.9603513888599506,-8.301507859002975e-06,3.4254468634023994e-08,2.4740612126628987,0.0007977011689525225,0.047010680997828534,2710.0,-0.0024691250635200408,0.010324101361670683,-8.893716425228911,1
59,0.6395011534690856,-0.06620464731398083,-0.6973873805801074,0.006401020873927036,0.00817594141151784,0.007645952103474392,0.6862000226974487,0.11959999799728394,0.7289999723434448,19.18412031837872,1.9860418479783195,20.9206368459974,0.9485921069558149,0.0057648501743599746,28.456416029855703,73.71605004723824,6.839201994985006,92.3076923076923,92.3076923076923,13,0.3611111111111111,0.05999173898426088,0.8207539682539683,0.07408128626076141,0.00010266238667221989,0.0743929112133061,0.006901432103528232,0.013787564698854898,0.09277002325853091,1.2705714285714285,1.2693506493506492,0.18051197031934318,0.3258967156214145,1.0009617352158788,6.042989095052084,5.973002115885418,39.52833462669736,15.162919254658386,8.18535184479668,4.284393310546876,4.289014411695076,0.8408376793889456,0.6607631409432679,28.594087600708008,0.03747466951608658,0.0902843177318573,-2.7320498511904764e-07,2.4221359528301387,0.04675220541719821,1.7035819675012283,-7.120768229166667e-06,3.2913286775691965e-08,2.422135092729776,0.0008071640574201201,0.044437658177034954,2706.0,-0.00245866893126927,0.010367177134073586,-9.91490449749842,1
60,0.6374175727424167,-0.0654411904783476,-0.6994815806774866,0.006658485231754996,0.00793337579091131,0.0077506056818904415,0.6862000226974487,0.10540002584457397,0.7303999662399292,19.1216181822334,1.9631391429049627,20.983437563180924,0.9486819381206244,0.005302754782758433,28.459095896475212,71.61806986385872,6.632935530763895,88.42105263157895,88.42105263157895,15,0.42857142857142855,0.05973531052006989,0.8448571428571429,0.07693865641738198,3.109104539775009e-08,0.05737538823596455,0.016045613428423873,0.005438329286059794,0.2796602153249748,1.2714285714285714,1.2395714285714285,0.13780050650065384,0.10230815795269442,1.0257001267719257,4.675191243489584,4.952596028645834,38.48113098144531,14.524545454545454,8.057446119331496,4.059305826822917,4.086110432942708,0.559371866544339,0.30908388067291137,28.579187393188477,0.039451975375413895,0.11079467833042145,-3.949846540178571e-06,2.3724825119644137,0.04428172621948174,1.5350696455084556,-6.975446428571428e-06,-1.3636323019295953e-07,2.372483422560686,0.0008248964746960975,0.04185908911800488,2709.0,-0.0024360368651529987,0.010106792609393464,-6.34665792821031,1
61,0.6356125445082074,-0.06458505719332468,-0.7013182760193234,0.005869664056104768,0.006809781418372774,0.007276503934468074,0.6584000587463379,0.09680002927780151,0.7305999994277954,19.067464620981898,1.937458572941167,21.038549280592374,0.9487522307731021,0.004983855861388257,28.46121121881832,71.64437652210766,7.730225030589962,88.42105263157895,88.42105263157895,12,0.35294117647058826,0.05983950912395107,0.8471008403361344,0.08970773225416295,0.0001681309161182844,0.057179419139064505,0.01993274763000908,0.001480840077281846,0.3486000370435941,1.3727142857142858,1.2287142857142856,0.32130184803548895,0.057518231359939345,1.1171956749215208,4.675191243489584,4.952596028645834,38.20918433779762,14.820844155844156,8.219608548239249,4.135691324869791,4.171173095703125,0.5114863275739904,0.30302334482074084,28.550235748291016,0.04056945815682411,0.10087358951568604,-6.126767113095238e-06,2.326260282393779,0.04199363687404991,1.2032433642039795,-6.6121419270833336e-06,-7.343478197338243e-08,2.3262608934950193,0.0008347619062198323,0.03951681745861849,2702.0,-0.0024322812020577144,0.009969109858476552,-6.34665792821031,1
62,0.6342634681349709,-0.06451278102965582,-0.7026237237481844,0.0056309828633005045,0.00711619065360339,0.007136787710276428,0.6584000587463379,0.09680002927780151,0.7305999994277954,19.02699361554214,1.935288430920669,21.077720569542475,0.948809864323616,0.005026563338366226,28.462946736795608,71.67130962357125,7.691241078313382,88.42105263157895,88.42105263157895,10,0.29411764705882354,0.054570340643265894,0.8467226890756302,0.08963212089563799,7.940893960849659e-06,0.0532685317519296,0.01419890002684604,0.00535261783334203,0.2665532456004233,1.5553968253968256,1.2207142857142856,0.4213130203586269,0.048706744284293016,1.274169429816007,4.90692138671875,4.87823486328125,37.50885569254557,15.011632653061223,8.43081716058887,4.0008544921875,4.037811279296875,0.5437141059677317,0.4609365309589143,28.51892852783203,0.04416344687342644,0.10572968423366547,-4.493350074404762e-06,2.2817212714166235,0.04052212936609063,1.1198174634336497,-7.756551106770833e-06,2.508918441699108e-08,2.2817208656015144,0.000859513760740774,0.037858438512601456,2696.0,-0.002421382585994789,0.009825458771080925,-7.760396443470316,1
63,0.6332037632295063,-0.0642056762207122,-0.7036996666874205,0.006020558311401985,0.006521415194865894,0.007538099545187768,0.6554000377655029,0.09680002927780151,0.7394000291824341,18.99521432544504,1.9260722866228648,21.109970000641688,0.9488798388798503,0.005024521229121035,28.465032258295604,71.23000820659632,5.9161644587566276,85.02024291497976,85.02024291497976,11,0.3235294117647059,0.05251026933752877,0.848109243697479,0.0697179367657347,1.9720849645980838e-05,0.09273181111529102,0.00273229383968907,0.013855258873791163,0.029464471865993005,1.5158571428571428,1.2511111111111113,0.3991498363230714,0.09932830599015709,1.2116087287490482,5.096435546875,5.537211100260417,39.387058803013396,14.741292517006801,8.643671181147859,4.241943359375,4.186005768952546,0.6457969410098087,0.5863583042703359,28.48676300048828,0.04174340143799782,0.107117660343647,-6.815592447916667e-07,2.2406841310953665,0.03787370969959719,1.1621967795821655,-5.104428245907738e-06,-1.4368238289593638e-08,2.2406844453032653,0.0008386798746038511,0.03500445205141911,2704.0,-0.002396280893478659,0.009697037414078173,-8.359581467992776,1
64,0.6310209535473869,-0.06354828615699495,-0.7059495335136141,0.006072284254248039,0.006120332813616653,0.007509346055934003,0.6554000377655029,0.09680002927780151,0.7394000291824341,18.929731034977095,1.9063540132556642,21.177471719724792,0.9490508675681132,0.004872834251983588,28.47016820967583,71.30263517169347,3.5692115590031275,80.1526717557252,80.1526717557252,9,0.2571428571428571,0.04489750900134448,0.8435510204081632,0.04137346289475143,3.1359999999999856e-05,0.08012438343429133,0.002317310900668467,0.02520381435987996,0.02892141943992436,1.4934285714285715,1.2677142857142856,0.2196687673451526,0.10224061256243948,1.1780482307865676,5.096435546875,5.537211100260417,39.903160313197546,15.29025974025974,8.685753723384959,4.326660156249999,4.309824625651041,0.6194663867993404,0.48243254848381156,28.463552474975586,0.0351826436817646,0.1167343482375145,-1.9051688058035715e-06,2.201677094152511,0.03544520623663396,0.9242681960761135,-4.759288969494048e-06,-7.37289543195644e-09,2.201677516847282,0.0008589910402765087,0.032301878811042656,2707.0,-0.00240661932067595,0.009664345652179357,-9.906803891142138,1
65,0.628285067490169,-0.06287919090759186,-0.7087303337369646,0.006384821053742819,0.005938101659578929,0.007530170204346426,0.6554000377655029,0.09680002927780151,0.739799976348877,18.847638881887708,1.8862867272325925,21.26092115495886,0.9492633097238374,0.005148194429981277,28.47655034882621,72.61630382757662,4.765055757054954,82.3529411764706,82.3529411764706,16,0.4444444444444444,0.061029553611296965,0.8296825396825397,0.052246701456179476,0.0002707300864639737,0.10841856844274843,0.002272810872271173,0.00963029394614476,0.02096329904476976,1.344142857142857,1.262857142857143,0.1913458776612634,0.11399069063314077,1.064366515837104,5.096435546875,5.61370849609375,41.436305672781806,15.913246753246755,8.25002138842247,4.456746419270834,4.41680908203125,0.6704766056191572,0.4101094849987477,28.445133209228516,0.03559119626879692,0.10459519922733307,1.5665690104166667e-06,2.1648524687475357,0.035546341645176636,0.9608295701618839,-4.904610770089286e-06,-6.16496499314545e-08,2.1648531673360916,0.0008563448157239914,0.032438691341181145,2702.0,-0.002414342080018139,0.009829047892434996,-8.046110956355916,1
66,0.6270338007722582,-0.062288534067925956,-0.7100256387619746,0.005426278308290195,0.005080682418602689,0.006774740030326199,0.6488000154495239,0.09039998054504395,0.739799976348877,18.810114451731955,1.8685664506043707,21.29975516285215,0.9493497614964754,0.0048828030644760614,28.479134370222944,73.88826958665089,4.691181974790644,82.3529411764706,82.3529411764706,11,0.3055555555555556,0.055203836432365046,0.8152380952380952,0.05049527940937041,5.838207413577703e-07,0.07467247321574279,0.0019272441444113033,0.02039628614898444,0.025809298412323017,1.306883116883117,1.2392857142857143,0.163859773280009,0.09972462083156797,1.0545454545454547,4.840494791666666,5.61370849609375,39.328247433617,15.45223602484472,8.238795955592412,4.299751050544508,4.367746988932291,0.5195267263014756,0.364654005957521,28.429086685180664,0.0368669293820858,0.11380486935377121,-4.012334914434524e-06,2.1276591249967916,0.036054610398808654,1.115342301072447,-5.504063197544643e-06,8.296074767397851e-08,2.1276590431697966,0.0008838408112671291,0.032967865414639405,2689.0,-0.0024469027853677356,0.009912502848037677,-7.588710563543622,1
67,0.6270854481799262,-0.06213255314883732,-0.7099884959657987,0.005176810595302467,0.004659623679879381,0.006722799128692187,0.6471999883651733,0.09039998054504395,0.739799976348877,18.81166815970625,1.8638885944655963,21.298637736141682,0.949342190958044,0.004836304319647673,28.478907774518976,74.20734256524548,4.300787048404552,82.3529411764706,82.3529411764706,9,0.25,0.05312123764760033,0.8111904761904762,0.04570746476890737,0.00016192302807163696,0.07226917346127368,0.0013292316974761083,0.038866338610662875,0.018392789536861017,1.3111428571428572,1.2462337662337661,0.10590484755049638,0.10522927124970971,1.0520842017507295,4.840494791666666,5.61370849609375,38.48982231503442,14.365652173913043,8.507363223186513,4.1986083984375,4.157233960700758,0.6380391606187304,0.5082560399543781,28.41397476196289,0.034286756068468094,0.12815360724925995,-2.9921758742559525e-06,2.0907321434226254,0.035914595451363475,1.4654639270510712,-5.940028599330357e-06,1.8610601899364475e-08,2.0907325060315416,0.000897468683098207,0.0327436391029118,2676.0,-0.002443548191343567,0.009892210821637153,-4.972112460256383,1
68,0.6276400482313974,-0.06230837242092405,-0.7096006482584136,0.004796533459803187,0.004269884251669694,0.006508835202128403,0.6585999727249146,0.09219998121261597,0.7387999892234802,18.82829344698361,1.8691623154708317,21.28701787629298,0.9494260876767704,0.0045990265969877995,28.481427694461324,73.66379712471344,3.39779789280944,80.30592734225621,80.30592734225621,3,0.08571428571428572,0.03422087706899036,0.8162448979591838,0.037635796052735704,3.6115511870053955e-06,0.02187807318159937,0.0008832733118533906,0.012930846853714106,0.0403725366727574,1.3965714285714286,1.246883116883117,0.11059615817957526,0.10339652617910604,1.1200499947922091,4.81475830078125,4.8724365234375,38.40840781075614,14.816521739130435,8.915870457818523,4.0296630859375,4.0690936464251894,0.44479983762444103,0.4294143849151909,28.404998779296875,0.032576821744441986,0.12815360724925995,-6.2604631696428575e-06,2.054259615973923,0.034971914069686943,1.5032485899489902,-5.104428245907738e-06,-8.69133249738075e-08,2.0542605297086096,0.0009102194684127544,0.031680032697257866,2682.0,-0.0024289048108014203,0.009820402370068473,-3.739391795031522,1
69,0.6279483624072302,-0.06278605795190448,-0.7094628196897961,0.004780688285181561,0.004613637819724648,0.006350599959692098,0.6585999727249146,0.09460002183914185,0.7430000305175781,18.83755458652973,1.8834940242767333,21.28286687642336,0.9495589218380798,0.004588262985186023,28.48540869244772,71.17104827254128,4.345525330054129,79.39508506616258,79.39508506616258,5,0.14705882352941177,0.0389757547966246,0.846218487394958,0.05218615947211598,1.4439210329028998e-06,0.061507102788950996,0.0016322791311804798,0.030956520120758987,0.02653805913735379,1.5088888888888887,1.2898571428571428,0.2688024823218594,0.14481860575018865,1.1698108563763674,4.81475830078125,4.8724365234375,38.87174515497117,14.342993197278911,8.309558488570737,4.120076497395833,4.099029541015626,0.4366221605490412,0.43922874886797236,28.40791893005371,0.03398990258574486,0.12815360724925995,1.6319638206845238e-06,2.019529032494918,0.03349912749060647,1.412889406253301,-3.3242361886160715e-06,-1.5455557303669716e-08,2.0195283363291825,0.0009152156394667992,0.030043662804261007,2688.0,-0.002433434275637172,0.009800896627497713,-3.739391795031522,1
70,0.6275888390768142,-0.06333284817990803,-0.7099252483191945,0.004975904420387185,0.005001670477604656,0.006429452048301577,0.6585999727249146,0.09460002183914185,0.7432000041007996,18.826763458081654,1.8998981597168105,21.29674116390092,0.9497057437211003,0.004772140252872506,28.48981085621877,70.33923043016159,4.724211072805639,79.39508506616258,79.39508506616258,11,0.3235294117647059,0.056414733357209076,0.8568067226890758,0.05666719974936562,8.660391503540195e-07,0.08971957944003932,0.0017961907680735414,0.009509405951614296,0.0200200533627552,1.55,1.2784126984126984,0.2758972170508743,0.15065607759496905,1.2124410230941147,4.81475830078125,4.8724365234375,40.007793026878716,14.920142857142858,8.346052261215405,4.276699490017361,4.295914261429399,0.40405224239844295,0.3891815962470181,28.42603302001953,0.041826281696558,0.10992362350225449,5.850655691964286e-06,1.9851849865989455,0.033315145512563114,1.3153549980737347,-4.686628069196429e-06,1.0244060443299013e-07,1.9851848980653177,0.000895172180814567,0.029904588846636087,2689.0,-0.00241091119568153,0.009836293461306,-5.899425681302473,1
71,0.627716534444264,-0.06348141003790356,-0.7098857246296746,0.004266544388859736,0.003986842233501344,0.006029076104473378,0.6461999416351318,0.09460002183914185,0.7432000041007996,18.83059003327574,1.90435158682721,21.29556759604386,0.9497617383965553,0.004332137666273987,28.491496623273704,68.51260341837929,3.822796351611443,78.35820895522389,78.35820895522389,11,0.3235294117647059,0.07099739993671357,0.8784033613445378,0.04765669133288002,8.426579591836797e-06,0.1608728927603988,0.0013654357424276507,0.040138007260047966,0.008487668239181267,1.5285714285714285,1.4057142857142857,0.25793766055908524,0.1050947094728544,1.0873983739837398,4.740804036458334,4.566853841145833,37.67077970958891,15.618843537414968,8.714079362105132,3.8954366048177085,3.8611518012152777,0.39022907160181997,0.41871666281823594,28.461008071899414,0.04909121245145798,0.12250557541847229,7.280622209821429e-06,1.9516955375171867,0.03335851689067557,1.0264235714865546,-4.523141043526786e-06,7.684079520634464e-08,1.9516949833686617,0.0008950259172474403,0.029981381275278263,2687.0,-0.002443622301932795,0.009775094583090461,-7.6929302470426455,1
72,0.627333334235918,-0.06340081000895727,-0.7103449722755523,0.00402756382828015,0.003332753407590733,0.005934140431692077,0.6438000202178955,0.08340001106262207,0.7432000041007996,18.819103455628667,1.9019361574309213,21.309330596838677,0.9498430254475865,0.0041861841103983085,28.493930917535092,70.05573924782485,3.977388077620304,78.35820895522389,78.35820895522389,12,0.35294117647058826,0.07340638403482798,0.8592016806722689,0.048388423377738445,3.5162479633486167e-05,0.1096105445870401,0.001958191549225367,0.018241176662188212,0.017864992429358805,1.3671428571428572,1.326,0.08634949813209339,0.12898789691680537,1.0310277957336782,4.189249674479167,4.397989908854167,37.08932022821336,15.356802721088435,8.138452919277281,3.736244484230324,3.7888387044270835,0.3359000255323742,0.23198371617171085,28.493297576904297,0.041047219187021255,0.0979684591293335,2.7218773251488097e-06,1.9193984878545125,0.031202193564271504,1.0268785628826202,-4.268827892485119e-06,1.0058539071867145e-08,1.9193978328396812,0.0008910528300342865,0.02756351230720925,2691.0,-0.0023857789870404236,0.009755486442958776,-5.073287091838906,1
73,0.6271862290359679,-0.06344558144467217,-0.7105210769460315,0.0037924980553362057,0.002724476892613116,0.005753221581503509,0.6430000066757202,0.07539999485015869,0.7445999979972839,18.814680299588613,1.903272014771189,21.31462445122855,0.949877696795779,0.003921095013976319,28.494971887568084,71.24282872204058,3.9536368035123624,78.35820895522389,78.35820895522389,11,0.3142857142857143,0.06521963999115782,0.8448163265306123,0.04742228347091694,3.828831320283223e-05,0.06742099601849406,0.002212766892135468,0.04644926713077452,0.03282014539696937,1.4094285714285715,1.2944444444444445,0.13786299025348556,0.1082292947723193,1.0888289393010422,4.199727376302084,4.431355794270834,36.58922889346168,14.925374149659863,8.227133423866626,3.826070149739583,3.899830005787037,0.29233842098576684,0.2543325790105154,28.505599975585938,0.03332766145467758,0.0979684591293335,-1.0216122581845239e-06,1.8891864161021164,0.029685506165882954,1.0528645110669157,-3.6875406901041667e-06,6.959117599152916e-08,1.8891868009409019,0.000900421436332424,0.025759902470976512,2705.0,-0.002396856340406781,0.00981377192773644,-5.132944108480203,1
74,0.6269699910027641,-0.06350591467391876,-0.7107805530684335,0.0037415056860620934,0.002727401927956456,0.005769333682231856,0.642799973487854,0.07539999485015869,0.7445999979972839,18.808196015783718,1.9050851545163563,21.32240859210491,0.9499325825316097,0.004022049090198434,28.496620468428382,72.39936453231286,3.2664204565075536,78.2122905027933,78.2122905027933,8,0.22857142857142856,0.04173531759426156,0.8304489795918368,0.03798844603937444,5.511954019158661e-06,0.06217670432067937,0.0020523663701149854,0.008710716875233046,0.033008606559939334,1.50015873015873,1.3254285714285714,0.11090116219074644,0.08897786929618957,1.1318291777442455,4.199727376302084,4.431355794270834,37.03394121442523,14.558231292517007,8.553617093650695,3.8513635706018516,3.841623942057292,0.34311277713368954,0.2836988417810856,28.500547409057617,0.0339205265045166,0.10233499109745026,-2.586728050595238e-06,1.8605353894571333,0.029332709361611774,1.1419831687945412,-4.141671316964285e-06,-2.4092747416762218e-08,1.860535891054459,0.0008802045568959498,0.025297682181272166,2704.0,-0.0024019350954921047,0.009792914602839781,-5.132944108480203,1
75,0.6272338196606864,-0.06341521013918378,-0.7105935720035008,0.0036407762920847627,0.0026835614581043167,0.005750761789575152,0.6430000066757202,0.07539999485015869,0.7445999979972839,18.816118589809964,1.9023685898951121,21.316788588677134,0.949960277675447,0.003997102685970622,28.497448864318784,72.37089465322735,3.653479377144194,79.39508506616258,79.39508506616258,11,0.3055555555555556,0.04746949304215604,0.8311904761904761,0.042195286192544645,3.045237817575905e-07,0.11183024175749605,0.002184071457807291,0.010590371014379511,0.019530239973400497,1.4746031746031745,1.3804761904761906,0.10712016220543932,0.09083637578378433,1.0681844314131308,4.199727376302084,4.431355794270834,37.003090631394166,15.258571428571429,8.253369441801157,3.868532533998842,3.868046513310185,0.3085893712904938,0.2762873960795983,28.497615814208984,0.03307073563337326,0.10147537291049957,5.379813058035715e-06,1.832500370756387,0.02894130151883021,1.0819896219704996,-5.9218633742559525e-06,9.899150253841015e-08,1.8324997018045175,0.000864878038642548,0.024713171522343043,2702.0,-0.002463255068908549,0.009748297827532797,-8.43207141174116,1
76,0.6267879149346125,-0.06411931451445534,-0.7111535623754773,0.004361195868499743,0.0042517468729834865,0.006345455709205141,0.6469999551773071,0.09179997444152832,0.7419999837875366,18.80273487661566,1.923484006864684,21.333601728422302,0.950142923949417,0.004421802698008821,28.50293336470638,73.2971324917011,4.707473134332139,85.02024291497976,85.02024291497976,11,0.3142857142857143,0.053291425111326854,0.8219183673469386,0.0520080088664787,6.960982257392681e-06,0.12740472022530147,0.0010026450123540081,0.026697489714745764,0.007869763463872758,1.4341428571428572,1.355079365079365,0.18528130846177152,0.1019695190575617,1.0583460231931592,4.774373372395834,5.13824462890625,38.888208734421504,15.878163265306123,8.536666165497973,4.097310384114584,4.142275209780093,0.38995142476872496,0.2929483788083599,28.501068115234375,0.03308694437146187,0.10147537291049957,4.153297061011905e-06,1.80549401793274,0.02787886708734987,1.0614148962315926,-3.6512102399553573e-06,8.23005684222557e-08,1.805494225510584,0.0008445262887978076,0.023488353975006412,2690.0,-0.0024555977012627375,0.00990598617604121,-8.072918670230123,1
77,0.6264007909979139,-0.06465463804063343,-0.7115663528527533,0.004598170959818556,0.0047849139789041,0.006503113724830447,0.6469999551773071,0.09179997444152832,0.7419999837875366,18.791131301351957,1.9395507126620837,21.345963157032216,0.9502374303703949,0.004472436058199742,28.505759138391813,73.39712937406624,4.525915006799441,85.02024291497976,85.02024291497976,11,0.3142857142857143,0.05105960079292877,0.8205306122448981,0.04975166986873101,9.42114119117045e-08,0.1038071694259953,0.000882324249800614,0.031358673789745176,0.008499646553118162,1.3861904761904762,1.3524285714285715,0.1997458702912596,0.14712766911906192,1.0249639097214887,4.774373372395834,5.13824462890625,39.050263686407185,15.533061224489796,8.15854632821578,4.125829626012732,4.102650960286458,0.4115187731597563,0.31619878722317574,28.50596046447754,0.032151635736227036,0.0948544442653656,1.0884602864583333e-06,1.780126344691594,0.02663154177799665,1.6077713632482618,-3.6875406901041667e-06,3.1349883326518124e-09,1.7801262920225231,0.0008362627411917228,0.021967062900577847,2692.0,-0.0024348292984932266,0.010065898726229029,-8.072918670230123,1
78,0.6239545146170117,-0.06454601887294224,-0.7141002383771397,0.0066489484572914035,0.0068851090538068725,0.008005803693502447,0.6469999551773071,0.1029999852180481,0.7531999945640564,18.717745438473564,1.936275423339435,21.42199972276177,0.9505557869772231,0.004896661387756177,28.515325125074572,74.8936795657754,4.606486407950861,85.02024291497976,85.02024291497976,10,0.2702702702702703,0.04849141401897959,0.804208494208494,0.05013049264658261,6.909387755101988e-06,0.09536003435761142,0.0016381263137279236,0.030559621969309517,0.017178331832230217,1.341142857142857,1.2437662337662339,0.16584329953302304,0.19835714190055861,1.078291740628589,4.774373372395834,5.13824462890625,40.03079339890253,14.823229813664597,8.63628246637022,4.177825927734376,4.124117764559659,0.4356461275735495,0.3378675211894894,28.504106521606445,0.032106734812259674,0.08306105434894562,-6.12822033110119e-06,1.757540034598427,0.024188885546531376,1.6077713632482618,-1.8710181826636904e-06,-3.4686928017535324e-08,1.7575400406785249,0.0008179598746330185,0.018976321728839583,2691.0,-0.0023693940076514215,0.010648753844720641,-6.710848729224928,1
79,0.6212865712358838,-0.0638690098240262,-0.7167441430489222,0.008184219611191482,0.008063008483908165,0.009202650051036978,0.6754000186920166,0.12220001220703125,0.7734000086784363,18.637704565695355,1.9159780090195793,21.50130272001028,0.9507749358832255,0.006490318138777779,28.521888327607417,74.51784497470707,6.023112151172834,91.70305676855895,91.70305676855895,13,0.3611111111111111,0.05030750919146726,0.8102777777777779,0.06348872759093657,6.182452244897969e-05,0.03673009764743343,0.0077771888696658575,0.015580214696580705,0.21173885635475026,1.3095714285714286,1.2253246753246754,0.14160746261898685,0.2113996917000321,1.068754636989931,5.297037760416667,5.315958658854166,39.90809849330357,14.95,8.26394416747804,4.153747558593751,4.147200150923295,0.515252157106429,0.5029777619101395,28.495988845825195,0.03381672874093056,0.09309981763362885,-5.650111607142857e-06,1.7375348619118025,0.022835081745437275,1.3704178482373819,-1.7983572823660714e-06,-1.1110045435652624e-07,1.7375344796560501,0.0008127246127130482,0.017047684217599217,2700.0,-0.0023447936514741858,0.01069055711903181,-6.710848729224928,1
80,0.6190693234545844,-0.06400621959141323,-0.7189684382790611,0.007495722681515833,0.008116099403757094,0.008545053285809373,0.6754000186920166,0.12220001220703125,0.7734000086784363,18.571193989345005,1.920094730598586,21.568019291205065,0.9510060423555207,0.006466907864655852,28.528816782889905,73.5076008504244,6.671564276138371,91.70305676855895,91.70305676855895,18,0.5,0.07349976696180902,0.8227380952380953,0.07200353906016155,3.302730528946258e-05,0.10455016857214434,0.006932307653457777,0.03321877336102948,0.06630603994362927,1.3584285714285713,1.1855714285714285,0.17782065030099678,0.17670042675762423,1.145800698879383,5.297037760416667,5.315958658854166,40.4526851109096,14.574025974025973,8.142434685286036,4.137054443359375,4.148651123046874,0.48199727229157435,0.4744139834044853,28.481792449951172,0.03598232939839363,0.08356358110904694,-2.5852748325892857e-06,1.7180801238294363,0.023579605494097877,0.9470291139470361,-2.379644484747024e-06,7.088652353301295e-08,1.7180804121952626,0.0008242605666163693,0.018021003641137748,2703.0,-0.0022954207409859205,0.011124834264713473,-3.348331572511391,1
81,0.6192337997129985,-0.06641700000706173,-0.7188171335657437,0.006371177616616501,0.006892241831975396,0.0076311510538214404,0.6754000186920166,0.12220001220703125,0.7734000086784363,18.576124991348813,1.9924017144952502,21.563514006989344,0.9511396985197874,0.00627625464711323,28.532848470283348,71.59054269418762,6.387442719784367,91.70305676855895,91.70305676855895,16,0.47058823529411764,0.0757930652803325,0.8442436974789915,0.06931709875179329,0.0005706833459391916,0.09565353709407999,0.0060150980781658115,0.025122885517139436,0.06288422008116297,1.3378571428571429,1.3158571428571428,0.25974339770831756,0.14135560888505738,1.016719140158506,4.597371419270833,5.315958658854166,38.171359834216894,14.990714285714287,8.568252493274063,3.9571329752604165,4.102589925130209,0.501583842675603,0.3078369277506477,28.459924697875977,0.0379880927503109,0.10416039079427719,-3.537132626488095e-06,1.6986784983360168,0.02390428094838533,1.1868105521243957,-3.7057059151785714e-06,-7.952564828891173e-08,1.6986781770729968,0.000844550934399982,0.018397977605939458,2701.0,-0.002342387237047492,0.010801509989676545,-1.6575746621470335,1
82,0.6204855048145567,-0.06864088517995108,-0.7176331336498261,0.004114522934669785,0.004053840975201722,0.005952066647264989,0.6377999782562256,0.08099997043609619,0.7477999925613403,18.61367771582944,2.0591282696809086,21.527964723791396,0.9511897382523242,0.0042449006834449675,28.534329552341646,69.86044213273853,4.730014270632757,82.03125,82.03125,14,0.4117647058823529,0.07328918668937867,0.8626470588235294,0.0562046213948586,3.5784812328196545e-05,0.10070322192955987,0.004091144663402886,0.04601976406552507,0.040625757398949656,1.4034920634920636,1.3468571428571428,0.2690068330746762,0.09344604467448647,1.0420496865129873,4.184366861979167,4.529012044270834,35.56879090808686,15.293333333333335,8.29621114750294,3.750316478587963,3.746378580729167,0.482257687663863,0.2712611576830957,28.43436622619629,0.040197499096393585,0.10251305252313614,-3.739129929315476e-06,1.6791925902117106,0.02284856975726979,2.1552268845407068,-3.0880882626488096e-06,6.381464268471836e-08,1.6791918010568971,0.0008658244144434894,0.017028023776558463,2692.0,-0.002402458229063125,0.01067685364704636,-1.6575746621470335,1
83,0.6201938854626247,-0.06885958048559371,-0.7179389429631687,0.004474753384011964,0.004229866093331809,0.006179747875004398,0.6377999782562256,0.09039998054504395,0.7458000183105469,18.604933706692286,2.0656938431092673,21.53712828891618,0.9512494221947593,0.004366286282589599,28.536115254746004,70.30186748324196,4.2809420320469584,82.03125,82.03125,11,0.3235294117647059,0.05701229673476949,0.8565546218487395,0.05094086872531381,0.000159934736526447,0.06526672228151198,0.004432317511960836,0.02747545238399482,0.06791083353080185,1.4087142857142858,1.4066666666666665,0.25345486254348876,0.04472642971151653,1.001455653351388,4.285481770833334,4.529012044270834,34.58324047270275,15.056938775510204,8.61521615089659,3.7187398274739585,3.732921459056713,0.48722629422061603,0.3071767626191025,28.41395378112793,0.03647557646036148,0.09772375226020813,-2.108619326636905e-06,1.6611067364712078,0.022570644707935593,1.929368175531723,-1.4895484561011905e-06,1.1017073084343675e-08,1.6611063147503051,0.0008836535432595914,0.016559755532687744,2682.0,-0.0024393217080343646,0.010162488601414266,-7.299300762280435,1
84,0.6188392853169215,-0.06622476215305782,-0.7191937810239337,0.004580711068661283,0.0050781818314336,0.006319828435153521,0.6377999782562256,0.09039998054504395,0.7497999668121338,18.56428827379431,1.9866500074522835,21.57479800215789,0.9511344523504754,0.004176058585336301,28.532679897575107,70.54348599484852,3.721947173728774,77.06422018348624,77.06422018348624,12,0.34285714285714286,0.05656748140036635,0.852938775510204,0.04554809441264337,3.063214327363617e-06,0.05014255842358731,0.0019885807379671715,0.004147806135986786,0.0396585415759666,1.4226984126984128,1.4118571428571427,0.1112074412354794,0.04635290537533428,1.007678730030243,4.318033854166667,4.41192626953125,36.57056753976004,14.983945578231292,8.585579610076678,3.823875144675926,3.821268717447917,0.38947933780087923,0.3745092389085077,28.40110969543457,0.03331167623400688,0.08860871940851212,-1.7017182849702381e-06,1.643355797202319,0.022352310564394774,1.9051501297522497,-1.5440441313244048e-06,1.7310570709832182e-08,1.6433554862111086,0.0009013689944162139,0.016309181118153146,2683.0,-0.0024505451028559652,0.009865716477456274,-7.809643715259087,1
85,0.61764992358571,-0.06324074371088119,-0.7203373808889162,0.004300675752114194,0.004428962265547774,0.006096111502660479,0.6366000175476074,0.09039998054504395,0.7497999668121338,18.528616136142187,1.89712216849838,21.609090283811092,0.9510178119395761,0.004142166610697088,28.529174036182944,71.05027881028536,3.413337316645326,77.06422018348624,77.06422018348624,14,0.4117647058823529,0.057996865119042104,0.8464705882352942,0.041660082336431224,1.916811995002084e-06,0.03526948113380773,0.0008436011957768334,0.007351120850657672,0.02391872998007321,1.4467142857142858,1.3942857142857144,0.13460910907103563,0.0575934614580604,1.0376024590163935,4.318033854166667,4.41192626953125,37.30695161365327,14.957755102040815,8.57279333320274,3.973215738932292,3.984465422453704,0.24757022847716645,0.20976507454982848,28.396154403686523,0.03310722857713699,0.06977778673171997,6.103515625e-07,1.6260287959339177,0.02216469634563977,1.2606268406880106,-3.2334100632440476e-06,-1.4412387549055066e-07,1.6260288855096745,0.0008896697831099589,0.01610540521096806,2687.0,-0.0024256504840450307,0.009620958942762353,-10.77403986588491,1
86,0.6169239520913079,-0.06109038229215713,-0.7209260667136738,0.00404597942158792,0.0028738600864994333,0.005886601925870681,0.6366000175476074,0.0722000002861023,0.7497999668121338,18.50683684851442,1.8326240401608602,21.626746858528684,0.9508445640627248,0.003935382533582072,28.523974345371524,71.11823417899477,4.078744882933538,82.84023668639053,82.84023668639053,14,0.4117647058823529,0.06657677922870354,0.8463865546218488,0.04760183409426335,0.00010640133011245305,0.08194957012319408,0.0010861104781041383,0.022949763228937985,0.013253400554406786,1.4734920634920634,1.3728571428571428,0.1259217464070086,0.0682582132308588,1.0733032720545728,4.318033854166667,4.41192626953125,37.41456298828125,14.886190476190476,8.647253071461009,3.927363642939815,3.914235432942708,0.2906688991799224,0.1721040368948706,28.391328811645508,0.033877093344926834,0.07679247111082077,-2.4472191220238094e-06,1.6093131525335662,0.021606433076820048,1.751971909225436,-3.978184291294643e-06,-5.269251122752707e-08,1.6093134447170518,0.0008904866433045667,0.01542604314356875,2688.0,-0.002458311456662406,0.009456484456703664,-9.96608233935899,1
87,0.6178357046104613,-0.061989372537249614,-0.7199630096441223,0.004854462901829407,0.004891595710117193,0.006412279824240356,0.6430000066757202,0.08499997854232788,0.7473999857902527,18.53418028116226,1.8595866047058787,21.597860289343767,0.9507798184275476,0.004089398118333463,28.522029337564362,72.95090935653957,4.294459902784161,83.66533864541832,83.66533864541832,12,0.34285714285714286,0.06204207997702164,0.8252244897959184,0.04689911367826418,5.52729695960011e-06,0.07198573541724201,0.0005629760972867745,0.030423821824963712,0.00782066188563145,1.4426984126984128,1.365873015873016,0.1348526439329677,0.06614230670841091,1.0562463683904708,4.05975341796875,4.36553955078125,36.81618899390811,15.53,8.093093830859866,3.8089780454282414,3.815217194733796,0.24415341305828778,0.18267393887990313,28.3803653717041,0.03549870848655701,0.10529084503650665,-7.455008370535714e-07,1.5930767757745818,0.021411541034533403,1.7346674194415352,-3.6512102399553573e-06,-8.412115213366573e-08,1.5930771257927328,0.000887243040472281,0.015090153025117825,2693.0,-0.002495497534669108,0.009623172355443958,-10.075746767649619,1
88,0.6201609426907131,-0.065311524612563,-0.7178041337018921,0.00619455728419646,0.00739802460977878,0.0074118376276013235,0.6461999416351318,0.10100001096725464,0.7473999857902527,18.603945709296635,1.9592488812548774,21.53308615395001,0.950912938381739,0.0045372578805076245,28.526022332279318,74.82681026058512,4.651751546572935,83.66533864541832,83.66533864541832,11,0.2972972972972973,0.05753929939664445,0.8049420849420849,0.04981775345999493,0.00012022898725531042,0.13534065420465768,0.0015930349452571732,0.0895315026569055,0.01177055744719719,1.2767142857142857,1.2993506493506493,0.15724937948029802,0.10719974876809171,0.9825787106446777,4.96551513671875,4.64630126953125,38.62169785272508,15.528633540372672,8.627401657351877,4.000315348307292,4.0532245058001894,0.3861770447236985,0.3956285641640503,28.37331199645996,0.035076163709163666,0.10529084503650665,1.5636625744047618e-06,1.5770679802833514,0.021625194581068225,1.7346674194415352,-2.7247837611607143e-06,-5.796516068348605e-10,1.5770676754461599,0.0009007018200004526,0.015349320256831103,2682.0,-0.002515699209403347,0.009906011806835615,-10.075746767649619,1
89,0.6231392480589094,-0.06864455235004426,-0.7150821434145882,0.005908028452665875,0.007496072849260162,0.007247831357905558,0.649399995803833,0.10839998722076416,0.748199999332428,18.693287727492198,2.059245713353157,21.4514383024403,0.9510401532522769,0.004829362152496047,28.52984348747347,75.40164897111877,4.626512859079998,83.66533864541832,83.66533864541832,10,0.2702702702702703,0.04378752035426886,0.7988030888030888,0.05007607396812432,9.814743590170744e-05,0.06161856397562513,0.0016648641879127982,0.029175569436956386,0.02701887354225554,1.3191428571428572,1.2481428571428572,0.2147311560713887,0.0923349050677887,1.0568845141352867,4.96551513671875,4.64630126953125,38.09329892113095,15.256168831168832,7.933085837589367,4.049519856770834,3.984486897786458,0.45765528648964293,0.4063474683927455,28.364431381225586,0.03415260463953018,0.1018192321062088,1.2919108072916667e-06,1.5607116460902346,0.021678398920544652,1.1248258733981351,-2.216157459077381e-06,-5.375862234181831e-09,1.560712914665002,0.0008984855947469179,0.015451567245757086,2674.0,-0.002530135516240298,0.010052821947118606,-9.190646587568803,1
90,0.6253144863503319,-0.07042061852557319,-0.7131384673402423,0.005015314149505203,0.006725609486444338,0.006689101887507616,0.649399995803833,0.10839998722076416,0.748199999332428,18.758545876230514,2.1125176986200467,21.393125163061278,0.9511226264456972,0.004962328039960254,28.532315415676734,74.10070437038479,6.122733501731835,86.24229979466119,86.24229979466119,15,0.42857142857142855,0.05749575901683505,0.8153877551020408,0.06899029019802469,0.0002749370055810079,0.08787639264083869,0.008478147481759546,0.016900400119360847,0.09647810096632832,1.3439999999999999,1.2131428571428573,0.2610143478736722,0.10893885197388375,1.1078662270372113,4.96551513671875,4.449361165364584,37.86233367919922,14.160974025974026,8.256775464643377,4.05706787109375,4.004923502604167,0.4481256911207268,0.41080954712794177,28.365615844726562,0.034324679523706436,0.09787324070930481,1.3369605654761906e-07,1.5455990801265789,0.02066607408105592,1.1304526876344363,-1.834687732514881e-06,6.62652770557451e-09,1.5455991238865254,0.0008978252133451133,0.01407906092076238,2665.0,-0.002519396019971891,0.010025855939893542,-7.072800804871566,1
91,0.6259039245219458,-0.07045112316097532,-0.7126327528925169,0.005040270923979077,0.006757525613778626,0.006751496234329426,0.649399995803833,0.10860002040863037,0.748199999332428,18.776226735625947,2.113435694830758,21.3779503010852,0.95113337496756,0.005145696202931594,28.532634073122047,73.03692092914021,5.989707235965719,86.24229979466119,86.24229979466119,15,0.42857142857142855,0.05925001456278535,0.8270204081632652,0.06758937193573572,5.901924864639688e-06,0.09635904817414587,0.008388656989367999,0.015456202342850087,0.08705624586709816,1.4348571428571428,1.2345714285714287,0.23960954633294046,0.11681801650255769,1.1622309650543854,4.401957194010417,4.786376953125,37.092120651971726,14.76077922077922,8.532525359071872,3.952657063802083,4.019114176432292,0.4820905909815193,0.30240057861042485,28.359071731567383,0.03463472053408623,0.09787324070930481,1.0884602864583333e-06,1.5319891245238788,0.019477100679357456,1.2303176873944228,-8.537655784970238e-07,4.587418155769947e-08,1.5319889299631206,0.0008979970317420414,0.012258741644711236,2688.0,-0.0025389481371887795,0.010029943669951582,-4.421121319501913,1
92,0.6258066481295086,-0.07086896111567816,-0.7127870766123136,0.004692107172643555,0.005483476894118631,0.006605607413844288,0.6482000350952148,0.10860002040863037,0.7454000115394592,18.773312586801392,2.1259692620379584,21.382585726976394,0.9512062476070788,0.0049173193275125005,28.53482716691827,72.0862245142029,5.541267079601017,86.24229979466119,86.24229979466119,13,0.37142857142857144,0.05576543654958172,0.8371428571428572,0.06287383822805552,2.9204098292378218e-05,0.07973568727703946,0.007771023144310665,0.0039741494090889526,0.09745978757680307,1.4222857142857144,1.3136507936507937,0.2262508991976719,0.10251510836301535,1.0826969550507493,4.401957194010417,4.786376953125,37.234185573032924,14.83374149659864,8.172361602650026,3.9370524088541665,3.9898455584490744,0.48884517172169684,0.29336495558545084,28.35919761657715,0.03457411751151085,0.08869276195764542,0.0,1.5191366045731918,0.020078097969645704,1.1163236667947223,-5.994524274553571e-07,-3.471935649153017e-08,1.5191370672897198,0.0009865885623828502,0.012968037249389611,2714.0,-0.0025101845096755066,0.009997314476432007,-4.421121319501913,1
93,0.625215390812783,-0.07114610405195328,-0.7134848765191578,0.004618510979466362,0.0046419718358192315,0.00652023839253255,0.6482000350952148,0.10860002040863037,0.7480000257492065,18.755568724444935,2.13428169301578,21.403534866997173,0.9513567181860973,0.004744351333583703,28.53934850177733,72.22528957647148,4.242539190276239,84.0,84.0,10,0.2857142857142857,0.05544537560401541,0.8335510204081632,0.048123227910816975,3.586772178260021e-08,0.05261540386080327,0.002277337120414613,0.021938642721191014,0.043282707217061844,1.4111111111111112,1.3527142857142858,0.1472834553700773,0.09855786656185538,1.0431701106534774,4.401957194010417,4.920552571614584,37.49454193115234,14.48265306122449,8.353590457098084,3.829289189091435,3.948801676432292,0.5267317188285767,0.314373991853263,28.37889862060547,0.048934195190668106,0.11564318835735321,3.673735119047619e-06,1.5061987666230923,0.020404597609680053,1.0644639643374554,-2.143496558779762e-06,7.795055748458557e-08,1.5061992623924418,0.001142288712393437,0.013358091260816312,2721.0,-0.002449285222839091,0.010002347314112408,-4.857064922515453,1
94,0.6246794860760371,-0.07074350383168175,-0.7140273908859207,0.004013076264138252,0.0029020292657393485,0.005985347163580182,0.641800045967102,0.08380001783370972,0.7480000257492065,18.73948829650879,2.1222051149180956,21.419803726587975,0.9513712879658477,0.00415234437326817,28.539778618308446,70.63327778660721,3.4896157715174856,78.65168539325842,78.65168539325842,7,0.20588235294117646,0.053473648137613815,0.8515126050420168,0.04166254010589969,2.5847886047480204e-05,0.06405488516797946,0.0008330171950766837,0.010601667377926303,0.013004741057487721,1.4868253968253968,1.338095238095238,0.16273843874667165,0.11516526624270372,1.1111506524317913,4.25567626953125,4.920552571614584,36.48012252081008,14.812,8.071591179145864,3.787660951967592,3.798398618344908,0.437691951331597,0.2700947819309257,28.406713485717773,0.04815273359417915,0.10949931293725967,2.5852748325892857e-06,1.4928375537676684,0.020116373113838158,2.2565190308683953,-2.5794619605654763e-06,-9.749801315163525e-08,1.4928372242761594,0.00115251153337853,0.012862710137491077,2713.0,-0.0024607614655533516,0.009774477903361233,-9.08436196494739,1
95,0.6251578673578444,-0.06986730389651798,-0.7136074765693574,0.004405076898118411,0.004122125445252531,0.006150605416736948,0.6519999504089355,0.08939999341964722,0.7480000257492065,18.75384973500456,2.0959216883352823,21.4071932970626,0.9513120452120715,0.004364526428504439,28.53799827688727,71.28466533414628,4.052665724099579,82.3529411764706,82.3529411764706,10,0.29411764705882354,0.05310751512983173,0.844327731092437,0.0464107726634863,3.3675995002083087e-06,0.07691486989286991,0.002025488363922915,0.024184609823875526,0.026334158359028567,1.4492857142857143,1.2904761904761906,0.2089851571723871,0.15249400568123156,1.1230627306273062,4.392496744791666,4.920552571614584,36.92503051757812,15.27904761904762,8.339058837780653,3.938293457031249,3.9518003110532414,0.4145195972270164,0.24748407847985085,28.437807083129883,0.036489568650722504,0.11034893989562988,2.3120698474702382e-06,1.4805673468732237,0.01969911380802576,2.2565190308683953,-2.6339576357886904e-06,5.808930428670952e-08,1.4805671465984014,0.0010858427980425342,0.012248231320203288,2704.0,-0.0024571147886186966,0.009822572025164263,-7.682658547236184,1
96,0.6257015247231438,-0.06912073234717052,-0.7130017051043964,0.004184897500371477,0.003962684292588339,0.0060550724033761145,0.6519999504089355,0.08939999341964722,0.7414000034332275,18.770151027441024,2.0735268275652614,21.38902886739799,0.9511588343667883,0.004272833318440966,28.53340315955193,70.67153850098391,3.9720229169415506,82.3529411764706,82.3529411764706,9,0.2571428571428571,0.041021617584435864,0.8515918367346939,0.04631590276366202,3.291480816326523e-05,0.05308436897432137,0.0027195856172768963,0.008859206671760623,0.051231382605159116,1.4561904761904763,1.3142857142857143,0.17178930300181772,0.13436775609330914,1.1079710144927537,4.392496744791666,4.319661458333334,35.960973031180245,14.91972789115646,8.321367517443218,3.839563440393518,3.8467915852864585,0.2726342317814038,0.23836411121828655,28.44843101501465,0.034803371876478195,0.12552803754806519,4.7665550595238096e-07,1.4686495648935338,0.01937152967173795,2.4113098448068464,-1.4350527808779762e-06,-1.2623434451727407e-07,1.4686500511721674,0.0009386687457053846,0.01165546023766368,2702.0,-0.002523884070066604,0.009762211873036618,-6.613701858367927,1
97,0.6263365149668285,-0.06864214167424611,-0.7124071624392555,0.003996246839109352,0.003823683278312533,0.005924985581629728,0.6519999504089355,0.08939999341964722,0.7414000034332275,18.78920116330896,2.059167107343674,21.371195730354106,0.9510945745093967,0.0042361568331583934,28.531477879890716,70.01859129501895,4.369335518229748,82.3529411764706,82.3529411764706,11,0.3235294117647059,0.04248612855223259,0.860126050420168,0.05162586764143487,1.9030961099542087e-05,0.08637704059734441,0.001512223059589275,0.01653510280492683,0.01750723397249346,1.4684126984126984,1.3574603174603175,0.18851543714728494,0.15505653680007936,1.081735266604303,4.392496744791666,4.319661458333334,35.52095300583612,14.088357142857143,8.223070771510198,3.7551427770543984,3.796544958043982,0.329145312658619,0.2900887959417147,28.459653854370117,0.03356574475765228,0.12377451360225677,-1.9051688058035715e-06,1.4574780656487525,0.019195396221470807,2.4113098448068464,-1.3805571056547619e-06,1.8337747715406423e-07,1.457478140614232,0.0009408670829279398,0.011450009020745423,2693.0,-0.002454969940977513,0.009840441744076642,-2.574500690407331,1
98,0.6264349815277827,-0.06899317018474851,-0.7122987337992305,0.0035413197762115293,0.0026169102055661046,0.005666151886648013,0.6430000066757202,0.08039999008178711,0.7400000095367432,18.792158160124508,2.069693819837911,21.36794329971075,0.9510973564340244,0.003955099497663609,28.53156332063339,68.09316456417173,3.2574852330047954,74.46808510638297,74.46808510638297,8,0.24242424242424243,0.04180326249351886,0.8831601731601731,0.042161390855634494,0.00014306112719700124,0.0588154309758285,0.0013726069535520764,0.003092072893832162,0.02333753116790353,1.5888888888888888,1.3867857142857143,0.13964285150453085,0.1121263636642669,1.1457349700975763,3.8365681966145835,3.981730143229166,34.70154978434245,15.055714285714286,8.29533203794542,3.6190004701967595,3.5615158081054688,0.1980919521683593,0.15865193409741551,28.459339141845703,0.03350132703781128,0.10626260191202164,-2.7029854910714285e-07,1.4466132534599823,0.018814377007781165,2.2387156561545822,-1.3805571056547619e-06,-1.978754396625608e-08,1.4466134500619192,0.000962706141409103,0.010967392508049695,2683.0,-0.0024383669892672523,0.00988230635296405,-2.6995988308695296,1
99,0.6265176098119645,-0.06911893202577318,-0.7121932291274979,0.0036059928108061793,0.0026840632821233997,0.005696215582741508,0.6433999538421631,0.08039999008178711,0.7418000102043152,18.794635580096926,2.0734721036042485,21.36476915951286,0.9510823914669215,0.003984554845102814,28.531107066723173,68.4228667793317,2.9398927674841135,73.94366197183099,73.94366197183099,10,0.30303030303030304,0.04380062668454851,0.8785281385281385,0.0379425807904791,4.930212411495181e-06,0.06805449549423971,0.0015517084315287484,0.0032950463743503773,0.022800968845035206,1.6048214285714286,1.444761904761905,0.12370747568686513,0.08288724138599679,1.1107860909690177,4.086100260416667,4.32525634765625,36.246638416108624,15.694586466165415,8.306879469818355,3.7615076700846353,3.774165400752315,0.2924288461217731,0.19027712297749597,28.443628311157227,0.04130808264017105,0.1058841422200203,-3.0619303385416666e-06,1.436009335975398,0.01872064613265338,1.0414447409478629,-9.627569289434523e-07,-1.304534407257354e-08,1.4360100385707553,0.0009713276034538282,0.010975447246980033,2679.0,-0.0024332860544587164,0.009965563602102087,-3.835837700929632,1
100,0.6261444862967446,-0.06925502736511685,-0.7125683335661888,0.003753121160978505,0.0027827259901139186,0.005814479499486346,0.6433999538421631,0.08039999008178711,0.7418000102043152,18.783439446006504,2.0775549638271333,21.376032578391687,0.951128730663025,0.004072087674708731,28.53250337217291,71.34255585393262,6.245519722120728,90.9090909090909,90.9090909090909,13,0.38235294117647056,0.053376412719062724,0.846764705882353,0.06613067643211942,6.468098558933767e-05,0.10018047553193586,0.006464202868844394,0.0061174120112527436,0.06452557581226208,1.5777777777777777,1.4161904761904762,0.3337365663843273,0.08216459339741947,1.1140999775835014,5.054728190104167,5.292154947916666,38.231934029715404,15.536142857142856,8.680252066545966,4.047795048466435,4.0255511248553235,0.5132877436217713,0.43961663235724097,28.414064407348633,0.045577600598335266,0.1058841422200203,-4.282633463541667e-06,1.4252093887165622,0.019099432307211298,1.1567512819057548,-1.5803745814732144e-06,-1.673135886531309e-07,1.42521091883931,0.0010469442934052603,0.011401927713013385,2713.0,-0.0024317776859956075,0.010139525208094002,-6.553155750568626,1
101,0.6260444382996786,-0.06926597028403055,-0.7126828953510239,0.004016098552758753,0.002897068264250894,0.005975909331824189,0.645799994468689,0.08079999685287476,0.7418000102043152,18.780444291915213,2.0778798228076525,21.37947314620018,0.9511516604832095,0.004132190188716233,28.533197946171967,72.0228836615732,6.253784496170657,90.9090909090909,90.9090909090909,17,0.4857142857142857,0.07202565569317099,0.8388163265306123,0.0666337500300365,1.6900488796334755e-05,0.1504395257276022,0.005061555869027029,0.10731305193080276,0.03364511982171418,1.4966666666666668,1.4111111111111112,0.3389740423108298,0.05940665719956906,1.0606299212598425,5.054728190104167,5.292154947916666,39.957486761183965,15.847642857142858,8.377315364075992,4.211572717737269,4.210657190393519,0.40677028423166983,0.3160920886292702,28.38759994506836,0.038182638585567474,0.08504942804574966,-2.993629092261905e-06,1.4139148440964306,0.01934743833616374,1.0852520221058506,-1.7983572823660714e-06,1.7133453807423374e-07,1.413914195463474,0.001104077736299596,0.011701363035662856,2721.0,-0.002464129137916796,0.010061617696208005,-6.154338946498411,1
102,0.6228820953198841,-0.0694193802078565,-0.7158928856679372,0.0076733221572322435,0.0047843451258869196,0.008773824705939228,0.645799994468689,0.10100001096725464,0.7598000168800354,18.685582002486502,2.082486263385841,21.475758141492094,0.9515444267676257,0.005072719896870822,28.544975294258432,73.90328620839617,7.159946622009572,90.9090909090909,90.9090909090909,17,0.4857142857142857,0.08075238931048258,0.819265306122449,0.07669360602095932,0.0001708515745106201,0.19725300516369426,0.0027540687097019688,0.10244364405787809,0.013962112807439617,1.3423809523809522,1.383968253968254,0.11616705462608092,0.07808297748640129,0.9699506824177083,5.61126708984375,5.879313151041666,41.80144333612351,15.824857142857143,7.931774814900239,4.405608000578703,4.44996021412037,0.6398411196158854,0.4583137414610072,28.373554229736328,0.03336373344063759,0.10620634257793427,-4.0835425967261903e-07,1.4026773537313886,0.019250707152938244,1.605334229024751,-7.084437779017857e-07,-8.051484462050163e-08,1.4026764535400975,0.0011071753212382619,0.011483266078739384,2714.0,-0.0024545536138439092,0.010744516034124253,-2.266041444426949,1
103,0.6178824178150722,-0.06839440877664657,-0.7207025520432563,0.008929798575520018,0.004972614949924354,0.009768931567279347,0.645799994468689,0.10100001096725464,0.7598000168800354,18.535586391602244,2.0517342633008955,21.620054704163756,0.9518631896138336,0.005001440068018681,28.554539525641697,71.64374543959782,5.84731121649888,84.84848484848484,84.84848484848484,12,0.34285714285714286,0.0689663870665849,0.8428979591836735,0.06665299873773893,1.7605730945439323e-05,0.15757519706007658,0.0030519961651347864,0.053090601560545125,0.019368506097893014,1.516190476190476,1.3507142857142858,0.2361818354794264,0.0868760552718172,1.122510135730654,5.61126708984375,5.879313151041666,41.10563390822638,14.89829931972789,8.498056070162882,4.346064814814815,4.322530110677083,0.59274102006617,0.4899227245773631,28.36214256286621,0.036527205258607864,0.10315053164958954,-1.7685663132440475e-06,1.3911901760723449,0.019305805709788827,1.605334229024751,8.35600353422619e-07,1.611882895172893e-07,1.3911884304516093,0.001030671977789753,0.011604429460479002,2694.0,-0.002446102826948717,0.010629480655348944,-2.266041444426949,1
104,0.6127077597833815,-0.06683899948710487,-0.7258359231778554,0.0067704396521677986,0.004987831725327242,0.007858941974525146,0.6440000534057617,0.10100001096725464,0.7598000168800354,18.380349650638443,2.005075984597206,21.774045981083596,0.9522733558219876,0.004896346142747012,28.566839253354207,70.37169289117638,5.831801882145208,84.84848484848484,84.84848484848484,12,0.35294117647058826,0.05872696063988637,0.8580672268907563,0.06599763751541404,1.1399580841316083e-05,0.11158419196021879,0.004736099179548891,0.02571045076328415,0.04244417687083643,1.5384126984126985,1.3617460317460317,0.23156907790826792,0.12130017072738736,1.1297354003963167,5.61126708984375,5.879313151041666,40.84016847156343,14.168285714285712,8.419307264634456,4.301305700231482,4.270222981770833,0.6368183408279011,0.508712874466262,28.34162139892578,0.04168905317783356,0.10315053164958954,-2.2423153831845237e-06,1.3793277408978943,0.019822210779844265,1.605334229024751,-1.998174758184524e-06,-4.6680019733102656e-08,1.3793277945141613,0.0009708082423549526,0.012340436027886634,2686.0,-0.002422254475279823,0.01062263907263606,-2.266041444426949,1
105,0.6109268066769554,-0.06355685653572991,-0.7275023037393887,0.003998124000159975,0.005258827407150107,0.005914523746517846,0.632599949836731,0.07539999485015869,0.7572000026702881,18.326936486022813,1.906622553212302,21.82402568361589,0.9521513224863316,0.004137634012378571,28.56317999904365,69.52851556531135,4.452441167959185,80.0,80.0,13,0.38235294117647056,0.06407131153859594,0.8663865546218487,0.05371575549361115,8.145615060391516e-05,0.16602166751056863,0.0007867759703906275,0.043493273247770345,0.004738995711752762,1.5733333333333333,1.426825396825397,0.28976963248293813,0.10839538312535463,1.102681054622316,5.161844889322916,5.111796061197916,40.32562357584635,15.91907142857143,8.535377199261523,4.183722601996528,4.242644133391203,0.3791722549589173,0.3748966946005624,28.325796127319336,0.037607885897159576,0.09658925235271454,-6.801060267857143e-07,1.3669266052958136,0.020042500299772156,1.3426126709798605,-3.4150623139880954e-06,3.3875541735368105e-08,1.366926327585949,0.0009481071479209222,0.01240059231116519,2694.0,-0.0024173348399890186,0.009854718987853199,-6.639596019615741,1
106,0.6125817119280498,-0.05897419962428865,-0.7258835800971304,0.004533563593079688,0.006832479000806749,0.006434970688083739,0.6330000162124634,0.07539999485015869,0.7572000026702881,18.376576072147913,1.7691399887204171,21.775477974329675,0.951699733114033,0.004188635963713136,28.54963797588215,71.07336802920175,4.900812725082251,82.51473477406681,82.51473477406681,16,0.47058823529411764,0.06483078206400338,0.8481512605042018,0.057484826968030284,9.405041232819806e-07,0.14451723562648222,0.0018521000938655579,0.01703218028703561,0.012815773051821147,1.4473015873015873,1.4501587301587302,0.25012962122157073,0.1289842480924856,0.998029772329247,5.161844889322916,5.111796061197916,38.92225385393415,14.628071428571428,8.281080222287379,4.169379340277777,4.1436767578125,0.48652630012437953,0.40950382378209393,28.31916046142578,0.034997984766960144,0.09137558937072754,-1.1538550967261904e-06,1.3544478170542846,0.0198834995370601,1.2355355512916448,-4.395984468005952e-06,-8.79264546066092e-08,1.354447465480949,0.0009460941304944065,0.012273256342962916,2682.0,-0.0024453530021635874,0.00952422321374407,-6.639596019615741,1
107,0.6144454362505958,-0.05491676162254243,-0.7239969517191251,0.004443919760161877,0.005527009337804188,0.006465479726767095,0.6330000162124634,0.07539999485015869,0.7572000026702881,18.4324770875488,1.6474214200888362,21.71888726583549,0.9512125363414428,0.004176161504169577,28.53502137244747,70.08528605647587,6.010533570267661,82.51473477406681,82.51473477406681,13,0.38235294117647056,0.05761546981843941,0.8624789915966387,0.07467199891386493,0.0004868056869637658,0.16562573771710856,0.0017329028350720453,0.017002439196503936,0.01046276296762446,1.435892857142857,1.5150793650793652,0.2337040225436037,0.14276522616154613,0.9477344159245676,5.161844889322916,5.111796061197916,38.03950406029111,14.22278195488722,8.076243669528502,3.989308675130208,4.0071840639467595,0.5566535817195956,0.5230616026191293,28.315332412719727,0.035911813378334045,0.10675048828125,-1.5622093563988095e-06,1.3415201874745641,0.020313309723555478,1.3895956515618388,-1.2897309802827382e-06,-6.191952081317887e-08,1.3415216014927522,0.0009257880660277584,0.012931518197180653,2698.0,-0.002447698384340329,0.009105051197499698,-4.720316254380865,1
108,0.6142499317895799,-0.05400716196071534,-0.7242157328412646,0.004793841560589564,0.003645803182785682,0.006625277639766612,0.6330000162124634,0.07599997520446777,0.7558000087738037,18.42663081083979,1.6201370017017638,21.72542798523392,0.9511945956128804,0.004145879855095414,28.534478469108013,69.26177811975651,6.1599310110967895,82.51473477406681,82.51473477406681,11,0.3333333333333333,0.05100582699805093,0.872987012987013,0.07573785766890315,1.2737615326946961e-05,0.07779902550164151,0.008539332736705728,0.013764161338493558,0.10976143572036841,1.5734920634920633,1.5194642857142857,0.1431031391703662,0.16491330050567016,1.0355571225238636,4.53765869140625,4.542744954427084,37.277004205612904,14.779097744360902,8.570714810012676,3.92558910228588,3.8396326700846357,0.3941397377985339,0.40744335753177596,28.301193237304688,0.038585957139730453,0.10675048828125,-3.7376767113095238e-06,1.3288812077412702,0.019956705969542646,1.1691137825471951,-1.4532180059523809e-06,1.0238218929158962e-07,1.3288812891571218,0.0009257532727790323,0.012545129419673708,2689.0,-0.0024222588347262482,0.009221929255771361,-4.231566902994335,1
109,0.6122825883059274,-0.055579314819404056,-0.7262178089192936,0.005122714754134252,0.0037139324634931905,0.006793953720294693,0.6322000026702881,0.07599997520446777,0.7569999694824219,18.367599792054722,1.6673011588624544,21.785493267604284,0.9515461927726373,0.004167792915699963,28.545021799791567,68.86206232684957,5.365257482168324,81.55339805825243,81.55339805825243,10,0.30303030303030304,0.051833721590076376,0.8765367965367965,0.06742551748809994,6.347861724281485e-07,0.0704444238752807,0.004865956908117832,0.006335416441327903,0.06907511823409661,1.5578571428571428,1.4446031746031744,0.13966066747948874,0.16662009931455096,1.078397978244149,4.53765869140625,4.542744954427084,37.98882417224702,15.438721804511278,8.152340433419777,4.040616353352865,4.0274273907696765,0.277880414479218,0.3241874783053789,28.27251434326172,0.04271048307418823,0.10203106701374054,-3.803071521577381e-06,1.3168562923656817,0.019290475754966646,1.2624110236706136,-1.7256963820684524e-06,-1.7864163074813764e-07,1.3168568731744548,0.0010573861207251892,0.012083685275099423,2690.0,-0.0024447906335747405,0.009452833406054616,-4.973259776648207,1
110,0.6100056068783715,-0.05710936276117961,-0.7283993136854399,0.00450124651279305,0.003283378018006393,0.006279318579909196,0.6305999755859375,0.07599997520446777,0.7608000040054321,18.29928434916905,1.713203597153936,21.850954981957162,0.9518332165101238,0.004228415383569713,28.553640967276298,71.05358705665913,4.082738065137637,81.55339805825243,81.55339805825243,9,0.2647058823529412,0.04808709373415236,0.8471428571428571,0.047266199735698886,2.3830337359433406e-05,0.08371935678008952,0.002454617771343166,0.0018139261478305646,0.029319596635110953,1.5004761904761903,1.3466666666666667,0.1269331246782713,0.09294135375652347,1.114214992927864,4.53765869140625,4.542744954427084,38.494152759370344,14.91957142857143,8.190403569583923,4.023290563512731,4.0274273907696765,0.293762398807769,0.300563119514827,28.238697052001953,0.04864330217242241,0.12454414367675781,-4.753476097470238e-06,1.3057417565541893,0.019180174689922246,1.1725989761102045,-2.1071661086309525e-06,4.2764771928578995e-08,1.3057413450047217,0.0011808464667939003,0.012574999171305164,2672.0,-0.002424623834411903,0.009746042691025735,-4.973259776648207,1
111,0.6099671493711926,-0.05705461039713451,-0.7285291136559986,0.004112386562963192,0.0028358236117585526,0.00595220655787071,0.628600001335144,0.0690000057220459,0.7608000040054321,18.29814133831433,1.7115561690500805,21.854830266833304,0.95190016675191,0.004034382651147183,28.55564216914243,71.04463712181038,2.823897763065053,76.36363636363636,76.36363636363636,8,0.22857142857142856,0.04231165454628521,0.8458775510204083,0.033696936782465096,8.966930445647812e-07,0.07752666785028353,0.0007992615157525728,0.013743430734066893,0.010309504302391474,1.4758730158730158,1.3763492063492064,0.11984768194766543,0.09116557190978232,1.0723099988467304,4.255167643229167,4.2010498046875,37.213224065871465,14.894357142857142,8.213690332149673,3.937558774594907,3.929906774450232,0.19013827301448874,0.18053723548101833,28.203466415405273,0.044712379574775696,0.11363624781370163,-7.058279854910714e-06,1.2951811973971756,0.01914759035441629,1.264485411029326,-1.598539806547619e-06,-6.482245737154953e-08,1.2951824543927286,0.0012651973894543132,0.012779757154428249,2693.0,-0.0024516088077837068,0.009539698723490737,-7.164638693647225,1
112,0.6109230355478469,-0.05741439121677762,-0.7276213136059897,0.004970516330581555,0.0035648848971096647,0.006429797194199442,0.6426000595092773,0.08300000429153442,0.7608000040054321,18.326813923546247,1.72234016507864,21.82761226530586,0.9518499090835446,0.004080563934507302,28.554143397871293,71.26469787288791,3.4406385139794047,77.49077490774908,77.49077490774908,7,0.2,0.04239668609215394,0.8439183673469388,0.04121103033462219,3.0452378175760028e-05,0.08615943916754801,0.002068646345964591,0.01362796514006195,0.024009514986998055,1.5926984126984127,1.3555555555555556,0.1385909730030567,0.09000489894564166,1.1749414519906323,4.255167643229167,4.2010498046875,36.96348491850354,15.008714285714285,8.482757540434354,3.949404116030092,3.90167236328125,0.19564853418280587,0.16270649177576155,28.182682037353516,0.03736373037099838,0.10403148084878922,6.113688151041667e-06,1.283991406641769,0.019381057028969702,1.3718993602137282,-1.5077136811755952e-06,1.254468645282104e-07,1.2839908884327011,0.0012813107366181488,0.0129821535512685,2696.0,-0.00244208341734471,0.009620788359278097,-7.441523595874045,1
113,0.6137976076489403,-0.059064267499106274,-0.7249606566343989,0.005899878069056175,0.004354492806815219,0.007190404595787486,0.6426000595092773,0.08300000429153442,0.7545999884605408,18.413047515153885,1.771841167807579,21.74778827045645,0.9517837943812847,0.00413827969056311,28.552154636240992,71.24325468178624,3.822199114861044,80.45977011494253,80.45977011494253,11,0.3235294117647059,0.048129515024049614,0.8446218487394959,0.04553016865031866,7.263213660974296e-07,0.1216718117669567,0.001093013796928463,0.00600348505734694,0.008983295153210669,1.5536507936507937,1.3461904761904762,0.19854814424534506,0.08707126905984322,1.15410918523759,4.90020751953125,4.729105631510416,39.01533573695591,15.154785714285715,8.402599188188553,4.1269712094907405,4.155409071180555,0.33730325898233493,0.3493426591582808,28.1816349029541,0.03664930537343025,0.09922152757644653,7.130940755208333e-06,1.2708219549359723,0.021209846476667658,1.2121439104911085,-1.0535830543154763e-06,-5.436132974885556e-08,1.2708224851853729,0.001249030829138136,0.015165650742133238,2715.0,-0.0024997654327193496,0.00995223633649107,-7.441523595874045,1
114,0.6171899325734093,-0.060971657982894355,-0.7216252188710939,0.006091435116136889,0.004133711368539731,0.007378966075937447,0.6426000595092773,0.08300000429153442,0.7545999884605408,18.51481126291411,1.8290688823376382,21.64772628043379,0.9515645296036769,0.004183389755004281,28.545574080881025,70.37177160173154,4.061788076235763,80.45977011494253,80.45977011494253,9,0.2647058823529412,0.04661782937974654,0.855420168067227,0.04871429731112594,4.1916294877135005e-06,0.09097847714003006,0.002541686869432772,0.0010801485691367763,0.027937232511824964,1.6457142857142857,1.3774603174603175,0.2487140395502187,0.0900384845352524,1.194745333026043,4.90020751953125,4.729105631510416,38.360192362467444,14.8396992481203,8.152910448528718,4.119733174641927,4.070570203993055,0.3955781580760252,0.4245113250721309,28.200237274169922,0.04213622584939003,0.11013730615377426,8.078438895089286e-06,1.2567420510086387,0.021276835157947982,1.335310377754177,-1.7801920572916667e-06,1.6050569933552056e-07,1.2567424005972068,0.0013497726288067963,0.015359890861597534,2706.0,-0.002501088524709389,0.010247341631808614,-4.462871026284194,1
115,0.61934448549861,-0.0628870483608473,-0.7195512570852325,0.004872827667099348,0.0030595714925467266,0.0065057820792653095,0.6404000520706177,0.0745999813079834,0.7513999938964844,18.579458136388233,1.886514307984284,21.5855072839771,0.9515013833672019,0.004114877880443081,28.543685245616185,69.31539121884744,4.29243403020679,78.79924953095684,78.79924953095684,13,0.3939393939393939,0.07037662891869134,0.869004329004329,0.05500602637303705,0.00010993308521449425,0.12217835572104865,0.004207296871811256,0.05914452715636913,0.034435697280270655,1.6419047619047618,1.3826984126984128,0.21118067835757282,0.10390001395560447,1.1874641258179313,4.90020751953125,4.729105631510416,38.60850481305803,14.634142857142857,8.937601409728657,4.060702853732639,4.102082429108796,0.4518779791842665,0.4167493626644132,28.23218536376953,0.047664038836956024,0.1157187968492508,-2.652122860863095e-06,1.2432768653559745,0.019820279764917632,2.2734889374951988,8.174351283482142e-07,-2.21957830398807e-08,1.2432753799933147,0.0013665580694001808,0.013127620168429822,2715.0,-0.002495427783526305,0.010590948024706556,-9.078064431573203,1
116,0.6187850189152218,-0.0640586286556153,-0.7200496189367204,0.004900385333083114,0.0030744657901805457,0.006436990125787019,0.6404000520706177,0.07539999485015869,0.7497999668121338,18.562661995972906,1.9216658596481595,21.60046899667808,0.9515928583872606,0.003974178483156619,28.546430103799263,68.91817774895922,4.374319213629388,78.79924953095684,78.79924953095684,11,0.3235294117647059,0.07530190729195252,0.8741596638655462,0.05629877386251344,2.7295293627655016e-05,0.1415900829718135,0.0038002380937566843,0.011790596785805841,0.02683971937860367,1.5957142857142856,1.4036507936507936,0.1752752936709238,0.0824486677686816,1.1368313920615176,4.49737548828125,4.659932454427084,37.625643775576634,16.03984962406015,8.13664936693594,3.9255015055338536,3.9414130316840277,0.3345115400450132,0.3082780859515037,28.265939712524414,0.04469678923487663,0.11978128552436829,-2.445765904017857e-06,1.232872773996904,0.018785313046114863,2.1775927912044413,-5.994524274553571e-07,2.3286747477941663e-07,1.2328718073217741,0.0013866511355546522,0.011592083518845536,2723.0,-0.0025607301112521427,0.010769511958555375,-9.809328683395398,1
117,0.6196754661855244,-0.06954403783026196,-0.719152914297013,0.006292915801400295,0.009627639580544268,0.007552192921427356,0.6526000499725342,0.11779999732971191,0.7509999871253967,18.589375985605376,2.0862277063301633,21.573562286070416,0.9519369133660456,0.004517914795038469,28.556747849680157,69.69874148868007,5.7083967065085774,80.92485549132948,80.92485549132948,16,0.48484848484848486,0.09346163132864867,0.8667965367965369,0.07309826013158402,1.7748764681383153e-06,0.15500546753921313,0.007149497829001234,0.021915425598741153,0.04612416544076138,1.5325396825396826,1.363015873015873,0.19037351730137028,0.09436130794658248,1.1243740538022593,4.693603515625,5.398763020833333,39.93875935872396,15.629357142857142,8.336933629448943,4.1400146484375,4.135470920138889,0.5481163364424206,0.2610786950433348,28.29023551940918,0.03663470223546028,0.11538774520158768,-5.435035342261905e-07,1.224002008931727,0.01823294270846198,2.1280015081168653,-1.6530354817708334e-06,-7.526647004392408e-08,1.2240022118153466,0.0012539085727186303,0.01014587918457323,2727.0,-0.002615327818280975,0.011947972929118028,-5.522181737882449,1
118,0.6224725805407478,-0.07511301887886865,-0.7164113240610985,0.009399251581952296,0.012132234879235176,0.01020128482991231,0.6598000526428223,0.12980002164840698,0.7613999843597412,18.67329384480204,2.253284709240709,21.491315721784318,0.9521905840949063,0.005653246835186648,28.564360743119156,73.51926583836035,8.563326118490183,94.5945945945946,94.5945945945946,15,0.42857142857142855,0.07129146505154511,0.8268571428571428,0.09334833976265003,0.0005173860864639724,0.1701734585003083,0.0032633891150747993,0.011209338741551675,0.019176839583764392,1.4242857142857144,1.30015873015873,0.2656323478375461,0.08792762547540739,1.0954706385056772,5.430704752604166,6.66351318359375,57.91624944777716,15.315928571428572,7.819752831249638,4.466699670862268,4.551425509982639,1.0258983877605625,0.5899582417765744,28.3049373626709,0.03616306558251381,0.11538774520158768,5.37109375e-06,1.2178194783402707,0.017648300197792635,1.4293386831519128,-3.4332275390625e-06,1.3874819115765586e-07,1.217818705557756,0.0012021967622230414,0.008554518001056098,2743.0,-0.002625701121049667,0.01251887559859893,-7.247596653170662,1
119,0.6263590477988833,-0.07926405810742151,-0.7127200386382284,0.008405742984257173,0.010334670528811356,0.009421182505941405,0.6598000526428223,0.12980002164840698,0.7613999843597412,18.789884434001788,2.377817743250302,21.380585873425005,0.9522670701316555,0.005652335481717271,28.56665989847802,73.91113504491024,8.674684547627733,94.5945945945946,94.5945945945946,15,0.42857142857142855,0.0878378403336386,0.8228163265306123,0.09509760872566377,0.00015754860541441088,0.22606953942658342,0.005176054239171141,0.0318581728707481,0.022895849888932406,1.84875,1.3495918367346937,1.2610204884116187,0.19640013046155153,1.369858611825193,13.397521972656252,20.726826985677086,64.72373918805803,12.054285714285715,7.381325793391541,6.8234507242838545,7.164393833705357,5.628944044631537,3.659594389520266,28.316675186157227,0.03718581423163414,0.10016018152236938,2.6492164248511904e-06,1.2114502181269362,0.017788452614566613,2.6889995890680547,-2.234322684151786e-06,5.880494120142515e-08,1.2114501501614365,0.0012311124972172512,0.008649297900730935,2744.0,-0.0025421545100344925,0.012320597741205166,-7.247596653170662,1
120,0.6265423623891104,-0.07894435418503624,-0.7127327241982733,0.007935954595844607,0.008224415654601396,0.009023178161383002,0.6598000526428223,0.12980002164840698,0.7613999843597412,18.79538130027907,2.368224768425737,21.380953011640482,0.9523443742234943,0.005264037054566664,28.56896705552582,74.98525513560722,8.57962692703857,94.5945945945946,94.5945945945946,13,0.3611111111111111,0.07021458155936593,0.8104365079365079,0.0904604118098757,9.95108038317368e-05,0.15427820213320123,0.0073066776474357146,0.02026353090457844,0.0473604018351682,2.2728571428571427,1.4569387755102041,1.2529296281360836,0.33177711139430316,1.5600224121025352,13.397521972656252,20.726826985677086,62.48768550327846,15.028214285714286,9.396669290232577,6.602318173363094,6.5874953497023805,5.874001922494103,4.2095377120244155,28.3253116607666,0.035786572843790054,0.0795384868979454,1.3587588355654761e-06,1.2046469750219762,0.01865770470003868,2.5763730193686243,-7.084437779017857e-07,-6.146747819054548e-08,1.2046483743571645,0.0012718259354105883,0.010296017785586122,2760.0,-0.002511374638549578,0.011115700983770802,-7.247596653170662,1
121,0.6244815241439002,-0.07907064021201361,-0.7148856860966909,0.0067142688731331454,0.004652977558710208,0.007500200518901213,0.6828000545501709,0.10780000686645508,0.7508000135421753,18.733556152837618,2.371995206347534,21.445549011443344,0.9525705947305341,0.004809469385051524,28.57575748659518,71.05960731683405,6.422105372549326,85.02024291497976,85.02024291497976,16,0.45714285714285713,0.060566057316945816,0.8509795918367347,0.07355034088793445,0.00013933634319033728,0.07448344522851916,0.0074066210912999385,0.016076016144808032,0.09943982946245347,1.799591836734694,1.29875,0.431971353578417,0.327933727049742,1.385633753019976,4.811299641927083,5.080464680989583,47.19594188871837,18.376134453781514,7.239662212224287,4.059491838727679,4.102795918782552,0.6144579849421388,0.8285038136361382,28.32440757751465,0.03439011424779892,0.08655144274234772,-5.5745442708333335e-06,1.197468201936208,0.018008010521481044,2.5763730193686243,-5.267915271577381e-07,-6.937300797928153e-08,1.197468635158278,0.0013512982774219486,0.00954720778029391,2743.0,-0.0024965547004272117,0.010276189974994241,-8.447158801961438,1
122,0.6249717907962344,-0.08263777261404764,-0.7143982575847989,0.00713565402431726,0.0065486818259435295,0.007798485856744293,0.6828000545501709,0.10780000686645508,0.7508000135421753,18.74825743819986,2.4790128927145685,21.4309294418352,0.9528450597658364,0.004952014475884348,28.583989896811048,70.49410944921439,5.825408308095462,85.02024291497976,85.02024291497976,18,0.5294117647058824,0.06411714310213351,0.8566386554621848,0.06694758153826373,0.00023602992086630572,0.08248084621091065,0.0059046252699575495,0.013311349066810196,0.07158783573654073,1.5195714285714286,1.1953968253968255,0.29170368666906926,0.18950080953737036,1.2711857655025893,4.811299641927083,5.080464680989583,38.31502496628534,15.367414965986395,8.099224484093588,4.165018717447916,4.236235441984953,0.5659379469380679,0.4424302798702609,28.314966201782227,0.035192303359508514,0.08306310325860977,-2.1725609188988096e-06,1.1945696423368326,0.01729053226661502,2.274880178368962,4.54130626860119e-07,1.7131363216164674e-08,1.1945689161735074,0.0014085466792434448,0.009231940943884335,2711.0,-0.002504408243162156,0.010232261238149357,-8.466454510163416,1
123,0.6271032675164087,-0.08609726685853232,-0.7123088483384677,0.007201851442734957,0.005825924899291208,0.007868744949749587,0.6828000545501709,0.10780000686645508,0.7508000135421753,18.8122003111669,2.5828015771508217,21.368250735827854,0.9529840849211475,0.004919553919054014,28.58816271314593,68.32771928825437,3.5374574728858827,74.60035523978686,74.60035523978686,14,0.4117647058823529,0.07250274556036461,0.8805882352941176,0.047803014224153534,4.4371911703456845e-07,0.08103444499892556,0.0016586457217744317,0.014272769617382166,0.020468403551063052,1.4555555555555555,1.2288571428571429,0.2049461457323404,0.18345415931896603,1.1844790617169134,4.702351888020834,4.802347819010416,38.26951105026971,14.780068027210884,8.057266227600259,4.018430356626158,4.0003662109375,0.5118019207897657,0.3890881380909302,28.313413619995117,0.03485654667019844,0.10977640002965927,1.3660249255952382e-07,1.191625199563832,0.0175801889139639,1.863749321724838,2.052670433407738e-06,1.693615273227868e-07,1.1916239864903717,0.0014627089338626273,0.010841280241848003,2672.0,-0.002476353025692973,0.010147909100481228,-7.401959285417462,1
124,0.6301377251886187,-0.08854782797041394,-0.7093779817989895,0.004386173235133097,0.0032836720267375528,0.006132308061150867,0.6513999700546265,0.10619997978210449,0.7408000230789185,18.90323604132448,2.6563075533935003,21.280324025409563,0.9529856445382295,0.004168828278061505,28.588209298608728,69.10178291564196,4.0076184894143045,77.20588235294117,77.20588235294117,11,0.3333333333333333,0.07858482028732929,0.8713852813852814,0.05370673803525715,7.721029304456473e-05,0.10018356789669486,0.005550060795953495,0.03743609303247951,0.05539891333952578,1.3912857142857142,1.245,0.17355402617052706,0.11569532472518199,1.1174985656913365,4.107869466145834,4.16015625,35.32288425990514,14.867142857142857,8.632293920519688,3.811981201171875,3.7669576009114585,0.3325720759692399,0.17858450545220253,28.32583236694336,0.038930825889110565,0.10977640002965927,6.731305803571429e-06,1.1870051853929575,0.01850610775240224,1.863749321724838,-1.834687732514881e-06,-7.245133158588491e-08,1.1870055309889158,0.0013911506281630366,0.012569417893751314,2666.0,-0.002464096442068607,0.010024994962715127,-6.907760552684994,1
125,0.6306070682150977,-0.08822837061825253,-0.7090227245120775,0.004233678401291978,0.0029053859452964044,0.006067169522950977,0.6507999897003174,0.1021999716758728,0.7423999905586243,18.91731561788491,2.646725832819939,21.269664306810924,0.9530001712382412,0.004073475852595897,28.58864335713543,70.39741085150388,4.352816869938039,78.06691449814126,78.06691449814126,12,0.35294117647058826,0.07720055562298253,0.8557983193277311,0.05682679522055143,2.071921765930855e-05,0.1307789098993145,0.0017069590360878713,0.043754785932629714,0.01305225007152945,1.4525714285714284,1.3046031746031745,0.0930191992470986,0.0830588070712478,1.1134201241026889,4.316202799479166,4.400838216145833,36.55427769252232,15.117278911564627,8.261154710074294,3.9014892578125,3.901581940827546,0.2261004679969645,0.21182808545586757,28.34172248840332,0.03569825738668442,0.10977640002965927,2.7175176711309522e-06,1.1786124699570202,0.01819254940701022,1.6900509133836226,-6.721133277529762e-07,1.1386039673352252e-07,1.1786128471803334,0.0013718472070388475,0.011715724302683703,2683.0,-0.0024636779352117904,0.009966228824142493,-6.907760552684994,1
126,0.6308963344380969,-0.08816522773958388,-0.7087885148241406,0.004360229632716858,0.002925782755043531,0.006122759525585297,0.6507999897003174,0.1021999716758728,0.7430000305175781,18.925986604605402,2.644833117893764,21.26264415902751,0.9530127563311918,0.004024574241219235,28.58902099995275,72.00980128289741,4.396484852867811,81.23791102514507,81.23791102514507,16,0.45714285714285713,0.06868294503568925,0.8364489795918367,0.053202261540930336,7.757930195751873e-06,0.11293390328976688,0.0008125280957963818,0.029242334344245908,0.007194722506948064,1.4734920634920634,1.2630000000000001,0.06734050985905587,0.0901980813407415,1.1666603828124016,4.316202799479166,4.400838216145833,37.71298050653367,14.678911564625851,8.283235424466422,3.9801703559027777,3.9648539225260415,0.2659469981292915,0.23285667345832542,28.36022186279297,0.03794896975159645,0.10131265223026276,5.097888764880953e-06,1.1716370832113463,0.01774238070593714,1.446373816307929,1.9981747581845239e-07,-1.1842120276925208e-08,1.1716348578913824,0.001382759900217573,0.010458427071794896,2709.0,-0.002467863003779954,0.010021964206477278,-7.458448359709147,1
127,0.6310453252508527,-0.08809147547540211,-0.7085639147588185,0.004376886700087087,0.0029006019118893987,0.00614130022348295,0.649399995803833,0.10060000419616699,0.7430000305175781,18.93045575754983,2.6426165499857492,21.255904585591384,0.9529376058987545,0.0040419465300197315,28.58676457608679,72.27324547786995,4.4553351108946355,81.23791102514507,81.23791102514507,17,0.4857142857142857,0.05644319563714917,0.8333877551020408,0.052150360896236043,9.596001665972097e-07,0.11830045174046047,0.0032143194994439113,0.009508300723116116,0.027170813400576116,1.4507936507936507,1.2604285714285715,0.0967595404452221,0.08392914893418332,1.1510320248844559,4.29840087890625,4.400838216145833,38.43469957624163,15.595034013605442,8.231743337291872,3.959203649450231,3.983418782552083,0.26359094625797297,0.19683353418394137,28.394365310668945,0.056621868163347244,0.12085456401109695,1.972016834077381e-06,1.1655557281056743,0.017645336717011576,1.4132829752466263,-5.812872023809524e-07,4.147166731019585e-08,1.1655554745279744,0.0013839073838919772,0.009353312836613954,2716.0,-0.002535351593888014,0.010004930879450369,-8.992007698680784,1
128,0.6311725439741498,-0.08979922809487298,-0.7083946384957859,0.006190541563213944,0.007641222987528747,0.006974832165936012,0.6657999753952026,0.14340001344680786,0.7447999715805054,18.934271176372256,2.693840700004782,21.250827440576895,0.953090716896561,0.005393535551358898,28.59135709809786,72.35843993520443,4.8782351471986685,81.23791102514507,81.23791102514507,14,0.4,0.05745346256009345,0.8330612244897958,0.057366036474334525,5.2993919200333536e-06,0.0844531588939596,0.0063025948641797554,0.024624342367934125,0.0746282903649983,1.4174285714285715,1.2318571428571428,0.1665505990407009,0.07995419607117411,1.150643627507828,4.862162272135416,4.707132975260416,39.78426455543155,15.68948051948052,8.460773094865093,4.133463541666666,4.137349446614583,0.28394789271193205,0.2777090822981463,28.439306259155273,0.05809125676751137,0.12952271103858948,1.0066441127232143e-05,1.1629586242265992,0.01860572250793146,2.894965347619193,1.4895484561011905e-06,2.1946635756185246e-08,1.1629583021764758,0.0013611505167992356,0.011611814393109916,2697.0,-0.0025202548309176498,0.010545724141906642,-5.4771393491987705,1
129,0.6336462585585458,-0.09420739019484747,-0.7057572286497978,0.007426803148785967,0.009589140223587195,0.008240368066243812,0.6670000553131104,0.14340001344680786,0.7447999715805054,19.008480899674552,2.826089277267456,21.17171085949455,0.9532367615148887,0.005528862606709487,28.59574194709812,71.90304186098733,5.246270485132789,82.3529411764706,82.3529411764706,12,0.34285714285714286,0.05723679253913577,0.8388979591836735,0.061062588656593975,3.085008979591837e-05,0.08750584045008764,0.008096073944359398,0.008687171637801278,0.09252038381343597,1.4175714285714285,1.1989999999999998,0.15607696949954938,0.08063535964134963,1.1822947694507329,4.862162272135416,4.778238932291667,39.55757082984561,14.88194805194805,8.206081940012956,4.223744710286458,4.26409912109375,0.33951027416786134,0.3014386468537338,28.498916625976562,0.05790821090340614,0.11395510286092758,6.875174386160714e-06,1.1636093805917167,0.0199219052091137,2.894965347619193,-4.1961669921875e-06,1.2319708099399222e-09,1.1636088648255598,0.0013144440284346473,0.014336377181307935,2666.0,-0.0025092406895244573,0.01063847336415826,-5.4771393491987705,1
130,0.6348067821491332,-0.09819236190262295,-0.7045671617559024,0.00859829497367718,0.010998456779418067,0.009848109655561186,0.6729999780654907,0.16060000658035278,0.7572000026702881,19.043300893051285,2.945635857071195,21.1360077098012,0.9535648394715304,0.006500379890933209,28.605586056778787,73.72070295017922,5.5181680201300765,86.0655737704918,86.0655737704918,11,0.3055555555555556,0.05271353906887851,0.818452380952381,0.06124221918277325,0.00016661014177426074,0.08587635630114229,0.006129250439136712,0.032992724436209084,0.07137296810362206,1.455,1.1775714285714285,0.18434467495339665,0.08496349756435022,1.235593837195196,4.862162272135416,6.566569010416666,42.45238160632905,14.176623376623377,8.419500672063318,4.327646891276041,4.533884684244791,0.7913982455624028,0.3346875784936002,28.583276748657227,0.1624976545572281,0.319562703371048,4.537818545386905e-05,1.1605693751202044,0.02104693777128698,3.031753838225302,-4.3596540178571427e-07,1.9160301434946426e-08,1.160569446122921,0.0013534137694656842,0.016842076255752073,2644.0,-0.0024561818670837104,0.011727927087656942,18.328127979686823,1
131,0.6334335060119629,-0.09851439091421309,-0.7059413712422054,0.00811009776506629,0.008554053274288393,0.009895792283479013,0.6729999780654907,0.16060000658035278,0.7572000026702881,19.00210318037442,2.955293155993734,21.17723113728421,0.9536791791969345,0.005404328958226901,28.609014068956043,74.3830664519707,5.515399865182168,86.0655737704918,86.0655737704918,10,0.2777777777777778,0.04859483229673214,0.8111111111111111,0.06053251137391007,3.7006116784673184e-05,0.08327587127299128,0.005444554767014285,0.009665978144906006,0.06537973945857842,1.791904761904762,1.2455357142857142,0.6107402296540764,0.12756438450397334,1.438661887694146,6.61102294921875,6.566569010416666,43.40771818615141,13.300676691729324,8.234208117540451,4.776102701822917,4.831733703613281,1.0504655180464795,0.8614742896914457,29.21937370300293,0.8993872404098511,0.8520972728729248,0.00012863449823288692,1.1554221222329257,0.02045299122957149,2.9028424539317377,-2.452305385044643e-06,-6.671609227530562e-08,1.1554218270434478,0.00137200143065567,0.01583571122742324,2656.0,-0.0024454750666634923,0.011015000150558774,18.328127979686823,1
132,0.6297982390494574,-0.09588900102604003,-0.7095654572787738,0.0069309630680696455,0.007970250079113879,0.008846205420320412,0.6729999780654907,0.16060000658035278,0.7572000026702881,18.893035885776793,2.876534887935434,21.285960861274173,0.9536693899900953,0.005307887756643691,28.608719890175298,75.3211445829278,4.327712004942757,86.0655737704918,86.0655737704918,6,0.16216216216216217,0.040525879864297946,0.7992277992277993,0.04604560749538243,2.4991837401082936e-05,0.07769175841753519,0.0009147597711788903,0.009544427200794455,0.0117742189108752,2.067142857142857,1.3075510204081633,0.6384523698534046,0.15339256653074423,1.580927110972374,6.61102294921875,6.566569010416666,46.12380174909319,14.463781512605042,8.48760408095809,5.2145640055338545,5.253063383556547,0.8212724655125684,0.6575582124523577,30.311044692993164,1.333569049835205,1.114516019821167,0.0001777096702938988,1.147689717615521,0.01731912291645584,2.829807516156882,-5.812872023809524e-07,1.581902362613471e-07,1.1476894870444883,0.00140019701984145,0.011226628980274817,2661.0,-0.002417881950515377,0.010635149792041373,18.328127979686823,1
133,0.6278434296108427,-0.09288044892890113,-0.711431657748563,0.0036178388260189403,0.004251298918540893,0.005900183517851932,0.6440000534057617,0.10740000009536743,0.7414000034332275,18.834407174076354,2.7862883250202453,21.341946875282698,0.9534137607998239,0.004162778994172066,28.601062296556183,77.03363950184405,5.042055123665958,89.55223880597015,89.55223880597015,8,0.21621621621621623,0.04495777812635937,0.7821621621621622,0.050256508741559194,4.095999999999991e-05,0.11558442581210322,0.0002909156936369499,0.0039653121450398555,0.002516910834595219,2.0267346938775512,1.43,0.3168547268873447,0.053271952044538114,1.4172969887255604,5.427347819010417,6.459452311197916,47.41792253766741,15.892589285714285,8.031896016958397,5.147036597842261,5.364263625372024,0.6722380321388999,0.1666719165570397,31.618181228637695,0.9965853691101074,1.0255746841430664,0.00016638619559151787,1.1440367376479097,0.017412039073486107,1.4412556535331578,5.449567522321428e-07,-5.37743379411232e-08,1.144037364949097,0.001412053204117386,0.011161816161746196,2662.0,-0.0023696991689011833,0.009159158997265795,-9.506649754800966,1
134,0.6288397820733842,-0.0891858100834347,-0.710382610357943,0.00360535113065968,0.0059644669118458634,0.005632709241248627,0.6440000534057617,0.10740000009536743,0.7414000034332275,18.864293176531792,2.675447731060641,21.3104647392886,0.9529433543539532,0.0040370243565989615,28.58693899787715,76.4642344791971,5.06873467596204,89.55223880597015,89.55223880597015,8,0.21621621621621623,0.04519045110140304,0.788030888030888,0.050684614030611204,4.350613910870668e-07,0.08792869946758064,0.001886137132002927,0.00626902356485405,0.021450756617847472,1.7726785714285713,1.373392857142857,0.42242765199909604,0.06491728449750969,1.2907294240020803,5.427347819010417,6.200052897135417,46.78535962785993,15.568888888888889,8.108153682253848,5.004514058430989,4.965235392252604,0.6331940574454011,0.3344949386051317,32.561256408691406,0.6115643382072449,0.6308488845825195,0.00010658918108258929,1.1404686578994285,0.017318826215474353,1.4412556535331578,2.1798270089285714e-07,1.1763247675885717e-07,1.1404673013330127,0.001431280489801368,0.011128475720823584,2655.0,-0.002380102987794852,0.008923376721223843,-9.64170428081826,1
135,0.629766144094013,-0.08472682905764807,-0.7095235912374088,0.0037854099775469544,0.006104126215870324,0.005911907377651469,0.6519999504089355,0.10740000009536743,0.7414000034332275,18.89208346571241,2.5416800146017757,21.284696879940373,0.9525098105246977,0.004399945481296711,28.573934415833385,75.2590597013048,5.910853083218524,89.55223880597015,89.55223880597015,10,0.2777777777777778,0.05689230786211394,0.8020634920634921,0.061581983079141644,4.307645147855074e-05,0.10626621805087354,0.001470782853913541,0.011061707431651144,0.013840549526373688,1.5907936507936509,1.3776190476190477,0.21368605100722352,0.061666207021636846,1.1547413296462725,5.427347819010417,6.200052897135417,44.324290248325894,14.743285714285713,8.382534516383894,4.671585648148149,4.754932544849536,0.612079165498306,0.4510256666891452,33.18182373046875,0.4634808897972107,0.4474736750125885,7.570248558407738e-05,1.1376269527471814,0.017049685385557616,1.947456746911648,-3.814697265625e-07,-1.7650086147046378e-07,1.137628140189692,0.0014290289185546793,0.01086761676053711,2651.0,-0.002393384041329133,0.008803910362646425,-9.64170428081826,1
136,0.6301733155420848,-0.07877618115572703,-0.7092130197967802,0.004041261596790102,0.005447091716058977,0.006087690959114419,0.6604000329971313,0.09520000219345093,0.7394000291824341,18.90429818051202,2.3631791489464895,21.27538173675537,0.952033536928013,0.004733807881688116,28.55964909098931,72.12592559342642,3.781200130376674,79.69639468690701,79.69639468690701,14,0.4,0.06431931894785553,0.8341632653061224,0.043658322759687965,5.7586416326530224e-05,0.14268528330910257,0.0006153410672568543,0.023062248620407188,0.004312575571818617,1.5757142857142856,1.3557142857142856,0.215132717567088,0.06622986152652842,1.1622760800842993,4.765421549479167,4.94415283203125,42.17653249104818,15.018071428571428,8.59786695515646,4.440985785590278,4.393513997395832,0.27646305801256243,0.21507482485928017,33.64242172241211,0.3451526165008545,0.3426932990550995,6.246802920386904e-05,1.134836289446829,0.017037134962645195,1.7981560115528477,-1.6348702566964285e-06,-4.594260723428176e-07,1.1348378971675466,0.0013948399615271488,0.010974007523778773,2642.0,-0.0024408387953903238,0.008717829334267903,-9.120347745419913,1
137,0.6301531631435667,-0.07700907654137838,-0.7091907532754399,0.00536776353336253,0.009033764612249463,0.006561422235947831,0.6698000431060791,0.12860000133514404,0.751800000667572,18.903693179999078,2.310146296237196,21.27471045536654,0.9518916127636846,0.005546442221264677,28.55538692732072,72.133119607055,4.633170179301365,84.0,84.0,12,0.34285714285714286,0.061258803909499976,0.8351020408163266,0.05160998130945391,5.062467705122819e-05,0.1489050788222554,0.0005751228154049937,0.06907866407701546,0.0038623451930172555,1.6119047619047617,1.3425396825396827,0.18438351041122042,0.07062011615855943,1.200638448805864,4.765421549479167,4.94415283203125,41.897623407273066,15.300071428571428,8.403992448624082,4.355152271412037,4.392971462673611,0.31735351441763276,0.2267187131553412,33.96464538574219,0.22154009342193604,0.24147167801856995,3.253900437127976e-05,1.130430160616189,0.01772999437950527,1.8196424532778877,-3.269740513392857e-06,-1.3648339762587585e-07,1.1304301561100765,0.0013448031823694463,0.012518291939240573,2640.0,-0.002390883898804298,0.008887527959461405,-9.016296971897336,1
138,0.6286432014192853,-0.08269296199083329,-0.7107102581773486,0.006158757063667734,0.014139890767586524,0.007027122623937203,0.6698000431060791,0.12980002164840698,0.751800000667572,18.858411328281676,2.480676288306713,21.320286745301313,0.9525727643460042,0.0056433686828878515,28.575827235186434,74.92938765706327,5.439194593799787,84.0,84.0,9,0.25,0.0503098272428078,0.8049603174603175,0.05805666763248267,1.0782067471886697e-06,0.09226196385384093,0.0012839891131882825,0.012214819155403553,0.013916776313393301,1.4155714285714285,1.338095238095238,0.16808944411975962,0.10600988273786194,1.057900355871886,6.480712890625,5.826416015625,43.5572756086077,15.825578231292516,8.25850440607868,4.639536539713541,4.603814019097222,0.5403599766539581,0.6928558913231262,33.92727279663086,0.3339969515800476,0.38379475474357605,-4.7165643601190476e-05,1.1247207934411048,0.017788498550525184,2.397433758745481,-5.086263020833333e-07,1.567837249501952e-08,1.1247206824680944,0.0013160807091537623,0.012885101348587988,2644.0,-0.0023408897672004456,0.009297155841625061,-9.016296971897336,1
139,0.6713750677279063,-0.10455780006306511,-0.6268087340848787,0.094272020859446,0.04204466389831617,0.19281733899320264,0.9570000171661377,0.28780001401901245,0.751800000667572,20.14014760323933,3.1365814304777553,18.803693308276788,0.9498838176400881,0.010964995527791526,28.49517202602113,78.30523155753073,7.002242886389381,97.22222222222223,97.22222222222223,10,0.2631578947368421,0.05201457218704616,0.77203007518797,0.06529338200389606,7.69809272802998e-05,0.08603261765059134,0.004975259393362601,0.01661207619194746,0.05782991996789957,1.4304761904761905,1.329047619047619,0.3268810902538305,0.15997590521523267,1.076316732353995,7.013753255208333,8.5723876953125,52.93279622395833,14.644214285714288,7.7064574231812975,4.94945384837963,4.894804777922454,1.4306298888179927,1.1940671503745952,33.357948303222656,0.8399257063865662,0.710658073425293,-0.0001206723167782738,1.1213199711204693,0.017346063737941845,2.397433758745481,1.7801920572916667e-06,3.5227468130547614e-07,1.121319201238456,0.0013387610632245703,0.012331581915112393,2655.0,-0.00230648283628979,0.01175362063437933,-12.413762021930152,1
140,0.7005964958100092,-0.10198456213303975,-0.5689218478316352,0.11330178128677465,0.054160034544086876,0.23595079298310342,0.9570000171661377,0.28780001401901245,0.8136000037193298,21.01698116004467,3.0879275799223356,17.066653292093957,0.9466571784198081,0.013854098132679899,28.398355059529457,80.84371827575075,6.554133328746466,97.22222222222223,97.22222222222223,11,0.28205128205128205,0.05184511760155655,0.7468131868131869,0.05754934318424399,3.623972678050836e-06,0.09145112166871819,0.0015292237976672956,0.02949408744026024,0.016721760977485994,1.6385714285714286,1.5057142857142858,0.5808594215801995,0.40245456799530993,1.088235294117647,17.321065266927086,32.59002685546875,103.95535532633464,12.90310924369748,8.0411527103541,6.889183407738096,9.325968424479166,9.627571104278806,4.447156867960131,32.35396957397461,1.0357608795166016,0.9374423027038574,-0.00016258748372395833,1.1181731773759007,0.019378332539634984,2.264987255257566,-5.086263020833333e-07,5.2483644439336635e-08,1.1181738391972502,0.0013520041188563388,0.015057381909367396,2655.0,-0.0023188876410926117,0.012364638433431668,-12.413762021930152,1
141,0.7053973430906023,-0.08537740024782363,-0.5639473522929919,0.11044120989682304,0.06054936633385546,0.23306575489753723,0.9570000171661377,0.28780001401901245,0.8136000037193298,21.161029149889945,2.5897145804762842,16.917407568820884,0.9449439423213445,0.013244125252124865,28.346965744519217,81.59934412291582,7.333076076246656,97.22222222222223,97.22222222222223,13,0.325,0.051470272063898835,0.7411785714285714,0.06579566971360064,0.00015461146122448962,0.09963110171332616,0.0008850735243754786,0.010762362843785008,0.008883506346463451,2.5428571428571427,1.861190476190476,1.2017188855482723,0.3955693534371499,1.366253038249968,23.607076009114582,32.59002685546875,102.1533921014695,15.42695238095238,9.066875645850905,11.99951171875,10.181749131944445,10.12987953622373,8.363090002510893,31.310508728027344,0.8072989583015442,0.7898550033569336,-0.00013068208240327381,1.1085553666726902,0.023386801636485557,1.570573243608567,-5.4495675223214284e-08,7.631819569490963e-08,1.1085554245960028,0.0014060024836149868,0.01965855709946166,2648.0,-0.002356082437992164,0.013259520384849762,6.897739763733803,1
142,0.6914096481005351,-0.062097162218320935,-0.5694116000277656,0.1140064668066946,0.05063302969940852,0.27825337386053867,1.3015999794006348,0.4193999767303467,1.0418000221252441,20.74101887157985,1.9437222974640982,17.937906289228373,0.9457865217730727,0.06787416854523937,28.372278910972756,92.94393090134695,36.41154894779556,233.33333333333334,233.33333333333334,17,0.40476190476190477,0.10164329237592326,0.7019387755102041,0.1519893420604167,0.0004536726124114966,0.23752968069303054,0.020909263845760834,0.05706574688389887,0.08802800468873927,2.0819642857142857,1.7855102040816326,1.3156068549090467,0.5371745694999449,1.166033260944108,23.607076009114582,32.59002685546875,117.02594262985957,16.88436974789916,8.726107815973144,9.46081797281901,8.892938523065476,9.762914492366836,8.208685818938354,30.5206241607666,0.5477380752563477,0.5719792246818542,-9.305245535714285e-05,1.0994408540592655,0.024928548573067873,1.69485247838183,3.633045014880953e-08,-1.7905637059370297e-07,1.0994414752794186,0.0013886404291565827,0.021506317589545493,2642.0,-0.0023440765225372453,0.012804478914102952,3.8211047352541843,1
143,0.7455084482431412,-0.06842980994780859,-0.4428238667959259,0.14766215370331914,0.06910111970871119,0.33757826950470804,1.3805999755859375,0.4205999970436096,1.0418000221252441,22.364172161562102,2.2579218698399406,14.97806857747691,0.9425948295947695,0.0927987819951662,28.276514237150735,107.64796151706919,46.85310817729953,233.33333333333334,233.33333333333334,27,0.5869565217391305,0.2127024046059895,0.6447204968944099,0.21707396536387039,0.0006612244897959221,1.5035433843966743,0.013258494899771732,0.9808164364834635,0.008818165832369352,2.0887755102040817,1.6116666666666668,1.3333142092200632,0.5412497610668067,1.2960344427326256,39.168497721354164,24.189453124999996,124.18857603527252,14.829375,7.628617675902318,13.306623186383929,8.221689860026041,7.277883925666374,13.212785196107703,29.991750717163086,0.37872186303138733,0.4342834949493408,-6.051199776785714e-05,1.1336604922528801,0.06439889489556057,2.6994038939358633,7.447742280505952e-06,9.467290639120033e-09,1.1336600315983334,0.001407440313083857,0.06313411280548703,2634.0,-0.002316452890264154,0.0140620926534813,1.877239072559199,1
144,0.8063294486658914,-0.08956509530828112,-0.3504980477208183,0.12959544648062327,0.07138024375465772,0.29274531735660486,1.3805999755859375,0.4205999970436096,1.0418000221252441,24.18882988853114,2.8988167157769205,12.208230719481195,0.9380630558929354,0.09308926087116622,28.140551146501686,112.68491459926281,50.06782161278269,233.33333333333334,233.33333333333334,32,0.6956521739130435,0.23406057707674013,0.6298757763975155,0.2342315166229755,9.010271320283204e-05,2.785512459168247,0.009793285924357792,0.7895983551214081,0.0035157932581217255,2.0210204081632654,2.0876785714285715,1.331660598658992,1.6187151520951575,0.9680706770776055,39.168497721354164,29.412434895833336,139.72876826695034,14.939444444444444,8.65770207658554,14.326200939360119,16.11157735188802,10.725777789305894,12.637884262479933,29.683645248413086,0.202562615275383,0.26225346326828003,-2.1122523716517858e-05,1.188884324774527,0.07373273515446845,2.6994038939358633,6.775628952752976e-06,1.0448109457019527e-07,1.1888837728877157,0.0013770977148052721,0.072691953058919,2631.0,-0.002283327636602498,0.014108391688411147,0.50383141888363,1
145,0.8500829530897595,-0.1047280666402408,-0.31702549501260124,0.0757939944894218,0.06003284842072864,0.18058428185551853,1.3805999755859375,0.4205999970436096,0.5573999881744385,25.501276878373965,3.3010179979034833,10.348626849821636,0.9337745698138653,0.06433170040008762,28.011923720226147,102.18281880103157,45.62751358353903,202.8985507246377,202.8985507246377,26,0.6046511627906976,0.2196619232917205,0.6853488372093023,0.232455800928298,0.00222784,2.8399068314712848,0.007708471074612672,0.5425794832417765,0.002714339424515242,2.5025714285714287,2.6226190476190476,1.1687217507226622,1.6697678800487903,0.9542260553790286,10.416361490885418,29.412434895833336,127.98211277553014,13.944285714285714,7.648762014199045,7.536946614583334,17.623307969835068,10.174796068234416,2.22702636999031,29.745830535888672,0.2978001534938812,0.3537290692329407,3.429013206845238e-05,1.2448962543880444,0.0304376689161052,2.5699545585091665,5.267915271577381e-06,2.153246325001655e-07,1.2448952670216276,0.0013638800928762588,0.027870022479195962,2638.0,-0.0022675115649719805,0.012763609436375863,0.50383141888363,0
146,0.8361762771890277,-0.11219488583859943,-0.3970585426943643,0.023273633621500856,0.01944619612631416,0.04942110628646558,0.9914000034332275,0.1672000288963318,0.538599967956543,25.08407788710935,3.3725968602725436,11.911264566566263,0.9341756014132597,0.010590245752296588,28.023951765230937,77.84016068460397,24.052678328437462,185.8407079646018,185.8407079646018,20,0.5555555555555556,0.10544118059656608,0.8096031746031747,0.13155558524084973,0.00031937337042898677,0.34218148795772546,0.004364918302628485,0.06698758990295325,0.012756149751642163,2.080408163265306,1.9238775510204082,1.23240614502243,0.7118512449373,1.0813620451893495,10.416361490885418,11.965230305989586,81.18269827706473,15.666339285714285,9.391364275290982,7.428211030505953,8.238917759486608,3.2627657915019914,1.885470535852369,30.125558853149414,0.5145660638809204,0.4921721816062927,6.999133882068452e-05,1.2526159439533757,0.020159548278134824,2.1630502378287266,-1.1989048549107143e-06,1.5465727143224307e-07,1.2526154089507797,0.0013335675727514313,0.015937000985438304,2649.0,-0.002286342193805503,0.010822207695750595,0.50383141888363,0
147,0.8386072861126491,-0.11295894340390251,-0.39473734289691564,0.009855060865506044,0.004687181738578126,0.021211293946158196,0.8753999471664429,0.1313999891281128,0.4524000287055969,25.157029297607284,3.388611730677741,11.841554286905698,0.9340034674814959,0.006782824941832656,28.018775883729404,71.50607842616887,5.650410778103221,83.83233532934132,83.83233532934132,13,0.37142857142857144,0.05742838329330778,0.8442448979591837,0.06550764824310484,6.824783007080491e-07,0.09794673029668025,0.008427715902023776,0.016342266302013547,0.08604387177087237,1.629795918367347,2.0008163265306123,1.1775735858906744,0.7786337204599056,0.8145654834761322,10.416361490885418,10.719197591145834,78.15946749732608,16.626696428571428,7.472519172634849,7.37335205078125,6.728995186941964,3.1992327376152008,1.9020909281915623,30.653209686279297,0.43744510412216187,0.46587511897087097,7.128615606398809e-05,1.2404692365432841,0.02514110112370895,2.1630502378287266,-2.597627185639881e-06,-6.807032676851801e-08,1.2404697967167155,0.0013716032260246108,0.021495846841404796,2675.0,-0.0022724900527895248,0.00956251717674999,-9.559414458071224,0
148,0.8337022290229797,-0.11314413393962951,-0.4065642765107609,0.008250190108558214,0.004392517198052643,0.016780014657230544,0.8667999505996704,0.13179999589920044,0.45819997787475586,25.009871299266816,3.394160732456616,12.196357581019402,0.9346001991240912,0.0068490284581647085,28.036670886382968,73.13222107150825,6.292297377278707,88.79492600422833,88.79492600422833,14,0.4,0.06050458099787727,0.8264081632653061,0.06989736034303284,7.24652621407747e-05,0.10478226760399666,0.008038705761202494,0.017859166544949383,0.07671818853532691,1.1480357142857143,2.23625,0.37904682919725075,1.061922096738182,0.513375389283718,11.373189290364582,10.818684895833334,80.62641521635511,13.619603174603176,8.608764897619418,7.67974853515625,7.3790232340494795,3.3474080666224033,2.1622704131550616,31.04047966003418,0.24902668595314026,0.28256165981292725,4.11376953125e-05,1.2259749853975983,0.021972957377710888,2.1018558911643628,-1.3987223307291666e-06,-1.1024682067360804e-07,1.2259747682014575,0.0014278807127673333,0.017220580579137543,2687.0,-0.0022525586637336466,0.00960701004117847,-9.302219712357342,0
149,0.831576533300536,-0.1159932099978129,-0.41089155260721844,0.009582077994388007,0.007736404245960087,0.017453931521964106,0.9170000553131104,0.178600013256073,0.49900001287460327,24.94608942755631,3.479616871348449,12.326159292502062,0.9349827657643228,0.008328212552702366,28.04812897364771,72.57749938409827,6.467741745813572,88.79492600422833,88.79492600422833,12,0.34285714285714286,0.05827759871000658,0.8331428571428573,0.07277009605920877,1.8577859225321916e-07,0.13638336820645938,0.0009876473480343075,0.008459222186336001,0.007241699343714629,1.3046938775510204,2.495510204081633,0.44245848698272294,1.0243246878907133,0.5228164867517173,11.94580078125,11.031290690104168,83.43499450683593,15.630446428571428,8.811200660018457,8.157711937313989,8.360188802083334,2.442941886294108,2.7381026080669852,31.231197357177734,0.09798312187194824,0.1407153159379959,1.4681861514136904e-05,1.220699110676417,0.01915548683777554,1.3931457762474508,-7.266090029761905e-08,-1.3917141536320904e-07,1.2206990747234514,0.0013645127480802505,0.012367796703102446,2698.0,-0.002262827339788135,0.00998366076958855,-10.555236601517567,0
150,0.8349334477015904,-0.11551002881356648,-0.40303154285181136,0.010657046070510403,0.008748443487498385,0.019762327741725563,0.9170000553131104,0.178600013256073,0.49900001287460327,25.046818002462388,3.465149435869285,12.090351142713002,0.9345574690263914,0.00859348358039539,28.035388455015575,70.894058701623,6.041057789241779,88.79492600422833,88.79492600422833,13,0.38235294117647056,0.056284681468099014,0.8521008403361343,0.06822499611822817,0.00014173631386922092,0.11010783007522028,0.004910489072033291,0.02041309726666714,0.04459709240186357,1.1488095238095237,2.4046938775510203,0.4094964691870297,0.9715239191759659,0.4777362867407847,11.94580078125,11.031290690104168,88.38683210100446,16.335535714285715,7.783934689720009,7.54974365234375,7.813371930803571,2.1229907884284414,3.186447512576337,31.267778396606445,0.04768255352973938,0.10908622294664383,-3.6374046688988096e-06,1.2179810866521237,0.019613718951535693,1.3931457762474508,-4.54130626860119e-07,-4.988413465834485e-08,1.217981591488162,0.0011894862095859979,0.012524668399864674,2702.0,-0.0022232653634797154,0.009988805302225866,-9.026316713464626,0
151,0.8363263712951116,-0.11556960971298672,-0.3997107141897792,0.010270969490240983,0.008868204000795672,0.018054080499857624,0.9170000553131104,0.178600013256073,0.49900001287460327,25.088598995975087,3.4669204342365263,11.99074142566749,0.934345336170477,0.008698822139050636,28.029023696250462,67.6271822907333,3.877038740966535,75.94936708860759,75.94936708860759,12,0.36363636363636365,0.055196772310248256,0.8901298701298702,0.05089351736351722,1.9531488546439373e-06,0.13382776244947495,0.0009628881907161324,0.003853685662570743,0.00719498087012894,1.5,2.4035714285714285,0.8507772556759555,0.5966292790323313,0.6240713224368499,11.94580078125,11.031290690104168,80.00547717866444,15.216160714285714,8.15771144688886,8.113975524902344,8.187188042534721,2.3155939337681293,2.669715633460305,31.19877052307129,0.10148216784000397,0.14235135912895203,-1.3709658668154761e-05,1.2088227071090458,0.02241551622195935,3.5521954555444637,-2.234322684151786e-06,-3.43458049769373e-08,1.2088221558267842,0.0010344182111017971,0.015838863289723094,2707.0,-0.0022409233012248672,0.00985908393683415,-9.026316713464626,0
152,0.837786543017342,-0.11388060945272446,-0.3966239238069171,0.008633527664342834,0.006561246766490711,0.016231423315244218,0.8808000087738037,0.14740002155303955,0.4570000171661377,25.132402433327265,3.4162392835531916,11.898171571365424,0.9340717304279057,0.007528019898091659,28.020826654098514,67.46361658929695,3.8231503917300182,75.94936708860759,75.94936708860759,12,0.36363636363636365,0.05329392410902744,0.8921645021645022,0.049412280192086114,4.796551836734693e-05,0.08382835262249574,0.0018030267167328745,0.017270596961478573,0.021508554806658857,1.3639285714285714,2.4883333333333333,0.8857839114338791,0.7392708379762359,0.5481293656109463,10.44586181640625,10.804646809895832,71.62303132556734,15.268125,7.997378695527749,6.951471964518229,6.222652859157986,2.9138599463850965,2.8610716859410474,31.110197067260742,0.08741170167922974,0.13014087080955505,-8.257184709821429e-06,1.2004941118642787,0.020152548767984915,3.73716815320509,-1.4532180059523809e-06,5.964684398162458e-08,1.200494051463464,0.0009744850453032095,0.01235975332683436,2709.0,-0.0021997723066944728,0.009390838551377009,-5.968672686599166,0
153,0.8360671238728932,-0.11529286638895671,-0.40066886683588937,0.00846163543234497,0.005520345680046809,0.015734225661833155,0.8808000087738037,0.13300001621246338,0.45719999074935913,25.080821430427687,3.458626420242446,12.019497719364507,0.9344147143726389,0.007416361946618546,28.031110872000667,68.55465746007087,5.39448138219738,83.83233532934132,83.83233532934132,15,0.45454545454545453,0.06089364264260855,0.8803030303030304,0.06490920119842322,0.00014034028754685585,0.10406981699569554,0.0058882225362856125,0.01581175441256238,0.056579541564190095,1.1526530612244898,2.429047619047619,0.5752360035745443,0.7126050067825863,0.4745288038759907,13.839314778645832,15.090738932291664,79.9650610787528,13.631619047619047,7.741138499590436,7.773771740141369,7.062276204427083,4.150404828282074,4.079943313177488,31.064050674438477,0.03360358625650406,0.09016237407922745,-2.9369535900297618e-06,1.1969112099979522,0.018680862447004575,3.73716815320509,5.631219773065476e-07,6.215029365783774e-08,1.1969109623455643,0.000992473341375322,0.010014225092763552,2700.0,-0.0022367360529334914,0.009326748174314043,-7.893930526360667,0
154,0.8340297330788203,-0.11645231378646125,-0.40528506691966737,0.008539957463305338,0.0054105930648839186,0.0167380447478173,0.8808000087738037,0.1348000168800354,0.45719999074935913,25.019697278056825,3.4933994136112076,12.157980293290956,0.9347482094452026,0.00713267029830419,28.041110947630333,70.76727071769677,6.342590301616337,84.84848484848484,84.84848484848484,15,0.4411764705882353,0.06325826361744076,0.8544537815126051,0.07392995346890087,5.105755268638128e-06,0.1837659001363569,0.005287625374568579,0.05891459719198784,0.028773702687196513,1.090892857142857,2.1816071428571426,0.5906434304974499,1.0021987148418283,0.5000409265777196,13.839314778645832,15.090738932291664,78.73355364118304,14.855238095238095,9.263636758120137,7.151667277018229,7.275250752766927,4.743121345871225,4.293362898883312,31.071533203125,0.03178749978542328,0.08687436580657959,6.357828776041667e-06,1.2079674563778677,0.02827469348318793,1.8338459843787973,4.613967168898809e-06,-6.80241728552838e-08,1.207968474860053,0.0009929943089812424,0.023521566657812215,2694.0,-0.0022360930345857784,0.009361959191953722,-7.893930526360667,0
155,0.8272830473184586,-0.118644999563694,-0.41927101909830455,0.01863280913633236,0.007837837263941003,0.03401336619671746,0.8858000040054321,0.16820001602172852,0.5740000009536743,24.81736313385623,3.5591974154966217,12.57748771582331,0.9358170279935506,0.008606754577183497,28.073196593564234,71.56968102707854,5.4522828068326605,84.84848484848484,84.84848484848484,14,0.4,0.05670525720317112,0.8431428571428573,0.06319095037988064,0.0002141862117451065,0.09688791907693725,0.0036436688238796412,0.01996361000586374,0.03760705006974356,1.2318367346938777,2.489591836734694,0.7320750946384674,1.016300589784506,0.49479465529961475,12.52197265625,15.090738932291664,83.8098140171596,14.029821428571429,7.846211159531011,7.568780808221725,8.215695335751487,4.680978887836541,3.3039578831490917,31.11017608642578,0.038321662694215775,0.10155826807022095,-1.0477701822916667e-06,1.2404062243780802,0.04815393242745184,1.879580301796472,4.2506626674107144e-06,-1.247869587274511e-07,1.2404068767581373,0.0009635508742904838,0.045525369305752926,2700.0,-0.002198909136302289,0.00979675456686775,2.3147907529120393,0
156,0.8157416949385689,-0.12434613309871582,-0.4402494379963194,0.0315996104903907,0.01920562723181598,0.05721679040429881,0.9881999492645264,0.21820002794265747,0.8235999941825867,24.471072276745524,3.730160992997033,13.206858425608702,0.9376331293964127,0.014188326078117307,28.127639653201186,72.68089582402621,6.458250019609025,92.10526315789473,92.10526315789473,11,0.3142857142857143,0.05616388299166182,0.8317142857142857,0.07011926532888368,4.68414533944188e-05,0.10239546664342583,0.0019851585884799634,0.022238334099160404,0.019387172631313145,1.4144642857142857,1.8941071428571428,0.7676997970016186,0.8289144725519773,0.7467710002828322,9.951883951822918,10.82855224609375,72.13158867245629,14.607063492063494,9.588671999777903,5.230992635091146,5.292142232259114,3.230315005709022,3.1175979561021907,31.07425880432129,0.08172836899757385,0.12131303548812866,-5.584716796875e-06,1.2683206317277302,0.04065777209271441,1.9688553123289823,3.9055233909970235e-06,9.718306908610752e-08,1.2683200774414782,0.0009570042432250029,0.037395102503119504,2710.0,-0.0021587259388782826,0.012045263751091256,1.9884958492738682,0
157,0.8124929050661268,-0.1421743808218411,-0.44331734262761613,0.032069511504435405,0.02914120070152901,0.05986234513615042,0.9881999492645264,0.21820002794265747,0.8235999941825867,24.373584866268295,4.265023281787123,13.298974421705518,0.9392286632919942,0.014114644227628155,28.175522519761824,71.72424364650243,7.446813647553823,92.10526315789473,92.10526315789473,9,0.2647058823529412,0.05394114844311142,0.844873949579832,0.08085387472020104,2.2324660724698127e-05,0.07855775704935455,0.0028631562054695376,0.008942686585482931,0.03644651162418927,2.0662857142857143,1.4554285714285713,0.49157190600715805,0.4591237439350071,1.419709462112289,14.556172688802084,24.287211100260418,86.76161520821708,14.348690476190477,6.475492612741088,6.605733235677084,8.11456298828125,8.399826006636193,4.891925373556004,31.047861099243164,0.0931847095489502,0.15056966245174408,-2.0926339285714285e-07,1.2874561675099734,0.018550322359180884,2.102230518569269,-7.811046781994047e-07,-1.921990147318827e-09,1.2874558745632252,0.0009657484053411988,0.009392360766000777,2713.0,-0.002215102300048584,0.013843733241988532,1.9884958492738682,0
158,0.8190606955687205,-0.14211705701691763,-0.42977750474498383,0.03063247919863684,0.03016749295161888,0.057240768054737004,0.9881999492645264,0.21820002794265747,0.8235999941825867,24.570675295591354,4.263337139061519,12.892653999541487,0.938463719423034,0.013310288220498573,28.15256681881816,70.49678229873713,7.550930107662352,92.10526315789473,92.10526315789473,6,0.17647058823529413,0.04889629073856323,0.8597899159663865,0.08158994208732388,1.0323762432319825e-05,0.06331135003524108,0.006028216106734754,0.0019318813827344946,0.09521540929674159,2.518809523809524,1.6652380952380954,1.9943447966187926,0.6863165344704499,1.5125822133257076,14.556172688802084,24.287211100260418,74.14222404843285,13.139285714285714,9.168924061209866,6.871541341145833,6.374901665581597,8.050476097213725,5.347454616477776,31.098299026489258,0.1618494838476181,0.21163803339004517,1.7364501953125e-05,1.273991472295032,0.021817035553747487,2.102230518569269,-2.1071661086309525e-06,7.53521742950445e-08,1.2739916248051089,0.0009453762464976118,0.014734546982555469,2713.0,-0.002351328461665516,0.014547066862508272,1.9884958492738682,0
159,0.8295922005914507,-0.14404535209281105,-0.41005639998401916,0.013512418306149136,0.02458651439073307,0.025593478142026276,0.8631999492645264,0.20899999141693115,0.5157999992370605,24.886582732030323,4.321124419953142,12.30106599948236,0.937296896509712,0.005930427016345638,28.11754634119832,67.11386727812976,4.116018113018495,85.71428571428572,85.71428571428572,5,0.15151515151515152,0.04334763957983014,0.8969264069264069,0.04800036231068324,0.0002746122448979588,0.06668397171513046,0.005239012285152547,0.02660144963834702,0.07856479076461226,2.513571428571429,1.8385714285714285,1.994117496998794,0.6520923936037887,1.3671328671328673,13.9947509765625,6.202189127604167,57.80613272530692,17.741836734693877,7.7307839721891325,5.464816623263889,3.8481309678819446,1.1662699006439299,3.946308270540924,31.272436141967773,0.20858581364154816,0.2473488450050354,2.772739955357143e-05,1.256912178405381,0.0270986691592901,2.706872913129184,-3.287905738467262e-06,-1.8690239867154008e-07,1.2569127006050727,0.0009457680972782797,0.021640035868231395,2709.0,-0.0024190219457555593,0.013378942231091607,-3.680072859538788,0
160,0.8333323719501495,-0.13232377129225503,-0.4049321714895112,0.005429153999305303,0.013193161738247219,0.009258223553787451,0.8625999689102173,0.17680001258850098,0.44679999351501465,24.998769158550672,3.969492281632764,12.147414001822472,0.9360507744830772,0.004547924700480196,28.080182200969357,68.04960379603588,3.0938048704967818,76.50273224043715,76.50273224043715,8,0.24242424242424243,0.03924348379550627,0.8834632034632034,0.03862835354172506,1.5353602665555895e-05,0.07362221895220138,0.0012532487518923821,0.01842643297645985,0.017022697355889852,1.623015873015873,1.4642857142857142,0.4285573777826048,0.39210382319389,1.1084010840108403,4.8712158203125,6.202189127604167,36.39160948253813,15.257819548872181,8.512791946075557,3.8665319372106475,3.9687474568684897,1.005657246641077,0.8587006411458283,31.46506118774414,0.13218626379966736,0.18347181379795074,2.2722516741071428e-05,1.2327699637187106,0.026887779735465765,2.4696762472025116,-3.887358165922619e-06,-7.38241069823438e-08,1.232770915862733,0.0009077588694975067,0.02132535081536662,2717.0,-0.002407885739862462,0.012214190854259411,-3.680072859538788,0
161,0.8318721721115566,-0.13627780029603412,-0.40780085706426983,0.003824334696682876,0.005098631172243432,0.00668086805673856,0.8594000339508057,0.1557999849319458,0.4318000078201294,24.954978734765735,4.08814329462392,12.23345228335687,0.9364583146090789,0.003945780365905354,28.09241787236225,69.51027010669448,3.4357847554434073,76.78244972577696,76.78244972577696,9,0.2727272727272727,0.042408364596564,0.8652380952380953,0.04165658505120435,1.4754812161599037e-06,0.04914797645145388,0.0032767963027928782,0.002640660895918213,0.0666720491743856,1.6365079365079367,1.2760317460317459,0.18259667847243563,0.08989481830043838,1.2824978231123276,4.5758056640625,4.559224446614584,35.86882513137091,14.999714285714285,8.270699173366575,3.968901457609954,4.064229329427083,0.2915287735729024,0.505887174768539,31.597373962402344,0.09021446853876114,0.12852701544761658,1.5254429408482142e-05,1.2100826961120805,0.02609973406818266,2.210818318153149,-3.4695579892113095e-06,9.467944529484247e-10,1.2100833327505154,0.0009636269596820443,0.020335565080689774,2704.0,-0.002388708535038138,0.011708696569022627,-7.492682995410131,0
162,0.8302264386018118,-0.13353655324663435,-0.41184924781038645,0.007786359841776867,0.006385842421044343,0.012679442353172836,0.861799955368042,0.16860002279281616,0.5080000162124634,24.90561030089855,4.005908311690603,12.354892005707537,0.9364557025251629,0.0063753570820300936,28.092337896593286,71.12689637788408,3.9899117527447467,78.2122905027933,78.2122905027933,13,0.38235294117647056,0.05535235979894902,0.8461764705882353,0.0466574456810832,8.849817642648871e-05,0.11089294933791129,0.00257916152765017,0.01292122360843815,0.02325812004324088,1.5964285714285715,1.4539682539682541,0.23333867826725643,0.43206185927405694,1.097980349344978,5.3521728515625,6.545003255208333,39.32321007138208,14.57593984962406,8.179728017023068,4.098968505859375,4.211855287905092,0.9837062216331872,0.6997439637293706,31.694231033325195,0.08425921201705933,0.11940954625606537,1.1747814360119047e-05,1.188713198337979,0.02449316041741533,1.576594657810246,-2.652122860863095e-06,1.2624831420981774e-07,1.1887134269752129,0.0009530541635402482,0.018369651549131262,2711.0,-0.0024327912572894594,0.011748504604288628,-3.906430858137891,0
163,0.8292637526307787,-0.1310429153130168,-0.414448009735062,0.009313688029810724,0.00641474953888555,0.01585131381016729,0.861799955368042,0.16860002279281616,0.5080000162124634,24.8767362932648,3.9310828879475594,12.432831720624652,0.9364545693219037,0.007054601077975741,28.09229640530071,72.32942952231028,3.8001226040289233,78.2122905027933,78.2122905027933,9,0.2571428571428571,0.051034907903609386,0.8318367346938774,0.04379327454598736,2.6442742190753626e-06,0.08620789878040448,0.00033460209408265587,0.01526364900133544,0.003881339167481399,1.5271428571428571,1.3988888888888888,0.27264722249916273,0.4689051162681894,1.091682741404743,5.3521728515625,6.545003255208333,36.97791958763486,15.72457142857143,8.698179138562887,3.9247866030092586,3.85467529296875,1.045428884021736,0.8341184075675322,31.770832061767578,0.057163845747709274,0.12174391746520996,7.1803501674107145e-06,1.171893182524465,0.021648048209401322,1.5946839867463478,-2.052670433407738e-06,6.891667809444471e-09,1.171893172483237,0.0009331722312996384,0.014412207488516007,2715.0,-0.0024442544216644446,0.011455547967868927,-3.7886680056334394,0
164,0.8282091810249147,-0.1278606863248916,-0.4170749718291419,0.010382744936564109,0.00815052427376121,0.017737197680852985,0.861799955368042,0.1746000051498413,0.5081999897956848,24.84509271647249,3.835643304032939,12.511659440568515,0.9363025164028829,0.0075347969624578,28.087742038244592,71.93726761315602,3.9766858661835722,78.2122905027933,78.2122905027933,9,0.2571428571428571,0.05010972354501173,0.8366530612244899,0.046993508461995896,3.034435918367345e-05,0.08174517658745518,0.0015785055795908103,0.03222433830913328,0.019310076086288028,1.6364285714285713,1.4503174603174602,0.6682890123903225,0.46690167929716364,1.1283243953157491,5.3521728515625,6.545003255208333,35.73385968889509,15.50984962406015,8.039087056860655,4.098409016927083,3.9752875434027777,0.9796367528391084,0.8887851151546401,31.80103302001953,0.025189997628331184,0.10707776993513107,3.5226004464285712e-06,1.1668217295119039,0.019689659093353372,1.424740003549999,1.4713832310267858e-06,3.275383099137164e-08,1.1668216583466862,0.0009059876727978489,0.011269368387918888,2731.0,-0.0024495598679638766,0.011196979706792426,-3.7886680056334394,0
165,0.8287416472378232,-0.12560796192714146,-0.41634114305178327,0.008172437692359097,0.0070829594891192865,0.014948863080735756,0.8569999933242798,0.1746000051498413,0.5081999897956848,24.86106884573187,3.7680545721309526,12.489645291566848,0.9360757374942801,0.005715295138677334,28.08093996535625,70.97070263540272,4.1640711144363785,79.84790874524715,79.84790874524715,8,0.22857142857142856,0.05151311911131211,0.8483673469387755,0.05035633127977404,5.460305139525185e-05,0.055121943786520064,0.0018041735063043104,0.017775762946880592,0.03273058572265945,1.5222857142857142,1.2947619047619048,0.582697877400056,0.21430687726184466,1.1757263699889664,4.480183919270833,4.648539225260417,34.43998136974517,14.354081632653061,8.879352473411425,3.736287434895833,3.7935836226851856,0.4669038109072673,0.5721949232401073,31.823692321777344,0.03336748480796814,0.11150720715522766,3.242129371279762e-06,1.182561892281543,0.035556880813393726,1.6197659840717251,4.105340866815476e-06,7.296548446159767e-08,1.1825622213659626,0.001087609647439816,0.031813448916382006,2731.0,-0.0024277931519630018,0.010556253855739856,-10.245983838177072,0
166,0.8280959987867447,-0.12380162817807425,-0.4180920096323604,0.006475595863486301,0.006239018460081025,0.011255363608136235,0.8569999933242798,0.1746000051498413,0.5081999897956848,24.84171267790454,3.7138522739069804,12.542137288962092,0.9359771632524422,0.005004661584848351,28.0779769574588,70.82458488406148,3.96522389979644,79.84790874524715,79.84790874524715,8,0.22857142857142856,0.050362431929166486,0.8498367346938777,0.04786249915632675,0.0001342193179508537,0.05373429665834048,0.002192699845122531,0.019893723950522146,0.04080633750664692,1.3892063492063493,1.3134920634920635,0.199540414255205,0.17738604800748786,1.057643504531722,4.480183919270833,4.648539225260417,37.68367207845052,16.333928571428572,7.68348236146733,4.010631419994213,4.012485080295139,0.444310458876912,0.40324116046803143,31.848543167114258,0.047985777258872986,0.11834937334060669,4.794166201636905e-06,1.2097119070292597,0.03812252569238809,1.838789851566927,4.1961669921875e-06,-4.6903266851272544e-08,1.2097120677224082,0.0012783713347384814,0.034811574623230215,2730.0,-0.002406189915203071,0.01038129619360666,-7.176141134435856,0
167,0.827370578737486,-0.12486939982289359,-0.4197353905297461,0.003981887506804504,0.004268618095694481,0.007109141794217642,0.8492000102996826,0.15119999647140503,0.4503999948501587,24.81993579064097,3.7459045660921504,12.591463144464152,0.9361527576312837,0.0038562210320033643,28.083246356578197,70.94369680439978,3.911339937045769,79.84790874524715,79.84790874524715,11,0.3235294117647059,0.0542976746906247,0.8483193277310925,0.04686763382792528,2.8712100624739415e-05,0.07215093470474303,0.0026675537973469133,0.0501409595232884,0.03697185363243194,1.303,1.2595714285714286,0.18800179113345636,0.12268601037957483,1.034478847680617,5.026652018229167,4.812723795572917,40.275405302501866,15.474025974025974,7.998089957934119,4.156453450520833,4.210550944010417,0.45452591040948415,0.36767072197083245,31.889968872070312,0.030990539118647575,0.0951995849609375,4.513695126488095e-06,1.2246575425235517,0.027660274036447427,1.987482035702637,1.0899135044642857e-07,1.9192826963689484e-07,1.2246565011650539,0.0013811108525876533,0.023017326021589114,2732.0,-0.002383023816899716,0.010152445242911265,-7.176141134435856,0
168,0.8263855209350586,-0.12451888535987764,-0.42198606682107564,0.003975405469999264,0.004573961926953503,0.006978432322874919,0.8492000102996826,0.15119999647140503,0.4503999948501587,24.79038248521941,3.7353851322191103,12.658988290343967,0.93624826073632,0.0038523208273261566,28.086111669234707,71.24123080736292,2.8988921875371307,76.50273224043715,76.50273224043715,11,0.3235294117647059,0.0425188669970308,0.8436134453781513,0.03455641609964174,7.374953769262811e-07,0.03311356394151684,0.0022410653268220173,0.003785550013743914,0.06767816749595575,1.2836363636363637,1.2232857142857143,0.12865706186690254,0.1293942717086827,1.0493348762646906,5.026652018229167,4.812723795572917,41.305908929734,14.918136645962734,8.398191268430985,4.305956291429925,4.324137369791666,0.36457900487510153,0.3535878294125487,31.909465789794922,0.017256811261177063,0.09384862333536148,1.5505836123511905e-06,1.217921053441977,0.025774255850287066,1.987482035702637,-1.6167050316220238e-06,3.124911657071956e-08,1.2179208026795376,0.0013359608539942804,0.020641281581863957,2746.0,-0.002381365047534939,0.010291468668943473,-2.0137114700772116,0
169,0.8259330448763711,-0.12328453277973901,-0.423274343027955,0.0038360507387367624,0.0049643445782492366,0.0063491372386822184,0.8500000238418579,0.15439999103546143,0.4453999996185303,24.77681506054742,3.6983568405253546,12.697627147989614,0.936263667708343,0.003956789428062743,28.086576037319038,71.12017266922938,2.852260524292683,76.50273224043715,76.50273224043715,8,0.23529411764705882,0.04090125672255353,0.845,0.033886417865072294,4.408285880883012e-06,0.04153684950924676,0.0027492307654750697,0.008304704640008959,0.06618775371644514,1.3472857142857144,1.2207142857142856,0.12464062625920054,0.11348514242410945,1.1036863662960799,4.727884928385417,4.812723795572917,40.47562037876674,14.504025974025975,8.133352503002733,4.280120849609375,4.266754150390626,0.37391925544387594,0.30880925159243416,31.90491485595703,0.02094859816133976,0.1003178134560585,-4.228864397321429e-07,1.1953473130860026,0.02614590065864634,3.2342426834416087,-2.7792794363839284e-06,3.6023235201970404e-08,1.1953469497723956,0.0012578701584713722,0.020746638168005836,2752.0,-0.002366948358206901,0.010236726890478543,-12.66875489856783,0
170,0.827888055301848,-0.11511460895481564,-0.4196632192844436,0.00646837446352484,0.013434057280616488,0.011690343405573506,0.854200005531311,0.15439999103546143,0.45660001039505005,24.835458230546543,3.4532868401067596,12.589304292840618,0.9354723085225588,0.004214357141123161,28.06283689247648,70.47303222473624,3.7747406248539828,80.76923076923076,80.76923076923076,8,0.22857142857142856,0.06330294546987576,0.8538367346938777,0.0458515432127835,0.00017984452078300808,0.1744438214288751,0.001874479548180391,0.11984855646412235,0.010745462538176858,1.38,1.3174603174603174,0.1535033071504404,0.1948576755773775,1.0474698795180721,5.600992838541666,5.6219482421875,42.008629862467444,14.437482993197278,8.233422073994785,4.431162516276041,4.427049424913195,0.4922144048223167,0.5512255789181377,31.880565643310547,0.03523148223757744,0.13715897500514984,-4.3727329799107145e-06,1.1751651468745163,0.024190994702863993,3.095542895735024,-2.888270786830357e-06,-2.309389358519675e-07,1.1751667643510786,0.0012451137421700736,0.01821519045390962,2752.0,-0.0023522875398790536,0.010378746101593072,-9.408187821382311,0
171,0.8294084276869184,-0.10661833325454168,-0.4172415526509285,0.006405452957091998,0.013948423932977605,0.011413023053624408,0.854200005531311,0.15439999103546143,0.45660001039505005,24.881065973469187,3.1983908547673905,12.516646008108344,0.9347319432968483,0.004285066643571098,28.040618560286234,70.36639259274219,3.6319630725732512,80.76923076923076,80.76923076923076,7,0.20588235294117646,0.06614296466663536,0.8549579831932773,0.04430771382836171,2.3102736526447196e-05,0.07714754726202294,0.0005809415903735673,0.024976031609121055,0.007530266495711972,1.4492857142857143,1.3365079365079364,0.19353557917903175,0.1918239356092267,1.0843824228028505,5.600992838541666,5.6219482421875,41.992559814453124,15.441156462585033,8.496150212836183,4.453684488932292,4.437719274450232,0.49445032479256407,0.5262175969454986,31.834840774536133,0.05288034304976463,0.10581355541944504,-7.540748232886905e-06,1.157294613458697,0.021728091582623798,2.7803048108834623,-1.0172526041666667e-06,1.7366457176298234e-07,1.1572928959367952,0.0011977449134940644,0.014710667394320188,2742.0,-0.002365019303163763,0.010234251176281869,-9.408187821382311,0
172,0.830228180079233,-0.09975377165987379,-0.41599189551671345,0.00590836654317383,0.009899405625679916,0.010857991718279433,0.854200005531311,0.13999998569488525,0.45660001039505005,24.905664402331624,2.992456864118576,12.479154436928885,0.9340849753321467,0.003868457506709686,28.02121416496246,70.36653820296083,3.528851017554775,80.76923076923076,80.76923076923076,8,0.23529411764705882,0.06585388898066348,0.8548319327731092,0.04312384063320736,4.6573660974592386e-07,0.07220639983145885,0.0011703890188091634,0.022925696634515547,0.01620893745625092,1.4404761904761905,1.3248571428571427,0.1737136069326755,0.1840110910588084,1.0872690676443104,5.600992838541666,5.6219482421875,41.94034620012556,15.169523809523808,8.257410893342032,4.4265521014178235,4.466074625651041,0.5019905866546063,0.4771252623630493,31.773984909057617,0.06451794505119324,0.1342465877532959,-7.186163039434524e-06,1.1433858904609917,0.020619928270376398,3.8691221802713516,-2.597627185639881e-06,6.902197909587853e-08,1.1433854041402587,0.0012667889135388338,0.013648998128708529,2728.0,-0.0023668938651265864,0.010313921178539813,-7.764297675510466,0
173,0.8242905417453675,-0.09927499982856569,-0.428173647690387,0.014888569574487606,0.011395307145249837,0.0268366770059319,0.854200005531311,0.15060001611709595,0.5479999780654907,24.727550109454565,2.9781202805893763,12.844587430698532,0.9347127361147163,0.005189035063978504,28.04005336753344,71.20834582473276,2.755135133660071,76.78244972577696,76.78244972577696,9,0.2647058823529412,0.04622950999427152,0.8438655462184874,0.032810579742957785,2.883065389421107e-06,0.04473825205393452,0.00045737690698026087,0.009660297003388867,0.010223396891520634,1.4063492063492065,1.2452380952380953,0.11532879372747912,0.15570481986664775,1.1293817718291908,4.84893798828125,8.588155110677084,47.534549240838906,13.937714285714286,7.750232036026075,4.352518717447917,4.78893138744213,1.3880599419485702,0.26343847688538197,31.71880531311035,0.06407465040683746,0.12176331877708435,-1.0841006324404762e-05,1.1324102393468614,0.01896617069286669,3.7334431639994174,-1.071748279389881e-06,-6.0538773832987815e-09,1.1324107327591324,0.001287219905024448,0.011202327607607317,2715.0,-0.0023737294771212533,0.01116703461735176,-11.350187417734258,0
174,0.8145962279183524,-0.10046669506175178,-0.44797008562655677,0.01766581746299146,0.013680031263419382,0.0326666677195908,0.854200005531311,0.15060001611709595,0.5479999780654907,24.436723980392728,3.013846566123622,13.438462711657797,0.9358781415638839,0.006017362922480979,28.075007198794378,78.25037703213978,22.589059055109626,202.8985507246377,202.8985507246377,14,0.3783783783783784,0.10788473314727391,0.7974131274131273,0.11301115430347405,5.0764170928779855e-05,0.4758932834314737,0.00405636514711614,0.057474517613803136,0.008523686482539391,1.6001785714285715,1.4112698412698412,0.5584282048293939,0.3041693975793494,1.133857271398043,11.51458740234375,8.588155110677084,53.48766464960007,13.52887218045113,8.462688711738277,5.753351847330729,5.642666286892361,1.700946725131152,2.383067086038433,31.63083839416504,0.09798518568277359,0.1522933840751648,-1.1319115048363095e-05,1.128735934420487,0.017558899841954783,3.7334431639994174,-8.719308035714285e-07,-8.443478119967269e-08,1.1287337225327339,0.0012540004892046615,0.008433738639770452,2698.0,-0.00235482255797529,0.011987084462269603,-11.350187417734258,0
175,0.8052683717353003,-0.10685259969745363,-0.466560637814658,0.015690656738160204,0.0171323125793919,0.027580714108336117,0.8760000467300415,0.23100000619888306,0.5848000049591064,24.15689015209675,3.2054269909432955,13.996178134424346,0.937449374559869,0.00652197121854959,28.122145431010082,77.23514758160239,23.351039932496658,202.8985507246377,202.8985507246377,12,0.3333333333333333,0.10960783526290631,0.8116269841269841,0.12382378708032468,3.930522282382314e-05,0.48399952032029925,0.004687659278064157,0.03198014872512405,0.009685256041084455,1.85125,1.46,0.498274797912451,0.28809632034428756,1.2679794520547947,11.51458740234375,8.588155110677084,55.51328996930803,15.232857142857142,8.655967755125811,6.191749572753906,6.122614542643229,1.4905210652163223,2.1620007877808196,31.50477409362793,0.1576954871416092,0.20398911833763123,-2.6387532552083334e-05,1.1261767758896712,0.017756682420353727,1.5852202721624304,-5.812872023809524e-07,6.099471466708811e-08,1.1261769328664015,0.0011489126137671384,0.008127743154019337,2710.0,-0.0023646923446818753,0.01242941006790567,-11.350187417734258,0
176,0.8006192579042344,-0.10958094294582095,-0.4764098187770162,0.0073766558540013325,0.012880156135027122,0.010702225069529146,0.8760000467300415,0.23100000619888306,0.5848000049591064,24.017432879975864,3.2872840026446752,14.291624420455523,0.9382280143662373,0.005342168534315071,28.14550589876252,76.19091836345045,23.95086599419342,202.8985507246377,202.8985507246377,6,0.17142857142857143,0.09242270707306234,0.8252244897959183,0.1287168985927655,0.0006618963805081212,0.1571957650459554,0.0010542955014970368,0.125747481290237,0.006706895069271229,1.5875,1.34015873015873,0.32063453510506446,0.1440874709838875,1.1845611749378182,6.109822591145833,7.023722330729166,49.53172055199033,15.430751879699248,8.051512848863082,5.1251983642578125,5.25848388671875,0.9978202361489407,0.6910281974253932,31.29464340209961,0.20211397111415863,0.23189641535282135,-2.8164818173363095e-05,1.1231597664980517,0.018511076943776076,1.4325621631435783,-4.178001767113095e-07,5.957609198000002e-08,1.1231595337549256,0.0012400522235083975,0.009978810509801357,2709.0,-0.00233402145935759,0.01153303410257,-3.495106328212777,0
177,0.8007725815432413,-0.11524491432734899,-0.47558191401050204,0.00872343706527061,0.01309058548769334,0.012847130138872224,0.9177999496459961,0.23100000619888306,0.5848000049591064,24.02203587480954,3.4571745726891927,14.266738420299122,0.9386532488487564,0.0062340616582904915,28.158236905503514,71.12085635707079,16.313638309577644,162.79069767441862,162.79069767441862,7,0.20588235294117646,0.10353970255986006,0.8649999999999999,0.09591428371169736,0.0018792401939192024,0.7990829007451402,0.008400711215612727,0.37526784144880165,0.0105129407822131,1.6252380952380954,1.253968253968254,0.28267189701232104,0.0522542961281156,1.2960759493670888,5.921427408854166,6.115417480468749,44.049080984933035,14.961071428571428,8.286791246204,4.693094889322917,4.703470865885417,0.5928407375176703,0.5541135157697809,31.06085205078125,0.2205030471086502,0.25161582231521606,-3.878638857886905e-05,1.1164012077189498,0.018209955221982595,2.417509968609365,-3.197079613095238e-06,-8.124737286729977e-09,1.1164001326235635,0.0014245137653207632,0.010301030731534312,2700.0,-0.0023098744856085724,0.011947348024301268,-0.6317502107885703,0
178,0.7974903905789057,-0.12350928592681885,-0.45005186652853374,0.037063402896505365,0.030251009439286346,0.17161180842391924,1.0957999229431152,0.3402000069618225,0.6216000318527222,23.923512574519428,3.7049974348289627,14.297679142739092,0.9408434868351063,0.018577266174469385,28.223960583406257,76.50626338311642,18.113416293138258,162.79069767441862,162.79069767441862,8,0.2222222222222222,0.12278972996247103,0.8113095238095239,0.11962496904891827,0.0004602338359017078,0.6532567131707244,0.002617455874731001,0.04391231162023613,0.0040067799104989005,1.5164285714285715,1.208,0.3084439220688657,0.21046324028248753,1.255321665089877,4.964701334635417,7.089131673177083,46.74884171258835,15.951948051948051,8.592063749204828,4.088511149088541,4.502634684244791,1.6103876368623748,0.7787657101768679,30.82965660095215,0.18227307498455048,0.2388247549533844,-3.177897135416667e-05,1.1096228861160535,0.018472276954377868,2.417509968609365,2.361479259672619e-07,-9.128653345926056e-08,1.109623010884407,0.0015159917855652196,0.011944829736223243,2676.0,-0.0022540888294288815,0.013019820826888847,-2.657729711525344,0
179,0.826521114383425,-0.13369043832733518,-0.3589126857036636,0.07788228519737678,0.061918390621424985,0.21249644577286625,1.2409999370574951,0.4025999903678894,0.6216000318527222,24.79429157435894,4.054969860613346,11.636365146807261,0.9389760359596739,0.05662934385158683,28.167814195882322,94.5459665727158,37.623685043132866,240.0,240.0,12,0.2857142857142857,0.1516473339281183,0.6969727891156463,0.16689096735165646,0.0007061275828404833,1.005169946555946,0.011108410015011606,0.3458818371443687,0.011051275511243441,1.193116883116883,1.1577380952380951,0.3879128386414452,0.2870359066005585,1.030558541715354,14.265340169270834,15.50628662109375,69.92559422084264,16.611885714285712,8.42850688323954,6.200117631392046,6.301413642035591,3.649661551874434,3.6160714002273604,30.6052303314209,0.18953387439250946,0.22712650895118713,-3.123837425595238e-05,1.1226449885326797,0.029058622872784812,2.6144411471374958,2.234322684151786e-06,-1.022558997657638e-07,1.1226451921042355,0.0014808466852200635,0.025333245594696963,2690.0,-0.0022468216322381225,0.01399693288861411,-2.657729711525344,0
180,0.858160942940485,-0.14829200043848584,-0.2629889525033179,0.08685444012223957,0.06501723020994,0.20545603591093556,1.2409999370574951,0.4025999903678894,0.6216000318527222,25.74365685965334,4.49303700962237,8.759022436652865,0.9366801637180698,0.06486368863846786,28.099093953904855,94.3523084280623,34.32363240864546,240.0,240.0,10,0.23255813953488372,0.10662801474142146,0.6832890365448505,0.13824259194335164,0.00013173417742607218,0.34012760810687326,0.01306766174340639,0.3579609299576915,0.03841987957443411,1.024175824175824,1.1670238095238095,0.3230590934752774,0.2722665375332001,0.8775963402098258,14.265340169270834,15.50628662109375,78.30340198335195,15.49978835978836,8.271329574241978,7.096064640925482,7.320488823784721,3.418499163775803,3.826742595482232,30.451162338256836,0.13743871450424194,0.17535054683685303,-1.3407389322916667e-05,1.1404535451518212,0.03253641804617141,1.678339651011077,2.7247837611607143e-06,-1.1463062873710525e-07,1.1404532640269358,0.0013279589767555004,0.028996918476003202,2717.0,-0.002246592761300801,0.013882377758559836,-3.1802558033697457,0
181,0.8880320671853565,-0.14666426708017077,-0.2175461811451685,0.06575352871170465,0.06303027157755231,0.08149172416045164,1.2409999370574951,0.4025999903678894,0.5442000031471252,26.639707872697286,4.444340865910053,6.600071719884872,0.931787080877045,0.0644032546457622,27.952276495299884,91.9121593618923,36.49717883357849,240.0,240.0,12,0.2926829268292683,0.09872865307890871,0.7134146341463414,0.16593727579161022,0.0018628560659725139,0.25285996368541364,0.006117036251979547,0.16863578893372125,0.024191398918295467,1.1205494505494504,1.1571428571428573,0.5673830804284942,0.2532548783245374,0.9683760683760682,14.265340169270834,10.786946614583334,82.53985290527343,13.80664835164835,8.18417465280495,6.953265850360577,6.630184289180872,2.2972255531449384,3.528895063767766,30.39685821533203,0.07306859642267227,0.12377247214317322,2.9863630022321427e-06,1.160342593084295,0.01838935334960988,2.4768749433520103,2.6339576357886904e-06,1.0007720960461095e-07,1.1603416682014591,0.0012023685513389338,0.009551373656109996,2746.0,-0.00224873324949556,0.012599193943517988,0.17841331516758724,0
182,0.8836163811740421,-0.14391409556638626,-0.24562834278174808,0.04224229846288426,0.03711886820112732,0.06278137544644258,1.1793999671936035,0.3352000117301941,0.4240000247955322,26.507066578183856,4.3182191527315545,7.369603568741254,0.9313438112069121,0.039049805953419565,27.938826069881387,72.88742733723063,8.832918261860172,92.10526315789473,92.10526315789473,12,0.34285714285714286,0.05221044313304436,0.8347755102040817,0.09620492150672846,0.00018915792019991677,0.06545023657089823,0.003227272305430943,0.008032151947926908,0.04930879511695938,1.2233333333333334,1.194935064935065,0.580515350841266,0.19183844822551768,1.0237655327319495,11.976114908854166,7.350870768229168,64.39374716622488,14.707428571428572,8.809124944380928,5.802883572048611,5.648951674952651,1.098483846276199,2.3006946913084505,30.50458335876465,0.15335312485694885,0.18018953502178192,1.924496605282738e-05,1.1587509228657453,0.018720474732205374,2.5502403598791274,-7.62939453125e-07,-1.0662884217438097e-07,1.158751380377175,0.0011403630346964269,0.009874228714883436,2757.0,-0.002258803570737703,0.014231664485820686,3.211581293598966,0
183,0.8732506757577261,-0.14222828580368133,-0.28847999017863046,0.027507071232580654,0.029492811730983313,0.045316668199185804,1.1538000106811523,0.3046000003814697,0.4431999921798706,26.19630970128945,4.2677227170552525,8.654744419072356,0.932245260949835,0.02480265091244114,27.966077517136327,68.66430726089938,5.7146666920333455,79.09604519774011,79.09604519774011,11,0.3333333333333333,0.054883341028484946,0.8797835497835498,0.07187748217831869,0.00016476080033319424,0.041692969861915966,0.00902788061141553,0.009481384740824259,0.21653244279107972,1.1928571428571428,1.1436363636363636,0.2755510586076825,0.1914996608031056,1.0430388371564843,7.425537109375001,8.031514485677084,61.36800994873047,15.3724,8.401619316415092,5.935326778527463,5.975720954663827,1.4426659876649006,0.9951465822091066,30.65873908996582,0.15402762591838837,0.1823078989982605,2.3854573567708332e-05,1.1500681770920134,0.020127746383167798,2.5502403598791274,-1.4895484561011905e-06,7.729140245400428e-08,1.15006813062658,0.0011014089024980738,0.012259946742668419,2748.0,-0.002251359815966725,0.01366286327105043,3.211581293598966,0
184,0.8676772467976525,-0.1497181714886711,-0.30730018057141983,0.021179469342831016,0.02573106013930311,0.03343183582997052,1.023400068283081,0.24519997835159302,0.4431999921798706,26.02909468965871,4.4920365735036984,9.218548845691341,0.9335875176268292,0.018852809322912327,28.00629429962719,68.25565104139547,5.130476708820321,79.09604519774011,79.09604519774011,10,0.30303030303030304,0.05540896192155643,0.883896103896104,0.0646768024310043,2.56000000000003e-06,0.048088021315005634,0.005653745114781357,0.012937623271016104,0.11757075795957388,1.1852380952380952,1.1414285714285715,0.21393648791563818,0.1976081465725458,1.0383813099707968,7.425537109375001,8.031514485677084,56.05105757940384,14.87737142857143,8.383116742304264,5.874752468532987,5.880478367660984,1.3512090884798869,0.8364326828631611,30.844242095947266,0.14812126755714417,0.19638103246688843,2.5575183686755952e-05,1.1386504236172905,0.01967185455741216,3.028615567581231,-1.4895484561011905e-06,-8.591770510951419e-08,1.138650581963405,0.0011161764904708744,0.011413943094097793,2744.0,-0.0022312540490538398,0.013684281846728336,3.211581293598966,0
185,0.8703034089349565,-0.15625664767481032,-0.2917578284598532,0.03212359125232628,0.03724080403927042,0.06086479204669697,1.166599988937378,0.355400025844574,0.4431999921798706,26.10782883950642,4.691699715639864,8.763721425022398,0.9339771021344038,0.027872786260653773,28.017953329745193,70.5547118681438,5.735959079211392,82.03125,82.03125,9,0.2647058823529412,0.04880260747111991,0.85609243697479,0.07020575901065974,1.561056226572266e-05,0.042475981212678246,0.0044417594973178145,0.004204821216827278,0.10457108630587765,1.1506493506493507,1.2101190476190478,0.19976550597884674,0.21134687798608975,0.9508563251799848,7.327270507812499,8.031514485677084,55.99307730538504,15.38342857142857,8.621594937440875,5.866671475497159,5.947469075520833,1.2241185071650988,0.8766053327150797,30.981287002563477,0.13681979477405548,0.19479361176490784,1.2132917131696429e-05,1.1307518151049263,0.01824678592970913,2.6961898126918844,-1.4713832310267858e-06,-6.430961635029779e-08,1.13075222952733,0.0010001721271653058,0.00847557043938564,2719.0,-0.0022542043547591484,0.012172272036848113,-6.322008294400204,0
186,0.87103325682027,-0.15247386689696993,-0.29020144758905686,0.030527605995243068,0.03661274978957464,0.058458082216337706,1.166599988937378,0.355400025844574,0.4187999963760376,26.129772704669406,4.578269578048161,8.716957998871804,0.933357610433721,0.02640911496144498,27.999404100079317,68.85597719636773,5.359455304945829,82.03125,82.03125,9,0.2727272727272727,0.0447277763765631,0.8765367965367965,0.06646198973498868,1.1755102040815471e-07,0.026021242654004025,0.003651049242725272,0.007364243460561296,0.14031033380196645,1.2410389610389612,1.2445454545454544,0.29365718462400225,0.15757416392324802,0.9971825106960245,7.327270507812499,6.77154541015625,52.99458305722192,14.576428571428572,8.452179588480025,5.631834087949811,5.669897830847537,0.8858284541698467,0.8712252828234599,31.049657821655273,0.06391332298517227,0.12254539132118225,6.420317150297619e-06,1.1238077800447932,0.01793615915504238,2.682624466130025,5.994524274553571e-07,-4.723242177563505e-08,1.1238078617127654,0.0010128583608780138,0.007859273552404596,2715.0,-0.0022321673530799127,0.01177217722180796,-6.322008294400204,0
187,0.8721116186039788,-0.14740366725694565,-0.28767852378743036,0.02995164135313487,0.035814880847289024,0.057088986221338026,1.166599988937378,0.355400025844574,0.4187999963760376,26.162134700928416,4.426120874541146,8.64125271337373,0.932641442877983,0.02616003359075538,27.97791407131899,67.52971865699175,5.806551178119418,82.03125,82.03125,10,0.30303030303030304,0.04384283154121116,0.8947619047619049,0.07311402525177937,0.00012369071286963727,0.03294192594312824,0.0010605474931539064,0.01766104242527527,0.03219445927311178,1.2617142857142858,1.251948051948052,0.31388272865345546,0.12885001956766357,1.0078008298755188,7.327270507812499,6.77154541015625,53.95727328345888,14.003726708074534,8.62629365825564,5.806101481119792,5.720288825757575,0.7669487409713923,0.9185241018666449,31.046449661254883,0.05560077726840973,0.10073541849851608,-5.169096447172619e-06,1.1181003564562402,0.018237358332319296,1.543768967520879,-2.0163399832589286e-06,-4.541789914998516e-08,1.11810184714394,0.0009534308199726033,0.008915055600072452,2710.0,-0.0022711102879959585,0.011826286066034577,-6.322008294400204,0
188,0.8667309893937338,-0.14655126756713505,-0.31195990444365,0.007363380001143079,0.006529699859608347,0.011440697288972897,0.9234000444412231,0.17659997940063477,0.40619999170303345,26.000695396065712,4.396333027013711,9.358341561853885,0.932846296019278,0.00666317374343347,27.984057288325566,64.5053773286994,2.546694167023648,69.19275123558485,69.19275123558485,9,0.28125,0.041425393172223934,0.9316071428571429,0.036806079660838646,6.295936693044516e-07,0.026481350745818553,0.0005590891952315829,0.0019694496702678506,0.0211125633506389,1.4188571428571428,1.3047142857142857,0.3268581418566152,0.10984413818623892,1.087484944706011,6.555989583333334,6.129150390625,52.56600080217634,15.259805194805194,8.577987591057079,5.584370930989584,5.540985107421875,0.3569513281147572,0.4909886433766487,31.008434295654297,0.019723139703273773,0.06276668608188629,-1.5360514322916667e-06,1.1103356919352891,0.018317806239392227,3.038859790842835,-5.812872023809524e-07,-7.39957521203658e-08,1.110336077027804,0.0009580132163134643,0.008996349955258264,2718.0,-0.0023128301902848375,0.010383653623681743,-2.6888087536970016,0
189,0.8658435701472419,-0.1476331726057189,-0.3144680470994541,0.007777921297377628,0.006528983879713684,0.011963603987391108,0.9112000465393066,0.17659997940063477,0.3845999836921692,25.974075675862178,4.428779178134032,9.433597270122597,0.9330414119662569,0.007125260141676039,27.989915580048514,65.68721573872824,3.776242962401594,75.26881720430107,75.26881720430107,8,0.25,0.06131057147927434,0.9163392857142857,0.05089121237943718,0.00012087431836734703,0.024382241575307155,0.0002665149218454823,0.018340730851860332,0.01093069810756827,1.3612857142857142,1.2683116883116883,0.3465724001870728,0.11128498604669478,1.0733053450747492,6.057942708333334,6.129150390625,52.43034159342449,15.300434782608695,8.815064628647788,5.533721923828126,5.644901160037878,0.3878604429432746,0.35685999088663933,31.002904891967773,0.019273927435278893,0.06276668608188629,-6.989978608630952e-07,1.1035997296201576,0.017994806372466404,3.038859790842835,-2.9064360119047617e-06,9.09041032484574e-08,1.1035999354546775,0.0009468280867959655,0.008606006817959661,2717.0,-0.0023555331477425924,0.010283519800123993,-2.1878881151752494,0
190,0.8655560844739278,-0.14854312495958238,-0.3149610376471565,0.011237287495792917,0.013749354420091953,0.021078832508509397,0.9944000244140625,0.30379998683929443,0.42659997940063477,25.96544939143317,4.4560873202340945,9.448392986570086,0.9333221006841649,0.0110609904629163,27.998338115722486,70.17242779688945,6.29156129086886,86.5979381443299,86.5979381443299,9,0.2727272727272727,0.06059915554742678,0.8614285714285714,0.07170940463891251,0.0002807060897959186,0.032856587045508846,0.0018056611881956757,0.021099189948249948,0.05495583536094906,1.2804285714285715,1.2758441558441558,0.30288143433579107,0.13902583754398634,1.0035932410423454,7.516276041666668,7.584431966145834,52.77568054199219,15.691863354037265,8.436514779284122,5.673512776692708,5.6930357037168555,0.7047810420531461,0.7072758606403761,31.006389617919922,0.022183163091540337,0.06481624394655228,2.3062569754464284e-06,1.0977421231022575,0.01740956214212761,2.984708183786938,-2.724783761160714e-07,-9.662035983786174e-08,1.0977421440188595,0.0009321823852652361,0.007255157881171946,2722.0,-0.002351775304924096,0.009860655442815237,-8.254202700655194,0
191,0.8653200845093955,-0.14623871530805316,-0.31589799949952535,0.012931474557941216,0.014554177347574524,0.023663595331661274,0.9944000244140625,0.30379998683929443,0.42900002002716064,25.958414392386164,4.386955030688218,9.476419556396348,0.9331394227971508,0.012082511180517844,27.992867114448217,74.1637747699225,6.550645240444082,86.5979381443299,86.5979381443299,12,0.34285714285714286,0.060907502736163986,0.8154285714285715,0.07292777688507594,8.204662457309452e-05,0.037285264570556274,0.002169443750942859,0.07283981929092535,0.05818501694784923,1.1653246753246753,1.24,0.2856045834258865,0.11813328531083117,0.9397779639715124,7.516276041666668,7.584431966145834,53.371878778366806,14.956785714285715,8.285045552344402,5.642126834753788,5.663600112452651,0.7508093088061625,0.6885733295227476,31.029420852661133,0.03168487176299095,0.07175278663635254,4.191080729166667e-06,1.0943182502086488,0.016928718437137,1.6753665923356311,-3.0880882626488097e-07,3.451235241404398e-08,1.094318591152055,0.000917316303883497,0.006580450155800856,2705.0,-0.0023059117488080927,0.009732997641085313,-8.254202700655194,0
192,0.8700327991303943,-0.13923290536517188,-0.2927978854888961,0.05205293444623648,0.06447712845288632,0.0666341317785757,1.4038000106811523,0.38700002431869507,0.48420000076293945,26.099740831085615,4.4282383030653,8.785335421945367,0.9331806316868266,0.05054007802050517,27.994102699648252,77.0158984022407,9.236106361482035,95.89041095890411,95.89041095890411,12,0.32432432432432434,0.16774126361535013,0.7928185328185328,0.12025413725717214,0.0007935374020824587,0.502912476723786,0.005055090682531727,0.6619431033408425,0.010051631081938992,1.1594805194805196,1.247012987012987,0.24498023298946858,0.19094963788867514,0.9298062903561759,7.516276041666668,7.584431966145834,53.368588838123145,14.592440476190477,8.209850546743118,5.792486017400568,5.782313491358902,0.861190810251916,1.0817477570924412,31.0372371673584,0.04754316806793213,0.10138531029224396,-6.696428571428571e-06,1.0969253444857816,0.018285633434028184,1.6753665923356311,1.671200706845238e-06,-1.2101978018076015e-08,1.0969260574131732,0.0008956139934803628,0.009624821046546828,2694.0,-0.002275225605421319,0.010909666362032428,-2.9063798961144065,0
193,0.8749824186677024,-0.14335279103404,-0.2743290569072678,0.051656212474776704,0.06443911066699849,0.06440811846001945,1.4038000106811523,0.38700002431869507,0.48420000076293945,26.24823027431965,4.551835301688739,8.231224993084158,0.9326734930413063,0.049900015139717445,27.97887813400296,76.697959121743,9.492465462793758,95.89041095890411,95.89041095890411,11,0.2972972972972973,0.16898590422773258,0.7964864864864865,0.12073254738138103,3.905994902124122e-05,0.5148063777721795,0.00493277751169887,0.3696937870100432,0.009581811190928569,1.1283116883116884,1.464857142857143,0.2196875992286525,0.7519648276620498,0.7702537369008989,7.503458658854166,7.92266845703125,52.65648949032739,14.159254658385095,8.753378040995544,5.656479344223485,5.569254557291667,1.1366142444848695,1.007922503554529,30.9727840423584,0.11172064393758774,0.13066618144512177,-1.1580694289434524e-05,1.1034781010648953,0.019330879166491507,1.4970053017654168,2.3251488095238097e-06,-5.666718917733879e-08,1.1034783350290234,0.0009170533260108776,0.01169844895509196,2685.0,-0.002296168386047837,0.012110185247208298,-3.525584846759841,0
194,0.8716552575258981,-0.1888618288692974,-0.25735159049999146,0.054711032844076496,0.09962128838419822,0.06595956095224308,1.4038000106811523,0.41019999980926514,0.48420000076293945,26.1484742971829,5.916992436775139,7.721804572258677,0.9361393839431126,0.05092087229306108,28.082845356996707,78.85903453024248,10.389137061022675,95.89041095890411,95.89041095890411,9,0.23684210526315788,0.16629955892425102,0.7766165413533835,0.12586475148441384,7.5053634319033295e-06,0.49127431222835316,0.004474945629866408,0.31539555039797884,0.009108853279074711,1.1208928571428571,1.5744642857142856,0.20788529203110342,0.8207955441247852,0.7119201542474765,17.693277994791668,7.92266845703125,75.596263558524,12.797936507936507,7.2923039639434055,6.909904479980469,5.7203420003255205,1.3221031197319861,4.23091656622097,30.892770767211914,0.11195942759513855,0.1525772362947464,-5.657377697172619e-06,1.112210744335835,0.018516493751203254,2.3874386703630774,1.2715657552083333e-06,4.795910579833814e-09,1.1122113627772745,0.0009287826179016201,0.010107209151916286,2697.0,-0.0022729020204767035,0.012806288595777503,-3.525584846759841,0
195,0.8598768674759638,-0.2491386571980658,-0.2734973333279292,0.02432223494999458,0.07706286940355356,0.041231466853254864,0.9805999994277954,0.41019999980926514,0.36580002307891846,25.795074595723833,7.473821430248874,8.204571285545827,0.9403642920905434,0.014296084842154274,28.209598365932024,78.35562353670157,6.688685867003196,95.23809523809524,95.23809523809524,5,0.13157894736842105,0.040620531490848405,0.7710526315789474,0.0625914447767441,2.705698225739267e-05,0.033827478630589214,0.0031159603714317648,0.03189877438985457,0.09211329066110448,2.3204761904761906,1.9542857142857142,2.473274381826742,0.9087073123904291,1.1873781676413258,17.693277994791668,23.950602213541668,80.72794799804687,11.825714285714286,8.46974201127811,9.291127522786459,9.009026421440973,6.96736382264223,5.807871154307491,30.885833740234375,0.09693459421396255,0.14316517114639282,8.095877511160714e-06,1.116386876038827,0.01743380524386236,2.484488726251319,1.7075311569940477e-06,2.037286480926341e-08,1.1163868808115722,0.0009570995886572965,0.007635922291104943,2695.0,-0.0022489751987721566,0.012270450089127869,-3.525584846759841,0
196,0.8580977152358918,-0.26718699990283873,-0.26246269538289024,0.03159383672815115,0.07919571104089534,0.06280168709624322,1.0374000072479248,0.41680002212524414,0.4254000186920166,25.74167045703956,8.021512852438859,7.873534718581609,0.9419841259304781,0.022075729691107313,28.25819199800878,81.03851952149105,7.3794804056407015,97.90209790209789,97.90209790209789,5,0.1282051282051282,0.03606966049415028,0.7462271062271062,0.06442718432876304,0.0003511723022074131,0.03694117082444152,0.0039025601659984956,0.009203562118288615,0.10564256841086452,2.2257142857142855,2.248809523809524,2.5158170390848498,0.760297299828813,0.9897300158814186,17.693277994791668,23.950602213541668,84.93925606863839,18.432551020408162,8.992336568527815,10.932701958550346,10.99119398328993,6.69077624560131,4.724858486807624,30.943735122680664,0.10119674354791641,0.14890056848526,8.576892671130952e-06,1.1167612435005885,0.01741160336860963,2.484488726251319,-1.6530354817708334e-06,1.5971652695305187e-08,1.116761146487128,0.0009446805593059084,0.007263995169313484,2695.0,-0.0021915220543348383,0.01198614803646757,-6.224978696414097,0
197,0.86866822043487,-0.22348522867191406,-0.2533833620661781,0.029894858951070188,0.08571440534788231,0.05378666796167306,1.0374000072479248,0.41680002212524414,0.4254000186920166,26.0588380416802,6.710376286932401,7.6011154333608495,0.9377877020086515,0.020521849029239744,28.132313717560297,77.3594428569332,8.486054066854775,97.90209790209789,97.90209790209789,7,0.1891891891891892,0.04292917227480104,0.7847876447876447,0.08480288699842178,1.1965680966264014e-06,0.027779213670281803,0.013585334032188406,0.0032673934631689315,0.4890467452907781,1.1076785714285715,1.746031746031746,0.17099489415339456,0.7152637043724803,0.6343977272727274,9.133707682291666,13.281046549479168,59.36834702264695,17.720225563909775,7.348412021668747,6.218249003092448,6.577250162760416,3.4994235879331232,1.7639507064704265,30.96099090576172,0.08055158704519272,0.1307131052017212,-8.572533017113094e-06,1.1138628110517337,0.017395457704258394,1.5067581393172913,1.453218005952381e-07,-5.709452749976003e-08,1.113862358575744,0.0009255235269701622,0.006992438659179422,2697.0,-0.0022311101873218092,0.011606136573398661,-6.224978696414097,0
198,0.8804278774204708,-0.1885805144735745,-0.22839764784063613,0.030623481617063485,0.0780520275533138,0.058291901328897326,1.1898000240325928,0.5338000059127808,0.4254000186920166,26.411618322559764,5.66312628954649,6.884887435734272,0.9340993670170186,0.027705202541149207,28.021625541804095,78.69021028564025,11.186060252155547,100.23866348448688,100.23866348448688,11,0.2894736842105263,0.048659923924720905,0.7772932330827068,0.10510277792917797,0.00021476005264473087,0.02793220928746311,0.01717380154469325,0.007622027196272056,0.6148386390761227,1.1149206349206349,1.4654285714285713,0.17881838302967468,0.37787688309224504,0.7608154069452568,8.1121826171875,13.281046549479168,68.0432115100679,14.352721088435374,7.674688281274058,5.429653591579861,5.465698242187499,2.9398233378407914,1.4542690405816263,30.858198165893555,0.1391334980726242,0.16544607281684875,-1.7986479259672618e-05,1.1195610434740737,0.02173997926869085,1.5255037077050793,-2.5431315104166666e-07,9.442355124060284e-08,1.1195603039039859,0.0009034762637355051,0.014782985882097486,2708.0,-0.002237403048236542,0.011498483452547573,-6.224978696414097,0
199,0.8763693147557122,-0.2082997048809415,-0.2393288477602459,0.022989136417429674,0.07100507909451641,0.042468377421621836,1.1898000240325928,0.5338000059127808,0.37379997968673706,26.28982158558709,6.24867857498782,7.212872861964362,0.9357253655770844,0.021955983604152386,28.07041669430467,76.55478971433084,9.46662850522536,100.23866348448688,100.23866348448688,9,0.24324324324324326,0.05010137116177809,0.7947876447876447,0.09039242521812159,1.2505605331112031e-05,0.04938603631653761,0.013350239515858186,0.009344337012765724,0.27032417483943066,1.1712987012987013,1.4468571428571428,0.22069585897564964,0.5507504342407062,0.8095468907080281,13.078816731770832,15.57098388671875,62.35448477608817,15.014285714285714,9.005512321567998,5.607262813683712,5.567606608072916,3.5933968878462355,2.5864295056452833,30.762327194213867,0.09468881785869598,0.1457945853471756,-1.212855747767857e-05,1.1358619763688709,0.02878878640982961,1.6183748440142922,2.3251488095238097e-06,-2.101075788675399e-08,1.1358623948228834,0.0009140687668949921,0.023919731301222897,2721.0,-0.0022840033507983996,0.010297936877360485,-1.8479615440450972,0
200,0.87046661845843,-0.25194668574276424,-0.23548715258212316,0.022013160177469054,0.05925560307101719,0.04407731065089546,1.1898000240325928,0.5338000059127808,0.37379997968673706,26.112772982290814,7.558100857990128,7.097650292345456,0.9392028660162901,0.021910199354735895,28.17478003374989,78.00217179048654,8.140086436835958,100.23866348448688,100.23866348448688,8,0.21052631578947367,0.04542500168097401,0.776578947368421,0.07101272897929958,6.878840483132031e-05,0.04465663908335456,0.0050022174951503875,0.005097702257075938,0.11201509110019273,1.1390909090909092,1.3453246753246753,0.20679305235821208,0.5113799914927315,0.8467033497441839,13.078816731770832,15.57098388671875,67.86542496454149,15.866488095238095,8.636007350369765,6.118339769767993,6.155275287050189,3.3863905214610712,2.75172749260436,30.694889068603516,0.039885737001895905,0.09376975893974304,-6.5423874627976195e-06,1.152803620737647,0.02275853327747667,1.6183748440142922,3.342401413690476e-06,-1.9701363435275335e-08,1.1528031557485348,0.0009013479258993563,0.016288281338342637,2710.0,-0.002254411428464344,0.01047838631729921,-1.8479615440450972,0
201,0.8673977514164788,-0.2774963334458215,-0.23625784774053665,0.009559584228523047,0.010470029036242237,0.023165818084678054,0.906999945640564,0.32580000162124634,0.29739999771118164,26.02069311397416,8.324471717647144,7.087377003644194,0.9412019360752735,0.008799015374449451,28.234701593001606,76.061637576016,3.441728961757622,84.84848484848484,84.84848484848484,5,0.13513513513513514,0.03457877398025158,0.7904247104247106,0.03520934925867718,6.987595168679601e-07,0.026097410501022378,0.0010941258742903739,0.00939826930629597,0.04192469112012132,1.0887012987012987,1.2261904761904763,0.12246760132760316,0.15141996082137715,0.8878729037952339,9.25628662109375,7.6123046875,55.28940298897879,15.118057142857142,8.36555141215376,5.559248490767046,5.449761284722221,1.4630132878806086,1.4434481740580787,30.683801651000977,0.03655048832297325,0.09337127953767776,-1.5287853422619048e-06,1.1600402473103495,0.017326332271402473,1.2193444648696241,9.264264787946428e-07,7.067107025200359e-08,1.160040044416,0.000909552669121914,0.006823587435158529,2699.0,-0.0023071236749142897,0.01008022429822947,-5.404173697356896,0
202,0.8761125901710419,-0.23724838116623106,-0.22079001897005807,0.022787571267655547,0.07498284172511006,0.026486295204945505,1.1096000671386719,0.33799999952316284,0.3190000057220459,26.282118562289646,7.173877718618938,6.623359283379146,0.9375603616396,0.020786764355355695,28.125472910471014,80.5974944040276,7.314642098845441,95.89041095890411,95.89041095890411,9,0.23076923076923078,0.03931407042256141,0.7503663003663004,0.06551228544789746,0.00014937828171595157,0.07183977422775932,0.0014720503109339207,0.014129103566591536,0.020490742443969312,1.175,1.343116883116883,0.18603955032657515,0.23601894375544374,0.8748307870818025,16.272989908854164,18.281148274739582,81.05054619198755,13.569503105590062,8.378524027640912,7.936737060546875,8.058434688683711,3.8362807166976345,3.903953871887571,30.65472412109375,0.037359077483415604,0.08929437398910522,-3.3394949776785715e-06,1.1569895430307355,0.01741217222864613,1.2638943057352714,4.722958519345238e-07,3.022756843928289e-08,1.1569895365555298,0.0009446312421008331,0.007194118959879541,2678.0,-0.0023125795221153904,0.011056132834992304,-3.7138148979492165,0
203,0.8821278672161557,-0.17684778085776737,-0.22749960939089456,0.022134502644452943,0.08961651246935096,0.027213884636836355,1.1096000671386719,0.33799999952316284,0.3190000057220459,26.462593159335,5.3618525664721215,6.824671710303852,0.9327430024038205,0.020806885515863727,27.980971838484205,80.97921638794939,7.608207856602978,95.89041095890411,95.89041095890411,9,0.23076923076923078,0.040100571740568934,0.7475091575091576,0.07039078922423346,9.724374843815048e-05,0.07415484981383384,0.0009169251364687927,0.008715644446801899,0.012365005643875462,1.4050793650793652,1.4066666666666665,0.5469810408115684,0.27856939356196053,0.9988715865493119,16.272989908854164,18.281148274739582,78.03765694754465,13.713071428571428,8.487854819910478,8.361658166956017,8.347800925925926,4.149665636440448,3.890366414639935,30.647445678710938,0.03133991360664368,0.08145996183156967,4.185267857142857e-07,1.1524207160266364,0.017691353240963454,2.7722641238236023,-2.7792794363839284e-06,-3.664283606526621e-08,1.1524203849683312,0.0009802825553677165,0.00806833177549827,2681.0,-0.002319892493493613,0.01048473485332927,-3.7138148979492165,0
204,0.8880666775816963,-0.11583909506457192,-0.23495214269274756,0.02041794936022294,0.05380334969682365,0.027794813605596193,1.1096000671386719,0.33799999952316284,0.3190000057220459,26.64074518459184,3.5316099927255085,7.048212280784335,0.927883225973839,0.020014815680175116,27.835159607826323,80.23110308567252,7.9094139839027395,95.89041095890411,95.89041095890411,8,0.20512820512820512,0.03602123732093391,0.755018315018315,0.07315630012888531,0.00010754959833402701,0.06896515627555076,0.0007568975414692278,0.024570271458672136,0.010975071794879119,1.474857142857143,1.443015873015873,0.5201162350467284,0.25061235158797646,1.0220657793422068,16.272989908854164,18.281148274739582,79.53932473318918,15.997482993197279,8.92192316188944,8.173227945963543,8.183740686487269,4.20946055695428,3.7387121574733975,30.644603729248047,0.029861310496926308,0.08145996183156967,6.960914248511905e-07,1.1458731362901524,0.018529416486669757,2.7722641238236023,-1.9800095331101192e-06,-2.831837494908836e-08,1.1458730166941964,0.0009751698793522465,0.00987758779234745,2692.0,-0.0023128934022580024,0.010432784561684883,-3.7138148979492165,0
205,0.8864744967165448,-0.1012816285547756,-0.25026587633008046,0.007142671882488945,0.01393686969904739,0.012459994025165906,0.926800012588501,0.1624000072479248,0.30320000648498535,26.59296433006014,3.038271713767733,7.507636147056307,0.9268665503622597,0.006849367571012069,27.804668983104804,74.87149018555728,4.155189156461876,82.51473477406681,82.51473477406681,4,0.1111111111111111,0.03148973640001252,0.8038492063492063,0.04468308593085708,3.728473136193242e-05,0.025663592332452308,0.0037108617983549422,0.002113712489298469,0.1445963507479215,1.2904285714285713,1.4134285714285715,0.24822064740048996,0.16723099019509705,0.912977562158884,7.46612548828125,7.9693603515625,57.698414539155515,15.112467532467532,8.360672394662725,6.172983805338542,6.287251790364584,0.8303014377572867,0.647149761039054,30.651662826538086,0.017976192757487297,0.07321499288082123,1.380557105654762e-07,1.1377583900569002,0.01857787646759381,2.611336432334521,-1.816522507440476e-06,7.710866433793443e-08,1.137758178955742,0.000960830286241585,0.00989535946332213,2695.0,-0.0022658309983750774,0.010769861521151447,-8.971384731233005,0
206,0.8859102206968126,-0.1061679240096183,-0.2519489619533221,0.007034165950235132,0.013544772196611132,0.012170815435079902,0.9149999618530273,0.16280001401901245,0.30479997396469116,26.576053763713155,3.184881006010941,7.558111287142549,0.9273189394496696,0.006890593857725595,27.81825589727885,73.80214620727418,3.2322935669187984,82.51473477406681,82.51473477406681,4,0.1111111111111111,0.03173597346327677,0.8145238095238096,0.03520187971686891,2.938775510204077e-06,0.03533181126877301,0.0021649307442144473,0.002307048356068495,0.06127426436605751,1.3092857142857144,1.3901428571428571,0.2456405620297383,0.139202465964552,0.9418353714931662,7.46612548828125,7.9693603515625,58.780335344587044,14.561623376623377,8.536114333889548,6.260233561197917,6.264149983723959,0.9452690147021512,0.584839748338643,30.645666122436523,0.020061543211340904,0.0723884180188179,-5.565824962797619e-07,1.1300664193050889,0.017851655945514543,1.2643550627437095,-7.084437779017857e-07,6.15329110059477e-09,1.1300666068889127,0.0009441059348899789,0.008383490757524406,2692.0,-0.0022761105730456288,0.010757587110123677,-8.971384731233005,0
207,0.8864264782156263,-0.11526783855472292,-0.24798287632919494,0.006945499198253834,0.013229890853237523,0.01641828688081085,0.9229999780654907,0.17339998483657837,0.30479997396469116,26.591519775050028,3.45788929947785,7.439141861285482,0.9278944712653588,0.0062260059202500564,27.835505192353065,73.69273462546639,4.333789679648256,83.66533864541832,83.66533864541832,6,0.16666666666666666,0.03768056624954431,0.8169444444444444,0.04690796795639238,2.0011928363181894e-05,0.05135215065758777,0.004454331240854437,0.011286672644835013,0.08674088979360531,1.3773015873015872,1.3732857142857142,0.23241846344831446,0.1838633587582843,1.0029242807771883,7.46612548828125,7.9693603515625,57.29651903424944,14.598979591836734,8.370921963994187,6.124414514612268,6.112823486328126,0.8459189056858651,0.7540161018726033,30.635181427001953,0.0232976246625185,0.0723884180188179,-2.8512137276785715e-06,1.1263968552767019,0.01719091373569844,1.1910719456562817,5.994524274553571e-07,7.690763941194073e-08,1.1263967566565098,0.000940708240401199,0.006809779264897702,2702.0,-0.0022744953981451033,0.01157881908499359,-7.859446231428011,0
208,0.8880991938170932,-0.12096242906082244,-0.23978051431689942,0.006592325238804454,0.012201603566355182,0.015715327650535953,0.9229999780654907,0.17339998483657837,0.30479997396469116,26.64171610023294,3.628678300380707,7.193070286640099,0.9280364357596542,0.005870745801672276,27.83977243886678,72.54209157272352,4.275812668056872,83.66533864541832,83.66533864541832,5,0.1388888888888889,0.03663546689210241,0.8299206349206351,0.047884906001015894,9.785405414410664e-06,0.055742315652619126,0.005190702753090797,0.013248853034072786,0.09311961105883669,1.490952380952381,1.373968253968254,0.3034540389276383,0.15739918168005199,1.0851432532347505,6.86309814453125,7.567138671875,53.557980346679685,13.893642857142856,8.257438791965775,5.618896484375,5.551825629340279,0.8382553234087072,0.8107274926788555,30.62289810180664,0.021355506032705307,0.06412454694509506,-3.4731910342261903e-07,1.1235293022400255,0.017058578129560367,2.0680979216568627,1.453218005952381e-07,3.685811550527972e-08,1.1235296457879862,0.0009385566231573367,0.00674969024406244,2685.0,-0.002339387937906975,0.010492047866236726,-7.859446231428011,0
209,0.8890014229047866,-0.12592160087823867,-0.23506876206965674,0.00546431134705795,0.00855045213941842,0.01240017954747722,0.9229999780654907,0.17339998483657837,0.28380000591278076,26.668783687097687,3.7774891691974233,7.051706290628229,0.9282618567297745,0.004874537836734858,27.84653757116982,72.49003052146378,4.511570975126706,83.66533864541832,83.66533864541832,3,0.08571428571428572,0.03381682171600974,0.8308163265306122,0.05019877191101817,2.2955341940858227e-06,0.03690257313907099,0.006396357854007146,0.010669772016257474,0.1733309444276918,1.652063492063492,1.3755555555555556,0.2643548696403089,0.14481271734228468,1.201015462727902,5.942789713541666,6.870320638020834,51.90485120500837,14.258928571428571,8.983587153122917,5.342667191116899,5.343266239872686,0.6704526302826039,0.5310011067857493,30.62874412536621,0.026147888973355293,0.06615836918354034,1.3209751674107144e-06,1.1204559288390006,0.01759943386840353,2.130304465505433,-7.447742280505952e-07,-6.142876265442052e-08,1.1204571161783663,0.0009519047213246418,0.008110930827151266,2685.0,-0.002340362274183,0.010475600166983495,-7.859446231428011,0
210,0.8882513651109877,-0.12577381984392802,-0.2383575431307157,0.006633603639974213,0.009499545690204298,0.012321347998852204,0.9257999658584595,0.18519997596740723,0.2865999937057495,26.646274096199445,3.7730313095876147,7.150391436772687,0.928368859012252,0.0064174017599065115,27.849742500308594,74.71959890312098,5.909136262706157,88.42105263157895,88.42105263157895,2,0.05555555555555555,0.031186451420233564,0.8078571428571427,0.06161792521241682,7.163376859641829e-05,0.03165132987059273,0.0034660582735898467,0.0008580370008351961,0.10950750846049485,1.5,1.3365714285714285,0.32748474545145057,0.12185002491353283,1.122274476271911,6.523640950520834,7.0233154296875,53.82005498976934,16.661632653061226,8.433221630673138,5.7138287579571765,5.719126383463542,0.7791704064215068,0.6120320819890451,30.646303176879883,0.031449094414711,0.07358667254447937,5.076090494791667e-06,1.1205343262172132,0.017723775299698565,2.1679523433102066,-4.54130626860119e-07,2.1753986931525287e-09,1.1205339577631293,0.0009728900320395835,0.00861038397096765,2660.0,-0.0023622009210498905,0.00947622352550994,-9.570154785040723,0
211,0.8880805832942327,-0.1275314577647618,-0.23850137161357063,0.008034554610133644,0.013937449818076503,0.014962719095100403,0.9598000049591064,0.19260001182556152,0.3046000003814697,26.64115307024547,3.825756304349218,7.154685719822134,0.9285793503552657,0.007574895188083544,27.856053651993996,76.88997148001233,4.759349343140595,88.42105263157895,88.42105263157895,2,0.05405405405405406,0.03044455202986766,0.7832818532818532,0.047753578791061235,8.219337942523986e-06,0.03107762723319519,0.0019988500955669427,0.007305898649996351,0.06431797641976654,1.2904285714285713,1.284,0.21705642076639511,0.10753604047016052,1.0050066755674232,6.523640950520834,7.0233154296875,55.52097378685362,15.328766233766235,7.948019289732157,5.852559407552084,5.801625569661459,0.6650477142101091,0.5324021534863986,30.66485595703125,0.026238692924380302,0.07564085721969604,-2.1536690848214287e-06,1.1218795242335,0.017717149745877757,1.3438565964942284,-5.812872023809524e-07,-2.118598796643662e-08,1.121879132439765,0.0009597301071643312,0.008493687804392394,2683.0,-0.0023758874031017123,0.009346504261808292,5.192126995080296,0
212,0.8881825066861653,-0.12412092389379228,-0.2386857620733125,0.008421707704284864,0.015804570557231574,0.015385997565850029,0.9598000049591064,0.19260001182556152,0.3046000003814697,26.644217057738985,3.723479716820376,7.1602222907543185,0.9282994467355966,0.007914396421900581,27.84766891954948,78.45227249740155,3.8342435291793024,88.42105263157895,88.42105263157895,3,0.07894736842105263,0.030685314521816665,0.766578947368421,0.03655042200041765,8.54530452311534e-05,0.025707809330283875,0.0008952728009400723,0.004192209820043608,0.03482493546758332,1.2196103896103896,1.2864285714285715,0.14641554064171824,0.10298058069364341,0.9480591590530513,6.4306640625,6.534627278645833,54.756227547781805,14.813416149068322,8.368700440925299,5.817214503432765,5.746734619140625,0.4526370645325368,0.39247235743779774,30.657814025878906,0.03108706697821617,0.0884990468621254,-1.3209751674107144e-06,1.1234517404223776,0.01730158736366389,1.3028753087076603,4.3596540178571427e-07,9.185748531881702e-08,1.1234511763712611,0.0009410540794850409,0.007073546802969803,2688.0,-0.0024123498130018363,0.009151824378769768,3.902397398745282,0
213,0.8875112396194821,-0.12227718104634966,-0.24118919046436038,0.011545446971238934,0.017394713684447616,0.024642976101591666,0.9717999696731567,0.2157999873161316,0.36000001430511475,26.624080045734132,3.6681274314011847,7.2353122853381295,0.9283049989276317,0.009649544002069823,27.84782785119944,84.91749754518558,26.27083743005243,235.95505617977528,235.95505617977528,7,0.175,0.08686589024778385,0.7361785714285715,0.10078132900250028,7.169279466888805e-06,0.23256440721589688,0.0056373702971905405,0.12340358527551842,0.024240038983941302,1.2701428571428572,1.3802857142857143,0.18233681549734898,0.16178695994474732,0.9202028565514386,7.163391113281249,8.170572916666666,56.048421659923726,14.411103896103898,8.35336260303016,5.894246419270834,5.956746419270834,0.8830472020903457,0.5809880115995599,30.66621208190918,0.04708787798881531,0.11279613524675369,5.709693545386905e-06,1.11977687240084,0.017493365170840894,1.5074067030389342,1.0354178292410713e-06,7.514633729410472e-08,1.1197759709714878,0.000921791558850032,0.007146375534890091,2697.0,-0.0023711290673286392,0.009636797244874457,2.3269743560535585,0
214,0.8825331913686933,-0.11501082861707324,-0.2616437523223105,0.012563586554223917,0.013641430783919202,0.0329567124183122,0.9717999696731567,0.2157999873161316,0.36000001430511475,26.474738312448775,3.450152144219194,7.848905141098158,0.9283837383614809,0.009137246643135427,27.85017866740572,84.99279993456321,27.09927969469984,235.95505617977528,235.95505617977528,12,0.3076923076923077,0.09112732325729021,0.7399267399267399,0.1170914515628248,0.00016117597934194058,0.2960449582043911,0.010224465198232058,0.06944287894557641,0.034536866495706475,1.3217142857142858,1.4303174603174602,0.23610599487587464,0.20952573351689982,0.9240705804017314,7.163391113281249,8.170572916666666,58.242958068847656,14.521156462585033,8.367649580279826,6.074534098307291,6.1279070818865735,1.1026640368798357,0.6193916693148029,30.740243911743164,0.12383974343538284,0.17927876114845276,2.1462576729910714e-05,1.1191136189559705,0.01750285347646961,1.5074067030389342,1.762026832217262e-06,-8.608198691337088e-08,1.1191135877858602,0.0009177525176219931,0.007071453494784905,2688.0,-0.0024036309201514957,0.01044266411706472,2.3269743560535585,0
215,0.8764973809605553,-0.11243179071517218,-0.2841269236405691,0.012363518160356454,0.012726968219577252,0.03263885531131311,0.9717999696731567,0.2157999873161316,0.36000001430511475,26.29367557168007,3.3728088643295426,8.523413566350937,0.9289347627761801,0.008775466651129323,27.866727099815563,83.73620829142611,27.417004578611706,235.95505617977528,235.95505617977528,12,0.3076923076923077,0.09119006720364779,0.7525274725274727,0.12034681330374501,1.771550920449804e-05,0.27456769213145527,0.014711144223750283,0.05742068413629514,0.05357929809420914,1.5023809523809526,1.5048214285714285,0.22949219304078008,0.20252102120671878,0.9983782287093076,7.163391113281249,8.170572916666666,60.721190970284596,14.542706766917293,8.196654538726515,6.2908935546875,6.314137776692707,1.0837017500887909,0.5585184762877712,30.9155330657959,0.19927123188972473,0.2279384732246399,3.0003138950892856e-05,1.1184279870194518,0.01743386701592093,1.451013342972235,-2.1798270089285714e-07,-6.973065006724349e-08,1.1184283631250083,0.0009218923838470478,0.007234731420488649,2687.0,-0.002350650567746402,0.010918784772486676,2.3269743560535585,0
216,0.8711953617391133,-0.10939740017198381,-0.3038682949514616,0.005795346604427904,0.005927819246698115,0.01288427239712771,0.9057999849319458,0.1499999761581421,0.34299999475479126,26.1346004236596,3.2817472908752303,9.11564741998911,0.9292462275218145,0.004611762332188466,27.87605226397057,77.20998099403293,6.0940479133223695,89.55223880597015,89.55223880597015,6,0.16216216216216217,0.036911673699912315,0.7820849420849421,0.06349326642106021,1.7523621157851112e-05,0.04582535461611659,0.004808152193172869,0.011996454803139423,0.1049234039420147,1.544107142857143,1.4542857142857142,0.17935746643311543,0.18352556403144826,1.0617632612966603,6.814473470052084,7.94189453125,57.68847104027157,14.987293233082708,8.357340617089962,5.962994893391927,5.853248878761574,0.8525549102581885,0.5385801929852186,31.143213272094727,0.21215277910232544,0.2283550500869751,3.2804943266369045e-05,1.1180929998903977,0.017413232253923213,1.3938900046463345,-1.9255138578869047e-06,-2.4497441391867827e-09,1.1180919069573814,0.0009062412342138936,0.007175580461054,2689.0,-0.0024003853122879565,0.010925270722581228,1.1333257569152855,0
217,0.8695776089259556,-0.10946765742131642,-0.3088642188849903,0.004911595232218412,0.004984861717039861,0.009299587039447586,0.8910000324249268,0.15079998970031738,0.34619998931884766,26.086088982054164,3.2838645797542165,9.26547399512359,0.9293343483708637,0.004314573605552706,27.878700722386544,77.7023904007481,3.4140891507383833,85.19269776876267,85.19269776876267,2,0.05263157894736842,0.027395692971362063,0.7736466165413534,0.03349446844758966,7.60099291961672e-07,0.03321563341147431,0.0005145744399709896,0.0011808898204076687,0.015491935185954648,1.519206349206349,1.463809523809524,0.20242644991227474,0.10549096961921346,1.0378442854044674,6.527099609375,6.60858154296875,55.627497355143234,14.856928571428572,8.597816871397159,5.722644947193287,5.809507016782407,0.47655364329665423,0.43989154009803605,31.36797332763672,0.1796228587627411,0.21350929141044617,2.7897426060267857e-05,1.116073050389295,0.016879653782567235,1.3072469955591106,-9.08261253720238e-08,9.656027538830748e-08,1.1160715792611675,0.0008859915529115938,0.006002933272021887,2702.0,-0.002345312425598781,0.01060984259129615,-5.89683425920385,0
218,0.8719275137469882,-0.1175320669270697,-0.2984374189689046,0.010185546174362289,0.018122169243738023,0.027483013256236612,0.9348000288009644,0.2157999873161316,0.35259997844696045,26.156577555281775,3.525804293538843,8.95271285478558,0.9296646453837415,0.006884078450187896,27.888615954968913,80.9772125805155,4.962572781757182,91.90371991247265,91.90371991247265,4,0.10256410256410256,0.0314089138797625,0.7436996336996337,0.04498935038670233,7.34693877551022e-05,0.057683625542161186,0.0014124471010541297,0.0033563904692469055,0.024486101346417048,1.4801587301587302,1.4376190476190476,0.2202538675890997,0.14536060406939527,1.0295903720878878,8.015034993489582,10.814310709635416,59.02769201369513,15.189928571428572,8.484925606386797,5.933317961516203,6.14349365234375,1.8003992877646948,0.8622869471650881,31.522048950195312,0.11580836027860641,0.15841825306415558,9.113130115327381e-06,1.1198029745863107,0.019236038212885345,1.3696088871900913,2.9427664620535716e-06,3.6782517569228356e-08,1.119802686972547,0.0008794923419998936,0.010987168174836262,2702.0,-0.00233613797059701,0.013650792317208124,-2.451775297686071,0
219,0.8755685430538087,-0.12811767654475711,-0.2843465905501729,0.012614917054521557,0.021522427544233197,0.0294750485391594,0.9393999576568604,0.2386000156402588,0.35259997844696045,26.265774005906923,3.8433494391611642,8.529984430798462,0.9302106162775855,0.009313165769686082,27.904958944443155,86.15836049545898,7.889455682595095,99.29078014184397,99.29078014184397,4,0.09523809523809523,0.030302112449710216,0.7023809523809523,0.06564079495081687,0.0002638967097042897,0.06067167936459057,0.0013192423901992104,0.00610296281587346,0.021743957049079995,1.5414285714285714,1.406031746031746,0.4245477786145284,0.17325714937201295,1.096297132535561,9.11285400390625,10.814310709635416,62.40976220993769,14.889097744360903,8.114057568678275,6.052754720052083,5.975692183883101,1.9015870323958877,1.6056437531378467,31.497295379638672,0.15151339769363403,0.18828296661376953,-1.5629359654017857e-05,1.1306934711802694,0.021858369238277903,1.3469375339778606,1.2897309802827382e-06,-1.3391759455997846e-08,1.1306942630314778,0.0008856415532540581,0.015251532084213397,2703.0,-0.0023100532229120042,0.013429839135596667,-2.451775297686071,0
220,0.8828519338709967,-0.1362370381582351,-0.23727248578696025,0.041630997548680236,0.08019542867557392,0.07940714312705399,1.1842000484466553,0.6599999666213989,0.4958000183105469,26.484308873244693,4.4317337194936615,7.162014857488019,0.9311803567119454,0.040735544775814016,27.934085021922634,89.58850780261056,7.175232892383474,114.75409836065573,114.75409836065573,7,0.1590909090909091,0.05290022487779706,0.6739610389610391,0.05335398609932339,9.964113885880872e-05,0.0720461497589235,0.0004410361349760502,0.08865209979676267,0.006121578133624335,1.2701298701298702,1.162987012987013,0.5341459135612614,0.3638652804506399,1.0921273031825796,9.11285400390625,10.814310709635416,63.920694551013774,17.482142857142858,8.556017594350184,6.182546904592804,6.145130504261363,2.207809907220225,1.6175019309935228,31.333362579345703,0.23473100364208221,0.24613910913467407,-3.2366071428571426e-05,1.1618027351713256,0.04105206466843134,3.6842307933638563,3.3060709635416668e-06,-5.031371061859952e-08,1.1618020329167,0.0009002472640359159,0.03783561574057536,2701.0,-0.0022268793445661813,0.01652535296568276,-0.3968009228811545,0
221,0.8894037433124724,-0.1437451143179621,-0.19949135243892668,0.06958353624609045,0.09947355277293236,0.08691804286649624,1.3998000621795654,0.6599999666213989,0.4958000183105469,26.68083687084062,4.7516262907215525,6.076136283363614,0.9322683864396417,0.06830618013901643,27.966724716348523,92.44494010685465,11.692660002815753,131.6614420062696,131.6614420062696,14,0.3111111111111111,0.15566259716400774,0.6620317460317461,0.11161461428254442,2.021695226988741e-05,0.35048632042881195,0.004693761037332835,0.9314957716032666,0.013392137620635597,1.1872727272727273,1.1885714285714286,0.5591848873456705,0.392494897926023,0.9989073426573426,20.839640299479164,8.683573404947916,118.54053155808224,14.199316770186334,7.211501299816904,7.846550218986741,6.347859700520834,1.61907227165719,4.639565160888959,31.095483779907227,0.18005689978599548,0.22631345689296722,-2.3373558407738094e-05,1.1924538031787362,0.03934378228620276,3.729719990580839,2.597627185639881e-06,-4.050475929269852e-08,1.1924545497376382,0.0008984548136103565,0.03595236629991641,2710.0,-0.0023058790529599037,0.015303830018804102,7.059119002579601,0
222,0.8955610284578233,-0.13648445716074534,-0.17246476219097773,0.0697548620557242,0.09990109137413392,0.07429012872871411,1.3998000621795654,0.6599999666213989,0.4958000183105469,26.86554428236825,4.533795147453036,5.265289433087621,0.9306088302228479,0.06880300947223024,27.916914326367877,90.01749940058001,12.284127761513009,131.6614420062696,131.6614420062696,14,0.32558139534883723,0.15901849095772577,0.6809302325581394,0.1147332945450653,1.3662829820907863e-05,0.3708104287457782,0.00829245093018182,0.7713145113020035,0.022363046687306074,1.7872857142857141,1.205,1.448286454076411,0.5625398852072443,1.483224659158269,20.839640299479164,36.08632405598958,127.10228721981957,12.607987012987014,8.654492700734513,9.203420003255207,8.933878580729166,9.24049005916422,5.532502282645259,31.018596649169922,0.10136624425649643,0.14939013123512268,-4.199800037202381e-07,1.2160869071803873,0.022528834296569104,3.729719990580839,2.742948986235119e-06,-4.639371249317274e-08,1.2160874594463302,0.0009000286081767895,0.01582875236332349,2719.0,-0.0022816906644698466,0.015370851769801169,7.059119002579601,0
223,0.8952879151900609,-0.13074330474365325,-0.19321708598874865,0.05751216899704819,0.0630208288727637,0.053426413641824565,1.3998000621795654,0.37300002574920654,0.3985999822616577,26.85736445571695,4.016691143044404,5.843727863132954,0.9289450184609419,0.056230898484939736,27.867026353400913,86.34088216306547,13.219629150262769,131.6614420062696,131.6614420062696,13,0.30952380952380953,0.15667176774188402,0.7124489795918367,0.12290945165269891,0.0004350885157850892,0.4038201332513687,0.007450047434452472,2.154740566715772,0.018448925204566237,2.1274603174603173,1.4779591836734696,1.3190946833236377,0.5083712384845194,1.439458099358679,20.839640299479164,36.08632405598958,133.29457477387928,15.67142857142857,8.913683753077997,10.861047815393519,11.386747814360119,10.282852766196624,4.7303838744486635,31.07046127319336,0.14048659801483154,0.17263972759246826,1.3629731677827382e-05,1.2228833023215877,0.02641439067242072,2.343536828563858,3.2334100632440476e-06,6.471427854452818e-08,1.2228835028180916,0.0009448295293897645,0.02109384218429628,2728.0,-0.0024094377027898224,0.011732962549968211,-2.7603786487190014,0
224,0.890474077803748,-0.11809348574422655,-0.224875886008853,0.022343368543819006,0.01790332107307305,0.04478806549465262,1.059000015258789,0.25099998712539673,0.3985999822616577,26.71294033408165,3.542645429457937,6.745952865949699,0.9273294427896827,0.018578188646481218,27.818549092804076,82.23069970508863,7.046495601083492,92.3076923076923,92.3076923076923,11,0.28205128205128205,0.04186316002838012,0.7352014652014651,0.06497472614101311,2.0897959183690624e-09,0.07969427667830392,0.002708107181222201,0.02754703469096448,0.03398120033329143,2.0910714285714285,1.5438775510204084,1.4243558784121848,0.3091780830638933,1.3544282881692,12.8424072265625,17.530415852864586,95.9182625906808,14.71,7.403341950012273,8.638585408528645,9.363882882254464,3.372256471403381,1.6918673854504604,31.18784523010254,0.0883268266916275,0.13346658647060394,1.3209751674107144e-05,1.2361196170369306,0.03129008328221174,2.377381139386321,1.2534005301339286e-06,7.019428622475062e-08,1.236119254140894,0.0009883850029131004,0.026910316612598663,2744.0,-0.002310578536206237,0.010178645294272363,-6.03095132011417,0
225,0.8838853448232015,-0.11190802857137862,-0.25528356201308117,0.020708601087308407,0.02006393456022141,0.03794798675185391,1.059000015258789,0.25099998712539673,0.3773999810218811,26.51530363040311,3.357085571416787,7.658153003241335,0.9278529750185681,0.017513445200482744,27.834273796238946,80.37559551161928,11.097816504057615,105.79345088161209,105.79345088161209,16,0.42105263157894735,0.21916139119119096,0.7660150375939849,0.14706953348450097,0.0011243567020408178,0.4958814128598599,0.012308566765481341,0.8547710279100076,0.024821593321062513,1.9863265306122448,1.9185714285714286,1.1934634551347565,0.8582424919142105,1.0353153919795766,13.501180013020834,17.530415852864586,100.90527292887369,12.951339285714285,9.051478293806628,10.118437267485119,9.591064453125,3.4296801545757947,2.276870462610537,31.238319396972656,0.02709384262561798,0.07311847805976868,2.939860026041667e-06,1.2499770983747798,0.02941593469053543,2.377381139386321,1.8710181826636904e-06,-2.0548272716043752e-07,1.2499777481208316,0.0010392200778586368,0.02470352610255422,2733.0,-0.0023843599872290307,0.010602582239730549,-5.028384891808399,0
226,0.8803826867228463,-0.1056418192358244,-0.2703161715978668,0.02119042304933209,0.020116378664493225,0.0347348088376605,1.059000015258789,0.25099998712539673,0.3773999810218811,26.41020260163716,3.169101291384016,8.109122576500688,0.9279154205306226,0.018381612719477386,27.836124975671773,82.4346015900284,10.71979416192083,105.79345088161209,105.79345088161209,14,0.358974358974359,0.21610692245600308,0.7461172161172162,0.14527980499432386,0.0001027947688463142,0.9973919666513197,0.0056770445162437014,0.8664212678274086,0.0056918891529716435,2.3425714285714285,2.535428571428571,1.2702133518364833,0.7667505780758119,0.9239350912778905,13.501180013020834,18.65234375,108.51008889334543,15.189404761904763,8.644921368180173,11.855000813802084,11.971537272135418,5.296891693415886,1.6087631715847726,31.25465202331543,0.033182062208652496,0.08534062653779984,4.132952008928571e-06,1.2536897119366153,0.0212765984425946,1.2541010353352076,-2.597627185639881e-06,-1.6922587219334331e-09,1.2536899458214779,0.0010623820694652289,0.01421469517125882,2727.0,-0.0023252567923197852,0.010984603284088623,-5.1454298491240325,0
227,0.8798934387025379,-0.10190641917217345,-0.2740680096234594,0.013411037501739553,0.012821076180276761,0.022466787166913492,0.9595999717712402,0.14459997415542603,0.36260002851486206,26.395550161089215,3.0570555751664297,8.221636003000395,0.9275763438863194,0.01271905454905261,27.82596652410543,82.27130323851445,10.433391685189857,105.79345088161209,105.79345088161209,12,0.3,0.21309019373160631,0.7466071428571428,0.1416310554481147,4.515839999999968e-05,0.8808445571991662,0.003309496882379843,0.9325255328894791,0.003757186049832784,2.2102857142857144,2.2528571428571427,1.3110218479164586,0.48805486476461657,0.9811033608116678,13.501180013020834,18.65234375,110.05005747477212,14.696309523809523,7.1751561754633775,11.053446451822918,10.861877441406252,4.297344217112565,1.6606778994522295,31.28653907775879,0.055921006947755814,0.09015622735023499,5.744570777529762e-06,1.2423661588333963,0.023219477976447703,1.4899271898317057,-1.2352353050595239e-06,-1.2708934238588405e-07,1.2423664469391351,0.0010521892186167183,0.01701583663064902,2705.0,-0.002388725972823839,0.011042151915865045,-7.970456542990584,2
228,0.880176743200847,-0.10749338093541917,-0.2722135713866779,0.011970058295386178,0.013719107643357716,0.02074382751935863,0.9595999717712402,0.14980000257492065,0.36260002851486206,26.404048010366303,3.224637285215514,8.166039855905941,0.927899434298429,0.011427908058799834,27.835665417661776,82.22477251532612,5.8126867447048465,94.5945945945946,94.5945945945946,8,0.2,0.04044493514211541,0.7333214285714286,0.05126102420007638,9.461273802582215e-06,0.06670498250710288,0.0031150922201318423,0.04560436106156228,0.046699543318224256,2.135,2.577142857142857,0.6657136470464952,0.6284493387923735,0.8284368070953436,21.097208658854168,20.383199055989586,120.39736858549571,15.044505494505493,8.929462212199926,12.213422987196182,12.924641927083334,5.90958949291572,4.608113225367586,31.33388328552246,0.04547727480530739,0.09666809439659119,6.583077566964286e-06,1.2221812679678943,0.02588714306482643,1.5993246805599861,-9.08261253720238e-08,2.433607261399381e-07,1.222180357042121,0.0010188409088527535,0.020508152729364383,2704.0,-0.002390827226000771,0.010785039995828683,-9.357053652658598,2
229,0.8795585814260302,-0.11313080953700203,-0.2733975331783295,0.01188578729359023,0.012888637827967278,0.022255176029105213,0.9595999717712402,0.15299999713897705,0.36260002851486206,26.385492585641998,3.393761000377791,8.201528281058584,0.9283547414446487,0.011324539577335882,27.84930626868012,82.10779800731359,5.445202600383206,94.5945945945946,94.5945945945946,6,0.15,0.03641366498148146,0.7339285714285715,0.04812478465363958,5.0615816743023435e-06,0.05189739283433582,0.0009333824649832218,0.01700996717990646,0.017985151353608786,1.8654285714285714,2.6278571428571427,0.9483516957202692,0.8219099003867403,0.7098668116335961,21.097208658854168,20.383199055989586,121.13890686035157,16.29054945054945,8.591671838055117,12.636311848958334,12.464430067274307,6.349784905423524,4.915599720953824,31.364126205444336,0.020047808066010475,0.06639574468135834,2.384730747767857e-06,1.204213228267032,0.024757090285183494,2.9000419091265432,-2.524966285342262e-06,-5.465803966025917e-10,1.2042138267633424,0.001045700078670362,0.018942064592958496,2716.0,-0.002462588073605498,0.010765220363807908,-9.357053652658598,2
230,0.8783239623421715,-0.11750270479349863,-0.27739182836385,0.011052769386556374,0.010351978299139347,0.01985193714506521,0.9332000017166138,0.15299999713897705,0.35979998111724854,26.348465870278222,3.5249278581142427,8.32131799374308,0.9288251199107594,0.010649793344144636,27.86341762642742,81.49381690839475,4.613329421088364,92.3076923076923,92.3076923076923,8,0.20512820512820512,0.03489742526334487,0.7386080586080588,0.04171931223100981,3.2724071636818726e-06,0.05900122851171745,0.0013520135198264681,0.04583794027958034,0.02291500624530153,1.3352380952380951,2.264081632653061,0.6141797619959091,0.8099708192459697,0.5897482122468601,12.735799153645834,19.440409342447918,110.93162013462612,16.411142857142856,7.71587691173251,9.850379096137154,10.747637067522321,4.9376039874823565,2.015191512565135,31.367443084716797,0.021239571273326874,0.07088704407215118,-1.1916387648809523e-06,1.190836593869879,0.018453512389194644,2.457609301378518,-2.452305385044643e-06,4.4582674985898683e-08,1.1908361654589334,0.0010694846865921118,0.009370049577479611,2717.0,-0.0024850021674005106,0.010718937847516277,-7.9439228268874365,2
231,0.8767770862125215,-0.12019487642106556,-0.2822629713501249,0.011456554063715828,0.011070006621690137,0.019762659236672607,0.9332000017166138,0.15479999780654907,0.35979998111724854,26.302058586393084,3.605648006924561,8.46748656907252,0.9291867438017933,0.010658693228569955,27.87426944087508,80.99749916568507,4.935126561003749,92.3076923076923,92.3076923076923,6,0.15384615384615385,0.03383872155182703,0.7434798534798535,0.04470005258823981,7.213208896293203e-05,0.05130510524329539,0.004491526137070595,0.01590637624853189,0.08754540344028537,1.1328571428571428,2.0976190476190477,0.585308802733927,0.511115670885704,0.5400681044267877,12.735799153645834,11.741841634114582,116.34631660098123,14.336020408163266,6.597187075681337,9.224192301432291,9.09211900499132,1.5601489057095759,2.5747073583183835,31.358745574951172,0.02323232963681221,0.07088704407215118,-1.4706566220238096e-06,1.184879101535762,0.017607202776632608,2.4472873873437715,-1.6893659319196428e-06,-1.1654929471419922e-07,1.1848784817317137,0.0010691076166096838,0.007331679098861028,2730.0,-0.0024673224324232327,0.01071438951166453,-6.614253629256922,2
232,0.8754655431281952,-0.12462401928504308,-0.28607467594317026,0.011528288144226665,0.01025537930630569,0.018948354070357852,0.9332000017166138,0.15640002489089966,0.366599977016449,26.262708579557284,3.7385328642811095,8.581849992573261,0.9296734734375645,0.010683199158349003,27.888873910759877,81.18989463031987,6.170479129713034,96.99769053117784,96.99769053117784,8,0.20512820512820512,0.04333815280698757,0.7431501831501831,0.05465478884041086,1.925955918367343e-05,0.05484033512742283,0.005778748622624925,0.01365068662299067,0.10537405741955924,1.2042857142857142,2.9444897959183676,0.8582215434764352,1.6593748917098226,0.40899639589686715,23.334452311197914,26.900431315104164,112.19268987746464,12.95542857142857,8.620651556100656,10.233340793185764,12.673804873511903,8.080743697226923,6.282268361951819,31.353811264038086,0.020757751539349556,0.06966788321733475,-2.243768601190476e-06,1.181386694511478,0.01741359046186541,1.2235155105519315,-7.084437779017857e-07,-3.708460200138908e-08,1.1813873994276707,0.0009602945471819471,0.007250200455123365,2706.0,-0.0023951779535330907,0.01073616206430956,-9.864130526507989,2
233,0.8787797241040638,-0.12625938126019068,-0.2727340856904075,0.016003677934431172,0.011283819571241699,0.03316585174550941,0.9869999885559082,0.20080000162124634,0.366599977016449,26.362119151609285,3.7876084377935952,8.181600570721285,0.9294536102407157,0.013361091798719051,27.882255988115077,80.60522895375027,7.8505864804262115,96.99769053117784,96.99769053117784,8,0.20512820512820512,0.04779397694279681,0.7512454212454213,0.07093099917802835,6.014160766347361e-05,0.06881991752318203,0.009988026517090149,0.005026000288063608,0.1451327882473221,2.3610714285714285,3.546857142857143,0.9901486051114154,1.8038940644944665,0.6656798775575962,23.334452311197914,26.900431315104164,135.62432214646114,13.846233766233766,8.233272855880541,15.971120198567707,15.2396240234375,9.196532349810912,7.29982450749043,31.34153938293457,0.02509428933262825,0.06560962647199631,-1.5418643043154763e-06,1.178913943841681,0.01706746243467932,1.0908244856736407,-7.266090029761905e-08,-4.4691545166199846e-08,1.1789146103171642,0.0009080287381571814,0.006194008241221313,2705.0,-0.0022911528429356786,0.011189470202981578,-3.914271666187185,2
234,0.88365316258158,-0.1308786289124262,-0.2522463904789516,0.01615275601941982,0.012601363729373082,0.03741272157873459,0.9869999885559082,0.20080000162124634,0.366599977016449,26.5083241632155,3.926152581657682,7.566987428622586,0.9291103551611235,0.013180831508151197,27.87196018563009,79.34476747837628,8.512565504565565,96.99769053117784,96.99769053117784,11,0.2894736842105263,0.04986689398066159,0.7646616541353384,0.07929921595431778,2.450452044981261e-05,0.06839674074225062,0.00978757357055962,0.005371436255859155,0.1430999995664056,2.7942857142857145,2.944761904761905,1.478135546517149,0.8945255523006712,0.9489003880983182,21.935221354166668,24.645182291666668,123.13522484188987,12.465079365079363,8.203884377004115,15.20256042480469,15.026584201388888,9.103841591138728,6.613710644747607,31.306211471557617,0.057833146303892136,0.09832575917243958,-6.232852027529762e-06,1.1993219838710711,0.0409939434069881,1.7979572234935415,2.9609316871279763e-06,6.347705785448784e-08,1.199320850271763,0.0009278979704701151,0.03777080477599425,2700.0,-0.0022448555219003706,0.011144132659969826,-3.914271666187185,2
235,0.8868601440531867,-0.1353787718017896,-0.23918525725886935,0.014977464111466261,0.013688845892268276,0.027789140864224997,0.9869999885559082,0.20080000162124634,0.36059999465942383,26.60453989309924,4.061162439755031,7.1751592891982625,0.929013396555373,0.013265314104271743,27.869061009384584,77.41346342107309,8.389006586663491,95.67198177676538,95.67198177676538,11,0.2972972972972973,0.05348511565259892,0.7837837837837838,0.08086011442226179,9.26622334027487e-05,0.06839440429957312,0.012676393182490708,0.005730161287830571,0.1853425483021544,3.7766666666666664,3.2204761904761905,0.7540154037053508,0.8939862067551605,1.1727044211148898,21.935221354166668,24.645182291666668,122.05495082310267,15.741904761904763,9.171067589197213,18.834330240885418,18.69530571831597,4.536805193232858,3.2731407752726014,31.25604820251465,0.05908558517694473,0.09832575917243958,-8.12348865327381e-06,1.2379903281554114,0.055756191841151215,1.8623404798183463,7.683890206473214e-06,1.1286760991078639e-07,1.2379901136760172,0.0009539653869364242,0.05336681229749887,2713.0,-0.0022588994785590565,0.010950587543026304,-0.9930635493385951,2
236,0.882828648623966,-0.13847047667843954,-0.2541172474225362,0.012919933216558295,0.010362630004410546,0.03203664178878634,0.9490000009536743,0.18540000915527344,0.3489999771118164,26.483597744447845,4.153923728934356,7.623142422650542,0.9296942793409863,0.010260279384826232,27.889498271836878,79.15866136993334,7.299224562448192,92.10526315789473,92.10526315789473,6,0.15789473684210525,0.044787911062981585,0.7646240601503759,0.07234631045883437,6.462847413577668e-05,0.07538270861692556,0.00545472932005937,0.050810535007878646,0.0723604845214414,3.7135714285714285,2.6185714285714288,1.8754910921501848,0.961902345588667,1.418166939443535,14.30755615234375,17.799580891927086,99.21468905494326,16.08542857142857,7.467289178374532,10.287297566731771,12.264480590820312,4.514902894813185,2.8130992014297895,31.20867156982422,0.03881578519940376,0.10666251927614212,-3.851027715773809e-06,1.2766797249331132,0.03916102984332448,1.94519279211377,7.120768229166667e-06,-1.964028700128055e-08,1.2766797676906392,0.001008326429725724,0.03571492829491431,2731.0,-0.002338387444952398,0.010667568128128847,-9.081456143470824,2
237,0.8795159529901686,-0.133482981361094,-0.26938699975184033,0.014285897642235533,0.014089709920000896,0.024518691483050126,0.9490000009536743,0.18540000915527344,0.35199999809265137,26.384203018290656,4.004290297968047,8.081262278301375,0.929936351474694,0.012551045677484718,27.896753492371957,83.46154079304881,7.419741418463634,102.4390243902439,102.4390243902439,3,0.075,0.03335425821507607,0.7249642857142857,0.0688068781415916,0.00013195913969179512,0.044039713404193756,0.0020401875758986375,0.027476074800456614,0.046326086574949354,2.6432653061224487,2.039285714285714,2.1981342093919016,0.5614720387874502,1.2961721290968227,16.624755859375,14.27154541015625,81.73145679292226,15.974095238095238,8.690267930185623,8.480718703497022,8.83516099717882,4.666396203602254,4.338096648597911,31.211671829223633,0.035974107682704926,0.09810155630111694,2.798897879464286e-06,1.2896531105359381,0.021810318423015604,1.3129573965421506,6.902785528273809e-07,1.5662034531981771e-07,1.2896531857764646,0.0011652260093049085,0.015362739562672647,2723.0,-0.002391319843446815,0.011030746425676126,-9.081456143470824,2
238,0.8793676480622519,-0.13228046694823672,-0.2703553332345826,0.012853090016898744,0.01278797049300612,0.021298409955737292,0.930400013923645,0.1818000078201294,0.35199999809265137,26.37977601323809,3.9682090084467614,8.110283139901501,0.929799798082799,0.011501324580387523,27.892668792138053,83.7182152960242,7.8112562456337855,102.4390243902439,102.4390243902439,5,0.12195121951219512,0.03533873979943604,0.7231010452961673,0.06924746775762736,2.0927824073302796e-05,0.06414298652937592,0.0017241498062468795,0.009279767337729573,0.026879786856467327,1.5055102040816326,2.007142857142857,1.3966885928531387,0.5639559012045191,0.7500762582613116,16.624755859375,18.587443033854168,84.70525563557942,13.529523809523809,7.6385828308920685,8.669709705171131,9.075215657552084,5.626480063025356,5.299219530288452,31.243925094604492,0.05431082472205162,0.11317634582519531,6.5816243489583335e-06,1.284078559241552,0.019258820148970915,1.3837075153434177,-2.6157924107142857e-06,-5.7448284091054755e-08,1.2840777533375036,0.001316144042180099,0.011778583373546576,2726.0,-0.0024396007126055753,0.010880291402881796,-8.814251100144014,2
239,0.8807180675041107,-0.13364038121132624,-0.26521719054381054,0.012083485872222844,0.0130257847030642,0.01785697364162661,0.930400013923645,0.1818000078201294,0.35199999809265137,26.420292025123324,4.00900915064982,7.956142002046108,0.9297175321820299,0.011139463065371379,27.8902057049749,81.90352600755274,8.109870524314307,102.4390243902439,102.4390243902439,8,0.2,0.04036010070524761,0.7396428571428573,0.07195786040085812,5.988864639733371e-07,0.057541077061582846,0.004301923794241105,0.009300247614786844,0.0747626567649578,1.3514285714285714,2.4579591836734695,0.9950741654531016,0.9201152979922319,0.5498173364330786,16.353861490885418,18.587443033854168,79.42113414946057,12.800446428571428,9.311610671392973,8.242623465401786,8.347124372209821,4.842751379130485,4.348340045503746,31.28459358215332,0.032560575753450394,0.07752934098243713,3.851027715773809e-06,1.2762337535638184,0.01751163645855546,1.1286938047367725,-1.598539806547619e-06,2.031089064431301e-07,1.276232037627489,0.0014195663301052478,0.009011295885199465,2722.0,-0.002476427136282201,0.010781560002143186,-10.08747976969004,2
240,0.8805994679360163,-0.13969672389257523,-0.2640811238175347,0.007814966575405218,0.008194324575325632,0.014124490665792265,0.9293999671936035,0.17820000648498535,0.33340001106262207,26.416724180919783,4.190701145359448,7.92206900026117,0.9300465245554663,0.007114886431452101,27.900068709697027,75.06448752915884,6.395767014065456,92.51101321585902,92.51101321585902,9,0.25,0.04573660169594892,0.80515873015873,0.06903881534826158,0.00022965237551020423,0.08694667378343768,0.006903509886255608,0.05468146194007269,0.0793993557873245,1.7754285714285714,3.317714285714286,1.0924641310134717,0.9267043206757934,0.5351360661384773,10.908406575520832,18.587443033854168,71.26096714564733,13.311666666666666,8.767204521019153,8.340250651041668,9.537109375,4.920651578396419,1.9825517030411006,31.298110961914062,0.020021717995405197,0.07752934098243713,0.0,1.2699236365069855,0.01809910228057691,1.2442505819159706,-2.906436011904762e-07,-2.4685120488038782e-09,1.2699233472235203,0.0013174461717481466,0.009540849061453553,2736.0,-0.002443748725879125,0.010195671805066617,-10.564725841437749,2
241,0.879152239265896,-0.1423897145135062,-0.26903257132711866,0.007532338968311047,0.00905285476855182,0.01220882856581837,0.9293999671936035,0.17820000648498535,0.33340001106262207,26.373322892274174,4.271497435399464,8.070598139805453,0.9304849695214252,0.006890743052402703,27.913233604655417,73.61305945572724,5.359097556731463,83.49900596421472,83.49900596421472,7,0.2,0.036999561984364285,0.8194693877551019,0.06059961388352365,1.4360842982090584e-06,0.024163454808598748,0.005575995691434187,0.016241064050372043,0.230761525435921,2.488857142857143,3.235,1.3738910630254586,0.8165972829057048,0.7693530580702143,9.428914388020834,8.819783528645834,55.924568975539444,15.624935064935066,8.908347138693257,7.553243001302084,6.83990478515625,1.2394558514762983,1.5226893185384156,31.291790008544922,0.01898096688091755,0.07752934098243713,-1.4009021577380953e-06,1.265023418917133,0.01766135746754895,3.0895094046288305,-3.4513927641369047e-07,1.0803671380181558e-07,1.2650234104481397,0.0012337305467913066,0.008425874909921905,2733.0,-0.0024625946127751356,0.010314516638254674,-10.986261135036727,2
242,0.8787453247819628,-0.14299647637492136,-0.2703231810530027,0.011005075826162402,0.012193522469845713,0.0160717613364165,0.9437999725341797,0.1998000144958496,0.4025999903678894,26.361088314907892,4.289703148390566,8.109338860171182,0.9306683509027032,0.010023777784596939,27.918716007104283,75.30865208798379,6.740887773674484,86.41975308641976,86.41975308641976,4,0.1111111111111111,0.02971781768647637,0.8032142857142858,0.07281696293243044,1.1487949354435671e-05,0.014763920422388582,0.005386897605877296,0.0035134000610373304,0.3648690491252171,1.9123809523809525,2.3374285714285716,1.4981305054426564,0.6463987522719823,0.8181558896630403,6.89666748046875,6.916707356770834,42.374055844261534,19.34956043956044,7.38630113052359,5.200093587239583,4.87335205078125,1.412540280936162,1.1294820441651165,31.29410743713379,0.023133384063839912,0.07342855632305145,9.80922154017857e-07,1.2624501285141556,0.017045697319200498,3.0895094046288305,-1.1444091796875e-06,-1.246752941487398e-08,1.2624491509028337,0.00108133693810301,0.006668092536148088,2726.0,-0.002435831971171016,0.01117985014969587,-18.971475102510496,2
243,0.8781841339837937,-0.14030820978255498,-0.2727188002183324,0.014481800999497313,0.01735431435874826,0.01962487202510303,0.9437999725341797,0.22460001707077026,0.4025999903678894,26.344271733760834,4.209043007748468,8.181174720823766,0.9305852397425072,0.01328355630888317,27.916230115897353,86.76753599586121,29.893573887895567,264.1509433962264,264.1509433962264,4,0.1,0.09450274721281508,0.7255714285714285,0.11004627968936247,0.00010734651495210331,0.37394168053273796,0.0013944310317856657,0.09401435654400256,0.0037290066991170446,1.4114285714285715,2.1876190476190476,1.2663542400231025,0.6603409069402597,0.6451893774488463,8.00750732421875,12.864888509114584,61.41383536202567,14.096938775510205,6.764167226450614,5.628509521484375,6.142154269748264,3.251710661113498,1.5480406186423954,31.322725296020508,0.04435225576162338,0.09009678661823273,6.027948288690476e-06,1.2652270413939086,0.01794158810089974,3.0895094046288305,1.5803745814732144e-06,-1.1303244092809664e-07,1.265227417885055,0.0011225878892747534,0.008703042822089222,2734.0,-0.0024705135472064574,0.01196991134371946,-17.49180895869753,2
244,0.8781440289247604,-0.1403927049494925,-0.2717745906767391,0.01803455429386326,0.019991041355241358,0.03146705874439059,0.9961999654769897,0.25300002098083496,0.4025999903678894,26.343050724864007,4.211628862789699,8.152975434575762,0.9306816595390268,0.015974559258584105,27.919136575523154,89.23858161897947,32.27414041451836,264.1509433962264,264.1509433962264,6,0.14634146341463414,0.13327066979861482,0.7157839721254355,0.13334273075293718,7.398399999999919e-06,0.6892761271833137,0.007833898497874005,0.1698499996696283,0.011365399422560549,1.4082857142857141,2.7928571428571427,1.1683183099949206,1.2304726153567407,0.5042455242966751,15.079549153645836,12.864888509114584,53.766379656110495,10.3625,8.119718903787902,7.415018717447917,7.363179524739583,3.8049064572573488,4.136965843528059,31.360048294067383,0.04182326793670654,0.08066187798976898,5.186535063244048e-06,1.2951186756696946,0.06005595003325895,3.7933848324708643,7.102603004092262e-06,3.4278392617636765e-09,1.2951193157649148,0.0010804753360015881,0.05803484365268408,2730.0,-0.00244253026060329,0.011911470217955978,-17.49180895869753,2
245,0.8848724289167496,-0.1326820002141453,-0.24251355247270492,0.019620216575559478,0.023420808175606274,0.051234183161443424,0.9961999654769897,0.25300002098083496,0.38020002841949463,26.54489886752197,3.9803052921380315,7.275096859889371,0.928836207367683,0.015436331555618946,27.863765643240725,88.93825227108884,32.36568182231073,264.1509433962264,264.1509433962264,7,0.17073170731707318,0.13448541382102464,0.7186759581881533,0.1343303322139236,2.0642065805911646e-08,0.9278233144091441,0.006543025647778149,0.12300106246683437,0.007052016850799739,4.026190476190476,2.4771428571428573,3.35685983271687,1.6438267325149,1.6253364090734332,15.079549153645836,11.398111979166666,67.09166128976004,20.124285714285715,8.489318518677727,7.575802273220486,8.528366088867188,3.304476319847667,4.420698160692556,31.3874454498291,0.021274909377098083,0.07044952362775803,2.803257533482143e-06,1.3380396417774283,0.06813658444923563,3.7933848324708643,6.085350399925596e-06,-1.533275664941757e-08,1.33804024008428,0.001096940616637436,0.06637042130838298,2719.0,-0.00241059077636928,0.01083303736647438,-5.3070388505410016,2
246,0.889760696036475,-0.12686419074024474,-0.22404477146125976,0.017914549352341002,0.022363465639258947,0.045830207122183546,0.9961999654769897,0.25300002098083496,0.38020002841949463,26.69157288108553,3.8057358650650297,6.720985286704131,0.9277323154562793,0.014102947901289381,27.830656917922663,84.38429089586518,15.629874074122249,144.82758620689654,144.82758620689654,3,0.07317073170731707,0.09422129834185308,0.7291637630662021,0.10216763453275467,0.0004009148081632649,0.47510564931805055,0.003789326757754463,0.09841816238672288,0.007975756051719287,3.4332653061224487,1.9154761904761903,3.2983564874849325,1.1849246988522577,1.792382136198171,11.869303385416666,13.685302734375,56.523498389834444,17.002666666666666,6.957673468895564,6.019984654017857,8.302137586805555,4.454571120760418,2.8673808911865244,31.39086151123047,0.018857771530747414,0.07167576253414154,1.6828264508928572e-06,1.384729948743605,0.051677650300121,1.8888900458740767,7.066272553943453e-06,1.820254261236937e-08,1.384728761033698,0.0010051518254205949,0.049333262863515276,2703.0,-0.0024144510661787684,0.010514500986754735,-6.227301876816002,2
247,0.8955524965524674,-0.11938920992329007,-0.20182274300143832,0.015037650386506975,0.016037196817880517,0.0286793899539513,1.003000020980835,0.20880001783370972,0.3208000063896179,26.865293753658023,3.5815190119828495,6.054451432909285,0.9263507885584471,0.01343590995375369,27.789208163098092,87.00720297533776,5.9232144529608375,100.96153846153845,100.96153846153845,3,0.06976744186046512,0.030008907002989804,0.6927906976744187,0.047108064769613704,8.125990170762102e-06,0.035726535399778235,0.0025004885690444473,0.02394034823864744,0.06998967409137491,1.6116326530612244,1.9004761904761904,1.111486916408723,1.0588628221778666,0.848015177005405,14.687906901041666,14.601033528645834,86.55650424049014,14.64079365079365,8.491937408943851,7.140720912388393,8.280888310185185,4.675652809390822,4.472921319722109,31.3951416015625,0.022471174597740173,0.07449525594711304,2.7901785714285716e-07,1.4077449195708873,0.02286945529306507,1.911872713948088,1.2715657552083333e-07,-1.7780324274352218e-07,1.4077457208572344,0.000970751343974027,0.01671939761412426,2699.0,-0.002392821672740286,0.011003074456293149,-7.977412847657672,2
248,0.8942031537975583,-0.1252996481429963,-0.2083650572725705,0.013609567513938676,0.015177022342440177,0.026005287927309228,1.003000020980835,0.20880001783370972,0.3208000063896179,26.824836613876478,3.758847872870309,6.250669718171869,0.9271779796178723,0.012170070889767194,27.81404233754867,87.34172206481837,8.440132649404134,122.44897959183673,122.44897959183673,6,0.14285714285714285,0.07562778570822973,0.6927891156462586,0.06148546043254281,1.1180152269887511e-05,0.07424516674960947,0.0022058104605959723,0.09412850408349596,0.029709818930503982,1.6436734693877553,1.8895714285714287,1.1393302357477963,0.9230002211068346,0.8698657507911307,14.687906901041666,14.601033528645834,86.55015367780413,16.263533834586468,8.564741957890277,7.073887416294643,7.903676350911459,4.226487876835518,4.517003505837666,31.39109992980957,0.024429932236671448,0.08634024858474731,-1.3950892857142858e-07,1.4188869743879384,0.019217864752276995,1.9294332751745338,2.7611142113095237e-06,1.0242527754883903e-07,1.4188866595653526,0.0009132027993364589,0.011222860780417896,2711.0,-0.0024320610500132432,0.011144231388278565,-7.977412847657672,2
249,0.8961498772530329,-0.1252097718744051,-0.1986252097232001,0.015903028853260594,0.01723316629700509,0.02552146195894122,1.003000020980835,0.20880001783370972,0.3208000063896179,26.88322846038001,3.756137584831033,5.958466720283031,0.9269297723553577,0.014713731686634797,27.806582562303955,85.38303148982966,8.384252580165487,122.44897959183673,122.44897959183673,6,0.14634146341463414,0.07731165395161776,0.7085714285714285,0.06077482122534483,9.19720143273638e-05,0.08047887440777848,0.002019171380171692,0.14644526916526354,0.02508945850734381,1.3158928571428572,1.6954285714285713,0.8101062658625694,0.5258651957314086,0.7761417256488036,13.756306966145834,14.601033528645834,90.0026867821103,14.886571428571429,8.304753524460603,7.758814493815104,8.141652425130207,3.333014936517459,4.241554915071943,31.401248931884766,0.02451339364051819,0.08634024858474731,-2.804710751488095e-07,1.4239897790860405,0.017791791203237407,1.9294332751745338,-1.598539806547619e-06,9.525575421212434e-08,1.423988671662245,0.0008931729917798439,0.008585053158374299,2710.0,-0.00243472249205581,0.011128228808543625,-4.662350238723233,2
250,0.8944011345988229,-0.12914450520844686,-0.20418397149301712,0.020471222858148747,0.023350692953491025,0.03520722592882759,1.0631999969482422,0.23659998178482056,0.31279999017715454,26.830755895035608,3.8741488705362594,6.125182287650449,0.9274668226660062,0.018219617174896542,27.8226698197558,81.94608729571117,7.2779957595301195,101.94174757281554,101.94174757281554,5,0.125,0.045057669889907774,0.7376785714285715,0.06232623804610376,2.719303223656819e-05,0.04884817274670054,0.0028556114913021527,0.05663616724822748,0.05845892140346305,1.2905357142857143,1.52625,0.8715845696143294,0.3737366047698539,0.8455598455598455,17.8753662109375,11.40533447265625,95.11982538132442,13.46420634920635,7.724929245832069,8.152453104654947,7.04132080078125,2.7150473177202223,5.222927684043618,31.383731842041016,0.04673345386981964,0.0924595445394516,-6.166003999255953e-06,1.4192180925082902,0.02044877737427034,1.6757732400728704,-3.4513927641369047e-07,5.68909147185136e-08,1.4192176241359045,0.0008763566457534868,0.013204200595708924,2721.0,-0.0024759257999433064,0.010814661059665703,-4.26780992296179,2
251,0.8914645538159779,-0.12783813376653763,-0.21777671430508297,0.025292904156700866,0.023635589238397755,0.0424305086123881,1.0631999969482422,0.23659998178482056,0.35920000076293945,26.742661757384028,3.8349778701577866,6.532998714872769,0.9278766003509156,0.02284887547361824,27.834976944454986,84.31986541706078,24.490745985915634,223.40425531914894,223.40425531914894,9,0.225,0.11264527802081734,0.7420357142857144,0.11618593802124916,0.00041223915635152033,0.5088566545836694,0.017298774720461454,0.09516500009606499,0.033995378786221775,1.8542857142857143,2.317551020408163,1.305021176881373,1.5945330643988096,0.8001056710109195,17.8753662109375,19.81536865234375,94.39741821289063,13.613125,8.429980015753754,8.358730740017362,9.593389601934524,6.5171228525285425,5.470483635261521,31.327844619750977,0.09442483633756638,0.11987830698490143,-1.036435081845238e-05,1.4239430785162108,0.02371255977715226,1.836547173148798,1.9800095331101192e-06,-2.0100226088629624e-07,1.4239429822155354,0.0008919513930285798,0.017883861030889722,2724.0,-0.002501350091494899,0.010743098561196455,-4.26780992296179,2
252,0.8876496494554338,-0.1335943436509087,-0.234451818945862,0.022657522339732974,0.019746678896373795,0.03646272115318284,1.0631999969482422,0.23659998178482056,0.35920000076293945,26.62820791218962,4.007664452408041,7.03326171121427,0.9287327815498043,0.0206215759719071,27.860657191552132,79.46529495197194,27.081929213000855,223.40425531914894,223.40425531914894,10,0.2702702702702703,0.11730268809759065,0.7999999999999999,0.14695624857806827,0.00014306112719700105,0.4894512477134128,0.022743954727703342,0.05892065751140116,0.046468274080323835,2.1785714285714284,2.6269047619047616,1.093361094956746,1.7170532059368868,0.8293301912444485,17.8753662109375,19.81536865234375,81.35333833240327,14.112571428571428,9.396099294876766,6.669151669456845,8.937174479166666,7.513141053780719,4.858339714132077,31.232561111450195,0.10289514064788818,0.13995219767093658,-1.6103108723958332e-05,1.4354357599763665,0.03042407438516014,1.9328796537846111,6.721133277529762e-07,2.1361313631302065e-08,1.4354364656094223,0.0009001450532726091,0.02613141125873193,2725.0,-0.002489265706004327,0.010083373067286797,-9.575431949518144,2
253,0.8846701920883996,-0.1324563628633817,-0.2491542762007032,0.016993647992158127,0.011454171333748755,0.023985670468778197,0.972599983215332,0.2077999711036682,0.35920000076293945,26.53884433414255,3.9735040287886347,7.474258714616298,0.9289774951241293,0.016124460784083382,27.86799687466324,75.08683604488249,27.53166024482912,223.40425531914894,223.40425531914894,10,0.29411764705882354,0.12088393263816341,0.844873949579832,0.13578331621090842,5.137086214077345e-05,0.5573357026346764,0.024192878135217148,0.14412832715950905,0.043408089632246565,1.8006122448979591,1.600612244897959,0.7654910796908178,0.6873432425127237,1.1249521866632668,9.1015625,11.11785888671875,69.20238276890346,16.660982142857144,7.951841602876163,5.97718738374256,5.702354794456845,3.2441921386690677,2.2503959447747923,31.1336669921875,0.06946846842765808,0.13018779456615448,-1.1609758649553572e-05,1.4729637457333227,0.05279625016339661,1.8852802803273487,4.5413062686011904e-06,-3.4503023897778895e-08,1.472964213477072,0.0008951533059528511,0.050515130738784865,2719.0,-0.0024469093245373733,0.009754092211380485,-8.060170710889242,2
254,0.8829004873491468,-0.13287281078667867,-0.2561571618205025,0.01123644406539488,0.007855245983611094,0.02068410421123149,0.937000036239624,0.17299997806549072,0.3962000012397766,26.485750334773744,3.985995609334537,7.684349426031113,0.9291420562291725,0.009786727624328733,27.872931712856897,70.99336656622589,6.017036797946142,85.19269776876267,85.19269776876267,8,0.23529411764705882,0.045739981955492795,0.8512184873949579,0.0719144252300984,0.00025704596418159087,0.06277749500330047,0.004987424953060473,0.0027914561098663733,0.07944606507153978,1.9222448979591837,1.79,0.7422925079981861,1.1147915518524676,1.0738798312621138,13.879394531250002,17.901204427083336,76.8716318766276,16.2381512605042,7.889865926444145,8.302336193266369,8.512624104817709,5.4947818742645245,2.77799930246381,31.079736709594727,0.04226104915142059,0.10449595749378204,-5.731491815476191e-06,1.4977180811911672,0.04835370610562426,1.779441489737852,2.9972621372767857e-06,2.136484512375883e-07,1.4977167807746496,0.0008741086366157552,0.04585301352909819,2710.0,-0.0024392999108022386,0.009679321749197799,-7.065325741129712,2
255,0.8792253154970351,-0.1307892583012581,-0.2706937998561632,0.010688541485735751,0.007962820658372017,0.01942163055731421,0.937000036239624,0.17299997806549072,0.3962000012397766,26.375487179160118,3.923480463325977,8.120446852828776,0.9294550345638553,0.009290245839580715,27.882311933321038,73.4507892535097,4.323760547354181,85.19269776876267,85.19269776876267,8,0.22857142857142856,0.04500566857720962,0.8197142857142857,0.04845941465602598,2.7329423406913916e-05,0.1019308116289994,0.0012148209484507608,0.0264440077756855,0.011918093548321587,1.6544444444444444,1.9167857142857143,0.665200579930167,1.098633601714569,0.8631347949402728,13.879394531250002,17.901204427083336,82.43324708484468,15.553082706766917,8.627885812316185,7.495444968894676,8.892275492350262,5.313797307359319,2.901398233141089,31.061765670776367,0.023926813155412674,0.08611983805894852,1.380557105654762e-07,1.5177405281842513,0.04037321018762824,2.370512687359005,2.7792794363839284e-06,-4.013732845953514e-08,1.51774085501186,0.000884632863990059,0.03733006194756429,2698.0,-0.0024179691394438808,0.00966980684068467,-5.824864644426263,2
256,0.8769518962757928,-0.12955796295120603,-0.279071380728767,0.010403649401138838,0.007651248138466717,0.017219963456912398,0.937000036239624,0.1812000274658203,0.3962000012397766,26.307312602571077,3.8865527456998823,8.371742421856949,0.9295645155411502,0.00915673494089907,27.885615577018065,74.24969439337605,3.731844747024956,85.19269776876267,85.19269776876267,4,0.1111111111111111,0.031063745238164284,0.8100793650793652,0.03980813457994733,3.493051228654728e-07,0.03072044469071132,0.0007533870095534486,0.011150477253919907,0.024523961717951428,1.563015873015873,1.2666071428571428,0.6869345770353478,0.39276683215207403,1.2340178893118412,9.050496419270832,9.377339680989584,66.19898572649275,15.099214285714286,7.781929020532907,5.534679271556713,4.856478373209636,1.7660494836990324,1.7908491656944414,31.072162628173828,0.024335870519280434,0.08611983805894852,3.3540271577380953e-06,1.5099530855557288,0.02241005811374734,2.0349090840613457,1.5440441313244048e-06,1.1481134311646565e-07,1.5099530616005736,0.0008866811862123586,0.016317945548843273,2693.0,-0.0024565785767084007,0.00960416871770093,-6.768860084317589,2
257,0.8754568958509537,-0.12853894339856647,-0.28474006658508666,0.01037065712559866,0.010058761679780393,0.01631186767072354,0.920199990272522,0.19019997119903564,0.3984000086784363,26.26245758976255,3.8559794448103224,8.541806854690824,0.9297347994347943,0.009589105510117171,27.89072014957185,75.89084399688723,5.134102966055541,86.95652173913044,86.95652173913044,3,0.08108108108108109,0.028331332462363478,0.7941698841698841,0.05276301582322692,1.522592253227819e-05,0.019788770453511725,0.0015650204486406625,0.008558162310099707,0.07908629049577626,1.183857142857143,1.3564285714285713,0.26463301504736936,0.559404293213152,0.8727751448130596,6.621297200520834,7.228190104166667,50.5988539196196,14.461558441558443,8.096019715489678,4.849466959635416,4.759857177734374,1.1957444281587517,0.9449181158747884,31.07113265991211,0.025631045922636986,0.08611983805894852,-4.199800037202381e-07,1.50731549331798,0.022519582583997805,2.0349090840613457,-1.998174758184524e-06,-1.875507569612151e-07,1.5073151960942153,0.0009124023377968982,0.01644921353693869,2682.0,-0.002425116451857947,0.009555438051251856,-6.768860084317589,2
258,0.8747112288872401,-0.12647526674043563,-0.2873460759889512,0.01118662454993895,0.010809147759205122,0.01763786232993101,0.9378000497817993,0.19019997119903564,0.3984000086784363,26.240075438022615,3.7940764307975767,8.619983708219868,0.9295868899846472,0.010236250538194085,27.886271306022444,77.40004206171113,4.535279549916272,86.95652173913044,86.95652173913044,2,0.05405405405405406,0.02520550456383407,0.7778764478764478,0.04591368388101554,1.6367804081632587e-05,0.016320945701972747,0.0013598593595872102,0.0035881957468135942,0.0833198874880664,1.1095238095238096,1.5691071428571428,0.280710145775038,0.6876059983221288,0.7071051932779485,6.812845865885416,7.228190104166667,49.40777864002047,13.839428571428572,7.991205400632751,5.3211805555555545,5.206540425618489,1.298843780399226,1.0577176639918346,31.064624786376953,0.02740759216248989,0.07212759554386139,1.049223400297619e-06,1.4961311700349649,0.020443891542424434,1.7636498032483066,2.1798270089285714e-07,-6.602314571356616e-08,1.4961312987155162,0.0009057843318665846,0.013626259598845392,2690.0,-0.0024551247013256065,0.00956569124228151,-11.489277413366972,2
259,0.8732344378914152,-0.1251122666881198,-0.2925151615455037,0.01055914125584415,0.009419592559748386,0.01776438042741359,0.9378000497817993,0.19019997119903564,0.3984000086784363,26.195781136666024,3.753185572070735,8.77502627491951,0.9296143827281775,0.009459352742078481,27.887095559371375,78.68626708729542,3.860845864004968,86.95652173913044,86.95652173913044,1,0.02631578947368421,0.02787372044112529,0.764360902255639,0.03754402695620424,4.3851424573094466e-05,0.023198355072206037,0.0009431892874098598,0.014784364544141846,0.0406575933713462,1.3414285714285714,2.3326785714285716,0.604979820399308,1.2466392448851251,0.5750593278726173,13.650614420572918,17.596028645833336,68.49933268229168,12.413529411764705,8.531933266402184,7.3440261114211305,7.1632130940755205,4.1454564477367875,3.2033362425630636,31.06451416015625,0.02771473489701748,0.07294290512800217,-9.08261253720238e-07,1.4978033265331394,0.03441121441109482,2.0874856185326323,1.7801920572916667e-06,1.0511067979157327e-07,1.49780314825076,0.0009232641895926548,0.03079126752793664,2686.0,-0.0024500612043027712,0.009549013203050375,-10.845306779779895,2
260,0.870394170596486,-0.12461710475456148,-0.30199279002348584,0.007266323819197887,0.005673925721323423,0.013940287421085275,0.9378000497817993,0.14639997482299805,0.350600004196167,26.110577832119805,3.7383291426301004,9.059364843581404,0.929814120250902,0.0063329710471043835,27.893094798975586,76.36724297764663,3.417516419147397,84.50704225352113,84.50704225352113,2,0.05405405405405406,0.03472600886381815,0.7872586872586872,0.03541165740600553,3.319832736359841e-06,0.02828032442471529,0.001255462036506177,0.014527065949679726,0.04439348069886282,1.6447619047619046,2.4910714285714284,0.6180024143375041,1.1429943556023257,0.6602628434886499,13.650614420572918,17.596028645833336,70.46261734735397,15.78875,8.893130745575945,7.836252848307292,7.275263468424479,4.0362149697658944,3.1545473834907165,31.06938362121582,0.02410166896879673,0.06965863704681396,3.2145182291666667e-06,1.5460385486549562,0.10617098508344797,3.5268765855235555,1.560392833891369e-05,2.0988520579823794e-08,1.546037590711156,0.0009199760231888908,0.10506670777840238,2684.0,-0.002448581172241426,0.009405917718714416,-9.238603817962176,2
261,0.8684327987829844,-0.12680776238157634,-0.3081190377615747,0.005574151188787423,0.004954571626149394,0.011239690409874084,0.8890000581741333,0.14639997482299805,0.35100001096725464,26.051729392068726,3.804055157176086,9.24314870425633,0.9302412687721036,0.005119325017967778,27.90590236837998,75.22116566913151,3.498574234003139,84.50704225352113,84.50704225352113,2,0.05405405405405406,0.03571111097000509,0.7993436293436293,0.036528320688343864,1.3470398000832916e-05,0.05489817943162815,0.000693025285112203,0.015928347246897012,0.012623830011982778,1.3471428571428572,2.4106122448979592,0.4295295412683014,0.888811850518802,0.5588384693532001,10.272928873697916,17.596028645833336,74.8951916649228,15.41,8.225321887504538,7.153494698660714,8.451538085937502,4.257974220899888,1.8836110624716924,31.07676124572754,0.019606249406933784,0.059804562479257584,-2.3062569754464284e-06,1.6232013316399927,0.12105788242629424,2.779320170668268,1.3024466378348214e-05,-5.4944361735377446e-08,1.623201739508363,0.0009249335580836247,0.12008898538321701,2673.0,-0.0024780292328434508,0.009383542934214862,-8.94164216330366,2
262,0.866944246218318,-0.12788970559835433,-0.31279882842586154,0.005266152522029464,0.004555991011402729,0.009789666092589987,0.8890000581741333,0.14639997482299805,0.35100001096725464,26.007077957987786,3.8365060251099723,9.383516567093986,0.9305427731380457,0.00506796338919996,27.91494291933502,74.02712849827823,2.617931231467058,78.79924953095684,78.79924953095684,3,0.08333333333333333,0.03445536259658004,0.811547619047619,0.02926610841982268,3.0813827571846033e-07,0.046730626895140216,0.0010782140114953852,0.008632853695875539,0.023072962704198494,1.0614285714285714,2.0230357142857143,0.22279506664950194,0.846677009200181,0.5246711978109276,8.9434814453125,10.99273681640625,56.187923540387835,15.75639097744361,8.568289555147068,6.164256908275463,6.211649576822916,2.0900660678325456,1.5788850964714154,31.07406997680664,0.017604900524020195,0.05530752241611481,-6.975446428571429e-08,1.7229106266052063,0.1016541799038702,2.7050360173874215,1.4059884207589285e-05,-5.2174764368462416e-08,1.72291139588832,0.000921376940518611,0.10053460904536096,2679.0,-0.0024908895997977033,0.009318429692420728,-8.94164216330366,2
263,0.8661994368405569,-0.13034333445344654,-0.31447318068856284,0.008059851706829331,0.00571189921362072,0.012434527556728924,0.9221999645233154,0.15780001878738403,0.4261999726295471,25.984757105197225,3.9101097479036877,9.433718563531126,0.9307997271476754,0.006950036780991669,27.92266218288212,72.80685336801363,2.725691292190311,78.79924953095684,78.79924953095684,3,0.08571428571428572,0.03192315202253721,0.8252653061224489,0.03121032091491256,4.264889629316978e-11,0.02892299607904579,0.0013907417569956444,0.002364250548431655,0.048084290894165445,1.1185714285714285,1.8834920634920633,0.2982055174074499,1.0744898301341566,0.593881678745997,8.131103515625,7.732747395833334,50.39080650692895,15.973357142857143,8.40814696364454,5.4433412905092595,5.131677698206019,1.6849959569022006,1.531170974499537,31.079139709472656,0.01619243063032627,0.0733792707324028,-2.0955403645833334e-06,1.7820631559164966,0.0663920990224123,2.7050360173874215,-2.1253313337053572e-06,3.5648897086688714e-09,1.7820634936022808,0.0009265203655059951,0.06469492750361609,2688.0,-0.002526379853145014,0.00933713512556654,-5.906430580194769,2
264,0.8689619231791723,-0.13597085799773534,-0.3001437141866911,0.0176390735689107,0.027751932141270152,0.04562271029581725,0.9916000366210938,0.3109999895095825,0.44419997930526733,26.067608409694262,4.0801191691415655,9.003913425632886,0.93094184185101,0.013385543149103068,27.926929933784127,74.59381300483781,5.558132936120522,87.5,87.5,6,0.16666666666666666,0.03362110957042251,0.8086507936507936,0.05778797005862987,8.395047130362352e-05,0.04166942727005771,0.0007153356798060092,0.005840864487763936,0.017166918930033533,0.9576623376623377,1.525,0.30722002819543753,0.8769788701989975,0.6279753033851395,6.350301106770834,7.732747395833334,47.4291988554455,15.733167701863355,8.5387259995811,4.366353352864583,4.631907145182292,1.7928666821557286,1.1980564074562607,31.082923889160156,0.020981857553124428,0.0831759124994278,3.5661969866071428e-06,1.8311614757730565,0.06328548637949759,1.7066474047074631,3.069923037574405e-06,1.5369929922489607e-07,1.8311611556496619,0.0009137990047748416,0.06155831232477271,2706.0,-0.002509694071952675,0.00963972968816064,-10.078614859337861,2
265,0.8740739526521591,-0.13995460960694722,-0.2815380953323273,0.01850920750203504,0.027426534427576407,0.04733202189451058,0.9916000366210938,0.3109999895095825,0.44419997930526733,26.220969151003022,4.199621431699821,8.445739717100349,0.9305938429671406,0.013656202249827113,27.916486343986108,74.85563861541786,6.450351576173561,92.9203539823009,92.9203539823009,6,0.16666666666666666,0.03788812748185945,0.8071031746031746,0.0647404429696638,1.3614593919200402e-07,0.05756105599184396,0.0018721393147604767,0.003863427080308887,0.03252440877779843,0.9893506493506493,1.288857142857143,0.38296924295882306,0.45897881325874745,0.7676185485983756,8.406575520833334,7.663981119791666,50.50386875697544,15.899006211180122,7.424218354703142,4.379374186197918,4.166585286458334,1.7341315346312431,1.5899603680942604,31.11220932006836,0.04626234248280525,0.10277807712554932,6.154378255208333e-06,1.8372385985828241,0.05196847417280911,1.476914962960614,-3.6875406901041667e-06,-3.1299337181415035e-08,1.83723922938148,0.0009156528828589706,0.049829094259922144,2703.0,-0.0024979235666047154,0.009747082965413153,-10.475158208829622,2
266,0.8794076106434777,-0.14382420965319587,-0.26238640029089794,0.016785684908130007,0.027062623615728722,0.04001882835758212,0.9916000366210938,0.3109999895095825,0.44419997930526733,26.38099874785968,4.315709575968129,7.871156580150127,0.9302331273022373,0.013105430365589942,27.90567194845916,75.06649750754069,6.590773619689929,92.9203539823009,92.9203539823009,7,0.19444444444444445,0.04265257298812451,0.8051984126984126,0.06763845527805251,4.029399483548506e-05,0.07080015189747486,0.0028272600929833912,0.004567754557889711,0.039932966486816636,1.0524285714285715,1.4501298701298702,0.37803036807070606,0.5439239192083725,0.7257478058391547,9.22119140625,8.317769368489584,55.9713385445731,14.370062111801243,8.528719689070579,5.316965738932291,5.2165268406723495,1.8404785930263428,2.08204483253342,31.162033081054688,0.06221698597073555,0.097324438393116,9.371802920386905e-06,1.832152087315736,0.05892025432017397,1.5457750520814866,8.46499488467262e-06,-1.2361077588596024e-07,1.8321530747322547,0.0009218888429696121,0.05705409546288715,2701.0,-0.002508216219614542,0.009912298942363082,-8.887786985517527,2
267,0.879367238737288,-0.14215955252306803,-0.2666283049441519,0.008888388429811033,0.006321070481027024,0.017868477930771128,0.9373999834060669,0.17979997396469116,0.3497999906539917,26.379770590748105,4.264589147099427,7.998458005487919,0.9300372202225713,0.007466111473410558,27.89979508311754,72.3747080307904,3.386653008547446,81.39534883720931,81.39534883720931,5,0.14285714285714285,0.04118007187132789,0.8308571428571428,0.03942324720041556,5.7190634568929744e-05,0.0684901846223868,0.003810823761771426,0.018133437457370064,0.05564043640387289,0.9974603174603174,1.8357142857142856,0.23311824661750885,0.7045357423473262,0.5433635970600951,9.22119140625,9.401753743489582,58.46639302571615,13.89170068027211,8.725402350863837,5.790834780092593,6.016286214192709,1.7918948056979291,1.753650748898779,31.225589752197266,0.050597041845321655,0.09928294271230698,8.957635788690476e-06,1.8550365472156647,0.06753227351135772,1.5634374643084108,4.523141043526786e-06,-2.0144739470825463e-08,1.8550358718894722,0.0009914854294215865,0.065877399682131,2715.0,-0.0024906302127354054,0.009685195907823116,-7.789295335234466,2
268,0.8765334285724731,-0.14210097166753952,-0.277008999977793,0.00888414546724228,0.0060566568785611835,0.019588387153114926,0.9229999780654907,0.17339998483657837,0.3497999906539917,26.29474871431078,4.262819864281586,8.30988357075623,0.930420878901981,0.007336741124217822,27.911297143466445,72.85249423918621,3.1092758755768797,77.63401109057301,77.63401109057301,4,0.1111111111111111,0.035216945298415694,0.8251587301587302,0.037034759945117665,1.7251307955018716e-05,0.03939500772289485,0.0005466879587267382,0.0044680868568886725,0.013877087233289825,0.8298701298701299,1.6766233766233767,0.22245506064312073,0.7096881315441641,0.4949651432997676,8.194376627604166,9.401753743489582,57.96941804431733,16.349464285714287,8.6133249761624,5.455257531368371,5.993300929214016,1.7504268565565764,1.519748813490839,31.268951416015625,0.036345645785331726,0.10334596782922745,4.199800037202381e-06,1.8820856952717189,0.06324809695214094,1.5634374643084108,5.776541573660714e-06,-5.3682966442104205e-09,1.882085187212576,0.0010217182354241927,0.06151902248861207,2711.0,-0.002479068960815854,0.00968752734382553,-7.942318269944861,2
269,0.8738160565694173,-0.14132394264709383,-0.2870290666705086,0.007289233966027839,0.004809884309481322,0.01358731727715919,0.909000039100647,0.16119998693466187,0.3361999988555908,26.213228125657356,4.239511850859437,8.61048757152898,0.930659825056406,0.0067687320261314516,27.918467263918355,74.71473090425387,3.039213556089168,81.39534883720931,81.39534883720931,2,0.05405405405405406,0.025730814793394577,0.8043629343629345,0.0322102612797448,0.00012890126713869236,0.028639905438809694,0.0006471760286147771,0.0056289682025197595,0.022597002982342053,0.7526190476190476,1.52987012987013,0.11339509121658724,0.45940126176563445,0.4919496321448783,8.29681396484375,9.401753743489582,57.97857498895554,15.286685714285715,7.782185902667289,5.504947238498263,5.4828065814393945,1.859919665868945,2.074680436046739,31.287893295288086,0.01968962512910366,0.08408761024475098,1.4009021577380953e-06,1.979743525571048,0.13435545892107162,2.301924161237348,1.574925013950893e-05,5.633524255039925e-08,1.97974381615404,0.001002530095061593,0.13357417132578867,2709.0,-0.0024858326419445057,0.009549059485026181,-7.942318269944861,2
270,0.8737332665239061,-0.1417734186564173,-0.2874206476069632,0.006113524383773572,0.0042881655008137325,0.012533886105781744,0.8999999761581421,0.15759998559951782,0.3361999988555908,26.21075142434665,4.253003702546869,8.622225713942733,0.9307527385720235,0.005688007051156323,27.921259597009644,76.37400850321927,4.5693748396124905,89.55223880597015,89.55223880597015,4,0.10810810810810811,0.02835033503503336,0.7882625482625484,0.044486572941791834,8.946203082049141e-06,0.018472315723724025,0.00390025154660519,0.01186181512228606,0.21114036837276934,0.8920779220779221,1.5253246753246754,0.26945376177593044,0.638438520382065,0.5848446147296722,10.294087727864584,11.5362548828125,69.96566888718377,13.045,8.641786100500447,5.931183786103219,5.3055364435369325,2.5577377719412953,2.5273227528395164,31.289772033691406,0.01778263784945011,0.08162922412157059,-1.6116187686011904e-06,2.100268250834084,0.18973750699262426,2.354793747222626,1.7456781296502975e-05,4.129743703939161e-08,2.100267969131474,0.0009309912846484828,0.18920864193245202,2693.0,-0.0025222579965500157,0.009538948035908724,-10.606468389585164,2
271,0.8746768284638723,-0.14254048536505018,-0.28389125698237194,0.006366132355330631,0.004054378436853714,0.012434850765404078,0.9057999849319458,0.16140002012252808,0.34039998054504395,26.239061282532557,4.276014703810215,8.51632099517754,0.9306722043960913,0.005694656662708067,27.918839452192433,74.95455261103513,5.650720625764811,89.55223880597015,89.55223880597015,5,0.1388888888888889,0.0323564332940175,0.8048412698412698,0.05800664378417404,1.6900488796334897e-05,0.012634024966615472,0.007666046877453968,0.0012978114667009854,0.6067778793940143,0.9973015873015872,1.7112857142857145,0.2572173123640658,0.6829391612429204,0.5827791227240262,10.294087727864584,12.760925292968752,67.21068362281436,14.088231292517007,8.819604630131064,5.945366753472222,5.901407877604167,3.400809729448318,2.6380593136771058,31.281944274902344,0.01671210117638111,0.07961542904376984,-1.751127697172619e-06,2.260010138357669,0.1595822798243863,2.826583055929386,2.423241024925595e-05,-2.258796498713909e-08,2.260009979469803,0.0008718013197893424,0.15895847461069287,2709.0,-0.0025727207686445735,0.009479881477504157,-9.152431754050522,2
272,0.8763162197044918,-0.14345984782775242,-0.2780677520973342,0.006302026238569082,0.004486420889845964,0.012159325772362872,0.9057999849319458,0.16140002012252808,0.34039998054504395,26.28823673393045,4.303587863402707,8.341631848641804,0.9305957812233665,0.005630656446697265,27.91654458444817,72.88861878520812,5.540059473926409,89.55223880597015,89.55223880597015,5,0.14285714285714285,0.033736853292920525,0.8274693877551021,0.05674359055189726,2.495920033319438e-05,0.02344171757780725,0.004900181297887448,0.013061274952020387,0.2090367858764133,1.1028571428571428,1.7758928571428572,0.20520522330942112,0.7026115415479072,0.621015585721468,10.294087727864584,12.760925292968752,68.03859049479165,15.319920634920637,7.4735724483739014,6.419512430826824,6.10467274983724,3.4334665831952096,2.3518777470532037,31.275760650634766,0.01774699054658413,0.07961542904376984,-1.2613932291666667e-06,2.359644668816691,0.07736121346637098,1.3847717282039613,1.4350527808779762e-06,-1.7658497298218668e-07,2.359644533434403,0.0009665676815808568,0.07607376631553468,2717.0,-0.002590476793934292,0.009377228021946977,-11.658756496515906,2
273,0.87589022900377,-0.1446414957983153,-0.2790597235730716,0.006614054453368802,0.004777858064883821,0.012579693021686243,0.9057999849319458,0.1656000018119812,0.3447999954223633,26.275446870071548,4.339047159637723,8.371412992903165,0.9306810611327095,0.006063799233463073,27.919101328213937,71.81444532803069,4.118126072717738,84.16833667334669,84.16833667334669,7,0.2,0.04336048953622558,0.8380816326530612,0.04538779180735558,9.660081632652569e-07,0.05921736857664533,0.0015011216095765821,0.025351188117005645,0.025349346748389758,1.235,1.9355357142857144,0.5909413970047094,0.7669477796327945,0.6380662422732725,10.51025390625,8.69171142578125,59.07050788516089,13.139761904761906,8.508731173279498,6.346728006998699,5.525639851888021,2.038009581063146,2.583501129818746,31.26849365234375,0.01664598099887371,0.07717014849185944,-9.794689360119047e-07,2.4013494946866834,0.08331762482908515,1.9655611622865852,2.1071661086309523e-05,9.285547215115651e-09,2.401349679770325,0.0009877072277235976,0.0821127397807633,2711.0,-0.00260336767701352,0.00939192062529476,-11.658756496515906,2
274,0.8767040865364529,-0.14210762933606194,-0.27545463801849457,0.01965108951106299,0.017145716747249986,0.02793297924522103,1.145400047302246,0.22060000896453857,0.3895999789237976,26.299909596102577,4.263026308630194,8.263211426266603,0.930510895716407,0.017022234737085036,27.9140245748042,73.29721083563453,5.491135996532151,87.68267223382045,87.68267223382045,12,0.3333333333333333,0.05164467069951949,0.8228968253968253,0.057733540430170795,0.00011359209396084952,0.07908175396917103,0.0019902722233935454,0.02615141971235636,0.025167274668306254,1.4139285714285714,1.8608928571428571,0.5424343983659335,0.5517226905755449,0.7598119182420113,10.51025390625,11.29425048828125,72.32386089506605,15.491353383458648,9.227254538059317,7.114969889322917,6.937650044759115,2.512819612986865,2.1029070264560317,31.266321182250977,0.016463520005345345,0.06367846578359604,-1.049223400297619e-06,2.49468211837964,0.13669869696802908,1.8551368456038417,5.213419596354167e-06,-1.018130780706508e-07,2.4946826652782415,0.0009926362438671301,0.13598924468595452,2697.0,-0.0026383260778969604,0.009502906425599604,-7.324338063361053,2
275,0.8778836480946768,-0.13890947671731313,-0.2714092571706999,0.020260004155603025,0.017724309488219347,0.029911352776339235,1.145400047302246,0.22060000896453857,0.3895999789237976,26.335256157176836,4.167081301510334,8.141889572271278,0.9300269089949523,0.0175437646265485,27.89947959483292,77.28487865548608,7.0451608882464,89.55223880597015,89.55223880597015,12,0.32432432432432434,0.048503103203899875,0.7827799227799229,0.07076911485077247,2.2634291711786817e-05,0.09844929672033224,0.0005666905425075835,0.031846622072549964,0.005756166487581904,1.3806349206349207,2.1582142857142856,0.5155342477417075,1.165670462674173,0.6397116958096605,10.754597981770834,14.118448893229168,78.08556889125279,15.418496240601504,8.57779283118402,7.545652036313658,8.030039469401041,4.193100254119071,1.9477250159088781,31.229036331176758,0.058413904160261154,0.10588925331830978,-7.835751488095238e-06,2.5465203503144194,0.12055491107423005,1.8551368456038417,7.611229306175595e-06,9.309854111978078e-08,2.546520363363617,0.0008950702944798505,0.11974605795112223,2700.0,-0.00264439660704401,0.00960606344601837,-4.371942992002059,2
276,0.8778662386054085,-0.13376981013729458,-0.2727822190352849,0.020369353548018453,0.017568823796515726,0.03070939057095691,1.145400047302246,0.22060000896453857,0.3895999789237976,26.334725586686815,4.012907304125172,8.183067713890757,0.9296817461917869,0.017667077001485846,27.889116080249483,78.12176507205048,6.175518783127691,89.55223880597015,89.55223880597015,11,0.2894736842105263,0.047797029034825834,0.7728571428571429,0.06129115597061963,2.045254477301094e-05,0.07799307698546509,0.0012960066404603685,0.030251501675861627,0.01661694461294166,1.2207142857142856,1.8384285714285715,0.5568633914477534,1.060914016789489,0.6639987567021524,10.754597981770834,14.118448893229168,69.85176188151043,16.214155844155844,8.717026095719179,6.509592692057292,6.841796875000002,4.039493569966557,2.066451867343609,31.166175842285156,0.08383394032716751,0.10672388970851898,-1.035127185639881e-05,2.629716007728008,0.09257540296764465,1.549761760563597,-4.8319498697916664e-06,2.6535054648471633e-09,2.6297158104406533,0.0008778784055912533,0.09155384991388285,2719.0,-0.002632916004883324,0.009660462111723724,-4.405055582347282,2
277,0.8757567145540601,-0.13056469569887433,-0.2819203331725938,0.00887925132626222,0.008439727963067764,0.02112218483872096,0.9223999977111816,0.17059999704360962,0.3361999988555908,26.27148186513356,3.9167500138282776,8.457180852293968,0.9295241355979832,0.00755878634411752,27.884416838124828,77.97264059082323,5.162781136777917,89.55223880597015,89.55223880597015,9,0.24324324324324326,0.042276489770339105,0.7728571428571428,0.05087323505763028,0.00010499138958767165,0.061821514889043874,0.001084615054556253,0.013181076142567692,0.017544297588030645,1.0365079365079364,1.4731746031746031,0.49022143689688613,0.5463404443003989,0.7035879754336817,10.657246907552084,12.053934733072918,63.09832523890904,14.779387755102041,7.311999982608147,5.314850983796297,5.290493435329861,3.2180462501477365,2.512647646665106,31.095840454101562,0.04949801042675972,0.09571471810340881,-7.344563802083333e-06,2.6466824646126876,0.10105146250284852,1.549761760563597,5.467732747395833e-06,7.445613216649501e-08,2.646682245683961,0.0008784770921782908,0.10010886019576881,2725.0,-0.002624240706497235,0.009569303194463637,-9.488615588855868,2
278,0.8729740379481089,-0.12691933361121585,-0.29293876161461785,0.007911972466205572,0.006619059459927824,0.013491553991334523,0.9127999544143677,0.15679997205734253,0.3483999967575073,26.187974138430185,3.8073980083635877,8.787767705619336,0.9296459197374783,0.007225194325852887,27.888056782071278,74.70168332091406,4.0848781163919865,84.50704225352113,84.50704225352113,8,0.21621621621621623,0.041336789410041985,0.8055984555984557,0.04402323307089294,1.261724947938346e-06,0.0382243617486978,0.0012599911316841118,0.025950610722738472,0.032963039120647616,1.143968253968254,1.6342857142857143,0.7662204491985104,0.5992199010346021,0.699980574980575,10.657246907552084,12.053934733072918,60.50003633045016,13.092585034013604,8.672222454318787,4.855911820023149,5.092508951822917,2.665861933527968,2.504341322775012,31.070104598999023,0.021738020703196526,0.07209576666355133,2.0926339285714285e-07,2.667701898838848,0.08468960835133547,1.4824289455644508,8.28334263392857e-06,-1.4212997974479154e-07,2.667702889361481,0.0008763084356895219,0.08357691938541653,2711.0,-0.0026281184340924244,0.009573082925494348,-9.099717523645909,2
279,0.8731214092061633,-0.1276749336719513,-0.29218811404421213,0.0076889761416454,0.006929689663610533,0.013420736491335369,0.9127999544143677,0.16540002822875977,0.3483999967575073,26.192395847610065,3.830068010176931,8.7652188499059,0.9296535942212065,0.0068723913967457485,27.888278706230253,74.11597278131637,4.246586893985617,84.50704225352113,84.50704225352113,8,0.2222222222222222,0.03551536439165056,0.8121428571428572,0.04545125219980867,3.6864000000000567e-06,0.034943413661813395,0.002497124724764267,0.00869605874429218,0.07146195700659769,2.019795918367347,2.0753061224489797,1.219901164225597,0.723481102924635,0.9732520405152915,11.185201009114582,12.053934733072918,70.79671078636534,14.720982142857142,8.69364742444145,6.892235165550595,5.703560965401785,3.5007733170842767,3.194987888287073,31.08207893371582,0.028585299849510193,0.07209576666355133,3.0038016183035716e-06,2.6650738610545144,0.05810684991631964,1.1807060504070102,5.649384998139881e-06,5.443524915135872e-08,2.6650738249516057,0.0008611066044717709,0.056483520666664504,2694.0,-0.002662599475592308,0.009483362282184916,-9.779082288505768,2
280,0.8732213235469092,-0.12849185787496112,-0.2919079044886998,0.008041597360976378,0.006781645714026725,0.013044713217430398,0.9127999544143677,0.16540002822875977,0.3483999967575073,26.195391992075102,3.854581164802824,8.756812706078803,0.9297663947682312,0.00715093346886121,27.891662404718538,73.83581665536511,4.4771655017318714,84.50704225352113,84.50704225352113,10,0.2777777777777778,0.04042197249094,0.815515873015873,0.0479360316122661,4.1800183256976305e-05,0.05900944417988029,0.0004957999526113226,0.01928992416060033,0.008402044105007335,1.7112244897959183,2.237551020408163,1.1683726762199107,0.8724208850948535,0.7647756293323605,11.185201009114582,11.560160319010416,71.41165815080915,15.607678571428572,8.195135516974789,6.7519269670758915,6.407005673363094,2.9342768875621914,2.987210358308367,31.101078033447266,0.025067096576094627,0.08235439658164978,1.537504650297619e-06,2.7313654016673032,0.15326503131286834,1.9750610288072912,1.2406848725818452e-05,1.914021159593091e-09,2.7313656864122806,0.0008272431974947423,0.1526783030234777,2700.0,-0.002660807743111563,0.009417022103556917,-9.779082288505768,2
281,0.8724856090829486,-0.12838781976699828,-0.29442819974819817,0.007182418620444731,0.006257456952468192,0.012763330189549909,0.9021999835968018,0.16540002822875977,0.3425999879837036,26.173317415373667,3.8514537358709746,8.832422421021121,0.9298464057949322,0.006468559411247248,27.894059172072296,74.78857652613308,4.487163149329316,84.50704225352113,84.50704225352113,9,0.24324324324324326,0.0373278360870112,0.8050965250965252,0.047326238092347726,2.864215643481886e-05,0.047267264698700504,0.0014807707562984333,0.006751382570774275,0.0313276168133999,1.12,1.9287301587301586,0.34345186514775167,0.8751146201427006,0.5806929470825447,9.39544677734375,11.560160319010416,63.332554771786654,16.283233082706765,8.466789608929117,5.551401774088541,5.80394603587963,2.7871602091655636,2.09987413600044,31.118186950683594,0.01786111667752266,0.08970942348241806,4.199800037202381e-07,2.828169452548623,0.15164157757594737,1.8677706044519722,1.6494024367559523e-05,-4.1517411872488923e-08,2.8281691393862234,0.0008249313422373009,0.15106195257236596,2700.0,-0.0027344998254826406,0.009269776387124786,-9.779082288505768,2
282,0.8716052566255842,-0.1252941335609981,-0.29811851406381246,0.006918549379499409,0.005364976910204991,0.01081642420024488,0.9033999443054199,0.14480000734329224,0.3877999782562256,26.1469154130561,3.7586547211238317,8.943133993319103,0.9297432271406946,0.006337793860416245,27.890974069085484,74.42404016638959,4.346383521493309,84.50704225352113,84.50704225352113,11,0.3055555555555556,0.04291220952068913,0.8088888888888889,0.04629848823231308,2.7261185172844484e-05,0.044859860042676954,0.0011687356239875252,0.006235307429427588,0.026053037679468035,1.35625,1.7880952380952382,0.6254471614658701,0.805681919872272,0.7584886817576564,9.39544677734375,11.560160319010416,59.0733665103004,15.520902255639097,8.105288512521895,6.406606038411459,6.068081325954861,2.3488724875272244,2.0363090726244195,31.123023986816406,0.01802310161292553,0.08970942348241806,-4.8828125e-07,2.902882898724038,0.09645814954591499,1.5103693742668245,6.957281203497024e-06,-3.7141977263816245e-08,2.9028834355298105,0.0008060021631856592,0.09557503691797878,2696.0,-0.002756294877885279,0.009194154879687423,-9.888971889693359,2
283,0.8716288848490942,-0.1260111240631058,-0.29780224751290824,0.006445933947290681,0.006017912540786766,0.010449021116302982,0.9033999443054199,0.149399995803833,0.3877999782562256,26.147613402605057,3.7801518647585595,8.933634425401687,0.9297593149416761,0.006038093402527778,27.8914411728191,74.25462161735553,3.661173279811081,82.84023668639053,82.84023668639053,9,0.25,0.038614488436352054,0.81,0.040043910139108865,3.5129469387754414e-06,0.025665238788370272,0.0023777193377121334,0.021509767751156778,0.09264356966706083,1.3925396825396825,1.48,0.6296955236516524,0.4305750781909976,0.9409051909051909,7.659810384114583,8.539021809895832,61.05766042073568,13.044962406015038,8.239982954530943,5.534577546296297,5.522715250651041,2.022496288581465,2.2368542495063317,31.121469497680664,0.018482057377696037,0.07737848162651062,-2.0926339285714285e-07,2.9119558149528224,0.05871389468926487,0.9375567620832035,7.266090029761904e-07,-6.792170586924192e-08,2.9119562066659803,0.0008075831704826513,0.057278040878591924,2681.0,-0.0028071085854170633,0.00925825724975134,-12.232960882306578,2
284,0.8722241423243569,-0.12796718161162876,-0.2955810666651953,0.0063459357533355324,0.006192193397873374,0.00976793018683882,0.9033999443054199,0.15539997816085815,0.3877999782562256,26.165470126867294,3.8388303055082047,8.86700371422938,0.929869984552769,0.005878727893693614,27.894761364208378,73.64344500216572,3.0373867508194885,79.69639468690701,79.69639468690701,8,0.2222222222222222,0.03726275780901795,0.8161507936507937,0.03435479060760106,2.2696473802582377e-05,0.023614752798843838,0.0007805710194611851,0.007313397449130329,0.033054380289739956,1.596607142857143,1.8,0.6084288638764265,0.6656863114907219,0.8870039682539682,8.05633544921875,8.539021809895832,60.02488832019625,14.794444444444444,8.439790608047367,6.028277079264322,5.93023935953776,1.810479151552917,2.291284837721374,31.11309051513672,0.0188747551292181,0.07453631609678268,2.0926339285714285e-07,2.9123211547276115,0.04173931437060126,0.8807628391780692,-2.8701055617559523e-06,2.1779242865411706e-08,2.9123197385729953,0.0007891303549730302,0.03969602171446998,2688.0,-0.0027988125588699645,0.009278451483776857,-12.232960882306578,2
285,0.8712978470268704,-0.12964784868274415,-0.2981234476623081,0.006360601002968572,0.005202285640887722,0.011377384292588699,0.8991999626159668,0.15539997816085815,0.34640002250671387,26.137686267920902,3.8892650318997246,8.943309144164834,0.930059318360699,0.005720417167116212,27.900458495376732,75.33455821992388,3.411328321188566,83.66533864541832,83.66533864541832,5,0.13513513513513514,0.031346393283471795,0.7981081081081081,0.03677281372780586,4.573071620158282e-05,0.027602158114726983,0.0015859904064044346,0.004607618245335529,0.05745892766110335,1.1969642857142857,1.7758928571428572,0.44420499812264924,0.6791078471879447,0.674007038712921,8.05633544921875,8.539021809895832,56.33102438790458,15.524603174603175,7.74051510229641,5.534731547037761,5.65826416015625,1.794565589530837,1.6045686624454452,31.103513717651367,0.016867246478796005,0.0696401447057724,-1.258486793154762e-06,2.9932344058009424,0.13769686888459481,1.7372308803785976,1.0880969819568453e-05,-8.14358464155705e-08,2.993233917072771,0.0007685677488349377,0.1370961853871524,2684.0,-0.002776073686316277,0.009228596740779726,-12.232960882306578,2
286,0.8712901043097178,-0.12897901055358704,-0.29832391436894734,0.006554722991937314,0.005005399622480159,0.011343379025012562,0.8988000154495239,0.15539997816085815,0.34640002250671387,26.137443843654225,3.8691848880052566,8.94928514535938,0.9300222055651521,0.005880198818841065,27.899321864481717,76.1451270548256,4.465960109355588,84.50704225352113,84.50704225352113,5,0.13513513513513514,0.0361442373787525,0.7907335907335907,0.04726452256602782,2.434314768846316e-05,0.03183916784067616,0.0037249550777491637,0.0069468280222764805,0.11699285284053007,1.0704761904761906,1.822063492063492,0.4508344493051436,0.8874049688474804,0.5875076226152105,6.511332194010416,8.983052571614582,55.395957583472835,14.297642857142858,8.225415692925711,4.912629304108796,5.193300600405092,1.6448081179518912,1.2016015215713072,31.095176696777344,0.017858656123280525,0.06800371408462524,-5.594889322916667e-07,3.0368078720523632,0.13075017698122668,1.6436950227793758,5.049932570684524e-06,6.276324153858155e-08,3.0368078291367264,0.0007693808992468762,0.13011621890323627,2684.0,-0.0027273612319614247,0.009144792928431796,-7.750986389330981,2
287,0.8710164850382578,-0.127754200731005,-0.2990904380735897,0.0073584060146322456,0.005193036348630726,0.012535853212305511,0.9084000587463379,0.15219998359680176,0.38260000944137573,26.12925083679812,3.8324301647714205,8.972252427893025,0.9298611896152918,0.006509423051258158,27.89449451360302,78.00472808087328,6.234824233739235,88.23529411764706,88.23529411764706,8,0.21621621621621623,0.041025681907357954,0.7743629343629345,0.06506897010892755,0.00013649868821324416,0.04614064683559118,0.0036526649513911403,0.005846985416832892,0.07916371359955904,1.34125,1.8063492063492061,0.6049550655854954,0.7234369690048698,0.7425197715289984,9.842122395833332,10.9246826171875,64.41009419759115,14.22263157894737,8.84688975140435,6.13488515218099,6.319794831452546,2.4305404762169487,2.1283786847028376,31.09795570373535,0.02002854272723198,0.07535344362258911,4.199800037202381e-07,3.1050440708936202,0.10577977267898639,1.6030877041337495,9.591238839285714e-06,8.852196180348821e-08,3.1050445972000484,0.0007657190849240461,0.10500557431143089,2687.0,-0.002683620726254479,0.0091175245715666,-7.750986389330981,2
288,0.8720803994791848,-0.1273339910649118,-0.2958570378422737,0.007369813886440009,0.005348908183456122,0.011476408817834995,0.9084000587463379,0.15299999713897705,0.38260000944137573,26.161162984371185,3.81984401766743,8.875310278109142,0.9297529512339814,0.006605897639985942,27.89126494307572,77.08469958345626,7.058411125101362,88.42105263157895,88.42105263157895,10,0.2702702702702703,0.04384768007111718,0.785019305019305,0.07292609472582817,4.2862407330279096e-05,0.05384826298713905,0.004393055101349024,0.002602337776081094,0.08158211347315412,1.3692857142857142,1.6757142857142857,0.5250981443734969,0.7999100714761502,0.8171355498721227,9.842122395833332,10.9246826171875,62.2462148757208,14.387857142857143,8.545591233796957,6.618944803873697,6.618537902832031,2.37478282583984,1.8299934847280854,31.114173889160156,0.03147934749722481,0.07982165366411209,5.033947172619048e-06,3.1193815636116007,0.07538974451746952,1.1092769100631228,-1.3805571056547619e-06,1.5471608475334905e-07,3.119381006875818,0.0007767351472517716,0.07429505078129744,2689.0,-0.002632841894294096,0.009205092846967659,-9.299943421817737,0
289,0.8757054472934632,-0.1206451812074298,-0.28117940941594893,0.015788211421044564,0.030497731843965578,0.03457698566517577,1.0625998973846436,0.2605999708175659,0.38260000944137573,26.26990599019187,3.661766294028078,8.435003282470362,0.9288082082804715,0.012938697134258362,27.862922520573417,77.83943983419532,7.015709947138928,89.74358974358974,89.74358974358974,9,0.23684210526315788,0.043884092433029896,0.7771428571428571,0.07044205974331509,0.00011075629421074567,0.055464857743652195,0.00589314182693822,0.012676404092476093,0.10625001247051201,1.506031746031746,1.373015873015873,0.7155765408677551,0.3494799793748921,1.0968786127167631,9.167073567708334,11.153055826822918,62.613870820545024,15.459357142857142,8.48155010229587,6.497554072627315,6.82151511863426,2.3810929012317943,1.373351869518322,31.151752471923828,0.04352079704403877,0.10181207209825516,8.816673642113095e-06,3.1711935117173087,0.10116481255257487,1.5621489645210453,9.791056315104167e-06,-1.4415047912541918e-07,3.171193885132947,0.0007894930325660214,0.10035125188010248,2701.0,-0.002685432076244137,0.011285204029458474,-6.422925322859724,0
290,0.8800786100398926,-0.11119614298286892,-0.2672645333267394,0.016715287831478486,0.03276456406048859,0.034932891510825154,1.0625998973846436,0.2605999708175659,0.36059999465942383,26.40108030114855,3.379122860942568,8.01755371408803,0.9277505462027629,0.013616948025197938,27.83116912681098,75.4123052924902,6.03528981652766,89.74358974358974,89.74358974358974,6,0.16216216216216217,0.04081788545775775,0.8004633204633205,0.06064104513080584,9.301255143690217e-06,0.042076077325156884,0.007881163230130588,0.007917838188267239,0.18730746141628835,1.3687012987012988,1.2858571428571428,0.7048292085245957,0.14171320564104542,1.064427184858248,9.62677001953125,11.153055826822918,58.60483267647879,15.781801242236025,8.8838484012602,6.563073360558712,6.552836100260417,1.8550929759797945,1.5008145047361863,31.229265213012695,0.0897352546453476,0.1335461288690567,1.274472191220238e-05,3.235983005064305,0.12495793441473939,1.85790289954336,3.3060709635416668e-06,9.768963794341965e-08,3.235982131404813,0.0007925241774646748,0.12431209693391386,2701.0,-0.0027077066677535446,0.011560807519736569,-6.422925322859724,0
291,0.8864668958300636,-0.10581648583639236,-0.23238538111959184,0.077351985463957,0.07930833415189494,0.0730699161059829,1.4073998928070068,0.5077999830245972,0.47860002517700195,26.59274616062641,3.501026002424104,7.032486721149513,0.9289019666761322,0.07600751213902575,27.865753619396628,89.66233837148424,39.55709247001188,264.1509433962264,264.1509433962264,15,0.375,0.10199321757444393,0.7321071428571428,0.15490714384522658,0.00203935187005414,0.4588787631933532,0.003914880169724839,0.3981366445711474,0.008531404117464605,0.9827472527472527,1.081208791208791,0.3109424886570895,0.2757645835541773,0.9089338347393029,14.733378092447916,11.270955403645832,71.0644534156436,16.610816326530614,8.352378062830757,7.190716083233174,6.869232960236379,2.732946991331887,3.1279573152755393,31.247512817382812,0.11797881871461868,0.18577587604522705,-1.50146484375e-05,3.251484124854964,0.1173856523363564,1.85790289954336,5.358741396949404e-06,-1.1670155538709777e-08,3.251483918558063,0.0008025295808780931,0.11669194191251679,2707.0,-0.002790342154465859,0.014133334040511696,-6.422925322859724,0
292,0.888820305557478,-0.10970074313027518,-0.18917520965280987,0.09311227312790576,0.10575698155924339,0.1319821522668407,1.4073998928070068,0.51419997215271,0.49299997091293335,26.6633944524186,3.8356348621419496,6.359349430246013,0.9311539385282044,0.0897168568206456,27.9333112646754,96.1113427565563,41.28513248498087,264.1509433962264,264.1509433962264,21,0.5,0.17728779054676527,0.6887074829931974,0.16372272939599913,4.7199704123282114e-05,0.45099551739542076,0.007304539282351884,0.8224304727763281,0.01619647868018045,1.028673469387755,0.9690109890109889,0.6490871509507508,0.2884361474958095,1.0615704889349706,26.300252278645832,11.270955403645832,135.78224371047244,14.995862068965518,7.494219788513019,8.447825113932291,6.583377153445512,2.7380957737653415,5.941423604700218,31.09868049621582,0.2774178385734558,0.2784031331539154,-3.4457252139136906e-05,3.221482995816466,0.11560450157474408,1.6548323896376829,-7.847377232142856e-06,3.730157794178097e-08,3.221482753274206,0.0007960700197646682,0.11490257305970406,2697.0,-0.0027678670284208935,0.016507731114837464,-10.760615672254561,0
293,0.871960914464224,-0.11172654309726897,-0.23834210499411537,0.09712837970971482,0.10563092762030257,0.170149379388748,1.4073998928070068,0.51419997215271,0.49299997091293335,26.157522862468447,3.895687861783164,7.834513004805361,0.9333324692731703,0.08965904260341206,27.99863389225157,99.13170590083641,38.75677798591639,264.1509433962264,264.1509433962264,21,0.4772727272727273,0.1732519310395201,0.655064935064935,0.13727957692183526,1.7743007080383374e-05,0.39483343575374147,0.0062119098388327765,0.9170112928197109,0.015732988334623107,1.3415476190476192,1.0642857142857143,0.9759815325169113,0.49465441794982373,1.2605145413870247,33.06243896484375,52.188924153645836,155.54437917073565,11.938296703296702,8.491835990877039,10.90087890625,10.501251220703125,12.876951196630165,9.146600417728951,30.844778060913086,0.28460565209388733,0.27885639667510986,-3.610084170386905e-05,3.090629379645194,0.1392977520608496,1.7955367859741864,-2.1307809012276785e-05,-4.0279404623244635e-08,3.0906303926772263,0.0008089369784857985,0.138687500301615,2689.0,-0.002718433085682676,0.01797633548249952,-6.450560848165267,0
294,0.8567841145708447,-0.10705250495672226,-0.28693381923437117,0.06976478041334375,0.08695124370608474,0.17931987316863138,1.2999999523162842,0.51419997215271,0.6482000350952148,25.70227057993412,3.625553431766374,9.231090715825557,0.9326636428638613,0.0509123165860776,27.978605452311438,91.3764503149363,23.310495338510528,197.1830985915493,197.1830985915493,16,0.38095238095238093,0.16213913486341244,0.6836054421768707,0.11126764853635719,8.587615426905423e-05,0.4837049889705288,0.0011066590862255144,0.6582010562866241,0.0022878802399388543,2.3902380952380953,1.1428571428571428,1.5355181306989556,0.5540956043640034,2.0914583333333336,33.06243896484375,52.188924153645836,177.2615784418015,14.06603896103896,9.471464456375754,11.969036526150175,12.203623453776041,15.20429677178295,8.526069130687167,30.656492233276367,0.1024339571595192,0.1564333736896515,-1.558866954985119e-05,2.9467530071403316,0.15145557306325028,2.000128438496845,-2.368745349702381e-05,-3.67097550657007e-08,2.9467535675029755,0.0008137488311614505,0.1508525430592345,2693.0,-0.002667638995659805,0.018379285164871882,-6.450560848165267,0
295,0.8491860755909056,-0.1038815142625854,-0.3509600952977226,0.04019615851220966,0.04319568411327716,0.09283434561486767,0.9809999465942383,0.24220001697540283,0.6482000350952148,25.474383410555976,3.2697568551131657,10.528310287509646,0.9311194609112343,0.014061009836533866,27.93227732027939,82.29351857939216,18.2175926879928,159.0909090909091,159.0909090909091,13,0.3333333333333333,0.10428236682236927,0.7538095238095238,0.11821688169668601,0.00010003265572677996,0.4618133353131527,0.0016890803110660459,0.09734227445689358,0.0036574957497073814,2.4192857142857145,1.2076785714285714,1.4835955015585944,0.368583151460856,2.003252994233329,17.6239013671875,20.348307291666668,108.50759429931641,16.12957142857143,8.013676996235873,8.858062744140625,8.2061767578125,4.659494546288027,4.1462513472019,30.575258255004883,0.06568336486816406,0.12084639817476273,-3.888811383928571e-06,2.7791622996154293,0.13023948883678552,1.90714743843974,-2.499534970238095e-05,1.1213608189209554e-08,2.7791625127981465,0.0008210486162927817,0.12947368557624517,2718.0,-0.0026442549250351916,0.015342866524171194,-2.1240995783660663,0
296,0.8604253228675751,-0.10756607614528566,-0.32065175223634357,0.03776037029100662,0.04243650101233099,0.08366115195821248,0.9809999465942383,0.24220001697540283,0.6482000350952148,25.811503686053413,3.380295282985483,9.619165995674473,0.9299365112339668,0.012795264161354675,27.896771071533532,76.81657700404108,19.791902175282228,159.0909090909091,159.0909090909091,14,0.3888888888888889,0.11997473008954135,0.8132936507936507,0.1314341007482692,0.00024279999600166507,0.7078833712820364,0.0021891552979696827,0.2907148061402128,0.003092536690055225,2.3287012987012985,1.2235714285714285,1.4375744174714078,0.23684038369108162,1.9032001273682533,17.6239013671875,20.348307291666668,87.67837517147971,13.873469387755101,8.833884489522882,8.855146928267045,8.002713521321615,4.695121099919775,3.658671558693758,30.539125442504883,0.07854198664426804,0.12168265879154205,-7.917131696428572e-06,2.6407871307188495,0.12223230870860882,2.076164173027843,-1.6167050316220238e-05,-1.4868932443271496e-07,2.6407888860282127,0.000831401665018381,0.12136085099610135,2722.0,-0.002616461274351519,0.013579973127546857,-5.183412979573756,0
297,0.866964493904795,-0.11347725740217027,-0.3148828379114469,0.004871333418104451,0.008068537372235106,0.009869306481293291,0.8921999931335449,0.14459997415542603,0.3805999755859375,26.007706960013934,3.404167864918709,9.446025280186108,0.9294218532769538,0.004120230155451974,27.881335815287063,68.04225314962386,4.081854976480298,76.92307692307692,76.92307692307692,10,0.30303030303030304,0.07558656680675907,0.884978354978355,0.053047068645812746,0.00010439000816326573,0.22091867611490984,0.0032181021602240623,0.03922397129853389,0.014566908587439576,1.7296825396825397,1.2703174603174603,0.32582550160414214,0.18147640636462747,1.3616143946020243,8.11370849609375,7.03460693359375,55.87487654913039,14.984285714285715,8.567425874931686,6.09211109302662,6.127138491030093,0.5364669030834921,1.1007145528627529,30.479839324951172,0.03395683318376541,0.08128763735294342,-3.957112630208334e-06,2.508007438459497,0.10574618374993275,1.7195188514766138,-1.8365042550223213e-05,-8.723618220501255e-08,2.508007467537831,0.0008660309939296122,0.10472032437193468,2735.0,-0.002616408960994417,0.010405586527603115,-6.221288653733601,0
298,0.8662467131047021,-0.11477935287498292,-0.317127437889576,0.003913212478117814,0.0044291417528884505,0.008191664314063386,0.886199951171875,0.13980001211166382,0.3468000292778015,25.9861635359696,3.4432164434024264,9.51337985098362,0.9296335298602347,0.003318693403616844,27.887680766313018,67.95155806575869,4.160252704244468,76.92307692307692,76.92307692307692,12,0.36363636363636365,0.07962003196304254,0.8862770562770563,0.05396916065940521,6.126097059558533e-05,0.15539890538973,0.001413464011498968,0.01343772831198696,0.009095714078256184,1.773809523809524,1.2253968253968255,0.24281418854492456,0.06555805368236847,1.447538860103627,6.82861328125,7.03460693359375,54.644593229747954,15.398857142857144,8.649664858436152,5.981513129340278,6.05968334056713,0.5400001756901049,0.5227436600451504,30.48114013671875,0.0321340411901474,0.07715372741222382,3.6112467447916666e-06,2.3950885485526543,0.09515840618358276,1.8151458696164682,-1.5022641136532739e-05,1.058716993103049e-08,2.3950891321583487,0.0008946574613773286,0.09398155483446709,2711.0,-0.0025804653252188884,0.010091849739595597,-8.4888201913434,0
299,0.8651077604577655,-0.11436331502028874,-0.3207481140948477,0.003807930138065821,0.004581350003723454,0.007401657286820105,0.8833999633789062,0.13620001077651978,0.34700000286102295,25.951999099424906,3.430733736327716,9.62199427996363,0.9297573132109281,0.0033719257498527554,27.891396014108906,69.67886884872028,3.973664840647021,80.92485549132948,80.92485549132948,12,0.35294117647058826,0.0607416541319991,0.8638655462184874,0.04879401471246723,0.0002742876761349436,0.09984794807249667,0.0013697876881058136,0.023251478360975672,0.013718736484311635,1.6109523809523811,1.2163492063492063,0.2699340643434439,0.054760294432269936,1.3244160250554615,7.1453857421875,7.536722819010416,58.40869111560641,15.479214285714287,8.113146782179136,6.267248083043982,6.200493706597222,0.6085850184405852,0.5372938468939368,30.50857162475586,0.04706494137644768,0.08831866085529327,5.068824404761905e-06,2.29143713333568,0.08605665171343503,1.5825679862179163,-1.376924060639881e-05,-4.90851395658701e-08,2.2914375669278364,0.0009449902536768184,0.08474465529122704,2719.0,-0.0026018527693807735,0.01010248342531554,-6.949664115960528,0
300,0.8646015218269257,-0.11300971483048938,-0.32263328555935905,0.0038540434348810554,0.005299495734338651,0.007756120805805177,0.8833999633789062,0.13620001077651978,0.35019999742507935,25.936809083308493,3.390133159203189,9.678527423952307,0.9297799929088647,0.003388900192311879,27.892067005578916,70.18005165074796,4.065473215595844,80.92485549132948,80.92485549132948,11,0.3235294117647059,0.0494590402300972,0.8577731092436975,0.048976549716627946,2.1167510870470628e-05,0.05628566116127485,0.0013571986404475145,0.018380554437867347,0.024112688959249215,1.4735714285714285,1.245,0.21408013948624233,0.09308817413219204,1.1835915088927136,7.1453857421875,7.536722819010416,59.76264147077288,15.145844155844157,8.492499319727036,6.446014404296875,6.450307210286458,0.6698564517399545,0.6216349620412535,30.550235748291016,0.038096413016319275,0.09369292855262756,5.278087797619047e-06,2.2001231513098984,0.07768629369990351,1.481393274107792,-1.2370518275669643e-05,9.217028356210465e-08,2.2001238656128717,0.0010252489553254766,0.07619392472805298,2720.0,-0.0025972295764468806,0.010144116586468703,-10.395685006217644,0
301,0.8641713313091369,-0.11047525740237463,-0.32438542843716484,0.003716310275690645,0.005975078217126288,0.007431965920206818,0.8835999965667725,0.13620001077651978,0.3532000184059143,25.92390908215727,3.3141037220614296,9.731101710242884,0.929686402677688,0.0032738131460218075,27.889268549428976,70.63005674943349,4.502815333366926,80.92485549132948,80.92485549132948,12,0.35294117647058826,0.06439144743986858,0.8528991596638655,0.053512275794983896,7.715291961682594e-07,0.0792477989377585,0.0035366515549068063,0.005697658218612371,0.04462775751897544,1.5641269841269843,1.2308571428571429,0.2683868366353185,0.09762318225854817,1.270762405859899,7.1453857421875,7.536722819010416,59.34318070184616,15.439659863945577,8.459024380524818,6.365198206018518,6.397420247395834,0.6769127077521825,0.7309602039302485,30.547861099243164,0.03985403850674629,0.0949486643075943,-2.2219703311011905e-06,2.1159034962597576,0.07046538505995814,1.5163074543666497,-1.1444091796875e-05,2.334425406136176e-09,2.1159043284291448,0.001071629980970366,0.06882734948742317,2741.0,-0.002587117840463698,0.010150626665327202,-9.386699130721995,0
302,0.8640571216117768,-0.10816510479223161,-0.3252591522449539,0.003749786838560836,0.004838689016315254,0.007281170395252219,0.8835999965667725,0.12620002031326294,0.3532000184059143,25.92048279115132,3.244795858051096,9.757323138756412,0.9296062501163663,0.00325951246246854,27.886867033747787,69.6176424880115,4.097843993979716,79.69639468690701,79.69639468690701,11,0.3333333333333333,0.05859809932837376,0.8647619047619047,0.04958163457279232,6.43709387755097e-06,0.07465912985491666,0.0038189099840802826,0.02175532621169753,0.05115127903983721,1.5435714285714286,1.2074603174603173,0.26541246298959675,0.0837195885903139,1.2783620349677929,6.94061279296875,6.652730305989584,55.42062559581939,15.114081632653061,8.484671828197529,5.975209554036459,5.975409613715278,0.4086085485251167,0.5301329062765903,30.5412540435791,0.03977183997631073,0.0949486643075943,1.1117117745535714e-06,2.039735012182502,0.06599421630051745,1.5809677375417568,-8.973621186755953e-06,-8.100863926820874e-08,2.0397348587426527,0.001053606268451341,0.06421704629891457,2740.0,-0.0025928788489145605,0.010157345933736416,-9.386699130721995,0
303,0.862912721775827,-0.10546675214313325,-0.328883085560231,0.004793911860001503,0.006079168321702193,0.010567002190415765,0.8839999437332153,0.12339997291564941,0.3766000270843506,25.88614593897547,3.1638541357432093,9.866012566813401,0.9295516078486703,0.003330606169157155,27.88521428251063,70.85437221702571,3.918008438511847,79.69639468690701,79.69639468690701,11,0.3235294117647059,0.06164815279756471,0.8493697478991596,0.046445299089353166,2.7950380674719075e-06,0.10129781665940965,0.002314300474248667,0.0073719889080736435,0.022846499071445578,1.4958730158730158,1.2717142857142858,0.24455934219917033,0.14545326761961894,1.1762650091115603,6.587015787760417,6.728108723958333,56.997290329706104,14.90639455782313,8.32482996226887,6.05480052806713,6.030995686848958,0.364371744842786,0.23245490231813093,30.546236038208008,0.044824086129665375,0.10196557641029358,2.083914620535714e-06,1.9689981622143273,0.06068066777050849,1.364211731241386,-9.809221540178572e-06,2.122700389307587e-08,1.968998721637157,0.0010017959685972428,0.05864313902347242,2717.0,-0.002528622788330764,0.010154213482998994,-8.455661763762986,0
304,0.860540436001051,-0.10431840932653064,-0.33580101887668884,0.008772859181373922,0.007618390496210588,0.015527008260664171,0.926800012588501,0.1470000147819519,0.4829999804496765,25.81498508002077,3.1294059940746854,10.073552566298417,0.9297916060883448,0.006177132107287787,27.89242227544132,72.29502814097665,4.200664017601543,84.16833667334669,84.16833667334669,12,0.34285714285714286,0.04933653450998543,0.8326530612244898,0.047014845192465224,5.0299937692628e-05,0.09691131187671799,0.0013882546434542322,0.015798972377957122,0.014325001040335178,1.399142857142857,1.3942857142857144,0.21894105068138636,0.2994689176743744,1.003483606557377,10.000203450520834,11.7547607421875,62.59296177455357,14.621768707482994,8.513326144448001,6.448232014973959,6.740451388888889,1.8075761603445437,1.2110746427780503,30.592567443847656,0.050224997103214264,0.11998860538005829,8.61758277529762e-06,1.9058715252131315,0.0540941962506586,1.4999569567568207,-7.393246605282738e-06,1.5784436014554117e-07,1.9058709597672614,0.0009464483173840676,0.05171652768263481,2706.0,-0.002490710862494271,0.010369068181069077,-8.405019723065037,0
305,0.8584692833196549,-0.1045350187222163,-0.34204917122920353,0.008411313696569288,0.0076656387171951945,0.013699550783094238,0.926800012588501,0.1470000147819519,0.4829999804496765,25.752864070960452,3.135898561690535,10.260979422586304,0.9301472715404905,0.006161106530930869,27.903097087652235,73.02603952804714,4.0216218761036435,84.16833667334669,84.16833667334669,12,0.3333333333333333,0.051467105744940955,0.824047619047619,0.0441376171955474,4.801075818409003e-05,0.09840722834175458,0.00165511592127147,0.03448345330367976,0.016819048246369497,1.3722857142857143,1.361,0.21995101495467542,0.3125778596883454,1.0082922221055948,10.000203450520834,11.7547607421875,59.11306842622302,14.893376623376623,8.634195279007756,5.970377604166667,5.960957845052084,2.2253722422615434,1.5886342256189614,30.640880584716797,0.041353099048137665,0.0979776680469513,3.894624255952381e-06,1.8514364437003186,0.04637155870130363,1.5604676809178972,-7.956368582589286e-06,-4.557812136083288e-08,1.851435465057515,0.0009862984139391488,0.04351740768087442,2708.0,-0.0024827003796880206,0.010331981397131733,-8.405019723065037,0
306,0.855851236201468,-0.10201039028167724,-0.3494548283304487,0.010148955913337374,0.014094045497424448,0.016120142348846737,0.926800012588501,0.1672000288963318,0.4829999804496765,25.674311514667103,3.060523279564721,10.483152421372278,0.9303281521049545,0.007560892236124235,27.908515428350686,75.59095682315896,5.1893564068547375,87.68267223382045,87.68267223382045,14,0.3783783783783784,0.05722860629689324,0.7974131274131274,0.05354590160190124,7.069720949604358e-05,0.12175565248254828,0.001993751487269823,0.06741788198358058,0.016375021993788708,1.4203174603174602,1.3584285714285713,0.31721490514215067,0.34430969092563474,1.0455591778548976,10.000203450520834,11.7547607421875,60.66882200695219,15.251768707482993,8.26971763236802,6.031844527633103,5.873921712239584,2.3982177790606554,1.9129303125083847,30.681032180786133,0.03728092461824417,0.0979776680469513,4.869733537946428e-06,1.8171061300605849,0.0312745469903533,1.838019794985895,-3.487723214285714e-06,-1.2247163681564597e-07,1.817106840407531,0.0009668680173570331,0.026882635319724235,2719.0,-0.002563897249080029,0.01115336724815596,-2.3602994699616393,0
307,0.8564830838328316,-0.10305049490644819,-0.34774879016195026,0.007907433077552872,0.013534655830552198,0.015295185730456209,0.8866000175476074,0.1672000288963318,0.4222000241279602,25.693265943527223,3.0917237040400507,10.431974847699914,0.9303551822869356,0.005548905843556294,27.909326504112624,74.47308981162864,5.733785887314862,87.68267223382045,87.68267223382045,15,0.4166666666666667,0.05845234285158852,0.8104365079365079,0.06228165437879146,8.479027072053318e-05,0.13699522626980948,0.0008513058136097179,0.013141376867488414,0.006214127577942661,1.5985714285714285,1.333015873015873,0.26518636753010044,0.22819059985333764,1.1992140985949036,8.44024658203125,8.904622395833332,59.99984450567337,14.419714285714285,8.508403416263098,6.058688693576389,6.355975115740741,1.6122844302763846,1.6617478316150032,30.71097755432129,0.028342247009277344,0.0813584104180336,1.6697474888392857e-06,1.7917693180672571,0.026976895142717547,1.6568235128397613,-4.377819242931547e-06,-1.3413187955866319e-07,1.7917698811402698,0.0009619848329233748,0.02162678620507904,2727.0,-0.0025499622785819724,0.010805235192007191,-2.3602994699616393,0
308,0.8564975030706042,-0.10279569492169789,-0.3476376665121033,0.007793725661068092,0.013385366856572148,0.015127240594682428,0.8866000175476074,0.1672000288963318,0.4222000241279602,25.693718520658358,3.0840742759193693,10.42861499535186,0.930293218116245,0.00549060826231358,27.907475302379336,72.39955872323289,6.756849413128948,87.68267223382045,87.68267223382045,14,0.4,0.055113110799453136,0.8357551020408163,0.07549215448919891,0.00022404591153685958,0.12222570799974289,0.0010891278343567277,0.014995518565913964,0.008910791781701266,1.6171428571428572,1.3757142857142857,0.34587101261830905,0.20413081040132583,1.1754932502596054,8.44024658203125,8.904622395833332,61.340291777111226,14.865142857142857,8.766537496267803,6.290249294704861,6.55292652271412,1.5317386066698864,1.4038869142824046,30.722179412841797,0.022120028734207153,0.0813584104180336,-2.0926339285714285e-07,1.7730114374959545,0.031400352685795004,1.648100111847339,-2.9427664620535716e-06,1.461466939411504e-07,1.7730125958744012,0.0008890666224502013,0.026929934311855513,2726.0,-0.00250534770386678,0.010754625286811129,-2.3602994699616393,0
309,0.8577838167122432,-0.10775943779093879,-0.3440305903582346,0.004070721244303604,0.004205553963126687,0.00903999375981364,0.8797999620437622,0.12540000677108765,0.3694000244140625,25.732291644215582,3.2326301337565693,10.320415710764271,0.9305205642592576,0.0031109776717134605,27.914286178280694,68.5479534686082,3.617373343824189,77.63401109057301,77.63401109057301,10,0.30303030303030304,0.04796163964619038,0.8776623376623377,0.04485504473243855,7.04739958350691e-06,0.06370407616195618,0.0022467689825455216,0.010065081608039584,0.03526884177448104,1.6722222222222223,1.314920634920635,0.2776432327218527,0.09265328320892248,1.2717286335103815,8.44024658203125,8.904622395833332,59.68436272030786,15.288142857142859,8.478138911822763,6.5028550889756955,6.512632016782407,1.1723847416534745,1.1451430601670296,30.719179153442383,0.02322312444448471,0.0813584104180336,0.0,1.7421761828770803,0.03555146087411725,1.2605371894999027,-4.5413062686011904e-06,-1.3418093721805291e-08,1.742175845383774,0.0008969813035654541,0.0316144323218243,2735.0,-0.002405479325435768,0.009665234717089336,-8.488494346999236,0
310,0.8471317026331311,-0.10981592375040054,-0.36647773321185795,0.029976095109880772,0.00865701648715134,0.059697034152818566,0.8874000310897827,0.17239999771118164,0.6130000352859497,25.412779507551875,3.294307998248509,10.993703710649696,0.9319282647861075,0.006674057780379686,27.956499449282912,75.19774530438951,29.53759208472963,235.95505617977528,235.95505617977528,9,0.2647058823529412,0.11939576798401304,0.8454621848739495,0.127507018185129,0.00019050759783423548,0.3289418287661731,0.011131217781141059,0.09965749763567254,0.03383947193001604,1.521111111111111,1.3106349206349206,0.2780094272188894,0.10774352495891311,1.1605910136853579,8.59130859375,6.81121826171875,56.82340589250837,15.4725,8.194170225762674,6.108194986979167,5.90984203197338,0.6076279791436227,1.0616070433928337,30.7225284576416,0.02658257633447647,0.07839749753475189,2.0882742745535712e-06,1.7073385931526976,0.039626562044451426,1.3700123539846976,-1.3623918805803572e-06,1.723957251024515e-08,1.707338285270198,0.0009194630338820364,0.036119060467577464,2724.0,-0.0024565262633512988,0.010293049244420878,-7.9750879989996415,0
311,0.8357882749182838,-0.1121936288248925,-0.3916225045919418,0.03785918754092433,0.015085990958139514,0.074123172951703,0.9091999530792236,0.19620001316070557,0.6130000352859497,25.072437390429634,3.365675293292318,11.74815385205405,0.9335741766337659,0.00959393757045776,28.005899673527132,77.64634456553047,28.27258643728597,235.95505617977528,235.95505617977528,11,0.3055555555555556,0.11603482939468245,0.8137698412698413,0.11997219669298335,4.896572028321535e-05,0.608131699186967,0.00948419879871385,0.018275637983329214,0.015595633004156196,1.401,1.212987012987013,0.29119882400525043,0.16494948295709339,1.155,8.59130859375,8.59588623046875,58.985946146647144,15.490869565217391,8.664911594698763,6.098734537760417,6.176693078243371,1.1342936501028011,0.9220913778564065,30.761445999145508,0.05723148211836815,0.09936381131410599,8.635021391369048e-06,1.6791189155671251,0.030025807943015893,1.2915567235799186,-4.57763671875e-06,1.096748543446627e-08,1.6791195200613727,0.0009357046779247139,0.025116046546234443,2717.0,-0.002506751445615685,0.012219125784091636,-7.9750879989996415,0
312,0.8301823141063963,-0.11014521913585208,-0.40530842860539756,0.03808413481875331,0.018788672507120754,0.07526986564150388,0.9997999668121338,0.19620001316070557,0.6130000352859497,24.90418599460806,3.3043994301131794,12.158901858159474,0.9343151848060742,0.011561570224969717,28.028106942068437,79.38908906967977,27.572375892106585,235.95505617977528,235.95505617977528,10,0.2702702702702703,0.11550318781123672,0.7931274131274132,0.11503127363816935,0.0001335392493127867,0.6089415137673748,0.005623774790762017,0.048973566253130256,0.009235328292809394,1.2610714285714286,1.2062337662337663,0.2713760130818317,0.18245824258830534,1.0454618863049094,8.676554361979168,8.87664794921875,59.07520432245163,15.515828571428571,8.604618645108863,6.158252292209201,6.2673765240293555,1.4317423308367503,1.2219713824450804,30.81553840637207,0.058571863919496536,0.10993589460849762,7.3838006882440474e-06,1.6519290845420587,0.02801690547249695,1.195883904708082,-4.178001767113095e-07,8.329627567673916e-08,1.65192758853443,0.00093028855592727,0.022732249267180968,2705.0,-0.0025556513561668195,0.013322933383305778,-6.469011826552778,0
313,0.8558914094595682,-0.09684426647140866,-0.3227630478796505,0.0443988033743156,0.025739314108085946,0.1280620495308465,0.9997999668121338,0.19620001316070557,0.6022000312805176,25.675540998067174,2.9053854215996604,9.682380864960807,0.9300337849429899,0.013255762449445029,27.899673853432446,74.92846302080983,8.39188621821894,95.23809523809524,95.23809523809524,8,0.2222222222222222,0.05543204281155791,0.8101587301587302,0.08472964727137823,2.6125114535610695e-06,0.06403321123626698,0.012317642926465642,0.01005695633044215,0.19236334846641587,1.1784126984126984,1.3271428571428572,0.2494424117002762,0.5977140884396773,0.8879320655423991,18.360087076822918,21.464436848958332,78.2121342250279,12.320571428571428,7.265298066838001,7.42950439453125,7.92205810546875,4.95782130570563,4.019387513965332,30.886327743530273,0.058349039405584335,0.11970673501491547,1.1923653738839286e-05,1.6361701761527911,0.029381538184398908,1.2000974377816773,-6.030854724702381e-06,-4.35557799912987e-08,1.6361701957527062,0.000926047962888279,0.024367155277269553,2698.0,-0.0024317558887634815,0.013073036489353356,-3.5963492451229353,0
314,0.8811711809805461,-0.08205294236115047,-0.2459452002162025,0.03346648806973449,0.020505083260804125,0.10817994433773323,0.9997999668121338,0.1629999876022339,0.5126000046730042,26.433894000819752,2.461687412559986,7.377933577895164,0.92563403726282,0.011374125498790837,27.76769881554499,75.42958264316836,9.270577378278544,95.23809523809524,95.23809523809524,10,0.2777777777777778,0.05976777215959518,0.8069444444444445,0.09428039473797081,5.239427571845104e-06,0.04945579974233891,0.024358295875675343,0.009694517242591839,0.49252657934115474,1.72,1.7278571428571428,0.9980768679827884,0.6874650269397754,0.9954526663910708,18.360087076822918,21.464436848958332,105.4237032935733,13.584537815126051,8.816971823325959,9.403628394717261,9.517923990885418,6.1279179155845425,4.8405041026662365,30.969390869140625,0.09106387197971344,0.15488645434379578,1.249331519717262e-05,1.6076279903535564,0.03069438742845434,1.332641213281733,-2.524966285342262e-06,3.312474618208212e-08,1.60762746737465,0.0009434173702173202,0.025932289882515457,2702.0,-0.0023038998642828765,0.011116242424690143,-3.5963492451229353,0
315,0.9013906378575733,-0.07108969464472362,-0.17787899062179383,0.009416287141133297,0.009888378106880494,0.026584404859271823,0.9673999547958374,0.1629999876022339,0.26440000534057617,27.04041042149067,2.1325616965123584,5.3361432900599075,0.9219691113204422,0.008117687134625842,27.657738394012817,75.74820162568645,8.949993094858096,95.23809523809524,95.23809523809524,11,0.2972972972972973,0.0621291720016084,0.8028571428571428,0.09175556871663408,0.0001812485224489795,0.09836774693610419,0.021469787217364956,0.12801152808265068,0.21826043480807672,1.8385714285714285,2.1569387755102043,1.1054293960537978,0.554645070009609,0.8523985239852397,14.911092122395834,21.464436848958332,113.06728842599051,16.26590476190476,8.324549071429058,10.401119656032986,11.696922665550598,6.008964565547805,3.050609433825815,31.053226470947266,0.07683879882097244,0.13809049129486084,9.980701264880952e-06,1.581276971313773,0.037217441200554736,2.527788695920698,-5.9218633742559525e-06,1.2709879444034378e-08,1.581275470232784,0.000988618318940368,0.03326147901592046,2707.0,-0.0022345803066762446,0.009635303250138052,-3.5963492451229353,0
316,0.9009551712274552,-0.07011388501383009,-0.1814971334849085,0.006234303542290663,0.003918604602129831,0.019032681418222546,0.9262000322341919,0.08899998664855957,0.26319998502731323,27.027369708333698,2.103321836122445,5.444653718812125,0.9219321803560128,0.005908187973092425,27.6566504764293,75.16915797310143,6.366365783082805,88.42105263157895,88.42105263157895,12,0.32432432432432434,0.0549293506250593,0.8038223938223938,0.06664859899373168,0.0001336147271970009,0.09057774009328204,0.002720093225189059,0.035294190803952255,0.030030482350164117,1.3097959183673469,2.1605357142857144,0.6427026701353308,0.42435541605198474,0.6062366429338906,13.769429524739582,14.49798583984375,110.58783925374351,15.641764705882352,8.534359106646692,9.933849516369047,10.932833353678387,2.7414472682711057,3.019631347462281,31.093698501586914,0.03349428251385689,0.11216549575328827,2.3745582217261906e-06,1.5434941940776257,0.03563261359092937,2.567175760964818,-4.868280319940476e-06,3.4306186261853694e-08,1.5434943356462207,0.0010131659654836203,0.03144306454226296,2708.0,-0.0022059736192342775,0.009023408275940675,-11.68080679884995,6
317,0.9013584565094539,-0.06978891353380112,-0.17942838112229392,0.005727302682368731,0.003683957908464439,0.016541485967381225,0.9242000579833984,0.08899998664855957,0.26319998502731323,27.039464552402496,2.093565120271274,5.382578576505185,0.9218464306459337,0.005590718267658698,27.654071140275047,72.993334331178,5.424962688313466,88.42105263157895,88.42105263157895,9,0.2571428571428571,0.05069564102768287,0.8262448979591835,0.05742997837070933,3.1068110953769394e-05,0.10115923945646955,0.00031306539256460583,0.013268545479300533,0.003094778037544686,1.272857142857143,2.203673469387755,0.5622471572975828,0.46110518594256095,0.5776069642526394,13.543599446614584,12.050577799479166,101.08380642845518,13.664553571428572,8.24933185635126,9.902794247581847,9.651663643973214,1.6656310172844475,2.787114501811366,31.09050178527832,0.031818512827157974,0.11216549575328827,-6.989978608630952e-07,1.5048715694876695,0.04125501126759447,2.8272028789316166,-5.613054547991072e-06,-1.590744902609904e-08,1.5048707347404968,0.0010414870615989362,0.037646410603295245,2693.0,-0.0022088595727677404,0.008910200256799452,-10.216512475319814,6
318,0.9025353323675337,-0.06963369442451568,-0.17257638112987791,0.005919195780465797,0.004079462008710718,0.016083644096998282,0.9299999475479126,0.0942000150680542,0.22860002517700195,27.07477711388043,2.0889138327326093,5.1770421481558255,0.9216704459035261,0.00595285975550417,27.64880291465271,70.89316150301995,4.432966392103042,80.45977011494253,80.45977011494253,8,0.23529411764705882,0.04740058111112388,0.8496218487394958,0.05257968151279279,6.8067745106205e-06,0.08224480646544517,0.004666271017975688,0.008114659828195342,0.05673636085381517,1.323673469387755,2.250612244897959,0.6045285164464959,0.39395050609115784,0.588139281828074,15.319722493489584,14.9810791015625,95.9398198445638,14.469910714285714,8.298189737870636,10.467035202752978,10.48729306175595,2.224386113256509,3.3618253439283823,31.064189910888672,0.03078296035528183,0.0836394652724266,-3.7711007254464285e-06,1.464034727565289,0.040489035671542106,2.7421853358584474,-5.594889322916666e-06,4.659071250749419e-08,1.464033909534486,0.0010355602066534936,0.03681632173073317,2689.0,-0.0021450220190407598,0.00887507995511598,-10.216512475319814,6
319,0.90274830360072,-0.06928282762425286,-0.17179860975061145,0.005888042009327886,0.004191618564270624,0.01639631164701869,0.9342000484466553,0.0942000150680542,0.2409999966621399,27.081160108021326,2.078384828737804,5.153723721121039,0.9217130665722396,0.005955906341531434,27.650077810723626,71.64784597898992,4.446055377196864,80.45977011494253,80.45977011494253,8,0.23529411764705882,0.046767494221627334,0.8406722689075631,0.05243212647269513,1.2505605331111938e-05,0.07787032971980389,0.002631505892364003,0.014155496457743203,0.03379343457043,1.251607142857143,2.165102040816327,0.49088135932073385,0.3775777155482483,0.5780822886228674,15.319722493489584,14.9810791015625,85.43880346389044,15.856386554621848,8.309208434391193,9.343210856119793,9.044305710565476,2.962384040973456,2.5280968436879743,31.041147232055664,0.037365805357694626,0.0836394652724266,-2.445765904017857e-06,1.4255175834144616,0.03558770285928212,2.376584601887708,-5.2315848214285715e-06,6.979255653441627e-08,1.4255168390914918,0.0010117256758160672,0.031311050045871605,2679.0,-0.0021263352519392677,0.008898504904403446,-8.51056086508191,6
320,0.9032522463798522,-0.06873537024146034,-0.16911648596752257,0.005932358322066961,0.004146453633629416,0.015616750235230731,0.9342000484466553,0.0942000150680542,0.2409999966621399,27.096277534195355,2.0619575358288627,5.0732250075680865,0.9216557510584827,0.006041764660607036,27.64835070309306,72.41023894445644,5.460980633781875,83.49900596421472,83.49900596421472,14,0.4,0.05643894171276304,0.8334285714285715,0.0640692045663198,0.00012971815343606867,0.12195449294053597,0.0022916161311503083,0.013747429240266142,0.018790747892065623,1.1040476190476192,2.2691836734693878,0.40940010590132747,0.4680589887961983,0.48653955691459067,9.96063232421875,12.336324055989582,78.19080323718842,13.489642857142858,7.799537998156935,8.389044867621529,8.363095238095237,2.166168275090087,1.1460924663315162,31.024091720581055,0.02958129532635212,0.0836394652724266,-3.4920828683035716e-06,1.3920571064870702,0.03283035372270881,1.9561919408278263,-5.849202473958334e-06,6.042532373837725e-08,1.3920573469897457,0.0010153284814293784,0.02807892902256377,2686.0,-0.0021081716184087962,0.008909814338686355,-8.51056086508191,6
321,0.8791079228435243,-0.08135094194185166,-0.23469771435714903,0.054256188012729495,0.029809163434830768,0.13604141930315303,0.9586000442504883,0.2184000015258789,0.628600001335144,26.37208368531295,2.4403691153866904,7.040368002142225,0.9255961080736497,0.011965180016970604,27.766542914083818,78.30634591176438,21.266743970937128,196.26168224299064,196.26168224299064,16,0.43243243243243246,0.11876943688643976,0.7939768339768339,0.10907277821282448,0.0001545302683881713,0.8315095953288459,0.0052906178741367335,0.704522094451113,0.006362666052030821,1.44125,2.2608163265306125,0.7191986177584841,0.677303372494436,0.6374909730998374,15.675455729166666,15.500284830729166,87.73202274867467,14.926806722689076,8.75701934919706,9.825464884440104,9.610493977864582,2.9491018075413375,2.3226981224990078,31.01630210876465,0.033157359808683395,0.11105536669492722,-3.5603841145833334e-06,1.3807948762635651,0.030041594699036073,1.5675828909546525,7.084437779017857e-07,-2.6595274844696568e-08,1.3807933166676876,0.000996884221672248,0.024723886099342337,2681.0,-0.0021541354417925784,0.010089204587322622,-14.877245462779236,6
322,0.8246025425933656,-0.10663159941775459,-0.3688935518378303,0.07951389078985552,0.039489134302937184,0.19251305047231793,0.9586000442504883,0.2184000015258789,0.704800009727478,24.73690456356321,3.198798839705331,11.066285412268979,0.933877535999879,0.015426494963215423,28.014993286682284,78.19667985825417,21.359830766136216,196.26168224299064,196.26168224299064,12,0.32432432432432434,0.11622657518848842,0.7956370656370656,0.11105369369937335,4.729293461057807e-06,0.48906763188860564,0.004529315900795415,0.06619394346081588,0.009261123831288536,1.6178571428571429,1.8904761904761904,0.7107910941984549,0.6680607872188736,0.8557934508816122,15.675455729166666,15.500284830729166,68.09705410911924,15.901607142857143,7.27565288947406,7.579129536946615,7.960968017578125,4.384876315569098,4.133640168044011,31.01298713684082,0.0452658012509346,0.1320624202489853,3.352573939732143e-06,1.391540748222369,0.036743886737072275,1.5675828909546525,1.2715657552083333e-06,-1.0187455109448736e-07,1.3915422295613378,0.0010056028987320555,0.032520372681245524,2694.0,-0.0022885785898216155,0.012595418525712028,-14.877245462779236,0
323,0.7690680958827336,-0.13118429466372444,-0.5035379135778972,0.06199933535584096,0.0292513076158469,0.14448947587697847,0.9586000442504883,0.2184000015258789,0.704800009727478,23.07087730501379,3.935380839918341,15.10558126449585,0.942140476428631,0.013174732533667964,28.262878751387827,78.08571109760942,21.253056797233814,196.26168224299064,196.26168224299064,9,0.24324324324324326,0.11271590519286402,0.796023166023166,0.10789370631632544,3.5867721782590576e-06,0.4459321719525305,0.007406527999920592,0.06137486152140323,0.01660909094647923,1.5414285714285714,1.5785714285714285,0.7279251335130558,0.5084853681420071,0.9764705882352941,15.675455729166666,15.500284830729166,51.28451930454799,14.644736842105264,8.362429342069348,5.196622212727864,5.557522243923612,4.4667366647953015,4.54097395608825,31.050247192382812,0.07450214773416519,0.1320624202489853,7.2675432477678575e-06,1.4056081369055902,0.02954722392600784,1.5675828909546525,1.834687732514881e-06,1.1092783317233349e-07,1.4056078911820022,0.0009903942772051758,0.02409835509927936,2691.0,-0.0024047033439720876,0.014659311431778725,-14.877245462779236,0
324,0.7384611248459135,-0.1436530663030488,-0.5741786753819103,0.011105557219664153,0.009267243698718905,0.012438044076321996,0.7984000444412231,0.19260001182556152,0.704800009727478,22.152797459619386,4.309363274829728,17.22451340432678,0.946544498363666,0.007721424424023758,28.394976829279944,73.71677704211221,4.646377904876042,81.71206225680933,81.71206225680933,7,0.2,0.03698090094648755,0.8172244897959183,0.05244566018242131,0.00011387067655143675,0.030122629300604324,0.0027470125762286157,0.006650478973388187,0.09119431603447395,1.5678571428571428,1.2833928571428572,0.6779241273542191,0.41688711430245545,1.2216502017531654,4.371846516927083,6.470540364583334,39.77095060802642,14.319682539682539,7.8441326998624366,2.9581832885742188,3.0873362223307295,1.822565679841518,0.91243860408316,31.105548858642578,0.09008616954088211,0.15531161427497864,1.5516008649553572e-05,1.4011863140678198,0.027106466434759047,1.4053694771260226,-4.904610770089285e-07,9.846556048477995e-09,1.401184505379293,0.0009956187308177349,0.021108035464496654,2692.0,-0.0024316033081386006,0.01618313503635857,-4.595848505931789,0
325,0.7376135915688106,-0.14449675205208007,-0.5753088947392645,0.008381033884434064,0.009512553820149474,0.010306557159278138,0.7705999612808228,0.1777999997138977,0.6168000102043152,22.127352318423135,4.334702561582838,17.258454842226847,0.9466600662053783,0.005926277787438383,28.398455337638556,75.73891201425464,7.437961043836625,90.12875536480686,90.12875536480686,9,0.25,0.0411879005132338,0.7997222222222222,0.07699340273033768,5.901924864639802e-06,0.05682119355954497,0.003228659725801412,0.006950373339947264,0.056821399262195774,1.5891071428571428,1.6178571428571429,0.9329243952732281,0.6433795496423237,0.9822295805739514,11.031188964843752,7.631937662760418,51.62401893252417,13.92095238095238,8.42666057166317,4.192822774251303,4.718055725097656,1.9256896163767168,2.7218347741045568,31.231260299682617,0.11580109596252441,0.15791496634483337,2.2844587053571428e-05,1.378646995174244,0.02726618924260648,2.661964478532361,-2.7247837611607143e-06,1.723462371590371e-08,1.3786470389515624,0.0010098744265058625,0.021363486959777807,2693.0,-0.002422023424619289,0.016691457186923796,-1.9989338291492555,0
326,0.7385293343805132,-0.14527126697131565,-0.5740028373230072,0.00861404512904638,0.01001172622757246,0.010916010018802526,0.7730000019073486,0.1777999997138977,0.6402000188827515,22.1548363171305,4.35794786632061,17.219246548286506,0.9467104145559012,0.006446912788565976,28.39996009131449,76.59418599207596,7.269871116483964,90.12875536480686,90.12875536480686,13,0.35135135135135137,0.04547369726399143,0.7903861003861004,0.0744249131291401,6.654294044148083e-08,0.07156616540311515,0.005109490985175902,0.026291792508196545,0.0713953438247719,1.6160714285714286,1.5776190476190475,0.8847084582632003,0.49174961827624225,1.0243736794446123,11.031188964843752,7.631937662760418,59.63686741420201,15.94721804511278,9.056746670418363,5.173187255859375,5.2385118272569455,1.2723359149498095,3.029926360626984,31.359298706054688,0.14437080919742584,0.16052262485027313,1.7807733444940477e-05,1.3561526330719278,0.0257777320079257,2.5911311429555868,-3.1789143880208335e-06,2.9312846427109e-08,1.356152959354019,0.0010308791532355674,0.019385517164153935,2690.0,-0.0024118593752790046,0.017051446767844446,-3.548546961796478,0
327,0.7416313819033759,-0.1495832097700664,-0.5684478374435789,0.010960962651383037,0.020022205951688035,0.0167534751823183,0.7901999950408936,0.2184000015258789,0.6402000188827515,22.247891028523444,4.487236864566803,17.052622266198906,0.9467274342655413,0.00583632901698784,28.40046938258053,74.55206791587554,8.341011075803827,90.12875536480686,90.12875536480686,11,0.3055555555555556,0.047578690381573724,0.8147222222222222,0.08912259349741636,8.88671746772179e-05,0.05406157984951831,0.004143764839697715,0.0020187676002734823,0.0766489779105972,1.603392857142857,1.5796825396825398,0.805849766186766,0.5028029271719571,1.0150095458199355,9.097493489583334,7.230428059895834,56.88809959774926,15.78015037593985,8.58330693102163,5.331611633300781,5.0435045030381955,1.3343779256072092,2.3591107053716747,31.511600494384766,0.1194947212934494,0.16176974773406982,1.929873511904762e-05,1.338317701801914,0.02352790942914834,2.4612546321908924,-4.922775995163691e-06,1.4483309458983542e-07,1.3383154111215072,0.0010790915318412665,0.016179069827333123,2681.0,-0.002332066247635901,0.0184423676722484,-3.548546961796478,0
328,0.7420214103290013,-0.1531619430638495,-0.5673002278776396,0.011339767258571597,0.022874323647651205,0.016528649074725763,0.7901999950408936,0.2184000015258789,0.6402000188827515,22.259577881268093,4.594658863374165,17.018201836305007,0.9469791959946886,0.006271071444379352,28.408026504936412,72.76164406137445,6.645915840968353,84.67741935483872,84.67741935483872,14,0.4,0.07642955312335835,0.8315510204081632,0.07636445636388549,0.00033616099958350636,0.13672217891429045,0.004849018707726099,0.11055053530417941,0.03546621876737272,1.3157142857142856,1.3023809523809524,0.838755151448641,0.3006779942660049,1.0102376599634368,9.097493489583334,7.230428059895834,57.649664161318825,14.383308270676693,7.637301291047274,4.112141927083334,4.6477480287905095,1.4958789038541191,2.214926742709354,31.605783462524414,0.06947410106658936,0.1254321038722992,3.936767578125e-06,1.3214592502024178,0.02345348805153363,2.427775634467765,-1.8891834077380953e-06,1.521718457664539e-08,1.3214590585572574,0.0010890561672292475,0.015839118401413044,2669.0,-0.002299584012321958,0.018831563471811884,-9.413405424932947,0
329,0.7439858575945809,-0.14857646653481893,-0.5647773900429408,0.011684577409391283,0.026688917969635823,0.016428882310667896,0.7901999950408936,0.2224000096321106,0.6202000379562378,22.318518299290112,4.457105138897896,16.942502272725104,0.9463859514275252,0.005982459248007844,28.39022717226651,70.96129274355346,6.616020331500869,84.67741935483872,84.67741935483872,13,0.38235294117647056,0.08185201664176672,0.8527731092436974,0.07801248182249117,7.0127686797167775e-06,0.1375382955592257,0.0036656599670852174,0.036145513296052784,0.026651922304117392,1.829047619047619,1.3617857142857144,1.1459691756211958,0.5295443507278262,1.3431243989859252,10.91461181640625,10.009562174479166,59.00750260126022,14.81654135338346,8.048962790399997,5.45684814453125,4.928499857584636,2.692019997033154,2.7722898129074824,31.665233612060547,0.04024135693907738,0.11623373627662659,8.30078125e-06,1.3030662008038214,0.026451668382386235,2.423175057221405,-8.35600353422619e-07,-5.472033720051572e-08,1.3030663471510637,0.0010842340999296662,0.020085747745462797,2675.0,-0.0022338762560785794,0.019010662084054893,-6.059560489373034,0
330,0.7899430768830435,-0.1281128093429974,-0.4452077234359015,0.07211165859152943,0.04739691975635716,0.19289357938379806,1.0107998847961426,0.22460001707077026,0.6202000379562378,23.69713687786034,3.8675049902285847,13.595999706174647,0.939687792366284,0.016559552912704226,28.189293465327616,81.59016414343458,34.750624378375456,251.49700598802394,251.49700598802394,17,0.4594594594594595,0.2575912096569233,0.8013127413127413,0.18622424145562502,0.00024616969596001685,1.735082798107383,0.015568870530744855,0.5896397303784963,0.00897298419863725,1.693015873015873,1.271111111111111,0.949844108093544,0.4578218062176869,1.331918081918082,20.650838216145832,26.598612467447918,90.03480725969587,15.549071428571429,8.840383305880914,9.078436957465279,8.563594111689815,7.417957365839471,5.163767648546534,31.6475887298584,0.06969653069972992,0.13373883068561554,-1.060849144345238e-05,1.292295607150915,0.024136935479503845,3.3677194484029638,-4.105340866815476e-06,-4.4865043698294454e-08,1.292295291112094,0.0010459025281518812,0.016835123821101958,2678.0,-0.0022567938659356994,0.01848612475539472,-6.059560489373034,0
331,0.8389180772247768,-0.1171229618163336,-0.3164323617191542,0.07075775782106226,0.06161848427728116,0.21180981788076378,1.0107998847961426,0.22460001707077026,0.6136000156402588,25.16639917390687,3.699780993589333,10.18534771340234,0.9332709978246866,0.01740429512501366,27.99680705661328,83.32468641354725,34.01804495711782,251.49700598802394,251.49700598802394,17,0.4473684210526316,0.253828381420521,0.7814661654135338,0.1827003812430302,4.354922515618454e-05,1.781950101215846,0.01605261688063058,0.5157423498268987,0.00900845476519106,1.5191428571428574,1.1848051948051948,0.757195200347025,0.29473000929234655,1.2821878767949142,20.650838216145832,26.598612467447918,100.26880020868212,16.294285714285714,8.921708716615605,10.634796142578125,9.65341279000947,6.726707444277002,4.1200768706337385,31.542522430419922,0.15881767868995667,0.17697499692440033,-1.6075497581845238e-05,1.276968574587501,0.025198587371025247,3.3677194484029638,-1.9800095331101192e-06,-9.307894671104011e-08,1.2769686336917039,0.001069200544701488,0.018307588389600362,2681.0,-0.0022605451695845583,0.018331668285694675,-3.953172899843189,0
332,0.8859948774973552,-0.10216749535571962,-0.21100717136689595,0.025113067025994962,0.06371690423439394,0.12110550502423226,1.0107998847961426,0.22460001707077026,0.6136000156402588,26.578698324901715,3.251107428371906,7.022581145720823,0.9268276929681427,0.01722287264844705,27.803500435771628,86.44880012174957,32.69463366756336,251.49700598802394,251.49700598802394,14,0.358974358974359,0.248606751444098,0.746117216117216,0.1704428156244966,5.689469387754781e-07,1.716963663430576,0.00928069372300411,0.9904476618154557,0.005405294195021481,1.413968253968254,1.62,0.8033461138164708,0.9916619733496667,0.8728199098569469,20.650838216145832,26.598612467447918,121.28573463076638,13.26108843537415,8.304389660860664,11.610706470630785,10.411722819010418,6.476665078933099,5.552755829105264,31.38979721069336,0.1596597135066986,0.20287951827049255,-2.708798363095238e-05,1.2670556475256665,0.027951873270749366,3.3677194484029638,-5.994524274553571e-07,1.1147876561722826e-07,1.267054512472861,0.0010687049588603997,0.0218714128652351,2665.0,-0.002237141481451032,0.018870310806120266,-5.411071831106121,0
333,0.8789883436418715,-0.11087396207309905,-0.24505200934410096,0.025355014407926913,0.05464228677391265,0.11833696969219788,1.0311999320983887,0.21939998865127563,0.448199987411499,26.368401452132634,3.4879751486437662,7.882736715972424,0.9286183851978737,0.016254855753996305,27.857233152978438,77.77250496015523,6.659497373155884,96.99769053117784,96.99769053117784,11,0.2972972972972973,0.06754229379616275,0.7768339768339768,0.06297035709444389,1.2971757767596823e-05,0.07442095234537888,0.004502054356998782,0.0504682791826987,0.060494446995320326,1.1858730158730157,1.6482857142857141,0.8598305598109328,1.0157526213380412,0.7194584079659483,19.855143229166664,20.865478515625,99.507007925851,14.363809523809524,8.534456945886605,9.233647099247683,9.345652262369791,5.305807436067216,5.116066661432151,31.222835540771484,0.11189065873622894,0.16510166227817535,-1.6874767485119048e-05,1.3026644959801021,0.08380237249722387,4.203334671598461,1.148042224702381e-05,2.4208867243592338e-08,1.3026650607587578,0.0010598565520962167,0.0819674975718344,2675.0,-0.002281315752077282,0.017378359316243156,-8.793501358618943,0
334,0.8819490384431112,-0.10956276235126314,-0.2324371617578325,0.06454741855436272,0.07420378712165855,0.13012554330680656,1.4874000549316406,0.4488000273704529,0.49699997901916504,26.45734501046794,3.515798007164683,7.500857571576323,0.9310372125288263,0.06033304768928962,27.92993575329922,91.99070329497124,31.940743748175453,222.2222222222222,222.2222222222222,11,0.2619047619047619,0.12279189580935684,0.697857142857143,0.14085372420683412,0.00041862830220741333,0.5830445784021728,0.005472893142413248,0.33209660042044226,0.009386749049981137,1.3560714285714286,1.3644642857142857,1.0373710271446681,0.5030668381263557,0.9938489726475592,19.855143229166664,20.865478515625,119.89499046688987,16.005785714285715,7.459691620739466,9.487368265787762,8.970502217610676,5.977850820278599,6.387740937870138,31.16033172607422,0.08905598521232605,0.14234524965286255,2.7335030691964284e-06,1.4119602862917056,0.14777558486976133,3.283108121664452,1.456851050967262e-05,7.702123016941023e-08,1.4119599628852635,0.0010146161580314814,0.14676472123319786,2697.0,-0.0022799272683908653,0.01823230272999594,8.219288983553845,0
335,0.8896116001038324,-0.12314741004932495,-0.18049998074769974,0.15142184826293728,0.10414482382091737,0.18042616901968553,2.0297999382019043,0.5390000343322754,0.850600004196167,26.687076860240527,4.1851708585449625,6.733578574018819,0.9396064156997165,0.15040755697166042,28.1868352712828,111.33542684569971,43.52042743838697,233.33333333333334,233.33333333333334,22,0.4583333333333333,0.1881941053184072,0.6077678571428572,0.1907537203411236,0.0004103849102873796,0.7802095192498971,0.0063348950231321925,1.5943471275481307,0.008119479276826354,1.2566666666666666,1.338051948051948,0.8319694962138849,0.6023384463741587,0.9391762916949756,18.507283528645832,14.501647949218752,106.31794927687871,15.7468,9.184325958447925,7.41124471028646,7.648750073982007,4.083960453250405,4.60316225455411,31.15464210510254,0.09909052401781082,0.148037388920784,-6.148565383184524e-06,1.5185898936627553,0.10088646790745331,3.2605326972909685,1.3660249255952382e-05,9.784029537817688e-09,1.5185906831086748,0.0009626051606738084,0.09940346420247972,2716.0,-0.002299614528446934,0.017461315143881936,8.219288983553845,0
336,0.9005993624471483,-0.13049801951930637,-0.1404308189607802,0.2034271108647827,0.12674655206232077,0.17964584123872293,2.0297999382019043,0.5390000343322754,0.850600004196167,27.016506873369217,4.576354571495737,5.853098858211721,0.9465760768419288,0.20382197274105954,28.3957317813397,141.85580510125828,57.24477904045067,274.5098039215686,274.5098039215686,39,0.639344262295082,0.2185777310015728,0.4899063231850117,0.18140872281705667,0.0020473224049979205,0.7761342237912986,0.014238158253439666,5.485171282124608,0.018344968971846662,1.0879120879120878,1.257912087912088,0.7038134777224299,0.5984494919951616,0.8648554206342272,18.507283528645832,16.105448404947918,110.50060228620256,16.182704081632654,8.409383228782335,7.9273947691306095,8.10249524238782,4.790651822706185,4.5516382247818905,31.05547332763672,0.2135048657655716,0.23466438055038452,-1.910400390625e-05,1.5695644829319884,0.031902041482312335,1.3664089998519362,2.3251488095238097e-06,-6.721883384042371e-08,1.5695646591981924,0.000929029572806016,0.026928839166966742,2713.0,-0.00234138238464649,0.01718571787273538,8.219288983553845,0
337,0.9028828675576619,-0.12954386706295468,-0.14937748562438147,0.21990991591103498,0.11913636239458393,0.17596543804412698,2.0297999382019043,0.5390000343322754,0.850600004196167,27.08532745531627,4.415463574315821,5.898689002650125,0.9482080865479825,0.2207075512661958,28.44504510833947,161.37025133730089,61.66685737833522,276.3157894736842,276.3157894736842,49,0.7424242424242424,0.23617125202398062,0.43350649350649345,0.17212667772903406,0.0009339136000000028,0.6763590793166553,0.003204653801276098,6.535343012433536,0.00473809533911166,0.905,1.015047619047619,0.20043229519283617,0.42326456134300794,0.8915837868267968,13.284708658854166,16.105448404947918,82.77657884870257,14.82299539170507,8.172562796752612,7.024943033854167,7.181545681423612,3.8686386743389996,3.017519889656037,30.856435775756836,0.2897856533527374,0.30272048711776733,-4.351951962425595e-05,1.5530543874305838,0.02438226245725564,1.166031284740907,-2.4159749348958332e-06,3.987653304543984e-08,1.553054860067321,0.0009261984097252827,0.0174973435792669,2697.0,-0.002348516618721281,0.014730070735073226,8.451013813917967,0
338,0.8972208487703687,-0.15911849567719868,-0.1692978286402566,0.17433692268099707,0.10568845615398274,0.1375398417836119,1.605600118637085,0.5013999938964844,0.6557999849319458,26.91533389168126,5.04071401225669,5.737494859014238,0.9429219665603036,0.17425408846596463,28.286319073969977,153.2169754738346,68.56502460241997,276.3157894736842,276.3157894736842,39,0.639344262295082,0.23775788004566645,0.481311475409836,0.21139047936525937,6.916807596834697e-05,0.9407993606541828,0.013021280588802333,3.765324173182223,0.013840656290144599,0.9318367346938776,1.0454081632653063,0.21077769960449388,0.2125810965621752,0.8913616398243045,11.305948893229166,16.105448404947918,72.95388408842541,14.673285714285713,8.580781826564643,6.964445568266369,7.153916131882441,3.1673374477519514,2.2889386518012325,30.640525817871094,0.1362878829240799,0.1957402229309082,-1.672944568452381e-05,1.5493941962120108,0.024185521843148053,1.1589935289304971,-9.445917038690477e-07,-6.715610737903648e-08,1.5493949189907459,0.000967636186069693,0.017293760474070184,2691.0,-0.002387779972949577,0.01347627522923832,-5.749569373280944,0
339,0.8881038103557768,-0.13619210521096276,-0.12325351444596336,0.12693417957900363,0.11087739179953156,0.1951446027275487,1.4656000137329102,0.6274000406265259,0.9453999996185303,26.641616596409254,4.508930864078658,5.678513573024954,0.9349505552720487,0.12174996279821723,28.046973168397972,131.11041383049937,63.61322133749704,276.3157894736842,276.3157894736842,35,0.660377358490566,0.28542354712932666,0.5593261455525605,0.2220624097099867,8.010615310287275e-05,0.5650667804427267,0.00769108828397567,4.153330460759557,0.013610936884220558,1.072142857142857,1.057922077922078,0.4443812100707517,0.14411055799730457,1.0134421802111464,31.052042643229164,8.96881103515625,123.2888415382022,14.304126984126984,8.13157400150798,8.9776611328125,6.640107125946969,1.8269525179593715,6.924719746475264,30.588897705078125,0.07845180481672287,0.12587197124958038,-5.562918526785714e-06,1.5422699343709172,0.027722105748803634,1.3090676067739901,8.719308035714285e-07,1.0257204385407507e-07,1.5422687642849793,0.000996162980672193,0.021941346477570584,2695.0,-0.0023547048529218104,0.016972201882108583,3.2623000787914673,0
340,0.8895377625397274,-0.14423430516606287,-0.09454117159616379,0.07522846205915965,0.10057128678190642,0.18181657088525977,1.394399881362915,0.6274000406265259,0.9453999996185303,26.68485501910959,4.65349414974451,4.783215862470014,0.9303884285804519,0.06501954735710982,27.910315487578213,98.26732951170239,37.062073471644524,245.61403508771932,245.61403508771932,23,0.5227272727272727,0.23250457380255496,0.6673701298701299,0.16017903456818716,9.091038733860843e-07,1.1204201069306245,0.003277539050529887,1.8979952833331724,0.0029252768941363076,1.0671428571428572,1.5624175824175823,0.448041087765989,1.1012235787368059,0.6830074553383036,31.052042643229164,42.76936848958333,137.55629098074778,15.308465608465607,8.939433916596462,10.450515747070312,14.742979392027243,13.7527653992852,7.098388338904438,30.599048614501953,0.06388837099075317,0.11921446770429611,7.500058128720238e-06,1.533119111201643,0.03235952845399196,1.3504509601984158,-1.6893659319196428e-06,-5.416117133387006e-08,1.5331202806070685,0.001022221261752227,0.027477933253141462,2697.0,-0.002342552896011648,0.020584431047408636,3.2623000787914673,0
341,0.8920632005248751,-0.13391718122788837,-0.08990550493342536,0.07078216088321683,0.08881094523290893,0.17760836250282858,1.394399881362915,0.6274000406265259,0.9453999996185303,26.760612015809333,4.344135431604726,4.620815865227154,0.9287766617940336,0.06008083060484762,27.86199496672442,97.25928578653111,32.3863300462511,245.61403508771932,245.61403508771932,21,0.4666666666666667,0.20801328539703842,0.6596825396825398,0.13828751438185888,4.150514885464452e-05,0.4421005743797036,0.0028845677379334715,2.3918272787571295,0.006524686700488257,1.189107142857143,2.0084285714285715,0.507651122317085,1.4253318195839055,0.5920584678853403,31.052042643229164,42.76936848958333,158.29907052176338,13.064714285714285,7.374021389240717,13.392168680826824,19.26910400390625,13.345507031979546,7.115154134609598,30.599346160888672,0.05317520350217819,0.10756765305995941,-4.3116978236607145e-06,1.5214327613340493,0.024721285428082048,1.1408054741163913,-2.7247837611607143e-06,-3.438699506811687e-09,1.5214331406460526,0.0010116556565752909,0.017794041139633374,2691.0,-0.0023495127522294326,0.022096428413332442,3.2623000787914673,0
342,0.9004542677572795,-0.16405514300153368,-0.12350323826926095,0.014019744367702988,0.04734921764257681,0.08839619861345899,0.9639999866485596,0.256600022315979,0.24860000610351562,27.012333604182516,4.924152575050082,4.198675441316196,0.9290512943295945,0.010055357172204944,27.87023074357813,84.39611235071366,6.861454811374288,103.19410319410319,103.19410319410319,11,0.2682926829268293,0.07304597378168276,0.7162020905923345,0.06601552659584702,1.3184309204498183e-05,0.18496872954992694,0.0021138227008949463,0.07090180785074242,0.011428000322207874,1.2958730158730158,1.4881428571428572,0.7496392010299598,1.0306441516580487,0.8707988011050313,16.779581705729168,16.628316243489582,98.39002649216427,14.845389610389612,9.784830948204391,9.108445909288195,9.232025146484375,5.129425746197957,3.973274412051578,30.583850860595703,0.034568190574645996,0.08773646503686905,5.074637276785714e-06,1.5029740477736737,0.03042529942411393,1.4097169985853042,-5.9218633742559525e-06,-3.554381771075707e-08,1.5029738679841254,0.0010331744575533528,0.02498208906180318,2687.0,-0.002344671586974281,0.02251799461870298,-10.510121383404126,0
343,0.9015728104568663,-0.1544699812503088,-0.06931089542593274,0.017500501761305194,0.053190190394542834,0.1273297657030064,1.0164000988006592,0.41019999980926514,0.32780003547668457,27.045896313701355,4.639452578638281,4.007525004063334,0.9276757089564036,0.016267146327168604,27.828941245404742,93.0382173520509,38.24643396759024,240.0,240.0,18,0.45,0.3287906578710787,0.7279642857142857,0.2518233279908916,0.0006019912609745919,3.2132642542424588,0.0330976063497174,1.3240022273704077,0.01030030639590839,1.4125714285714286,1.636190476190476,0.7420728827179349,1.0383496848495748,0.8633294528521538,16.779581705729168,16.628316243489582,87.61154661632719,18.17156462585034,7.655967189478265,7.165201822916667,7.235073513454861,4.473643628891748,3.9874055811615556,30.611366271972656,0.06235494092106819,0.13258862495422363,9.185791015625e-06,1.4592527962884394,0.06671127254843959,2.03895750624513,-7.320585704985119e-06,3.7159300144753846e-08,1.4592534946401838,0.0010257151577833666,0.06429224309721056,2710.0,-0.0024394001780700175,0.02029499199495771,-5.595428573754766,0
344,0.8915556389490763,-0.14061422896669024,-0.0533416286281177,0.0657249018774016,0.06601967336313948,0.2067905195785056,1.2994000911712646,0.5401999950408936,0.8725999593734741,26.745482025572233,4.313473010190895,5.034026152236121,0.9303783149243896,0.05767164102281205,27.91014366856188,107.97840398075674,56.065747361369844,253.01204819277106,253.01204819277106,30,0.7142857142857143,0.4534193961778254,0.6960204081632653,0.3253895827095388,7.993089812578083e-05,3.5719731230829685,0.04691607836068946,6.010260229680485,0.013134499265267765,1.20010989010989,1.2027272727272726,0.5596013555131354,0.3652637517817232,0.9978237937421611,46.43910725911459,30.18636067708334,142.6272202264695,14.966978021978022,8.453467861749214,9.638648399939905,10.068063446969699,9.468628573149996,10.917331538871462,30.71973991394043,0.13916580379009247,0.1707230806350708,1.1832101004464286e-05,1.4021246667464775,0.06161416404660769,1.9809554776427771,-5.2315848214285715e-06,-8.928669541820017e-09,1.4021246693095006,0.001039720603142716,0.058872427920942376,2721.0,-0.0024269844746511327,0.021927518177430227,-3.940040043963407,0
345,0.8916071909552529,-0.1268306862144243,-0.06349265713351114,0.08725848801615839,0.07678177453174577,0.21034693446398245,1.3273999691009521,0.5401999950408936,0.8725999593734741,26.746885014346667,3.9820388719013757,5.098778719050544,0.9306409678993733,0.0821183887776329,27.917842428526274,115.76994048331329,57.755340501210654,264.1509433962264,264.1509433962264,35,0.7777777777777778,0.4564814614804469,0.6512380952380952,0.3248358524943939,0.0011483522825489428,2.5869315401724515,0.04747209056063299,8.29704221105319,0.018350733223295265,2.6370238095238094,1.1776190476190476,2.5103041701443254,0.33159683741711715,2.2392842701172664,46.43910725911459,30.18636067708334,171.47266315278554,14.214161490683228,8.763330400060745,19.738786485460068,14.05367250795718,10.595712244913276,15.190324097130242,30.814777374267578,0.11380764096975327,0.15620353817939758,1.4564150855654762e-05,1.4052450676758137,0.06896996546119125,2.254614731153034,4.4141496930803576e-06,9.566310416629539e-08,1.4052449208160647,0.0011053287836342738,0.06647222536400518,2736.0,-0.002445854338502482,0.019273347065267725,-3.3972664374382573,0
346,0.878868790933064,-0.13749456221716744,-0.12510229504108428,0.1437211181045482,0.1091845553609727,0.24645540109161537,1.7125999927520752,0.6058000326156616,1.0277999639511108,26.364980870825903,4.497265432987894,6.739174432711942,0.9390164643439729,0.13612884292739422,28.169040627566094,133.1916051034096,59.607524636910895,264.1509433962264,264.1509433962264,44,0.8148148148148148,0.3470643150973839,0.5444708994708994,0.24348953553502864,0.00204141681232819,1.47270099515201,0.009776025424938096,8.774301884021135,0.006638160398560081,2.556190476190476,1.0987142857142858,2.5649657099015033,0.3329941165135701,2.3265288432366833,46.43910725911459,30.18636067708334,187.95563659667968,15.77904761904762,8.56183421034018,19.243240356445316,13.265523274739584,10.40965707930863,15.680261366687992,30.892139434814453,0.043933846056461334,0.09663431346416473,0.0,1.4633531462810736,0.09046013248229053,2.5731965036849456,1.1189778645833333e-05,-8.567142084051328e-08,1.463353312804012,0.0011680154108602606,0.08860402597705466,2733.0,-0.002369128081419486,0.01964156896957137,-3.3972664374382573,0
347,0.7352156001499721,-0.1708587049558049,-0.3745791045512472,0.24730609196300532,0.11074204541334982,0.3744024910809009,1.7125999927520752,0.6058000326156616,1.0277999639511108,22.055624004517284,5.408622572209154,12.709546850366252,0.9527180189189703,0.12638784288259639,28.580298259821205,126.62704987439352,58.71713501428823,264.1509433962264,264.1509433962264,42,0.7924528301886793,0.26810091471488423,0.5630997304582209,0.20562024951804772,0.0014376787698458999,2.0117845656953275,0.0052165715220376125,2.779014220985604,0.002593007030171058,1.4958928571428571,1.5080357142857144,1.0582586865715216,1.1551850583922272,0.9919478981645944,26.412556966145832,20.424092610677082,145.68506426130023,14.398163265306124,7.358701824695238,8.812141418457031,8.583310445149738,5.170397165829119,7.24282046530777,30.8429012298584,0.07549435645341873,0.13594602048397064,4.182361421130953e-06,1.5133655330668312,0.04614047230578762,2.0023759231162246,2.979096912202381e-06,7.935036438671389e-08,1.5133652393037136,0.0014118972315838043,0.042558622721522936,2730.0,-0.0025044365795639195,0.01516880582121604,-3.3972664374382573,0
348,0.5732206088588351,-0.21104479971386136,-0.6034613333429609,0.24067554686252832,0.09548098101910045,0.3863797358034661,1.7125999927520752,0.6058000326156616,1.0277999639511108,17.195651265808515,6.529345985693591,19.522657429065024,0.9701831417046988,0.111187513383137,29.104067645697306,118.62451468040862,62.633440654411416,256.0975609756097,256.0975609756097,36,0.782608695652174,0.2400581940029053,0.6304037267080745,0.2509709031667485,5.4073512036651945e-05,1.3025678393308224,0.02161626696056902,1.596676581875903,0.016595117972261698,1.8455555555555556,1.5712698412698414,0.9007319886593935,1.051212979200316,1.1745630871805233,26.412556966145832,20.424092610677082,110.44313245500837,12.984499999999999,8.879584429913328,8.90064380787037,8.105400933159721,5.16837431641368,6.506152397412665,30.82867431640625,0.07130297273397446,0.13061007857322693,-2.7218773251488097e-06,1.4916296601494143,0.06304994845284234,2.077018802739171,-6.920950753348214e-06,-8.415865176769855e-08,1.4916305752755321,0.0015023133986071526,0.06056432416466288,2733.0,-0.002605721778083112,0.013559731049561416,-7.226874385512472,0
349,0.418661970274789,-0.2447686278507823,-0.8532862194890067,0.022744576753680534,0.012165328591473599,0.020370980316204396,0.6311999559402466,0.4254000186920166,0.8999999761581421,12.559142822452953,7.342651835509709,25.597346870388304,0.9819467401968667,0.01215673275997458,29.456909755590885,81.5384681641517,39.305145593947785,250.0,250.0,18,0.5,0.14928556781557115,0.8097619047619049,0.16651166261510955,0.00246016,0.6017638806265678,0.02217929828364556,0.2983561311947766,0.036857144467614206,1.729591836734694,1.7673015873015874,0.36242358340885067,0.9750010045798521,0.9786625266237267,7.951863606770834,20.424092610677082,79.9466096423921,15.593015873015874,8.341956611662466,4.552743094308036,6.682388870804398,5.6741491925735446,1.5263015265609146,30.832780838012695,0.07337165623903275,0.12774547934532166,6.552559988839286e-06,1.4286121001306484,0.0639373739435583,2.0603147254946204,-1.0626656668526785e-05,-1.0445088866215102e-07,1.4286129978743252,0.001450746798039377,0.06139338023889028,2728.0,-0.002728734457585353,0.010082051952333103,-3.9837646235882933,0
350,0.40685256990932284,-0.2469552655078116,-0.8602759910992214,0.006581469884446586,0.0043579120491152945,0.006156251847229415,0.43859994411468506,0.2703999876976013,0.899399995803833,12.204991097279958,7.408310250937939,25.807057732982294,0.9831916143576337,0.0050153466984999805,29.494349255932434,68.64633535301276,4.9366975021372514,76.92307692307692,76.92307692307692,15,0.45454545454545453,0.05638956608509509,0.8787012987012988,0.06490596750668944,2.525370162432309e-05,0.11072164087447317,0.004231514777051285,0.04271864022346284,0.03821759453374267,1.5198412698412698,1.332857142857143,0.36141912557105527,0.2207336766537229,1.1402881981660116,4.703776041666666,6.888834635416666,38.26235264369419,15.896071428571428,8.112477047859107,3.911189326533565,4.046834309895833,1.1417160201198084,0.6171753345918727,30.91806983947754,0.07742372900247574,0.1229037344455719,6.492978050595238e-06,1.3678568021767843,0.047488118012608695,1.9981572004382087,-7.1934291294642856e-06,-2.2509230297724142e-07,1.3678582332717988,0.0013354616531752665,0.04378598260495663,2743.0,-0.0027020873413115,0.009979070785493526,-12.411292648616634,0
351,0.4028847985892069,-0.2475664561589559,-0.8623298003588404,0.006610975970401478,0.004288383223937447,0.006382008939939883,0.4249999523162842,0.2685999870300293,0.899399995803833,12.085973100491932,7.426642827604498,25.868662725048406,0.9835108612484399,0.005216015213348541,29.503923994518285,73.86154908374571,6.9196422646055105,92.10526315789473,92.10526315789473,12,0.3333333333333333,0.044661343111387926,0.8191269841269841,0.07297242496132844,0.00014818341957517696,0.0536765924929081,0.0027071911065742714,0.006234172708926355,0.05043522662009428,1.486,1.2328571428571429,0.480846532435352,0.10773276756098493,1.2053302433371957,4.997456868489583,5.667826334635417,34.51945706322079,15.062993197278912,8.202221687046276,3.877716064453126,3.9307657877604165,0.8039677376493789,0.6381496300253944,31.014528274536133,0.09096787869930267,0.12586891651153564,1.2574695405505952e-05,1.3219677977922741,0.04166543569840625,1.7369909574965283,-5.7220458984375e-06,-1.7867847260478383e-07,1.321968795628956,0.0013297818086074992,0.037328904514922275,2751.0,-0.002705062663496679,0.010158883468445193,-10.761308827477587,0
352,0.39919137959820883,-0.2481362944018273,-0.8643164001646496,0.006310463347489415,0.004035585607174138,0.006316581067087126,0.42079997062683105,0.2685999870300293,0.899399995803833,11.975168530770711,7.443739689205374,25.928275719242436,0.9838886350183781,0.0052324674364092934,29.515269996515833,73.96801329137028,6.801948476363251,92.10526315789473,92.10526315789473,10,0.2777777777777778,0.0459236278165906,0.8176587301587303,0.07101639232839052,9.022673619325284e-05,0.05256214810333205,0.0029820951591631737,0.012208277692593647,0.0567346515842668,1.3931428571428572,1.2023376623376623,0.5262938575451892,0.10090917448056845,1.1586951825448262,4.997456868489583,5.667826334635417,32.88895539783296,15.596521739130434,8.807856477474429,3.67083740234375,3.6562647964015156,0.7581492618444742,0.6521583545584909,31.11931037902832,0.09735260158777237,0.13550055027008057,1.5096028645833333e-05,1.2841946658313426,0.03719435805514958,1.8768316887098682,-5.613054547991072e-06,5.8766445581650356e-08,1.284194691917001,0.0013673911004601074,0.032231773862085734,2757.0,-0.00271251731688372,0.010183769432710403,-10.761308827477587,0
353,0.4083423414400646,-0.24159468538420542,-0.8602299712442216,0.019905903834825153,0.011301473334476661,0.01198756339065806,0.5130000114440918,0.2688000202178955,0.9236000180244446,12.249694671801159,7.247493275829724,25.805670994477612,0.9827032106616591,0.008314624694165903,29.479696174980596,74.96296815598795,8.70238867306611,104.2183622828784,104.2183622828784,12,0.3333333333333333,0.10189716419003446,0.8103571428571428,0.08703830248673995,7.847790354019161e-05,0.155484951354323,0.0057438615186640955,0.07212804669168758,0.036941591251328496,1.4,1.3395238095238096,0.5875159572300994,0.28523292784889287,1.0451475293281194,13.145751953124998,19.2401123046875,61.13331349690755,13.807293233082707,7.338603824968074,5.058492024739584,5.526982060185186,4.914727041025005,3.110638473322223,31.20216941833496,0.0642361119389534,0.10590356588363647,9.091331845238095e-06,1.2539192186265404,0.030157449024988715,2.3966617014386586,-2.9972621372767857e-06,6.749152551965886e-08,1.2539192399063486,0.0012755201487845845,0.023645464736739542,2766.0,-0.002685680564690372,0.010172754163823398,-10.135128843185297,0
354,0.40798477008796874,-0.24127365672020684,-0.8605124475501833,0.02004178539092476,0.010976235470064011,0.011961425999953566,0.5130000114440918,0.2688000202178955,0.9236000180244446,12.23898638835975,7.23785541589771,25.814131712232317,0.9827238350777713,0.00808164763024766,29.480308880230066,72.05153487382044,7.363075296026749,104.2183622828784,104.2183622828784,13,0.37142857142857144,0.10383782026394267,0.8402040816326531,0.07459288365774697,5.061581674302385e-06,0.18784380573814186,0.003928469583766756,0.09464504034390338,0.020913490164499348,1.6344444444444444,1.3542857142857143,1.134872992673019,0.3991796434628174,1.2068682606657288,13.145751953124998,19.2401123046875,63.65328056698755,14.124962406015038,8.77623363242311,5.013280797887732,5.1769256591796875,5.385630274848998,3.408322722719275,31.264921188354492,0.0402105376124382,0.09060300141572952,7.282075427827381e-06,1.2432290749245385,0.023467811558224378,2.3241378486676596,-1.1080787295386906e-06,3.0523053060813154e-07,1.2432280234139301,0.0011490587305011289,0.013613206729045464,2748.0,-0.002696548664628321,0.010050224750479758,-11.134296021858631,0
355,0.4066542465516499,-0.24027239907071704,-0.8614536188188053,0.020937056270031885,0.010331104667386543,0.01243772784217582,0.5130000114440918,0.2688000202178955,0.9236000180244446,12.199063253658158,7.207823257829462,25.84237942171948,0.9827698447169698,0.008003799564303627,29.48169867155853,71.84101601431017,7.82489247896204,104.2183622828784,104.2183622828784,14,0.4117647058823529,0.10414448124910124,0.8439075630252102,0.08189114434804645,2.3552852977923273e-08,0.16530877844701192,0.0020757425053095947,0.04379300670550924,0.012556759083274898,1.9839285714285715,1.3425,1.122655550333172,0.41216003306621424,1.4777866453844108,13.145751953124998,19.2401123046875,63.91639113653274,15.891031746031747,8.275754602549702,5.229136149088541,5.271199544270834,5.353436984331574,3.5519000944901276,31.298791885375977,0.03780578449368477,0.10970278084278107,3.082275390625e-06,1.2445758350757943,0.023265280640829538,2.3241378486676596,1.1080787295386906e-06,-4.795602595403512e-08,1.2445762003888463,0.0011872256826593265,0.013432954956692195,2745.0,-0.0026865982281628702,0.009922338969014828,-10.714205341637363,0
356,0.3931059717280524,-0.24562534103223255,-0.8682583045136361,0.006301229189497023,0.0028842863893164252,0.0058519750963869,0.4184000492095947,0.2581999897956848,0.8956000208854675,11.792621437566622,7.368417516691344,26.046512992552348,0.9842757875902727,0.004476683560654338,29.526874781958618,70.37560037407695,4.7727879780651365,79.24528301886792,79.24528301886792,9,0.2647058823529412,0.05129612575045803,0.8565966386554622,0.05953200306105337,6.244224906288995e-07,0.07226543960867705,0.002070547612589067,0.007237691453409674,0.0286519756027396,1.5295238095238097,1.3092063492063493,0.3622548432092681,0.19625300796240233,1.1682832201745879,4.05975341796875,4.30816650390625,34.8915286109561,14.90707142857143,8.227579584010385,3.3199055989583335,3.4951104058159728,0.504547804967735,0.38351211966967774,31.33174705505371,0.02652754820883274,0.10970278084278107,5.113874162946428e-06,1.252636923789297,0.02082054782249679,1.6070559835512794,2.452305385044643e-06,1.4503252364354455e-07,1.2526355254780734,0.0013264319776009489,0.008768207676939985,2745.0,-0.002726491522399603,0.009763151549114288,-9.096886216462046,0
357,0.3904374678475516,-0.24503919781673522,-0.8698462945762134,0.004998945834826938,0.002663806159953879,0.005357417705331787,0.409000039100647,0.2581999897956848,0.899399995803833,11.712572035448892,7.350822363070079,26.09413283726999,0.984458708682244,0.004476505413955003,29.532344480890025,70.90255478055178,4.466923977957386,77.92207792207792,77.92207792207792,7,0.20588235294117646,0.04758743539445208,0.8497058823529412,0.05526404957548767,0.00011206598850478977,0.055873156222760775,0.002012629479821339,0.003874075323942131,0.03602140304723763,1.5470000000000002,1.3020634920634921,0.32650933667932913,0.062452198903611034,1.1881141045958796,4.05975341796875,4.56268310546875,30.840913609095978,15.520272108843539,8.421249530665577,3.348032633463542,3.404880099826389,0.5687966720815055,0.36829138832724273,31.3526668548584,0.023618459701538086,0.07248391956090927,2.5242396763392857e-06,1.2475877584465844,0.022657132977165536,1.6493918413927589,-5.267915271577381e-07,-9.220988922205915e-08,1.2475896388787306,0.0013879133675538116,0.013029532395158966,2750.0,-0.0027196907859763373,0.009759518444884183,-11.361930344382563,0
358,0.38896446880272456,-0.24437142679521015,-0.8706923229353768,0.0052701414321780615,0.0033070407004195217,0.005474817065152943,0.4121999740600586,0.26639997959136963,0.899399995803833,11.668380206908498,7.330801089576313,26.11953111661332,0.9844608585367598,0.004623416852002687,29.532426574044823,71.88752977453385,4.925849572481128,78.94736842105263,78.94736842105263,10,0.2857142857142857,0.07487845292929893,0.838734693877551,0.06000172148023272,4.467694727197005e-05,0.08714833439934716,0.006205116297456816,0.042261385733059154,0.0712017772941315,1.46,1.2357142857142858,0.20386403365401923,0.12028876820011933,1.1815028901734104,3.564351399739583,4.56268310546875,30.552428545270647,15.085034013605442,8.222523602069998,3.2541119610821756,3.295745849609375,0.5484780613608781,0.27356178487431543,31.375925064086914,0.025823036208748817,0.0835256278514862,4.066103980654762e-06,1.2380952636637375,0.02363821385765133,1.835269824161323,-1.5622093563988095e-06,-7.062815509324885e-08,1.238096005454652,0.0015786682203037504,0.015190363339454838,2731.0,-0.0027019434795794695,0.009650476156048167,-11.361930344382563,0
359,0.38643213503133683,-0.24341275151286806,-0.872227742209321,0.00652008688154239,0.004548081065610716,0.006098610741068748,0.4121999740600586,0.26639997959136963,0.909600019454956,11.592416908144951,7.30203254537923,26.165578266297068,0.9845992777682876,0.005044671344315069,29.53656610653022,73.28335860904124,5.821393980663648,85.02024291497976,85.02024291497976,14,0.4,0.0808537873817522,0.8240816326530612,0.06759952632982469,2.0659807746772172e-05,0.10443867158001373,0.005276064564902702,0.05302371819762282,0.050518304044690425,1.4367142857142858,1.1928571428571428,0.19503537094170212,0.12931355483804707,1.2044311377245511,3.7741088867187504,4.56268310546875,30.689244660877044,14.456190476190477,7.942922237453292,3.339385986328125,3.371559425636574,0.5354614940597014,0.2817898717211013,31.398386001586914,0.025282537564635277,0.08636383712291718,2.243768601190476e-06,1.2231504637300104,0.023038142963690146,1.5811833497099779,-4.5958019438244045e-06,-1.7594941372519367e-08,1.2231502149432347,0.0016531000141282808,0.014793715379016801,2705.0,-0.002680368579221302,0.009445324916212689,-11.361930344382563,0
360,0.384278182603064,-0.24355778020620347,-0.8733829803438413,0.006036273239896443,0.005345891068948944,0.005894908114790865,0.423799991607666,0.27740001678466797,0.909600019454956,11.52778876381261,7.306392977620874,26.20022769600153,0.9848153897520041,0.005133952981461382,29.543041124552317,77.43779930342407,27.56678819677409,223.40425531914894,223.40425531914894,21,0.6,0.15390924345889315,0.820204081632653,0.1402127258720114,0.0005231956018325683,0.3095676377711769,0.010705320888600814,0.29995180304072705,0.03458152462472148,1.5880952380952382,1.2325714285714284,0.29280100120022623,0.16373298322548932,1.2884407355895537,3.91510009765625,4.022013346354166,30.754456728980657,14.16013605442177,8.572998392582091,3.2610857928240744,3.2596435546875,0.34270854406920387,0.4503747962712969,31.401403427124023,0.023364197462797165,0.09164505451917648,-7.004510788690476e-07,1.2101022046348333,0.024605757345334534,1.690255855988522,-2.2706531343005952e-06,-3.2557255960205824e-08,1.2101022196545477,0.0016668719442649116,0.0170323121173396,2709.0,-0.002700853617973177,0.009011364078093963,-10.234502132480552,0
361,0.3787497336921238,-0.25318790406272523,-0.874393789930003,0.008228745613067544,0.016165073998457662,0.005580034847546178,0.423799991607666,0.30080002546310425,0.909600019454956,11.361957296473639,7.59527326473168,26.2305728407417,0.9861297047510292,0.005323483067758631,29.582491483413904,74.336077666466,29.61860942898064,223.40425531914894,223.40425531914894,22,0.6666666666666666,0.27970533875958153,0.8722943722943722,0.19835873856316738,2.4569218825489594e-05,1.9536724387647386,0.01794839787949698,0.49099076625406685,0.00918700470117976,1.8689285714285715,1.2812698412698413,0.41018832782724846,0.16562729578361043,1.4586533696729436,4.2681884765625,4.632059733072917,29.427788144066223,14.57593984962406,8.756110074917547,3.3720016479492188,3.314525462962963,0.5647287041209103,0.5629882996247957,31.383136749267578,0.034676674753427505,0.09205180406570435,-3.4354073660714286e-06,1.1982320314429782,0.022111221491197663,1.4951701056067879,-1.9436790829613094e-06,3.4818247718826563e-09,1.198232583786579,0.0016633384417399527,0.013365643273356938,2714.0,-0.002696324153137425,0.008668987637949419,-10.559525699209875,0
362,0.37278383713676816,-0.26758002766824907,-0.8745226849487849,0.009666181212212226,0.018871130416805115,0.005066924385876205,0.423799991607666,0.3077999949455261,0.9003999829292297,11.182983399799891,8.027018115775926,26.234429691306183,0.9878289993025328,0.005087574029872342,29.633457482026238,72.56922110764704,29.523307545731555,223.40425531914894,223.40425531914894,20,0.6060606060606061,0.27988916811583014,0.8912987012987014,0.1910626351939809,6.603851062057484e-06,1.9879711098913138,0.016931357893307134,0.38202547990233504,0.008516903394150836,1.8571428571428572,1.23125,0.4056762781213433,0.10411296234653698,1.508339376359681,4.2681884765625,4.632059733072917,30.21728515625,15.51,8.583143197780071,3.2850816514756946,3.3592859903971353,0.5955913084333355,0.5146400553210395,31.36033058166504,0.025313738733530045,0.1096363216638565,-7.004510788690476e-07,1.1904539434599097,0.020484392254418626,1.4537587118950737,-3.633045014880952e-07,2.2836509646701145e-08,1.1904547427553709,0.0016896056812226625,0.01061846388911091,2716.0,-0.002693433840157537,0.008487802939701207,-10.559525699209875,0
363,0.3670443977344604,-0.2795987902766182,-0.8749951707067943,0.006173650605697206,0.010455876826954437,0.004697197107452223,0.40139997005462646,0.36479997634887695,0.9003999829292297,11.010782932043076,8.387604565450124,26.248598264072623,0.9892741160686929,0.004455160132680825,29.67680524320193,69.36560855670513,5.759115459631709,80.30592734225621,80.30592734225621,14,0.42424242424242425,0.09113163276160437,0.8712987012987012,0.07657911995063382,8.843675135360228e-05,0.14803094535997058,0.004119006936299933,0.16409667520265242,0.027825309946401006,1.6592857142857143,1.1833333333333333,0.2536529044153986,0.12315578321287031,1.4022132796780684,3.621826171875,3.6060587565104165,29.102346729096908,16.029473684210526,7.760008017238794,3.0811945597330728,3.0948554144965277,0.4813586678110625,0.31224747618064,31.371458053588867,0.03696932643651962,0.14529971778392792,3.0154273623511904e-06,1.1871464496214932,0.020561938194258843,1.278382926791245,-1.0354178292410713e-06,1.9482771679493185e-07,1.187145717884938,0.0017704463431323038,0.010860906211378155,2714.0,-0.0026982096137163113,0.008521311847124825,-11.73369169228478,0
364,0.3687330169223604,-0.28059498106014163,-0.8739980278355735,0.0071710208697042775,0.006912333526932843,0.005204436282476181,0.3946000337600708,0.36479997634887695,0.8966000080108643,11.061454079066005,8.417452860346863,26.218708977912154,0.9892815133354445,0.004302470235958431,29.67704439757482,72.67134090800832,4.477634456686591,80.30592734225621,80.30592734225621,11,0.3055555555555556,0.0618033182424099,0.8288888888888889,0.05295476946385013,8.654315102040838e-05,0.10890485530107884,0.0009244356736863514,0.012216907248782763,0.008488470703447083,1.646984126984127,1.1685714285714286,0.2643277053251685,0.12235964239146747,1.4093996196685683,3.968607584635417,3.6060587565104165,29.922747512090776,15.227,8.08046614006991,3.1728221752025463,3.1773206922743054,0.45622501948429117,0.40164891204775216,31.396114349365234,0.036793243139982224,0.14529971778392792,6.382533482142857e-06,1.1800884876947824,0.021803986023283546,2.3576482371556002,-9.627569289434523e-07,8.840364643192035e-08,1.1800878923057765,0.0017485433893578025,0.012537672647495052,2721.0,-0.002702024129338335,0.008622050891684727,-11.73369169228478,0
365,0.37314709376153493,-0.27743251480091186,-0.872440970642226,0.007932000213462452,0.006062932800899188,0.006628128327240465,0.4190000295639038,0.36479997634887695,0.9301999807357788,11.193886241401945,8.322572158277035,26.17197811927114,0.9886756413970094,0.004988494908949524,29.65885322056785,73.11969684361043,3.820331408638568,79.54545454545455,79.54545454545455,9,0.2571428571428571,0.04303813323513168,0.8228979591836735,0.04464761374076659,4.724458142440656e-05,0.06643162146545561,0.0008873447188163813,0.01991080860073307,0.013357264195000867,1.606984126984127,1.223015873015873,0.325835012744733,0.12564291705142083,1.3139519792342635,3.988240559895833,3.542582194010417,29.585632106236048,15.10957142857143,8.218718395298898,3.1642433449074074,3.2940221715856484,0.18678122047835333,0.6076093654760012,31.4112606048584,0.01940353587269783,0.13507238030433655,4.214332217261905e-07,1.1695418061088887,0.02405530101910089,2.3576482371556002,-1.453218005952381e-07,-9.101597081237254e-08,1.1695427515345074,0.0017695074967672194,0.01610473296837542,2718.0,-0.0027023445486505852,0.008617672711142298,-12.414286664011009,0
366,0.37627449383622125,-0.27582210525160744,-0.8712138278427578,0.005760196054800671,0.004126690485825848,0.006418607221835984,0.4190000295639038,0.29579997062683105,0.9301999807357788,11.28770767228944,8.274269157562937,26.135167549550534,0.9883019445793805,0.004953440602507157,29.647648061861535,71.54892082973366,4.736202725968488,79.54545454545455,79.54545454545455,13,0.37142857142857144,0.06460611100996508,0.8424081632653061,0.0579773469671512,6.770938775510746e-07,0.12533549522693802,0.0007775053605586398,0.02611729768318755,0.006203393213956302,1.5271428571428571,1.2385714285714287,0.3004705304726899,0.11951147726172123,1.2329873125720876,3.988240559895833,3.542582194010417,29.152161807105653,14.824928571428572,7.877736887221211,3.1816609700520835,3.1606377495659723,0.32982119449786007,0.5914327597632308,31.408945083618164,0.017815716564655304,0.09737768024206161,-6.321498325892857e-07,1.1553748585679329,0.023542262344018072,2.3422066515098985,-1.5077136811755952e-06,-1.6523317734902976e-07,1.1553744694504224,0.0017679424404411,0.01545623341829379,2713.0,-0.0026981812773145476,0.008562940413042492,-11.086214714114588,0
367,0.37585181740352086,-0.27596519138415654,-0.871427761015438,0.005217018012409473,0.0032845498267842733,0.0060786254062745034,0.4190000295639038,0.29579997062683105,0.9301999807357788,11.27501080776964,8.278558884348188,26.1415996876359,0.9883620985613899,0.004799534171626526,29.64945798540317,68.22705274791521,4.9119391827741845,77.06422018348624,77.06422018348624,12,0.36363636363636365,0.06772402356141384,0.884069264069264,0.06486665949605407,2.78413061224482e-06,0.1036957913629865,0.004405713063197869,0.015380138024801367,0.04248690332836843,1.4968253968253968,1.232,0.2485766992487893,0.127842696709827,1.2149556792413936,3.988240559895833,3.480021158854167,27.824350920177643,13.919251700680272,8.327263028567552,2.910619665075232,2.954813639322917,0.37873234696247904,0.5314625434673436,31.414308547973633,0.022238735109567642,0.10061770677566528,-1.1233375186011906e-06,1.142989307986822,0.02259920350735296,3.1385433254160127,-1.4713832310267858e-06,-1.6687003452561973e-07,1.142990379175121,0.0017365046995855909,0.013640360716874559,2723.0,-0.0026936300152466696,0.008427711523431181,-10.38438831788919,0
368,0.37304136978444596,-0.27452088618846165,-0.8731485993266106,0.005084331192689918,0.010969191602853763,0.005525158253379352,0.3991999626159668,0.303600013256073,0.9034000039100647,11.19070895067283,8.23525215706655,26.193201265505383,0.9884672854870845,0.004379898856438982,29.65260322464522,66.56184198360222,5.876527205361274,77.92207792207792,77.92207792207792,13,0.40625,0.07632395182457348,0.9084821428571429,0.08033328018705724,0.0002948859948354846,0.131370202338659,0.00966231172067001,0.046857840288811105,0.07355025377643519,1.6993650793650794,1.262063492063492,0.23725672453773017,0.07901924651774273,1.3464972959376178,3.4051513671875,3.53240966796875,26.810641043526786,14.485214285714285,8.413059009234223,2.8707659686053244,2.893823694299768,0.3748843718243925,0.27151896264541003,31.433408737182617,0.027975311502814293,0.0898938775062561,5.683535621279762e-06,1.1307376650684045,0.02312676568765318,3.1385433254160127,-2.8519403366815477e-06,-1.145394239842868e-08,1.1307369836650738,0.0016063059524200167,0.013694166458040032,2745.0,-0.0026828469245140114,0.008515380433005556,-6.809883090628441,0
369,0.3713150367793583,-0.2667330198486646,-0.8758002188319252,0.004741296935350436,0.0147276072986973,0.005821925063181199,0.3991999626159668,0.303600013256073,0.9034000039100647,11.138924817698342,8.001610595456192,26.27274870778833,0.9880798115319811,0.00435280252623789,29.64097874427326,64.4091226591146,5.2916977905777935,77.92207792207792,77.92207792207792,6,0.1935483870967742,0.054975566619818186,0.9374654377880183,0.07235410480101458,2.7706258392336565e-05,0.06341582309648926,0.006968405204219985,0.007467113775691231,0.1098843295563211,1.7998214285714285,1.3119642857142857,0.30495101438340777,0.15093575045464253,1.3718524567850823,3.4051513671875,3.53240966796875,25.535219828287758,13.614682539682539,8.176875471285783,2.8609085083007812,2.7788162231445312,0.3432929977426031,0.27887714575352385,31.485307693481445,0.060726460069417953,0.14277711510658264,6.8112327938988095e-06,1.1190364204255248,0.023564098131206915,3.1385433254160127,-1.961844308035714e-06,-1.1652041691285201e-07,1.1190376463323337,0.0015039078579648034,0.013887678852379237,2755.0,-0.0026358019584167866,0.008547194985967854,-6.809883090628441,0
370,0.369293655980201,-0.2598051440034594,-0.8783913719654083,0.004369166872888196,0.013765313319255968,0.00546487951992462,0.3991999626159668,0.303600013256073,0.9034000039100647,11.078279536536762,7.793775748653071,26.350488873209272,0.9877587523397692,0.004359483391844183,29.63135087494936,63.40194739150384,4.14544301124443,76.64233576642336,76.64233576642336,4,0.13333333333333333,0.04813115438590011,0.9500952380952382,0.057668927642357815,0.00028070608979591824,0.05952378237894777,0.0036580288466444583,0.0062192434558100695,0.06145491264913671,1.9308928571428572,1.4248214285714285,0.18225198061687975,0.16920573381875348,1.355182353678406,3.4051513671875,3.53240966796875,24.60847858247303,14.961746031746033,8.7908220996219,2.686017354329427,2.6677449544270835,0.409998033803017,0.3764744483245791,31.530332565307617,0.057719636708498,0.14277711510658264,5.40742420014881e-06,1.1067695376089792,0.02265300398225914,3.1898061001455407,-2.0708356584821427e-06,2.0845731108976055e-07,1.1067688430822435,0.001544422012106059,0.01235929640035641,2749.0,-0.0026328767698654974,0.008585416213981378,-6.809883090628441,0
371,0.3689957982074647,-0.2543560780996368,-0.879892496236733,0.003615821580100177,0.003488916262183729,0.004362444800843499,0.3832000494003296,0.2656000256538391,0.9021999835968018,11.069347517660686,7.6303209144302775,26.395512601350035,0.9874690462238103,0.003857314034924269,29.622656755666394,63.37233749158615,1.9897747639140326,69.42148760330578,69.42148760330578,5,0.16129032258064516,0.03882281396748232,0.9476958525345622,0.029030136708394532,3.915552519783434e-06,0.056209727086031856,0.00026471899840714683,0.0016168802104632792,0.004709487345526174,1.81875,1.4780357142857143,0.14410249594207136,0.14898626409087215,1.2305183037332368,3.0499267578125,3.08624267578125,24.465470813569564,14.961349206349208,8.525852541436958,2.64312744140625,2.6227696736653647,0.3118998649132404,0.31233012198083837,31.57154655456543,0.018495019525289536,0.13584917783737183,2.8105236235119046e-06,1.0962444171185302,0.022375111003225916,3.1654037095851653,-2.1798270089285713e-06,1.961908655835748e-07,1.0962439012574974,0.0016702852386891868,0.012488675918573772,2724.0,-0.002667377428874295,0.008491436953247318,-7.975522399147355,0
372,0.36774337911605837,-0.25520740203346526,-0.8803569821942421,0.0036103687594082143,0.0029771702011795152,0.0043557691851847935,0.3822000026702881,0.26579999923706055,0.9021999835968018,11.031775087714195,7.655860632402557,26.409444608688354,0.9876337477196386,0.0038572567923512856,29.627595578664238,65.31434250887584,4.489754108843893,79.84790874524715,79.84790874524715,11,0.3548387096774194,0.08475575151555192,0.9228110599078342,0.0612890752099256,1.8808163265307009e-06,0.16488173570993706,0.0023642245309811226,0.01683454056306282,0.01433891098247722,1.6532142857142857,1.47984126984127,0.18298230928208356,0.08272963490679466,1.1171564946905501,3.370768229166667,3.307902018229167,27.057198660714285,15.417218045112781,8.622375800275591,2.9349263509114585,2.8855387369791665,0.22386299941429416,0.2189832937729022,31.57899284362793,0.016924329102039337,0.12697409093379974,1.6159784226190476e-06,1.0864365890442624,0.02196914330713814,3.1518171439523064,-1.5440441313244048e-06,-9.28241697361486e-08,1.0864370801606098,0.0017539316409331286,0.01294009021856896,2694.0,-0.0026622420009854444,0.008374421591038992,-10.423500092559886,0
373,0.36728195017292387,-0.2551996780775842,-0.8805376583337784,0.0035248213960912206,0.0030047775447825096,0.0043721523709524075,0.3822000026702881,0.26579999923706055,0.9021999835968018,11.017936219487872,7.655629913721766,26.414864607155323,0.9876208913906129,0.0038753086065942744,29.627211354302236,66.9566566034025,4.491603259057202,79.84790874524715,79.84790874524715,10,0.30303030303030304,0.08156590861983692,0.9001731601731602,0.061197852816361385,1.7923198667224685e-08,0.1626387413984662,0.004354448950267399,0.05508998492965372,0.02677374967873715,1.635892857142857,1.4750793650793652,0.1952920856678268,0.10799788171079397,1.1090202302808563,3.370768229166667,3.307902018229167,28.110723586309522,14.805488721804512,8.493750887456317,2.987848917643229,2.998295536747685,0.2467876766818596,0.18144049601862774,31.58648681640625,0.019027234986424446,0.1427047997713089,6.830124627976191e-08,1.0770379858387975,0.0219030244290555,2.01352400833434,-3.633045014880953e-08,-1.0465602373980191e-07,1.0770405488531802,0.0016816353870077326,0.012560696398699642,2699.0,-0.0026714338937729155,0.008426954430901893,-10.262613148824153,0
374,0.3669573696340833,-0.2547588208743504,-0.8808548011041822,0.0033775717484484653,0.0030531333361962635,0.004399627793825519,0.3799999952316284,0.26579999923706055,0.9046000242233276,11.008194946220943,7.642396911936147,26.42438503312213,0.9876688945719565,0.003897384271715932,29.628653614988902,67.31398530367062,4.478286561230243,79.84790874524715,79.84790874524715,9,0.2727272727272727,0.07999880420024653,0.8953679653679654,0.06097641940388535,3.98392829654311e-05,0.15393239944661985,0.0019651326707701496,0.015333352080403807,0.012766205671026466,1.6751785714285714,1.4269642857142857,0.3139819453245615,0.20597260257180827,1.1739456889000126,3.4068806966145835,3.450113932291667,27.99729643322173,14.879920634920635,8.076066141678567,3.0256779988606772,2.989794413248698,0.3358534708046471,0.2277393845062765,31.574317932128906,0.029483236372470856,0.11989158391952515,-2.037411644345238e-06,1.06879243804843,0.021644318913127708,2.01352400833434,-7.266090029761904e-07,-2.2440639119057312e-07,1.0687924855577033,0.0016214230366596444,0.01165990404755799,2736.0,-0.002649828477289772,0.00845098790895948,-10.262613148824153,0
375,0.3673406741789409,-0.25267400125378653,-0.8811587439917383,0.004046293042362265,0.005215437792733878,0.00467706412977756,0.39660000801086426,0.2757999897003174,0.9049999713897705,11.019691368256296,7.579863180475575,26.433499748323644,0.9875584586417989,0.004218163296764258,29.62533913765831,68.97142925455142,5.257469926796681,84.0,84.0,6,0.18181818181818182,0.03949941875056711,0.8746320346320344,0.06200028956685257,3.2727739441899164e-05,0.04533600843637235,0.0027597250660943836,0.002264263779163271,0.06087269614764542,1.6463492063492062,1.3449206349206348,0.3456861533294015,0.21169450361826095,1.224123687005783,3.6466471354166665,3.5443115234375,27.655157688685826,15.44657142857143,8.60080547248397,3.013667353877315,2.9717791521990744,0.36190104886070296,0.2875296435917327,31.5548152923584,0.03367915004491806,0.11989158391952515,-2.880278087797619e-06,1.0604202846681314,0.021603402809695277,1.8367147216935806,1.0535830543154763e-06,-2.6418063742925656e-07,1.0604212112190838,0.0016813323120765718,0.011253244817741998,2750.0,-0.0026699538617115702,0.008499784697669066,-10.926825134534536,0
376,0.36826134101549785,-0.24897830454792294,-0.8814806678550584,0.00429394359321741,0.006115887179599838,0.004804335090521283,0.39660000801086426,0.2757999897003174,0.9049999713897705,11.047323659062386,7.4689971364395955,26.443156749904155,0.9872562232635508,0.004341948285991122,29.61627720607933,68.97001666577614,5.28609190209197,84.0,84.0,8,0.24242424242424243,0.04329022253750768,0.8747186147186147,0.06257955713127429,6.126097059558508e-05,0.02767746037482845,0.008571364884911054,0.008677181728521758,0.3096875496823534,1.411,1.4004761904761904,0.2740520209815678,0.22231211333834566,1.0075144508670522,3.6466471354166665,3.5443115234375,27.64118230910528,14.88530612244898,8.522389162351653,2.963226318359375,2.9388540762442132,0.33949359998190115,0.24760092236100262,31.562955856323242,0.051465217024087906,0.1090831607580185,6.6121419270833336e-06,1.0525316302251047,0.0215570124416848,1.671264202373783,-2.288818359375e-06,9.076837732218394e-08,1.0525308096049502,0.001779964439597896,0.012107220553612586,2740.0,-0.0026824480351661083,0.008400355721631043,-10.147342445899026,0
377,0.3693701508101963,-0.24545436978907811,-0.8815082394196874,0.004283662537139099,0.005049208561904559,0.004850126668138853,0.39660000801086426,0.2757999897003174,0.9049999713897705,11.080573667202676,7.363273950815201,26.443990325459414,0.986806573175742,0.0043688969519958,29.60278681769075,69.57032165556343,5.2365848306715685,84.0,84.0,9,0.2727272727272727,0.05065325804941284,0.8670562770562771,0.061627022032896335,0.00012087431836734722,0.123058607512968,0.00724350946696547,0.0419172927205523,0.058862273947006466,1.4076190476190478,1.4022857142857144,0.22693761317178968,0.15457538943961346,1.0038033143167617,3.6466471354166665,3.5443115234375,27.177094959077376,14.812312925170069,8.52845642507485,2.9249855324074074,2.8943684895833335,0.3448405181020043,0.30997677769700926,31.64814567565918,0.11970572173595428,0.15546518564224243,1.5906924293154763e-05,1.0433998796339403,0.021635201898421202,1.634291794579028,-1.8710181826636904e-06,1.1964118676042697e-07,1.0433998150356465,0.001782314539097842,0.012355807637688121,2721.0,-0.002687376389349763,0.008307305068898437,-10.147342445899026,0
378,0.37011485578900294,-0.24340994053511392,-0.8815265918232146,0.0034883635345813106,0.0021998762272509124,0.0045873676544054415,0.38580000400543213,0.251800000667572,0.9034000039100647,11.102916959439005,7.301948930365699,26.444537468978336,0.986582128063819,0.004036629918907266,29.59605321620529,67.2546176816242,4.501423020415427,76.22504537205081,76.22504537205081,10,0.30303030303030304,0.07514229698324616,0.8964069264069265,0.06423049211833823,1.8437384423156956e-05,0.1503275304362144,0.005375444949308756,0.022143498767636202,0.03575822029212151,1.4636507936507939,1.4228571428571428,0.24787359728659367,0.10303335875275063,1.028670236501562,2.9803466796875,3.080546061197917,25.992642793201263,15.591857142857142,8.471137710015157,2.7309276439525463,2.7455760814525463,0.15650256698765802,0.16627207021145365,31.780078887939453,0.13355755805969238,0.18401823937892914,2.0776657831101192e-05,1.033734805265737,0.022303728221899927,1.6889097207996406,-3.487723214285714e-06,5.7247249519543765e-08,1.033735396577253,0.0016814510231153263,0.01268819082779074,2739.0,-0.002664626618180012,0.008219400966012676,-8.427351678044463,0
379,0.36983531310444784,-0.24324245492333457,-0.8816670300336111,0.003539617888211597,0.002149765615173023,0.00449191354981482,0.38580000400543213,0.2526000142097473,0.9034000039100647,11.094542678850038,7.296925361965384,26.448745043873785,0.9865614627438183,0.003951005896649224,29.595432948592215,66.43238879229534,4.374961461764606,76.22504537205081,76.22504537205081,10,0.3125,0.07698011507644266,0.9072767857142857,0.06268682218283722,4.502683881715962e-05,0.15509277819401007,0.004950699384640776,0.022206447863169856,0.03192088917543151,1.503015873015873,1.4551785714285714,0.2153512602260019,0.10143092929854951,1.032873835917154,2.81646728515625,2.90985107421875,25.369000607445123,15.111203007518798,8.055094487970367,2.637577763310185,2.6602554321289062,0.15880118703356583,0.1372474217030558,31.91814613342285,0.10355490446090698,0.1811012327671051,1.8339611235119046e-05,1.0235061634609197,0.022347632738400288,1.6714506402719322,-1.1444091796875e-06,1.3278112980387653e-07,1.0235069259356813,0.001634497422497726,0.012515452215589397,2734.0,-0.0026675452675616637,0.00820848693221044,-10.174856641463974,0
380,0.36966036993548984,-0.24301115033456258,-0.8819153253209023,0.003903329198061711,0.0024310580950439864,0.004585568081999181,0.39020001888275146,0.25459998846054077,0.9046000242233276,11.089274669459888,7.289990938603878,26.456198902470724,0.9866627244394122,0.004085459871890272,29.59846908906342,68.0699716842735,4.698648810317915,80.76923076923076,80.76923076923076,13,0.3939393939393939,0.04726580288590239,0.8855844155844157,0.06029033407583947,0.00020510916184922934,0.10949152484981935,0.0027097320387034227,0.04705532929901396,0.02474832679899328,1.3964285714285714,1.4604761904761905,0.14057462249565503,0.19322891855513344,0.9561460710792304,3.0327351888020835,3.235066731770833,26.200410388764876,15.395112781954888,7.956264355546269,2.7219899495442705,2.782864040798611,0.29694479963909604,0.19291524308010596,32.02427673339844,0.0841011106967926,0.16208581626415253,1.200648716517857e-05,1.0141598009551163,0.022050854878030653,4.163259604488424,-5.4495675223214284e-08,-3.6478556413139846e-08,1.0141607488556215,0.0016526738188059132,0.012187920184647354,2713.0,-0.0026781321832051895,0.008282710988725767,-10.174856641463974,0
381,0.3705122459956578,-0.24301018857672102,-0.8814544869888397,0.004632055505909371,0.0028383061576660847,0.004842875362703883,0.4007999897003174,0.25540000200271606,0.9046000242233276,11.114837094204766,7.289962800145149,26.442374038227968,0.9865746661143584,0.004322309657397834,29.59583008852464,67.88857667390118,5.646083003250331,81.23791102514507,81.23791102514507,13,0.3939393939393939,0.05110638164552405,0.8896103896103896,0.07014013072285905,0.00025059536126613874,0.0658981601245956,0.005466925976902479,0.0033862210715503147,0.08296022175074388,1.5106349206349206,1.4766666666666668,0.1484922119568625,0.18070534515809844,1.0230033322584111,3.1500244140625,3.235066731770833,26.70691680908203,14.876428571428571,8.483822017251903,2.827284071180556,2.796642162181713,0.3025218921492796,0.2703098734662236,32.080482482910156,0.04257560148835182,0.11442926526069641,4.379999069940476e-06,1.0055797746377777,0.021710793612028368,4.163259604488424,-1.217070079985119e-06,1.4502828172651684e-08,1.0055794428529825,0.0017571674168188253,0.013001901240823293,2682.0,-0.002698351295725129,0.008346887766100732,-8.194293597774262,0
382,0.4760863700423922,-0.21377261778570356,-0.7236932962111065,0.20986838083061873,0.06421575165868726,0.32490470216630873,0.996999979019165,0.29839998483657837,0.9287999868392944,14.281665386983326,6.421538104031767,22.011816024907997,0.9742110273922822,0.027079336524331865,29.224944708194535,72.80009886387604,8.040994310109214,85.71428571428572,85.71428571428572,14,0.4,0.05443643384840756,0.8344081632653061,0.09304024110014628,8.045723881715948e-05,0.06289434359040517,0.008194876070760465,0.011782237536376292,0.13029591538674762,1.3251428571428572,1.1625714285714286,0.36811998931138235,0.30810599819290924,1.139837797984763,9.51171875,7.373148600260416,40.56190127418155,15.74512987012987,8.235921846193245,3.4922078450520835,3.3028666178385415,1.4562591196654282,2.077111742709534,32.06341552734375,0.07053960114717484,0.13682466745376587,-8.264450799851191e-06,1.006121617499706,0.024721372207666147,4.14267343352933,1.3623918805803572e-06,-1.6920009280938686e-07,1.0061225845974522,0.0017699698588827212,0.018355105614551493,2665.0,-0.0026230287803910377,0.011013033841226245,-13.424792213876366,0
383,0.6568976661080406,-0.17116882813828332,-0.4551251147928692,0.26658584346147285,0.07331624858114238,0.4063049597407431,0.996999979019165,0.29839998483657837,0.9287999868392944,19.706015983223914,5.143446557436671,13.954696153785502,0.9530798695711994,0.03343573459332541,28.591033931638396,75.2850222762644,9.328364012242861,88.05031446540882,88.05031446540882,9,0.2571428571428571,0.05416284192486719,0.8100408163265306,0.10588705447255095,2.415804081632621e-06,0.0995467175976683,0.006688640501060746,0.0566275795854961,0.06719096985290668,1.2941269841269842,1.2866666666666666,0.44610251938084144,0.4657176940181057,1.0057981741919566,9.51171875,10.991312662760416,55.55992170061384,14.44578231292517,7.70935741387862,4.977371780960648,4.840234827112268,3.089659693602883,2.726910004848444,32.00154495239258,0.0777151957154274,0.1255984753370285,-9.255545479910714e-06,1.008721827484359,0.025545146734939784,2.4576510655834483,-8.174351283482142e-07,1.7164390364460307e-07,1.0087218564712426,0.0017888009049477262,0.019847749909716033,2665.0,-0.002471167464170233,0.01702460563688551,-5.430714110562777,0
384,0.8318358573175612,-0.1365977906840188,-0.22112290499323892,0.18172254393202705,0.05498924382964041,0.2771706127162553,0.996999979019165,0.29839998483657837,0.9287999868392944,24.95416829100677,4.1062914338282175,6.934571574117456,0.9336497822427136,0.025956148276798915,28.008120515087825,75.14350301853764,8.13762623456303,88.05031446540882,88.05031446540882,11,0.3055555555555556,0.05266761387247774,0.8079761904761904,0.08809033126617834,6.943990937109543e-05,0.07518391598492503,0.004158002832973877,0.028117771674038262,0.055304419549090655,1.2012698412698413,1.6861428571428572,0.48199436605529433,1.1850673019723739,0.71243657450554,9.764404296875,10.991312662760416,69.8555924188523,13.84530612244898,8.662829682244016,5.748641402633101,6.056803385416666,3.0846454765925486,2.9889865075914326,31.948579788208008,0.044346246868371964,0.11640333384275436,-6.7807152157738095e-06,1.0112937555603285,0.02460545514368811,2.4576510655834483,3.869192940848214e-06,2.3588065621466747e-07,1.0112932463859818,0.001764623209378377,0.018642852898899498,2661.0,-0.0023389301960323318,0.018894166737165284,-5.430714110562777,0
385,0.9016731245290666,-0.13236827639738719,-0.15147239996138073,0.017447824545443004,0.02207954588241485,0.06667338435180829,0.9687999486923218,0.21960002183914185,0.3912000060081482,27.0488918787241,3.970846720465592,4.544017284555094,0.9265947416723574,0.011795332055038606,27.796508049420716,71.96302433894097,7.977169075913653,88.05031446540882,88.05031446540882,12,0.35294117647058826,0.05447960362268024,0.8434453781512605,0.08772372711283127,0.00017809719550187416,0.08613806851164447,0.010735292961410238,0.004385110105739957,0.12462890272445568,1.2682142857142857,1.8534285714285716,0.32795730651711236,1.0742454779698987,0.6842531216278711,12.196248372395834,10.031636555989582,73.06860954647972,16.088428571428572,8.274343156617894,7.273559570312499,7.052876790364584,2.351366768154708,3.0409437934130135,31.946514129638672,0.028988169506192207,0.13324125111103058,4.589262462797619e-06,1.0051583433189843,0.022693341363690736,3.253205431448662,-2.2524879092261905e-06,1.687027205280541e-07,1.0051579233107668,0.001750600116418361,0.016040041403536008,2659.0,-0.0022559742900077674,0.01846317018453034,-5.430714110562777,0
386,0.8960111816837674,-0.14036705736603056,-0.19293515238875433,0.015993389623135693,0.016742286117667985,0.037760748824220786,0.9687999486923218,0.21960002183914185,0.3912000060081482,26.879053450482232,4.210827578135899,5.787828428830419,0.928213970873351,0.011988019293726707,27.845103531132246,69.97944116380857,4.473778466479474,79.24528301886792,79.24528301886792,14,0.4117647058823529,0.054056247761733546,0.8608403361344538,0.054006488480239534,3.016475401915863e-05,0.09671189352153622,0.004766505653224839,0.0056598147637491915,0.049285620203097485,1.355,1.3795714285714287,0.2986003061906381,0.3295872805649576,0.9821890856373614,12.196248372395834,14.347635904947918,74.77177371070499,14.66064935064935,8.892788105164374,7.219390869140623,7.119008382161459,3.3535716277498113,2.7343334286610186,31.98971176147461,0.059103138744831085,0.13324125111103058,8.759998139880952e-06,0.9957824273992905,0.02225292804660929,3.4254214208198674,6.539481026785714e-07,-8.594584518822027e-09,0.9957828106662482,0.0017019110501173993,0.016091517280995508,2640.0,-0.002230691680464993,0.01446564306382733,-6.623589374493913,0
387,0.8950270488546008,-0.13697687654835838,-0.19332560950801486,0.016141221145050576,0.01398880979479042,0.0631409244070907,0.9816000461578369,0.2093999981880188,0.2877999544143677,26.84954860857555,4.10916229643992,6.054562571559633,0.9281249590828025,0.015425195753113977,27.842434930201488,69.20464765486386,7.14568392497426,79.24528301886792,79.24528301886792,16,0.48484848484848486,0.13962550129630652,0.87995670995671,0.1301416785879438,0.003939534889795922,1.1347980460205331,0.016391076529219752,0.5258810854687278,0.01444404719121553,1.288095238095238,1.3722857142857143,0.25874281788097747,0.32892291758751885,0.93864945520161,9.7442626953125,14.347635904947918,74.62602509998139,15.6437012987013,8.617706678511569,7.545211226851852,7.507425944010416,3.117903932823091,1.606755028440271,32.04928970336914,0.06312292069196701,0.10495837032794952,1.0034470331101191e-05,0.9869920577919373,0.022040170924471428,3.4254214208198674,-3.1425839378720237e-06,1.154313171993652e-07,0.9869896472037273,0.0016852012883936613,0.015941566925219763,2637.0,-0.0021960122841527636,0.014492354945474465,-0.9845092398512303,0
388,0.8972132293156215,-0.10089053388436635,-0.18463050491185415,0.018490810695791712,0.05000530934469258,0.0647108122161078,0.9946000576019287,0.2093999981880188,0.2889999747276306,26.915129593781064,3.041474014392921,5.793750862223761,0.9251931353172257,0.01750698868568937,27.75448703354744,69.1247638156631,6.687331769357092,78.94736842105263,78.94736842105263,16,0.47058823529411764,0.19319114896160677,0.8797478991596638,0.12549707676714653,3.063214327363685e-06,0.6933746152279466,0.0027705847226644625,0.1830645678751838,0.0039957977431199065,1.4685714285714286,1.3855555555555557,0.581579003482141,0.3357054672563135,1.0599152251116966,15.45928955078125,14.347635904947918,76.39662577311198,15.036103896103898,8.317565852068217,7.539044004498106,7.835636845341436,3.846651665016705,2.937321621150856,32.054630279541016,0.05627237260341644,0.09245134890079498,-5.653018043154761e-07,0.9781177688408997,0.021673313881354288,3.2476294411414037,-1.1989048549107143e-06,-1.039100180106192e-07,0.9781174291461474,0.001666332437447589,0.014029128522636105,2664.0,-0.002204872859011922,0.015050973106468234,-0.9845092398512303,0
389,0.902224486044475,-0.08412642893337068,-0.1529692000406129,0.019090152773708763,0.04473623223906055,0.0749995394262718,0.9946000576019287,0.2093999981880188,0.2889999747276306,27.065444009900094,2.5385497231994356,4.844003430392061,0.9231414135483375,0.01692575960967817,27.692922640045513,69.0822615947445,6.731289323407887,78.94736842105263,78.94736842105263,13,0.3939393939393939,0.1980720210181238,0.8805194805194805,0.12699262401061165,8.599723448563604e-07,0.6426738228385852,0.004009287127242236,0.4005423309237479,0.006238447848293976,1.4931168831168833,1.3405714285714285,0.5822848024481531,0.13760665622249055,1.1137913663489112,15.45928955078125,14.0631103515625,69.31805463518415,14.866397515527952,8.686615941570002,6.752328583688446,7.113545735677084,2.756681866315015,2.974912587072977,32.039955139160156,0.056052740663290024,0.10697959363460541,-3.3947172619047618e-06,0.9712969789640783,0.021445750800502383,1.619326310525384,-1.0535830543154763e-06,-1.4138860675296415e-08,0.9712973357561068,0.001681130930711097,0.012363974031299444,2694.0,-0.0022630300540469055,0.014953032870347086,-0.9845092398512303,0
390,0.9078961899110249,-0.07729286692539851,-0.12445578117881502,0.011842121458167756,0.037240925423977625,0.0467724107950653,0.9946000576019287,0.16019999980926514,0.2889999747276306,27.23561198302678,2.3336174343739238,3.7334470067705428,0.92160849592309,0.009564592116684792,27.646950882656924,71.4471169828448,4.045230384515978,80.76923076923076,80.76923076923076,10,0.2857142857142857,0.06066013403170403,0.8424897959183674,0.04792650210824412,6.259716051645153e-05,0.019369644883762072,0.0011360519011245163,0.04212754156928736,0.05865114760451232,1.2174025974025973,1.3274025974025974,0.31069663671733716,0.22274957292473416,0.9171313961451912,15.45928955078125,8.306783040364582,68.44664510091145,15.713809523809523,8.69928514408745,6.824572014086173,5.868114124644887,1.2206250857094099,2.9159722934634007,32.022491455078125,0.034580979496240616,0.11738406121730804,-2.4050757998511907e-06,0.9650211380547634,0.021233620852410744,1.546426193270019,-2.6339576357886904e-06,-8.787564263027885e-08,0.9650222127386143,0.0016312620641114953,0.009913649792395562,2731.0,-0.0023440285686265683,0.014015548660155485,-6.573787150957868,0
391,0.9113372284628096,-0.10137255223875954,-0.0972222765031315,0.007066429995883451,0.01895792376344848,0.0285317615457871,0.9581999778747559,0.16019999980926514,0.2006000280380249,27.338833853943008,3.0410977101751735,2.9164637236510003,0.9227411537845281,0.0060225587367493585,27.680927901393577,73.87034801606066,5.165339093607119,88.98305084745763,88.98305084745763,12,0.34285714285714286,0.06382514755003636,0.8160816326530612,0.05529917871916132,3.9100774677217856e-05,0.10532563337112286,0.001961382708373642,0.02878618489645892,0.01862208320611338,1.2742857142857142,1.3477142857142856,0.5884233516918975,0.24917594799904846,0.9455162179351283,8.019816080729166,11.176859537760414,59.56449170793806,14.80883116883117,8.192296220977251,5.726593017578124,5.964670817057291,2.239434755025662,1.7508140372290064,32.07307815551758,0.05758906528353691,0.15616489946842194,7.847377232142856e-06,0.9584809512128422,0.0217884434432345,1.5071296407667647,-1.671200706845238e-06,-1.2371610683666874e-07,0.9584825957390967,0.0014966443798812065,0.01070476037264698,2738.0,-0.002411942204761083,0.013213377376094805,-5.487148498875597,0
392,0.9118043998082479,-0.10701300908837999,-0.09421569552591869,0.004630352711691886,0.005880594903386121,0.01636794297347628,0.9421999454498291,0.131600022315979,0.16259998083114624,27.352824422802243,3.210232272659029,2.8263527229002543,0.92305050007309,0.004165374162741299,27.69019259359305,73.61989457116516,5.497414828170188,88.98305084745763,88.98305084745763,10,0.2777777777777778,0.047468878864382294,0.819484126984127,0.06043038458176837,0.00016267180408163236,0.08501502255923091,0.0017204138299008471,0.008357284415658698,0.020236586171605328,1.3172857142857144,1.3502857142857143,0.5965689141983138,0.23809259046146955,0.9755607278882776,8.019816080729166,11.176859537760414,55.5498040335519,14.170909090909092,8.819381807302516,5.454477945963541,5.667561848958334,2.465609277773938,1.6984176940208162,32.13259506225586,0.061835259199142456,0.1596006155014038,9.836832682291667e-06,0.9480541180749206,0.023752912416968513,1.90465342235518,-3.5422188895089287e-06,2.022729405782465e-07,0.9480529749014238,0.0013146384439259552,0.013374365690157477,2734.0,-0.002423152521243408,0.012783833898381471,-1.454722649821965,0
393,0.9089172568832125,-0.10852246615148727,-0.11738024775754838,0.00670510769315733,0.006521104353391478,0.039465730639122794,0.9373999834060669,0.14499998092651367,0.21820002794265747,27.266225420747485,3.2555086988636424,3.5212051470364845,0.9237496504139727,0.0041759561103399696,27.711168203874156,71.2555749665655,6.244802833980311,88.98305084745763,88.98305084745763,14,0.4117647058823529,0.05317384936253615,0.8482352941176471,0.07113305155293721,8.905196168263186e-05,0.09736087305598531,0.004826094698912254,0.00879792279026967,0.04956913950573461,1.6822222222222223,1.2914285714285714,0.5045080723454566,0.2181742422927143,1.302605703048181,8.019816080729166,11.176859537760414,58.01149357386998,15.498500000000002,8.25343282290738,5.80677173755787,5.703034577546296,2.944806735894738,1.692865956977643,32.20183181762695,0.05812987685203552,0.12654754519462585,8.99105980282738e-06,0.9352800863242469,0.024279192585311214,1.90465342235518,-2.906436011904762e-07,6.322571578720422e-08,0.9352790688334397,0.0011646506971950336,0.014235510923543897,2705.0,-0.002428359879998274,0.013610178988531594,1.0065016777503126,0
394,0.9067074849719093,-0.11742719976958775,-0.1330106572338513,0.006896456292798699,0.01502293837331584,0.037887556221724794,0.9373999834060669,0.15420001745224,0.21820002794265747,27.199929120625768,3.5226391359737943,3.990138717038291,0.9248182089752944,0.004409369404205597,27.743225509172614,69.11156829506524,4.569162497013882,78.06691449814126,78.06691449814126,16,0.47058823529411764,0.05195021640512454,0.871890756302521,0.05654383567400895,2.3798467971678263e-05,0.07702585397655343,0.0012750348609216872,0.005563244092086646,0.016553336251355372,1.4829999999999999,1.2834920634920635,0.334727699261745,0.2423927503079753,1.1554415038337866,8.310038248697916,12.38983154296875,63.032576279413135,14.64904761904762,8.43956074020019,5.892730712890624,6.108330620659722,3.2769453795530215,1.4128852490605923,32.23262405395508,0.03964901715517044,0.11326730996370316,1.3456798735119048e-06,0.9255828428742977,0.022027626793696,1.7054052728205613,3.1789143880208335e-06,1.819326923645469e-07,0.925580832623031,0.00115116932352261,0.009869451300743131,2679.0,-0.0024670194508966837,0.014666848585855574,1.0065016777503126,0
395,0.9045419993343807,-0.12596125709159034,-0.14867979080904098,0.00605411031562136,0.013665833270199303,0.028346672795381715,0.9373999834060669,0.16380000114440918,0.21820002794265747,27.134960979989597,3.7786667127268654,4.460216295676572,0.9258378081457196,0.004409213096839129,27.773810989122243,70.79390106683093,5.77953614284339,85.02024291497976,85.02024291497976,16,0.47058823529411764,0.05245311833207054,0.8529831932773109,0.0670367189406044,4.5642432986255636e-05,0.05975982369746276,0.0039043595662954906,0.003769465498983,0.06533418816731314,1.3010000000000002,1.3402857142857143,0.2981658557766472,0.24408496346099465,0.9706885525474314,8.310038248697916,12.38983154296875,66.37636384509858,14.945389610389611,8.512943391222304,5.736114501953124,6.002360026041667,2.9673049632041497,1.5076385276138948,32.210533142089844,0.06414815783500671,0.13981464505195618,-6.157284691220238e-06,0.9206692926441282,0.021162572301066447,1.6633597357731418,-3.814697265625e-07,-6.352629096697888e-08,0.9206698534883222,0.0011412851502591319,0.008049285539488023,2677.0,-0.002494510120053807,0.015474225743467369,1.0065016777503126,0
396,0.9049805616253899,-0.13442635258606503,-0.14349964784440541,0.007255628280517784,0.012095952268041183,0.02019363000049385,0.9658000469207764,0.2035999894142151,0.20459997653961182,27.148129848837854,4.032596291857106,4.304729721077851,0.9264015456862974,0.006270978115041245,27.790718662606846,72.10002426296629,5.354833085465529,85.02024291497976,85.02024291497976,11,0.3142857142857143,0.04773752767602704,0.8366530612244897,0.060412520526803876,9.091038733860877e-05,0.06785582574867646,0.004083144040713636,0.01785866408645253,0.060173816996004624,1.2357142857142858,1.4168571428571428,0.24877659841385272,0.15600078492738162,0.8721516434765074,8.310038248697916,12.38983154296875,66.30625653948104,15.545389610389611,8.273407776706613,5.912302652994791,5.887217203776042,2.358343905675605,1.438497377332654,32.15462875366211,0.06379179656505585,0.12158975005149841,-1.1324927920386905e-05,0.9179814214576092,0.021351534819135074,1.7099954968696105,-1.4532180059523809e-06,-2.959371024684796e-08,0.9179809230161635,0.0011290168900261123,0.008381917114790019,2681.0,-0.0025085540767124928,0.01569245000358464,-6.935987015541251,0
397,0.903786799402464,-0.14034557166269848,-0.14967304786330177,0.007411162182806162,0.012728796488849472,0.016721996022964092,0.9658000469207764,0.2035999894142151,0.20020002126693726,27.112315124954495,4.210161864204066,4.489962578756469,0.9270288041932335,0.006606697221727753,27.80953908508468,71.49560432254424,6.851803634543486,85.02024291497976,85.02024291497976,11,0.3235294117647059,0.06462488688537438,0.8471848739495798,0.0836247300353401,6.158500624739787e-06,0.07203385674315228,0.005917406399228023,0.008288042590056064,0.08214757152775311,1.2915714285714286,1.2812857142857144,0.47532908042100425,0.2213746017177993,1.0080276507971904,19.868672688802086,13.840840657552086,70.29714108421689,14.731753246753247,8.249168237508977,6.713775634765625,6.667093912760417,2.9287458459907025,4.564636669416531,32.08389663696289,0.05231071263551712,0.11934418231248856,-9.687151227678572e-06,0.913072248838225,0.022288923115655432,1.581026688914556,-4.377819242931547e-06,-7.242286738256573e-08,0.913070760584159,0.001128849054598689,0.01028503053855436,2697.0,-0.002472721606820806,0.015721388393686263,-8.874187774260971,0
398,0.9015441905260086,-0.14874184814805078,-0.16011919998271124,0.01140858243880598,0.015816415953394756,0.02906290554097348,1.0065999031066895,0.20819997787475586,0.2613999843597412,27.045019430007255,4.462424301547664,4.803396428057126,0.9282694079990762,0.009224775509420718,27.846755878602863,74.10972676525529,23.234495832728413,204.8780487804878,204.8780487804878,13,0.37142857142857144,0.11079138004356105,0.8444897959183675,0.12169461509015447,0.0026398624573094574,0.5403507483971753,0.030452439695132734,0.3269498919212513,0.056356801180460665,1.4214285714285715,1.3585714285714285,0.4461216087524996,0.42447406433434426,1.0462670872765512,19.868672688802086,13.840840657552086,73.93456035795666,14.819727891156461,8.292968647191065,6.633382161458333,7.135812264901621,2.917491722841682,4.486162204374792,32.03557586669922,0.05538890138268471,0.1286361813545227,-9.255545479910714e-06,0.9033038374253849,0.02406177424079266,2.755475802357802,-1.0899135044642857e-06,-2.114990870531665e-07,0.9033049679138934,0.0011361201218523529,0.01343728290136867,2695.0,-0.0024653214465140795,0.01668487221666313,-2.14474304183671,0
399,0.9004016092845372,-0.13281327660027004,-0.14675999060415088,0.018104057751532687,0.06660085728538732,0.07159430243517559,1.0392000675201416,0.2990000247955322,0.3500000238418579,27.010751992889812,4.207180151811668,4.517715286655085,0.927129334636933,0.014875865712334329,27.81255236777609,95.9721052640062,50.449728646734876,224.59893048128345,224.59893048128345,22,0.5789473684210527,0.41675995278577466,0.7642857142857143,0.30922549727224197,1.9173674968761795e-05,4.535091164437169,0.015184719076035936,1.7309825133140024,0.003348272068951991,1.2324285714285714,1.2246753246753246,0.3909000864044679,0.43121827286548864,1.0063308589607636,16.15478515625,17.502339680989582,92.13685760498046,15.315776397515528,8.596958599222488,6.664449055989583,7.813896410392991,4.873280882053298,3.6090365504496638,31.946205139160156,0.08728178590536118,0.13947534561157227,-8.961995442708334e-06,0.8969945377647567,0.023345616830744778,2.742438817339104,8.900960286458333e-07,1.0710348500308957e-08,0.8969945607656233,0.00114350627262492,0.012173510504861897,2686.0,-0.002415619397820714,0.01835003360923381,-11.005477881879875,0
400,0.8998156479880923,-0.09969882896968296,-0.15661878110113597,0.019100953767646468,0.07404450711651239,0.07486691896462692,1.0392000675201416,0.2990000247955322,0.3500000238418579,26.99318201107638,3.2146244381581033,4.813462430111,0.9248431529352726,0.015972881666225618,27.743972980314155,100.88793186772412,49.56305592621863,224.59893048128345,224.59893048128345,26,0.65,0.44630168160054773,0.7218928571428572,0.3058982069417931,2.4666426322365597e-05,5.762212706949747,0.009205140964118032,2.5021199006787134,0.0015975010698608548,1.265,1.3297402597402599,0.49488867022631194,0.49325236108778125,0.9513136048442229,18.207906087239586,17.502339680989582,86.30890255882626,15.832111801242236,8.300356005980094,8.256083170572916,8.013342655066287,5.073483760564156,4.790341125497207,31.893606185913086,0.07047495990991592,0.1218133494257927,-2.612885974702381e-06,0.8954376159670875,0.022213433500255255,2.755475802357802,1.5803745814732144e-06,2.8304436050799084e-08,0.8954371887449204,0.0011372935776123544,0.01028320095162493,2669.0,-0.002335704205677706,0.019206369914034817,-11.005477881879875,0
401,0.9039433521940594,-0.05943202896912893,-0.12575548606259482,0.01823865915351807,0.06523376230080073,0.08370801758782641,1.0392000675201416,0.2990000247955322,0.3500000238418579,27.116995137248722,2.0119534370303156,3.907441722878388,0.9207796150322102,0.0148397270633529,27.622069839056007,97.7464088318376,45.82653341290097,224.59893048128345,224.59893048128345,21,0.525,0.43595609695473253,0.7271071428571428,0.2923061868790243,2.8922444981258118e-05,5.631759690533492,0.008774066510102976,3.057961642554054,0.0015579618080742033,1.1283116883116884,1.2381818181818183,0.4479476257244147,0.38182410102311726,0.9112649465072372,18.207906087239586,15.65338134765625,91.4799819946289,14.994940476190477,8.562843706584612,7.838402950402463,7.547801624644887,4.010561847783359,4.685601827720895,31.89042854309082,0.06754587590694427,0.12502999603748322,3.882998511904762e-06,0.9011593349070431,0.022061096942342068,1.795269273513658,1.071748279389881e-06,1.4221141866175488e-07,0.9011589278731132,0.0011495691294903894,0.010461607115228625,2671.0,-0.0022097837754098764,0.019957886438105848,-11.005477881879875,0
402,0.9066417141187759,-0.05546999077853702,-0.13104435274146853,0.018882356337625524,0.036207665077637854,0.061922296324966604,1.0471999645233154,0.20340001583099365,0.2712000012397766,27.197904852117812,1.7140134374158722,3.956625582405499,0.9205714200372741,0.01728900883748716,27.61577568929799,94.5369722847953,45.482957422437224,262.5,262.5,19,0.4634146341463415,0.25310591071884575,0.717212543554007,0.18823799874938094,0.0001970528386505614,0.6488776174542467,0.006579751982694051,0.8726949936982791,0.010140204879478679,1.0482142857142858,1.1928571428571428,0.16683847437150776,0.3158758474787336,0.87874251497006,11.445821126302086,11.66168212890625,69.84191146123977,15.718351648351648,8.449983815505737,6.820780436197917,6.467081705729167,2.2704723196624332,2.096122204147519,31.917926788330078,0.057484354823827744,0.10842974483966827,4.926409040178571e-07,0.9132896398999601,0.028606480115554566,2.4149723954052256,2.1071661086309525e-06,-7.338357144385786e-08,0.9132887804549743,0.0011648292707770052,0.021079320924476782,2669.0,-0.0022138293416924344,0.018550939636655144,-5.84914208963065,0
403,0.9094267045600074,-0.06895431452989578,-0.1126388479527973,0.018887410103881036,0.03923200275710593,0.04914633967101405,1.0471999645233154,0.20340001583099365,0.24779999256134033,27.28150685106005,2.117684863252299,3.4044294387527874,0.9211322927420239,0.018046739288381033,27.632648375328916,89.94672756800512,45.14431092191826,262.5,262.5,16,0.41025641025641024,0.17712057220970293,0.7496703296703298,0.17605671435844744,0.0003816680543107036,0.4417372903235267,0.011478857799758074,0.6042475008963328,0.02598571153309471,1.1407142857142858,1.2455844155844156,0.22043671867176645,0.3373466556305305,0.9158064852465854,11.445821126302086,11.66168212890625,67.90421643938338,14.388819875776397,7.579820576620957,6.898651123046875,7.105537183357007,2.014281505081113,2.099611878331982,31.882347106933594,0.10185901075601578,0.14084061980247498,-1.2259347098214285e-05,0.9212959993964666,0.029517589455219442,3.940559188033302,-1.816522507440476e-06,-1.2679495859217562e-08,0.9212958475870089,0.0011695191938176255,0.022224526048438664,2684.0,-0.002247301171344891,0.01657989350672477,-9.081624619854647,0
404,0.907627171368826,-0.08710176199390775,-0.1351674385099184,0.020515463513306215,0.03251857509104859,0.03610189091468022,1.0471999645233154,0.20340001583099365,0.26099997758865356,27.22751971244812,2.656681145301887,4.060526011458465,0.9230699234411894,0.019173954150414944,27.69078084460653,87.74034020666025,46.41163353704406,262.5,262.5,18,0.47368421052631576,0.1800816447796433,0.7758646616541354,0.1844286877554726,3.265306122448964e-07,0.31631549378737533,0.01595132607894894,0.6782604296619702,0.05042853224784268,1.1953246753246753,1.2432467532467533,0.3671552834872632,0.3477092226146926,0.9614540896270761,12.273152669270834,8.42010498046875,63.890694391159776,14.719464285714286,8.820959258891508,6.235721472537879,6.370646158854166,1.741570794591615,2.626741574992847,31.766809463500977,0.12605951726436615,0.15706591308116913,-2.071416945684524e-05,0.9215008570497294,0.02961583027186409,3.940559188033302,3.269740513392857e-07,-1.5375744695693123e-07,0.9215007411822222,0.0011835869477196004,0.022139687751564625,2684.0,-0.0023485209781677063,0.014219404122754851,-5.669515809732159,0
405,0.9010875811179478,-0.09142128566333226,-0.15756757185005008,0.030535772334734104,0.035233681334000365,0.08905566879265786,1.0624001026153564,0.20740002393722534,0.5413999557495117,27.031518290724073,2.8416877113069807,4.952350013468947,0.9245956152687393,0.019285385098703964,27.736642971295435,75.85267737348592,26.878520726998676,210.0,210.0,18,0.5142857142857142,0.09592351394841249,0.836530612244898,0.13496194721847063,0.0014575565674302363,0.14402652920116277,0.010363278679642268,0.10957965805216467,0.07195395693502973,1.264155844155844,1.256142857142857,0.3591339069158517,0.26315049624401127,1.0063790411794507,12.273152669270834,7.901102701822917,63.044345892043346,15.963928571428571,8.659030540797428,5.853983561197918,5.776824951171875,1.415652756400446,2.5249506601038276,31.6590633392334,0.08126825839281082,0.14495350420475006,-1.2180873325892857e-05,0.9158583892129114,0.025301387939490917,3.940559188033302,-1.6348702566964285e-06,-1.2855840334420125e-07,0.915858502503159,0.001153485496468534,0.015652776680828026,2702.0,-0.0023859424662813675,0.014262979950320488,0.4240031021510709,0
406,0.8140988381703694,-0.09590335215273357,-0.3363051146808125,0.1306618818757445,0.03769681840284708,0.267097776225946,1.303800106048584,0.2157999873161316,0.8697999715805054,24.42187143087387,2.9775605637686593,10.409098727149622,0.9346319646858318,0.036788470616582906,28.037616034946154,81.83797831394722,28.561314968218102,210.0,210.0,21,0.5675675675675675,0.131874244363828,0.7842857142857143,0.15579980648945344,4.532554102457265e-06,0.45999524193936187,0.007930779132485813,0.10283477685919637,0.01724100253526378,1.2578571428571428,1.631038961038961,0.47986615906130003,0.8730602333308861,0.7711999363006609,18.832804361979168,17.592366536458336,81.24851335797992,14.169254658385094,8.118111029354507,7.760640462239584,8.288749926017992,4.5110686996426175,5.182882298824794,31.59979248046875,0.030775271356105804,0.10138428956270218,-5.063011532738096e-06,0.9272407040210697,0.03228808123112599,2.2061891838079823,2.5612967354910712e-06,-2.1278249095458345e-10,0.9272420180218974,0.0011591468948689637,0.02529662926324706,2692.0,-0.0023575363133749583,0.014072969539287038,0.4240031021510709,0
407,0.7191716093960262,-0.09801421896616618,-0.5260952001355943,0.1328583491482003,0.0335408281700725,0.26891406677059837,1.303800106048584,0.2157999873161316,0.8697999715805054,21.574057853307043,3.040741282616343,16.10278257655246,0.9452004609446677,0.03574832186743752,28.354666114804125,80.10481768838348,29.903037209542838,210.0,210.0,20,0.5555555555555556,0.13461011619460184,0.810515873015873,0.17717778482395075,1.4645460391503686e-05,0.5385218186056024,0.007415751099968145,0.05998529058647439,0.013770567586601766,1.377936507936508,1.6542857142857144,0.44374775326880944,0.8533052619841683,0.8329495298407216,18.832804361979168,17.592366536458336,69.69983825683593,13.79025974025974,8.559367831159271,6.929411711516204,7.07388213186553,5.238184198391024,5.333562091425782,31.567119598388672,0.03649859502911568,0.11685693264007568,-4.2855398995535715e-06,0.941791010382039,0.029938873637053942,1.8565690115746858,3.033592587425595e-06,7.636090181305229e-08,0.9417903037932288,0.001120146812301969,0.022144354020903215,2700.0,-0.0023466224392495448,0.012920138776379896,0.4240031021510709,0
408,0.6273621511913481,-0.10109419037046886,-0.7044147806763649,0.05083453880469677,0.014476439307249471,0.0974611452818904,1.303800106048584,0.2157999873161316,0.8697999715805054,18.820014250023025,3.033952283178057,21.226497706259998,0.9546763853571574,0.02981407420968315,28.63907923297368,71.96539927050055,17.090232733967596,145.83333333333334,145.83333333333334,15,0.45454545454545453,0.10704191673720866,0.8661471861471862,0.14238471010192164,0.0001382592026655559,0.19635710547188062,0.006498686708213757,0.05592318136182757,0.033096264546150604,1.612244897959184,1.7753968253968255,0.33273919005193564,0.867845816838441,0.9081039657704835,4.380289713541667,17.592366536458336,57.95324467250279,14.510526315789473,8.534044178142313,3.4201340448288695,6.155124240451389,6.122794792359278,0.6861326935889632,31.51523780822754,0.06550239771604538,0.1515282392501831,-9.339832124255953e-06,0.9503066622071661,0.023469487384169107,1.7833674680368494,-2.361479259672619e-07,-4.84843220568741e-08,0.9503083630567228,0.0011350432795745396,0.012260243185761167,2704.0,-0.0022993333441525105,0.009508984679086662,0.7286562820298406,0
409,0.6153720547925858,-0.10111273305756704,-0.7243769228799003,0.005727904169586776,0.005395270639743305,0.006507439769845315,0.6371999979019165,0.11559998989105225,0.7490000128746033,18.460280072348457,3.03323027747018,21.730273686391968,0.9558858409378546,0.0038730744007614525,28.67520795099087,63.79522598986895,3.283825098632704,70.0,70.0,12,0.3870967741935484,0.06072296856680037,0.943041474654378,0.049264160030660364,3.1910970428984656e-07,0.17745339156583817,0.00110775955499624,0.004824255851252535,0.0062425380840649795,1.7235714285714285,1.5582142857142858,0.3198859809624775,0.21226637818110158,1.106119642447857,4.380289713541667,5.435892740885417,30.05303301130023,14.795634920634921,8.6188709199491,3.256581624348958,3.2860565185546875,0.8513854843483263,0.6138527796102963,31.454986572265625,0.05946110561490059,0.12078308314085007,-8.354550316220238e-06,0.9415100077312166,0.022843443823498705,1.7833674680368494,-1.4532180059523809e-06,1.0931032720535538e-07,0.9415098091035095,0.0011313412346258286,0.011122850869397363,2712.0,-0.0023000046989019867,0.008402374481722858,-7.81382863075526,4
410,0.6118438443456378,-0.10455253258205595,-0.7276141035840625,0.0039019689570540463,0.003744215714298276,0.005210442836226,0.6272000074386597,0.11559998989105225,0.7538000345230103,18.354438187565123,3.136427691749164,21.827381536066532,0.9564247763794341,0.0038007923602225713,28.691373478583603,64.92187289533544,3.665064906793752,72.66435986159169,72.66435986159169,13,0.41935483870967744,0.06959308355656878,0.9270967741935483,0.05161956836490176,5.209573344439906e-06,0.1634964102801314,0.00048073414587996156,0.021330381246401513,0.0029403345618187063,1.7461224489795917,1.5958928571428572,0.2839000709974724,0.19627193430003576,1.0941351364312089,3.4016927083333335,3.4502156575520835,26.07171892438616,15.71294117647059,8.219398415764259,2.841099330357143,2.838579813639323,0.34371170029227277,0.39306707730432566,31.405887603759766,0.02879849262535572,0.09605880826711655,-4.9801781063988096e-06,0.9329738301791711,0.022291963515395544,1.744059100408113,-3.3060709635416668e-06,3.868477942830928e-08,0.9329738720762042,0.0011398937076886773,0.01017486513385765,2708.0,-0.0023542623691096554,0.008066003760339344,-8.989197397517263,4
411,0.609884006193706,-0.10670041831334431,-0.7294489417218026,0.0037158435495942385,0.0023351574287466905,0.005132348864637903,0.6244000196456909,0.11699998378753662,0.7558000087738037,18.295649900095803,3.2008584065522467,21.88241982306753,0.9568022447288649,0.0037821684732974414,28.702696066767274,66.3618806962668,4.429067489563496,74.73309608540926,74.73309608540926,13,0.3939393939393939,0.06698832901699964,0.9080952380952381,0.05947374517968238,4.0853484381507865e-06,0.17155221441628185,0.0033014067357956065,0.02694436189817736,0.0192443259740416,1.82,1.4555357142857144,0.20030443302436626,0.15398190574193568,1.2503987240829346,3.4016927083333335,3.4502156575520835,26.16080998011998,15.550420168067228,8.00506001088315,2.6145862397693453,2.6804351806640625,0.4111666814875958,0.42316941843721617,31.378145217895508,0.024999963119626045,0.08103631436824799,-3.2944452194940476e-06,0.925819488157744,0.02261297694176247,2.9295682892881922,1.7983572823660714e-06,-6.548723896632614e-08,0.9258188633485286,0.0011496897236072646,0.01053877825193373,2713.0,-0.002344680305867131,0.008110484186796916,-9.34008359053545,4
412,0.6078939301967621,-0.10766046628497895,-0.7313388564984004,0.003929797297691069,0.0024300695562150076,0.005307821836487059,0.6233999729156494,0.11760002374649048,0.7562000155448914,18.235945762991904,3.229661702811718,21.939120266394955,0.9570877170276744,0.003866888594699326,28.711261559147566,67.06178492902808,4.356285184590876,74.73309608540926,74.73309608540926,12,0.36363636363636365,0.06889155186499536,0.8984848484848484,0.05843023780045196,3.052449745939184e-05,0.15116916232994437,0.002522788921221742,0.007886999493655024,0.01668851558306224,1.6371428571428572,1.4910714285714286,0.11657152861140166,0.1885913815201359,1.0979640718562875,3.893025716145833,3.6358642578125,28.154972112746464,15.24327731092437,7.685357068402023,2.7928088960193453,2.847442626953125,0.5832779869967684,0.6547048505034453,31.352846145629883,0.02869192697107792,0.08103631436824799,-3.923688616071428e-06,0.9226353121600794,0.022137842882246378,2.788331199538456,3.3060709635416668e-06,2.3350125076719292e-08,0.9226348565087308,0.0011648975120966984,0.009167798799046709,2705.0,-0.0023873723647088235,0.00811717110819326,-9.34008359053545,4
413,0.6060044733910334,-0.10903754320598784,-0.7331944758863677,0.0038320927934017927,0.0027038257127737276,0.005157724253262872,0.6205999851226807,0.12080001831054688,0.7562000155448914,18.179270201666014,3.2709682961872644,21.994783562294074,0.9574643403026024,0.003921969615399642,28.72256072202139,66.86742034009742,5.746481585059432,78.50467289719627,78.50467289719627,13,0.40625,0.0621292161520716,0.9039732142857144,0.07799605430152953,2.0482089795918353e-05,0.12906402512722892,0.011058728899559028,0.0027180197613119596,0.08568405400852436,1.7140816326530612,1.590892857142857,0.15606948548069569,0.2990861399875512,1.0774337347465646,5.115559895833334,4.9993896484375,34.189977446056545,15.0709243697479,8.263965558772918,3.662632533482143,3.5372543334960933,0.8289638875038625,0.8172647205811063,31.33188247680664,0.021756453439593315,0.09247696399688721,-2.3135230654761906e-06,0.9253124118810563,0.022860121163900484,2.916823034414318,9.08261253720238e-07,-8.650992325845871e-08,0.9253127490933695,0.0011466658830127702,0.010419517917708648,2708.0,-0.0022888248985446376,0.00804671357945745,-9.850967051483972,4
414,0.6046254548118228,-0.11030989606607527,-0.734500942942642,0.0038140519213619765,0.0026825730336612758,0.005067691325097974,0.6194000244140625,0.12120002508163452,0.7594000101089478,18.13789621583053,3.3091361676795144,22.033980002573557,0.9577387907285108,0.0039600984253135435,28.730793614794987,65.30705805046155,5.341903726410869,78.50467289719627,78.50467289719627,13,0.41935483870967744,0.06341634373772445,0.924700460829493,0.0732515695094697,7.51016783007081e-05,0.13447494152818024,0.008266457298565986,0.011082677617585694,0.06147210182525856,2.058809523809524,1.7612244897959184,0.4019166805951074,0.27990047020234154,1.168964851293936,5.115559895833334,5.176289876302083,38.92535226004464,14.013809523809522,8.290255006485769,4.215613471137153,4.279959542410714,0.6097408780944463,0.5634303414560901,31.32795524597168,0.018592270091176033,0.10061770677566528,4.199800037202381e-07,0.9298976776310504,0.02231788790944783,1.6566321648045506,3.633045014880953e-08,1.833914483478001e-07,0.9298957947471277,0.0011381872509836758,0.009195166681249659,2700.0,-0.0022769105314646475,0.007971420237327298,-9.564337941852289,4
415,0.6033263601575579,-0.11162613486392158,-0.7356248290964535,0.0040270681740871665,0.0025832816412771375,0.0052121506641526726,0.6194000244140625,0.125,0.7610000371932983,18.09892923329558,3.3486236173766,22.067694730034898,0.9579357979495537,0.004005517722653082,28.73670606667839,64.77175622727115,5.414708439601407,78.50467289719627,78.50467289719627,15,0.4838709677419355,0.06695211000419334,0.9325345622119815,0.07457203742659733,1.4997441732611188e-05,0.1074101166187913,0.009932473417127032,0.0115637882690753,0.09247242000842736,2.0473809523809523,1.9842857142857142,0.455896676940457,0.26201729184252287,1.0317974562035037,5.115559895833334,5.176289876302083,36.87291267031715,14.748469387755101,8.203837285045347,3.969607883029514,4.082234700520833,1.0249069610492234,1.098072789028431,31.34170913696289,0.02465634234249592,0.10061770677566528,3.6461239769345237e-06,0.930392801758789,0.022036351883825873,1.6566321648045506,-2.9427664620535716e-06,9.669315576206851e-08,0.9303915092334613,0.0011165025090078204,0.008464509190144128,2709.0,-0.002212264300425798,0.007954233856997053,-10.088614357602859,4
416,0.6017604372614906,-0.11283241119555065,-0.7369852103165218,0.004243049972757672,0.0027522844080304773,0.005408412374049649,0.6166000366210938,0.125,0.7639999985694885,18.0519574035917,3.3848114787255015,22.108502166654382,0.9581400424326838,0.00405778864241599,28.742834033838403,66.27178547380782,4.65925861633284,76.50273224043715,76.50273224043715,14,0.4375,0.06566768534034974,0.9098214285714286,0.06358722717011392,6.4702747188671226e-06,0.11470133153668471,0.005180369115406476,0.012906376755271199,0.045163984114252834,2.2528571428571427,1.8904761904761904,0.5364401431761836,0.25283382548752764,1.1916876574307305,4.959818522135417,5.176289876302083,37.067244611467636,14.954489795918366,8.121341443309545,4.023895263671876,4.014604356553819,1.0049172745825359,1.0844421657082775,31.361032485961914,0.021898606792092323,0.10061770677566528,2.453031994047619e-06,0.9255940321201223,0.022291748607398524,3.017290859010883,-7.084437779017857e-07,-9.953913361685383e-08,0.925595489289181,0.0011157122996912777,0.009122206922400986,2716.0,-0.0022090143331158336,0.007974694592936711,-9.75223417516643,4
417,0.6005510095698493,-0.11412242073672159,-0.7380023628671964,0.0038432078094304593,0.0025994409101856614,0.005081059119545624,0.613800048828125,0.125,0.7639999985694885,18.015669144306862,3.42350762209722,22.139019171723298,0.9583134187284661,0.003957978497634822,28.74803328520023,65.5131939996642,5.08986455083907,76.50273224043715,76.50273224043715,15,0.46875,0.0712342980168721,0.9213839285714286,0.07152893339857484,1.8662400000000135e-05,0.1735963962299278,0.001959174182604547,0.019841916122667703,0.01128579985041641,2.282857142857143,1.7778571428571428,0.38771351370242824,0.2432807929485743,1.2840498192044998,4.959818522135417,4.765625,33.15702093215216,14.958367346938775,8.184066220409122,3.872901068793403,3.776482476128472,0.9358772732274337,0.8440312464477773,31.376678466796875,0.017487360164523125,0.07253114879131317,1.89208984375e-06,0.917438234433033,0.023076847768103294,2.946014975263602,-1.52587890625e-06,-8.915711838620762e-08,0.9174369725555277,0.001109048136616143,0.010805479969645529,2730.0,-0.002259429151299715,0.008077201186136938,-9.816183070576242,4
418,0.5992218676067534,-0.11557935319344202,-0.739205581960224,0.003879651137433258,0.002653347023371859,0.005054121337155919,0.6125999689102173,0.12660002708435059,0.7639999985694885,17.97580831391471,3.467215738637107,22.175106887391635,0.9585839250982024,0.0038497445477095934,28.756150043209573,65.76432040406063,4.606520038248958,76.50273224043715,76.50273224043715,10,0.3125,0.06090982337257654,0.916875,0.06486292207967727,2.060048313202866e-07,0.19676111381048933,0.0018704336841290064,0.0009521380558946986,0.009506114536079097,2.4785714285714286,1.669047619047619,0.2643719293094536,0.1546900932293683,1.4850213980028533,4.959818522135417,4.765625,32.12334921700614,15.198571428571428,8.249814416147471,3.758426242404514,3.5663350423177085,0.6952955823688418,0.7466531127826159,31.384336471557617,0.015634486451745033,0.07333820313215256,0.0,0.9083715122510442,0.023451766911451653,3.987923575509,-1.0354178292410713e-06,-1.0184879476833137e-07,0.9083702413111607,0.0010924216110310616,0.011493208256753597,2731.0,-0.0022981497544480767,0.008099147913658903,-10.006811995887286,4
419,0.5976303344170253,-0.11746041865575882,-0.7405737248772667,0.0044949894907795815,0.0031759703725306944,0.005374468195142062,0.6114000082015991,0.13200002908706665,0.7649999856948853,17.92805231826646,3.5236454167962075,22.216146889158658,0.9588806181694592,0.003942749097613415,28.76504098709495,67.0841689425104,5.75194968752043,81.08108108108108,81.08108108108108,11,0.34375,0.07750384899868902,0.9008482142857143,0.07568299502931383,0.00038768806330695583,0.15292006932355218,0.0030456465419899732,0.010194550165345307,0.019916591428858935,2.395,1.526530612244898,0.3159940045069744,0.2515512886314868,1.5689171122994652,5.176900227864584,6.15692138671875,33.17026047479539,16.180666666666667,8.527910142132727,3.607957628038194,3.6361113048735123,1.090676726782016,0.7750654818861051,31.383243560791016,0.01614254154264927,0.09327806532382965,-7.702055431547619e-07,0.8984898642173104,0.023076545539550034,3.99767752334824,-2.0345052083333333e-06,-5.7479390401522754e-08,0.8984907882831076,0.001108783716388839,0.0106018708311147,2730.0,-0.0023008787679102334,0.008091825630960645,-11.257757064328366,4
420,0.595458744083132,-0.11943990332455862,-0.7425059916320301,0.0045128552072486745,0.003098063692385793,0.005385395707731606,0.6109999418258667,0.13200002908706665,0.7662000060081482,17.862908608147077,3.5830269569158553,22.27411946326494,0.9592678913629081,0.004029015829924557,28.7766648801747,68.35069716086285,5.275104496328708,81.08108108108108,81.08108108108108,13,0.3939393939393939,0.07993978920387008,0.883030303030303,0.06782034324625993,1.5640309870886312e-06,0.21668725035092348,0.0017669094391387467,0.02326341132134789,0.00815419198073375,2.0487755102040817,1.356326530612245,0.5251457821038595,0.24019289762946117,1.5105326512187782,5.176900227864584,6.15692138671875,34.56162814185733,16.006160714285713,7.673889315345311,3.772539411272322,3.751424153645833,1.084842163835963,0.7865850451514048,31.37787437438965,0.016477372497320175,0.09327806532382965,-5.60942150297619e-07,0.8895211569224475,0.02304482796086335,3.99767752334824,-1.816522507440476e-06,1.4623134305271002e-07,0.8895190099311175,0.0011673224778043722,0.010365006875221816,2714.0,-0.002217903244376756,0.008023325612155763,-10.43807856975458,4
421,0.5938565150726409,-0.12081264575038637,-0.7438527247054236,0.004292787702593625,0.002639769742228477,0.0052531901559335,0.6100000143051147,0.13200002908706665,0.7662000060081482,17.814848595006126,3.6242086582098687,22.314511741144315,0.959486475779954,0.00410208871704802,28.78321905319833,68.22203169658253,5.128459709794601,81.08108108108108,81.08108108108108,15,0.45454545454545453,0.0792623839548375,0.8843722943722943,0.06545397283242045,4.054310703873369e-05,0.23334944979334304,0.0015973987987687632,0.025571684119342623,0.0068455220279432325,1.8563265306122447,1.2958928571428572,0.3320032466233272,0.16242492378741305,1.4324691430933678,5.176900227864584,6.15692138671875,34.769928632463724,15.102689075630252,7.622876007598156,3.7311953590029767,3.769963582356771,0.9851985133878459,0.7624899574705182,31.373214721679688,0.01454361155629158,0.09327806532382965,-1.4241536458333335e-07,0.8809734450017354,0.022817992196368906,2.905679774584828,-2.5612967354910712e-06,-1.6722813398259885e-07,0.880975161760003,0.0012703045176696488,0.01018251099085886,2728.0,-0.002216298968092293,0.00799651951221696,-9.700550628882922,4
422,0.5924733150516237,-0.1213595981881732,-0.7451257436247098,0.004010892381484614,0.0024161520239981077,0.00516506480911491,0.607200026512146,0.13179999589920044,0.771399974822998,17.77334945150784,3.6406123742461203,22.3527025944846,0.9596863374088526,0.003986435311860722,28.78921257487887,66.58518367366409,5.464358722423882,84.16833667334669,84.16833667334669,16,0.5,0.10262197899448844,0.9070535714285713,0.07334390746854916,0.00013061224489795917,0.1650890211743087,0.0011611210970985083,0.02023687672127687,0.00703330293461818,1.8041269841269842,1.3046428571428572,0.3334615021920709,0.14721868711795624,1.3828512333850411,3.85894775390625,3.41278076171875,28.172841825939365,14.491052631578947,8.750546299866203,3.072781032986111,3.042348225911458,0.2548561047689355,0.3863922069611859,31.373672485351562,0.014475730247795582,0.06924981623888016,-2.1071661086309524e-07,0.872846910098775,0.022606127573188126,2.6081887229204264,-9.627569289434523e-07,-7.175130793282907e-08,0.8728475257610189,0.0014815978302286485,0.01026371068918978,2733.0,-0.002271489559834948,0.007964451802578487,-8.529329952851047,4
423,0.5914346576929093,-0.1216971696927434,-0.7460439435357139,0.00385440053519588,0.002424587139586593,0.00511000310067333,0.607200026512146,0.13300001621246338,0.771399974822998,17.742198016558376,3.650739376459803,22.38025502034596,0.959800715094128,0.004019400533090835,28.792653942978568,66.55767136610606,5.301691706520633,84.16833667334669,84.16833667334669,15,0.46875,0.10219029867290311,0.9070535714285715,0.0708583826756451,6.663890045811144e-09,0.22364915976047942,0.0037431692766717066,0.03354928950238475,0.01673679114502604,1.8173214285714285,1.3714285714285714,0.21404562442791183,0.14952646342807055,1.3251302083333334,3.336995442708333,3.41278076171875,27.379040672665546,14.937539682539683,8.211285274035966,2.9076131184895835,2.907396952311198,0.2531316162534363,0.2186320560249807,31.372526168823242,0.014416147023439407,0.09206102043390274,0.0,0.8649424344980968,0.02274044427924948,2.4896890727203393,-1.8528529575892857e-06,2.2971741140595355e-08,0.8649435697767521,0.0017198018682295709,0.011667174384172594,2724.0,-0.0023223381429381337,0.007992644097071937,-8.529329952851047,4
424,0.5903374096836362,-0.12274286521616436,-0.7469992483939444,0.0038908625863259875,0.0027547789247415956,0.00501998296959586,0.6039999723434448,0.13660001754760742,0.771399974822998,17.709277719088963,3.682111670758043,22.408908166076454,0.960002024122421,0.003998357542326202,28.79868701115255,66.22978451662253,5.599681238202336,84.16833667334669,84.16833667334669,14,0.45161290322580644,0.10663307294126882,0.9122119815668203,0.07498767834679015,5.374827155351995e-06,0.2621888744148046,0.0028481775362515812,0.05091733297816149,0.010863075493224504,1.7853061224489797,1.4073214285714286,0.2150079180665686,0.1537182645196685,1.2685844798520856,3.451639811197917,3.857625325520833,30.707890465146022,13.763865546218486,7.934592410843792,3.0198451450892856,3.0760574340820312,0.40274934670670076,0.2705389357313133,31.374929428100586,0.015063130296766758,0.09206102043390274,5.60942150297619e-07,0.856467852291167,0.02298955833115086,1.8035326069817605,-9.08261253720238e-08,2.4164686306138977e-07,0.8564679120705077,0.0018815102144403438,0.013028726674265249,2701.0,-0.0023233647925712613,0.007967598887373875,-9.898489334728684,4
425,0.5894326382705144,-0.123641874954814,-0.7476859436006773,0.004128105063462166,0.0028360809359529136,0.005122741770035324,0.6025999784469604,0.13660001754760742,0.7702000141143799,17.682141005226544,3.7090763915010863,22.429507736606258,0.9600977046265219,0.004017862557715068,28.80155965570134,65.77517376832847,3.4457996985545463,71.7948717948718,71.7948717948718,12,0.375,0.06764397757698622,0.9147767857142857,0.04934081983422312,1.3832327197001177e-05,0.23604115275803372,0.000828754990973145,0.04663196164542448,0.0035110614453857693,2.073673469387755,1.5485714285714285,0.2786314505121308,0.3339660661404589,1.3390880337374804,4.9468994140625,5.482279459635416,35.45985812232608,14.142476190476192,7.893718961208889,3.7995837983630953,3.822750515407986,0.847370257950746,0.7259115659747934,31.37272834777832,0.015533394180238247,0.12247392535209656,-2.0926339285714285e-07,0.8486447530237585,0.02256093182804796,3.219186071247158,3.633045014880952e-07,9.923886067169373e-08,0.8486442685394405,0.001941484855671501,0.012753294591619247,2695.0,-0.002299230897161519,0.00798963320489735,-10.118312605368697,4
426,0.5881215906143189,-0.12449883720136824,-0.7488260104003407,0.004355809887822022,0.002634818390999038,0.005199453534645935,0.6019999980926514,0.13660001754760742,0.7721999883651733,17.64282086125442,3.7347862588933536,22.46370445485626,0.9602935094131612,0.004084740756375034,28.8074366436432,66.6980260395175,4.502865980745502,80.61420345489442,80.61420345489442,12,0.375,0.07860744880252511,0.9036160714285715,0.06021219320948988,0.00012492852244897957,0.2130872184373673,0.0005369239844419864,0.013534420209672498,0.0025197381071441617,2.170408163265306,1.6785714285714286,0.26566788522417145,0.2580117594746621,1.2930091185410333,4.9468994140625,5.482279459635416,35.61981637137277,15.370571428571427,8.494026405152539,4.069257463727678,4.262474907769097,0.5736712805235887,0.5733101050612501,31.366622924804688,0.019686926156282425,0.1130700558423996,-1.89208984375e-06,0.8433835914342621,0.021779068593519933,3.219186071247158,-1.071748279389881e-06,-1.4728455278150443e-08,0.8433826126771833,0.001875942968535206,0.010708935551105378,2713.0,-0.002298001533269621,0.008028683274933604,-9.45175220023321,4
427,0.5865594672986439,-0.12504545664787292,-0.7502623915615536,0.004398289531837738,0.0026466525393336656,0.0052544857128102385,0.6019999980926514,0.13539999723434448,0.7742000222206116,17.595947447504315,3.751185985164983,22.50680617541075,0.960530413256946,0.004161207351564684,28.814546059118605,68.92957775502177,5.0559202924829165,80.76923076923076,80.76923076923076,16,0.47058823529411764,0.0773953699522348,0.8751680672268908,0.064719372706998,1.1333528363182008e-05,0.2565623144335677,0.0010763873183219565,0.04660383620411056,0.004195422545584605,2.2026190476190477,1.5606122448979591,0.11437917805213538,0.09314353681627922,1.411381369600279,4.560648600260417,4.581807454427084,34.3932374500093,14.982,8.054301826028244,3.983239067925347,3.9402117047991077,0.5086236381201497,0.38796771149845255,31.354379653930664,0.01795828714966774,0.1130700558423996,-2.1725609188988096e-06,0.8394142064779839,0.021637826012011786,3.156320491840323,3.633045014880952e-07,-1.392147271812418e-07,0.8394136143462713,0.0018074788987607433,0.010401493302514732,2729.0,-0.0023207752813947102,0.0081490061230221,-9.45175220023321,4
428,0.5846893145527159,-0.1260190762309801,-0.7518038487945284,0.004272391897660696,0.002608764614501896,0.005183099881936837,0.6014000177383423,0.13779997825622559,0.7784000039100647,17.53984829374722,3.7803931440625873,22.55304032095841,0.9607217919414418,0.004122036760189543,28.820283048549495,69.49339119618546,4.641042075112198,80.76923076923076,80.76923076923076,14,0.4117647058823529,0.07028214188647708,0.8671848739495798,0.057061376039737564,4.5642432986256035e-05,0.15016216032831337,0.0020891338657243025,0.07953510216172803,0.013912518714146338,2.09,1.4779591836734696,0.19364992007535017,0.059565272245181995,1.4141121237227283,4.560648600260417,4.581807454427084,30.308651660737535,14.898035714285715,8.130422913589829,3.442833310081845,3.319731212797619,0.8461382938435064,0.6591440599494716,31.343997955322266,0.015614754520356655,0.10465248674154282,-8.414132254464286e-07,0.8358579698922912,0.02194862138716721,1.9269069080381058,-2.0708356584821427e-06,-7.505957067090756e-08,0.8358577366978732,0.0018042667509545484,0.011479259444755925,2714.0,-0.002328992837906156,0.008148837806382155,-9.45175220023321,4
429,0.5835202095792407,-0.12702748637823832,-0.7526752296317192,0.003894838739697709,0.0025512750810620733,0.004998488251153405,0.6014000177383423,0.13779997825622559,0.7784000039100647,17.50478085875511,3.8106385913065504,22.579179603244576,0.9608241126729691,0.0039378609017792976,28.823353532398915,67.22563429560566,5.4957644046758745,80.76923076923076,80.76923076923076,13,0.40625,0.06076698715676628,0.8985714285714286,0.07448034256480986,0.00033186429387755133,0.12630906651331383,0.008358623811073123,0.019304083886951047,0.06617596061635106,2.1489795918367345,1.469591836734694,0.3852020137800964,0.05796708770480246,1.4622969032078874,4.560648600260417,4.581807454427084,29.633408973330546,13.883839285714286,8.261401115890713,3.105410621279762,3.201323009672619,0.8017999623001937,0.6260706889258536,31.33320426940918,0.018540363758802414,0.09777084738016129,-1.6813732328869047e-06,0.8307167839012874,0.02192032996490871,2.0229327966344095,-1.071748279389881e-06,1.2395762946220135e-07,0.8307175361571888,0.0018559877397546205,0.01200402059491347,2699.0,-0.0023526559131019802,0.008044127003547343,-8.768340372419004,4
430,0.5821279521385828,-0.12802960113116674,-0.7536956676443418,0.0038034710067162696,0.0026355495939896496,0.005024844396593733,0.5966000556945801,0.14139997959136963,0.7784000039100647,17.463010564191002,3.8407084625107903,22.609799600754464,0.9609127640291443,0.003874577803718283,28.826017726675584,64.31689187473752,4.348930855257254,73.29842931937172,73.29842931937172,12,0.3870967741935484,0.05653666560580955,0.9371428571428569,0.06319661160407004,1.4520765680966367e-05,0.1457091859657811,0.004287750598274015,0.0023519218565533034,0.029426769286055626,2.3457142857142856,1.5110204081632654,0.3691385448664532,0.1873082526417486,1.5524041058887086,3.838602701822917,3.797709147135417,27.854472351074218,14.199523809523809,8.556434149309741,3.1199815538194446,3.1702968052455356,0.4138758793556469,0.38679437109650777,31.325450897216797,0.016822900623083115,0.07624644786119461,-1.4023553757440476e-06,0.8267089813233875,0.02189085226672247,3.724097622025158,-2.197992234002976e-06,-4.441061104578532e-08,0.8267098807276048,0.001925995711703065,0.012155852641019026,2688.0,-0.0023597312946500317,0.007952598366380237,-8.226212724712008,4
431,0.5806356182155155,-0.1292352207075982,-0.7549431344526155,0.0043593113644414365,0.002983071701833895,0.0053405355490983245,0.5966000556945801,0.14139997959136963,0.7813999652862549,17.418245975119728,3.876873764055116,22.647216176433222,0.9611553149166424,0.003934959820244201,28.833291288773932,64.5256519440012,5.53193733362179,78.50467289719627,78.50467289719627,15,0.4838709677419355,0.08164215931043683,0.9364055299539169,0.07666507699925977,0.0001095909877551029,0.2060983324503909,0.009344929455104381,0.0057203015380089305,0.04534209153465015,2.4776190476190476,1.4951020408163267,0.29723632534832606,0.19932372125738917,1.657157157157157,3.838602701822917,3.989156087239583,30.400272551037016,16.14609523809524,8.632768806694715,3.5196261935763893,3.540242513020833,0.3334076674703678,0.2983313581227197,31.319499969482422,0.014134509488940239,0.09332211315631866,-8.414132254464286e-07,0.8216500435549386,0.02206975597184082,3.50935952495731,8.174351283482142e-07,-1.7432388123888808e-07,0.8216503140852525,0.001940106527070676,0.012266695293207586,2698.0,-0.002334433427044769,0.00794577321880859,-8.226212724712008,4
432,0.5784537414028531,-0.13068716396604266,-0.756799772591818,0.0043817724253610016,0.0030933369671911548,0.005446913965671833,0.5934000015258789,0.14480000734329224,0.7813999652862549,17.352789099216462,3.920428347545011,22.702910177750248,0.9614963887208317,0.004110179461123325,28.843518596904207,67.5424024274931,6.369683574178531,79.24528301886792,79.24528301886792,17,0.5151515151515151,0.07941912842120388,0.8962337662337662,0.0841603868155603,0.00021323151620158222,0.24101407793881863,0.0035545537865585846,0.020051042041127586,0.014748324317639682,2.234489795918367,1.3548979591836734,0.42588780778861285,0.13640288708515122,1.6491941557463472,4.071451822916667,4.027303059895833,32.72070159912109,16.391607142857143,8.230785832913885,3.6882963634672623,3.7209647042410716,0.2639351777414371,0.26214541163184046,31.317216873168945,0.015258037485182285,0.10191849619150162,1.0506766183035714e-06,0.8167842474274849,0.022099660006256062,3.6121103864570814,-9.264264787946428e-07,-1.4898460486831637e-07,0.816784744125965,0.0019165129750575694,0.012981656548388851,2696.0,-0.002348837038033531,0.008025379784724819,-9.66809952348785,4
433,0.5764725787753151,-0.13202179285458157,-0.7585111916434197,0.0043909121568389015,0.0029448763865739845,0.005471689264619402,0.5914000272750854,0.14480000734329224,0.7854000329971313,17.293351506079947,3.9604636427760123,22.75425889215299,0.9618367754082924,0.0041862846067234625,28.853732911634918,69.85006206589324,5.852532672628257,79.24528301886792,79.24528301886792,13,0.3939393939393939,0.07823996642981626,0.8653246753246753,0.07606044590945205,1.512416226572255e-05,0.21605309397918052,0.003739928094647429,0.014313431698195211,0.017310226971375003,1.7405357142857143,1.346607142857143,0.2425259690492243,0.14845451701598367,1.2925341466648985,4.071451822916667,4.027303059895833,34.46773572649275,16.37777777777778,8.022476393734808,3.556416829427083,3.5780207316080728,0.4322129535344359,0.3591983873444356,31.31437110900879,0.015731871128082275,0.10191849619150162,5.60942150297619e-07,0.8117038938784723,0.021884839766891966,1.9726103509653468,-5.4495675223214284e-08,-8.659794500342264e-08,0.8117051559622117,0.0019495356886400656,0.012502109962651994,2690.0,-0.0023093055778500874,0.008006449559456622,-9.66809952348785,4
434,0.5750226548910141,-0.1328217071181252,-0.7597504581610361,0.004350204313062299,0.0027871986998740162,0.005376469924949362,0.5889999866485596,0.14480000734329224,0.7906000018119812,17.24985864673342,3.9844664992604937,22.79143117338419,0.962056104355834,0.004131519124511675,28.860311933190506,68.79858885215641,5.44836452886493,79.24528301886792,79.24528301886792,11,0.3333333333333333,0.051847869103872006,0.8775757575757576,0.0692029763038532,7.116917284464857e-06,0.115530344314331,0.0013901577745772916,0.05172955535491505,0.012032836765334985,1.7273214285714287,1.3491071428571428,0.24112453118838062,0.14756862378056454,1.2803441429516877,4.071451822916667,4.100850423177084,33.57443484351749,14.183650793650793,7.931425687042357,3.4677378336588545,3.4507115681966147,0.4692394144260333,0.3339340143409813,31.327913284301758,0.028254864737391472,0.09053844958543777,2.5227864583333333e-06,0.8072957851325812,0.02180620575311755,2.0659362333891416,-1.8528529575892857e-06,1.3991039848959682e-07,0.8072951459678471,0.0018961330924446918,0.012387437330526508,2704.0,-0.0022806661945599317,0.008017011813377873,-10.355998019245545,4
435,0.5733296072880427,-0.1333244497861181,-0.7612751247173264,0.004375275051158744,0.0027046448740892922,0.005421806248354515,0.5886000394821167,0.14420002698898315,0.7906000018119812,17.19907036151205,3.999541779288224,22.837165312937326,0.9623205047419805,0.0041428600043950685,28.868240239242606,67.50246146439477,5.2709652044052655,78.35820895522389,78.35820895522389,10,0.3125,0.07488415455240387,0.8942857142857142,0.06980932485517027,5.562115518533989e-05,0.16487803467611592,0.0018133209850229003,0.03825220441492306,0.010997953660625337,1.8078571428571428,1.3716071428571428,0.22903190224267436,0.11098914614152364,1.3180575445905482,3.802490234375,4.100850423177084,32.588740176246276,15.183174603174603,8.39542402564759,3.454767862955729,3.404986063639323,0.42180798414763204,0.251032024459462,31.353477478027344,0.03470340371131897,0.1120060384273529,2.8047107514880953e-06,0.8045965067279163,0.021698033631559976,1.8063333323915316,-5.4495675223214284e-08,-6.340074408948113e-08,0.8045967688527322,0.0019365189650623915,0.012357137354251075,2708.0,-0.0022518088389485175,0.00793509693679728,-9.753129678460752,4
436,0.5717421124662672,-0.13336294489247458,-0.7627449625276383,0.004490780508961737,0.002716616653614996,0.005567126969870205,0.587399959564209,0.1435999870300293,0.7914000153541565,17.15143965968064,4.0006996325084145,22.881263732952732,0.9625461590681734,0.004245913388043205,28.875009386887147,70.06977949221266,5.694344947551595,79.09604519774011,79.09604519774011,12,0.35294117647058826,0.07531176184276578,0.8621848739495798,0.07286063205857954,8.323396984589738e-05,0.19355211162909292,0.0024895982984656593,0.013249599669331348,0.012862677020215194,1.717142857142857,1.3784126984126985,0.24798061971674729,0.08162033794736132,1.2457392906494702,3.802490234375,3.70849609375,31.929890296572733,15.400526315789474,8.538946765291271,3.3726755777994795,3.3758318865740744,0.29372935902151504,0.26500014983870884,31.376943588256836,0.019591903313994408,0.08708246052265167,3.3656529017857145e-06,0.8017635204685194,0.021408838853264313,2.02183838136387,-1.0354178292410713e-06,-2.6516595259031004e-07,0.8017644239377751,0.0018953789816139443,0.011866676285636634,2716.0,-0.0022835325305844813,0.008043867842939333,-9.078349829882224,4
437,0.5704976083437602,-0.13355249713999884,-0.7638537052046686,0.004365269010166044,0.0029478096863829037,0.005510351786970636,0.587399959564209,0.14539998769760132,0.7914000153541565,17.114113250289645,4.006384057062013,22.914525441867966,0.9627124048159794,0.004382729618447969,28.880001167155445,74.10489259189644,7.101091830055126,92.9203539823009,92.9203539823009,13,0.3611111111111111,0.07434220771806889,0.8170634920634919,0.07829166965852032,1.99535420241567e-05,0.17786160890646416,0.004389976475396353,0.028574032949463826,0.024681978884521404,1.5744444444444443,1.4011111111111112,0.3059844855821641,0.07618981481194423,1.1237113402061853,3.9997355143229165,4.47418212890625,32.03842417399089,15.420357142857142,8.586805075408503,3.417324490017361,3.4437052408854165,0.45420296753520883,0.2898687549341347,31.389196395874023,0.015184859745204449,0.09157948195934296,9.823753720238096e-07,0.799604704434415,0.02148998213614105,2.02183838136387,1.9981747581845239e-07,1.04304265341913e-07,0.7996071254625272,0.0018619451499798287,0.01129794908449684,2718.0,-0.0022622213767350364,0.008143529268325372,-9.078349829882224,4
438,0.5701069323619207,-0.13379455402351562,-0.7641537811727751,0.004394853126941425,0.0030513412767531,0.005546208419178945,0.587399959564209,0.14740002155303955,0.7914000153541565,17.102395256502287,4.013639334993703,22.923521720894744,0.962753299834979,0.0044008858657018975,28.881223746365308,75.05054334449396,6.032214352041696,92.9203539823009,92.9203539823009,13,0.35135135135135137,0.048895974543213816,0.8042857142857142,0.06040678431961707,2.1620602082465644e-05,0.10402638318014841,0.004761756073518224,0.017593653963673014,0.045774503812864666,1.5114285714285713,1.3744444444444444,0.296834394227441,0.0914371137984648,1.0996650883473842,3.9997355143229165,4.47418212890625,31.469774809337796,15.587785714285715,8.318017896686195,3.4139336480034723,3.398652253327546,0.5291460937462997,0.23708224199417924,31.386844635009766,0.016468023881316185,0.091168612241745,5.682082403273809e-06,0.7964033267877311,0.021758852911243798,2.02183838136387,1.8710181826636904e-06,-1.9840724000933636e-08,0.7964024841203141,0.0016875345040995274,0.009604613889939122,2722.0,-0.0023099529556442253,0.008203997954540477,-9.078349829882224,4
439,0.5698910088709422,-0.13431481086923963,-0.7642541618290402,0.004332864764131273,0.003079631499493771,0.005541603774357668,0.5851999521255493,0.14740002155303955,0.79339998960495,17.095919694645065,4.029253897539207,22.926534712016583,0.9627774075380731,0.004391473293177781,28.881950424277083,74.34866807503283,6.13441361986508,92.9203539823009,92.9203539823009,12,0.3333333333333333,0.047321245667725095,0.8120238095238095,0.061146802090507504,4.8737495376926116e-05,0.08827865091308577,0.004204123069092809,0.01829552498926081,0.04762332710806777,1.3477777777777777,1.3849206349206349,0.14660962265924504,0.07684277646785341,0.9731805157593123,3.484395345052083,4.47418212890625,30.04607049851191,15.525714285714285,7.893945122170329,3.183028609664352,3.322087040653935,0.5246428256632168,0.2561705631248124,31.380722045898438,0.019774015992879868,0.09401661157608032,-2.033051990327381e-06,0.7932467424530658,0.021906515585726063,2.8695663915655905,-3.269740513392857e-07,1.0035517540119124e-07,0.7932467740169276,0.0016087051074450554,0.008835394121801414,2728.0,-0.0023085557530649584,0.008167009333454997,-9.43561666083441,4
440,0.5694141231832051,-0.13456507731903167,-0.7645506473836444,0.0042833209062466075,0.0029650354443614287,0.005570852741278131,0.5844000577926636,0.14740002155303955,0.79339998960495,17.081614552651132,4.036766033853803,22.935431421484267,0.9627651653683472,0.00439376328689877,28.88158628789245,73.36540711724751,3.909088964524295,80.45977011494253,80.45977011494253,11,0.3142857142857143,0.050689128569171925,0.820204081632653,0.04477366840853209,3.609802582257673e-07,0.12345964839366338,0.002319506188176962,0.06573608610604906,0.01878756515473773,1.443174603174603,1.395,0.2025291085461939,0.14797028107573712,1.0345337657165614,3.465779622395834,4.143168131510417,30.07258082798549,14.689455782312926,8.6204631506784,3.1106341326678244,3.125071207682292,0.5196201899453299,0.261014286966573,31.362709045410156,0.021733321249485016,0.10104961693286896,-2.5242396763392857e-06,0.7906637341174323,0.02200137257809031,2.8621804305439524,-6.539481026785714e-07,-1.358188352939341e-07,0.7906643134017624,0.0016318980655351388,0.008850201830201895,2725.0,-0.0024180803053277223,0.008098409360528983,-9.303063502239722,4
441,0.5688219333830334,-0.13415044906025841,-0.765100704621701,0.004196363499193748,0.0030396169747371688,0.005447791454849678,0.5842000246047974,0.1470000147819519,0.79339998960495,17.063848001446043,4.024321614631584,22.951925852937357,0.9627936460814253,0.004329587537594089,28.882433677984693,73.51379322586195,3.3219975131637978,79.84790874524715,79.84790874524715,11,0.3142857142857143,0.04911522087875395,0.8178775510204083,0.03779702030394362,4.337700891295304e-05,0.09277912192532638,0.0007207842444260979,0.004677775885418882,0.007768819422609149,1.485,1.4726984126984128,0.18434799612002672,0.14393158560701316,1.0083530933390816,3.65325927734375,4.143168131510417,29.760491943359376,14.809022556390978,8.140466778191415,3.182042439778646,3.135014286747685,0.552174523472632,0.3173744157756354,31.344188690185547,0.022351974621415138,0.09251692146062851,-8.697509765625e-06,0.7880025282115473,0.021948428332975486,2.9430826123919456,-1.961844308035714e-06,-1.5803902435428366e-07,0.7880009155204459,0.0016257047412929196,0.008739353716319552,2744.0,-0.00237953625975958,0.008080838967736982,-8.677498103144602,4
442,0.5680147051130022,-0.1340135728660084,-0.7656577333155132,0.004341284452310727,0.0030644350954925617,0.005399690821523844,0.5842000246047974,0.14579999446868896,0.7906000018119812,17.039634724770274,4.020211900259767,22.968636142356054,0.9627413341077916,0.004315703562745575,28.880865462969155,73.1361565937021,3.724999040826176,79.69639468690701,79.69639468690701,13,0.37142857142857144,0.05588210020793295,0.8225714285714285,0.04295336137771193,5.46605314452306e-06,0.10713671496877855,0.0009940922687673142,0.016534892503225977,0.00927872642965588,1.444761904761905,1.4876785714285714,0.12847262517556468,0.2251268774921994,0.9711519225383108,3.65325927734375,3.994038899739583,29.47800772530692,15.159924812030077,8.055505065686749,3.053645381221065,3.026123046875,0.4281489596281358,0.33009937779721926,31.33047866821289,0.017038214951753616,0.09251692146062851,-1.3326009114583333e-06,0.7852799449328678,0.022001407101592103,2.115695879988454,-2.1798270089285714e-07,2.590153832393611e-08,0.7852798010189311,0.0017057555062019965,0.009544826534413414,2735.0,-0.00234355774841265,0.008070408989145458,-9.371316289522161,4
443,0.5672786101840791,-0.13431441091923488,-0.7662727144105094,0.004540810967482512,0.003257435435912289,0.005424375048506771,0.5842000246047974,0.1470000147819519,0.792199969291687,17.01755173410688,4.029243756149496,22.987088860869406,0.9628402989887531,0.004297410940121549,28.883837833775043,72.28894898043504,3.794582250457108,78.65168539325842,78.65168539325842,13,0.37142857142857144,0.049505962632136094,0.8323265306122447,0.04436278443769496,5.2122506289046406e-05,0.0862918393714308,0.003240015898430277,0.013210875753870978,0.03754718779934792,1.5898412698412698,1.4444642857142858,0.246907810464207,0.24420992715368506,1.1006442219200285,3.62823486328125,3.715006510416667,30.24027579171317,14.133533834586467,8.219938145031646,3.121292679398148,3.048884073893229,0.35415010155682775,0.3384620931330777,31.322059631347656,0.014539440162479877,0.0664820522069931,-1.6116187686011904e-06,0.7828387820852932,0.02202930556998594,3.230288777640695,4.1961669921875e-06,-3.321966840613033e-08,0.7828390914263642,0.0017627465328941424,0.011118339140804815,2703.0,-0.0023011119982939802,0.008049213642402278,-9.371316289522161,4
444,0.5661622008312316,-0.13519831515493846,-0.7670719808595521,0.0044126624415972565,0.003221526035845726,0.0053637467721842965,0.5825999975204468,0.1478000283241272,0.792199969291687,16.98406031063625,4.055755026085036,23.01106414007289,0.9629424705740774,0.00425015935540589,28.886900551105605,71.13428315678185,4.77094914503165,79.09604519774011,79.09604519774011,12,0.34285714285714286,0.061979162358220465,0.8473877551020408,0.058530583781622895,2.927590837151226e-06,0.12611425182961117,0.004204510652863214,0.05040346666649848,0.033338901764598264,1.7423214285714286,1.3869642857142856,0.26339225181528503,0.26294392734682315,1.2562121797347754,3.893330891927083,3.8691202799479165,30.867324029831664,14.100396825396825,8.181786098733705,3.352711995442708,3.2802836100260415,0.41615045938896583,0.36189715725148,31.32114601135254,0.014587483368813992,0.0664820522069931,6.975446428571429e-08,0.7815098775000204,0.021849673088146556,3.219300933495993,-9.627569289434523e-07,1.4705492524297037e-09,0.7815098304329517,0.0019365753276966873,0.01185258730556445,2689.0,-0.0023551037422697135,0.008062157000050888,-9.371316289522161,4
445,0.5650524016107832,-0.13629772413912272,-0.768004457070714,0.004418532532071174,0.003247812052001327,0.005331074215038314,0.5801999568939209,0.14960002899169922,0.792199969291687,16.950770334090507,4.088733295585428,23.03903756925038,0.9631893947993424,0.004100495497489906,28.894309342756838,69.7079742825884,4.636473777939565,79.09604519774011,79.09604519774011,11,0.3235294117647059,0.0767353353306786,0.8647058823529412,0.059994526973036914,2.5615993336110037e-05,0.13587998309421231,0.004625279606687763,0.05602281355370011,0.034039447911035046,2.0485714285714285,1.2757142857142858,0.20009054073043014,0.1044156305670063,1.6058230683090704,3.893330891927083,3.8691202799479165,31.174542672293526,14.704117647058824,8.193660036740832,3.509686787923177,3.5264805385044644,0.24729456367090208,0.2163856316151455,31.319740295410156,0.01564350351691246,0.07906035333871841,-1.2599400111607143e-06,0.7801381595179805,0.021931906354781906,3.1800173166237573,-6.902785528273809e-07,-8.183839893109423e-08,0.7801392958035219,0.0018427277761496768,0.011357012361450758,2704.0,-0.0023313861739935747,0.007987088612600493,-10.298312180350317,4
446,0.5636766021308445,-0.13720428547688893,-0.7690440282367524,0.0041228603296568885,0.003135664791006499,0.0050805035165902785,0.5800000429153442,0.14960002899169922,0.7914000153541565,16.909495492492404,4.115932564309665,23.07022484706981,0.9633391274141686,0.00392588709446605,28.89880130602284,68.68906688235306,4.24803033562388,75.53956834532374,75.53956834532374,13,0.38235294117647056,0.07686699111335138,0.877016806722689,0.057016001678704464,6.321632653061836e-08,0.141335373945749,0.0031527330955470265,0.020583230555177873,0.02230675171777725,2.1587755102040815,1.333469387755102,0.23008735642542122,0.07930403223899,1.6189164370982552,3.6881510416666665,3.786519368489583,28.722393580845424,14.108660714285714,8.177210421203572,3.258637927827381,3.177868071056548,0.3968639574422295,0.3131187209773468,31.312335968017578,0.019710980355739594,0.1007395088672638,6.306966145833333e-07,0.7786144240062229,0.02182223420373083,3.1800173166237573,-4.686628069196429e-06,-4.458962098119662e-08,0.7786128613688502,0.0017595202308820054,0.009693286089217372,2725.0,-0.002288960041383818,0.007970590334807475,-9.205581587074818,4
447,0.5620058692750477,-0.13860240872984841,-0.7702684853814897,0.00426279322191348,0.003151347670376536,0.0050854425019454,0.5773999691009521,0.1525999903678894,0.7914000153541565,16.8593735068185,4.157875690460205,23.10695827573538,0.9635423391146559,0.0038586570594668036,28.904897355027384,68.8626837665715,4.434874681541275,77.77777777777777,77.77777777777777,11,0.3333333333333333,0.07329481633813417,0.8750216450216451,0.05800339189122459,1.3590507955018627e-05,0.17636235049474872,0.005389174925522516,0.09584960038883378,0.030557400207041254,2.354285714285714,1.3459183673469388,0.22662436008313488,0.12314969575080241,1.7492039423805912,3.3856201171875,3.47198486328125,27.58712536039807,15.019107142857143,8.606159278048057,3.079804920014881,3.037327357700893,0.28669023533985677,0.2102632955119268,31.30476188659668,0.01851135864853859,0.1007395088672638,-1.399448939732143e-06,0.776497077206238,0.021759070245903296,3.1800173166237573,-3.269740513392857e-07,-3.9663589869049056e-08,0.7764981015670576,0.0016218025734064518,0.008643095560350304,2727.0,-0.0022537030184202537,0.007909587849576707,-9.416195117025202,4
448,0.5620207544678734,-0.13852903729961033,-0.7700363710891632,0.0056277128016743285,0.0051597061916125245,0.005925711512515502,0.5978000164031982,0.1746000051498413,0.8029999732971191,16.859811348319052,4.155662976162774,23.099985989843095,0.9633717303666156,0.004685331865131175,28.899765203023573,66.25637715615181,5.451424551940971,77.77777777777777,77.77777777777777,11,0.34375,0.05575385573419794,0.9117410714285714,0.07526630813098494,0.00012912379841732623,0.11387344586183284,0.007664776757520206,0.008375985344059271,0.06730960584805858,2.2755102040816326,1.363673469387755,0.3574981323292596,0.1277498857903608,1.6686620772223886,3.540852864583333,3.47198486328125,27.97437264578683,15.887321428571429,8.298472610799765,3.1167457217261902,3.0540974934895835,0.3158921622202746,0.22928931999718422,31.298885345458984,0.01457254309207201,0.08203745633363724,5.60942150297619e-07,0.7756756485135753,0.021832323172044386,3.111391838221591,5.358741396949404e-06,-1.5148738185041158e-08,0.7756740909760235,0.0016770650801549638,0.008540545422295988,2736.0,-0.0022768603978307583,0.008465446573480513,-8.509533819032265,0
449,0.6708092873039699,-0.1299788755632582,-0.5199202952839079,0.15932587620174496,0.06699204664730735,0.37253437721058924,1.119800090789795,0.394599974155426,0.8029999732971191,20.1232246191161,3.961090555659362,16.926194852633135,0.951109000028687,0.03525511145375073,28.531922472530272,75.87998957481719,26.058921455088566,203.8834951456311,203.8834951456311,14,0.4117647058823529,0.1365857189719599,0.8411344537815126,0.16161392623741716,6.84638040816326e-05,0.43902358724513235,0.023875581731059446,0.06865317945140945,0.05438336896857508,1.6032142857142857,1.9242857142857144,0.5550922657265076,1.0324462727534294,0.8331477357089829,14.507141113281246,12.53387451171875,61.803750465029765,17.052142857142858,8.463543505735018,5.2084096272786455,5.312805175781251,3.4104610291503517,4.1758718486069295,31.298973083496094,0.01756851188838482,0.08241285383701324,7.120768229166667e-08,0.7801925799408548,0.023210750650694018,2.088716970950371,2.5431315104166666e-07,-1.4189850519189973e-07,0.780193617664555,0.0016478735820690238,0.011478150710576689,2763.0,-0.002267903915150246,0.012899418711104744,-3.560864124775228,0
450,0.7870683339607147,-0.10581549505676542,-0.3069300669743901,0.16338627234526024,0.07207245114376869,0.34974086020735673,1.119800090789795,0.394599974155426,0.8029999732971191,23.610999161686216,3.2361914261749813,10.536507431907314,0.9369067429211255,0.03596503723016825,28.105858653764766,77.77365476045556,25.312878187724163,203.8834951456311,203.8834951456311,15,0.4166666666666667,0.1322507557281642,0.8188095238095239,0.16214495488468897,4.26488962932006e-09,0.41857313938802454,0.016103247224941063,0.10462425528004894,0.03847176445312482,1.2667857142857142,1.8320779220779222,0.3314845626965492,1.0220136120628205,0.6914475083291982,14.507141113281246,17.611490885416664,76.0130104428246,15.869319727891156,7.453584558027317,6.97174072265625,7.432417436079546,4.703638384614145,4.002586933389788,31.29569435119629,0.01892692781984806,0.08241285383701324,3.502255394345238e-07,0.780187948029028,0.02330872958873554,2.056176805802771,3.633045014880953e-08,-1.3856485414241718e-07,0.7801883512514038,0.0016770412659054409,0.011636211453466489,2767.0,-0.0022578510316938034,0.014076448413430451,-3.560864124775228,0
451,0.9019230860187893,-0.07976426667542684,-0.0960410195305234,0.04190548900120226,0.07019199519938396,0.1292171058545384,1.119800090789795,0.394599974155426,0.7865999937057495,27.056624866213117,2.454623289023127,4.209851294287613,0.9227521453058495,0.030983765777631123,27.681207218320186,79.33363787148505,23.95310716693368,203.8834951456311,203.8834951456311,17,0.4594594594594595,0.10792124658681723,0.7936679536679536,0.13536921810851868,0.000995569915201997,0.17022839466236758,0.003729141013193662,0.30154866727444757,0.021906692009814644,1.3004285714285713,1.22,0.31688087634932843,0.1351129535021777,1.0659250585480093,14.507141113281246,17.611490885416664,91.62402714320592,14.194761904761906,8.624029883987491,8.108713785807291,7.788157145182291,4.305163061066859,2.942367779966647,31.298786163330078,0.022796140983700752,0.08281798660755157,8.385067894345238e-07,0.7784909245218699,0.02364135744021828,1.9272216747879203,-3.869192940848214e-06,6.900407032448415e-08,0.7784886625500969,0.0016132673279327227,0.012560474884906534,2750.0,-0.0022873426867600797,0.015046965022199365,-3.560864124775228,0
452,0.9068723333790188,-0.08315200976530711,-0.14206758115405127,0.008136573544421462,0.03178251132462262,0.025272835198090347,0.9501999616622925,0.156000018119812,0.22060000896453857,27.204871572852134,2.4944191500970296,4.261796577487673,0.9225938140961599,0.007112358038854035,27.676487178464726,69.67244789111041,6.962650844125831,83.83233532934132,83.83233532934132,16,0.47058823529411764,0.06783378499786573,0.8694537815126049,0.08328923461857013,0.00047221950853810866,0.10546450920860861,0.004000287072612603,0.0027698958091400307,0.03793017293334237,1.481142857142857,1.2635714285714286,0.3072549961401136,0.204545539064093,1.1721876766534765,13.469034830729166,14.08294677734375,81.44232889811198,14.47948051948052,8.70211632231478,8.164998372395834,8.213877360026043,2.95487446409534,1.9225889566601149,31.317678451538086,0.03458608686923981,0.10313314199447632,3.1520298549107143e-06,0.7719545885242909,0.021926172074488527,1.9827243540903607,1.2352353050595239e-06,4.4589019203895494e-08,0.7719545422067436,0.0017249925626459754,0.009394880544510835,2742.0,-0.002354938083305557,0.013711655638262038,-2.26358761633616,0
453,0.9033638950132188,-0.10652100014402753,-0.16004560956500827,0.00827758191208609,0.036728283582515106,0.03051038479514304,0.9501999616622925,0.156000018119812,0.22060000896453857,27.099616564682552,3.195495147151606,4.801135572663375,0.9248393553213279,0.006941399900619027,27.743850821335,66.76481415568753,5.6579815630819965,78.79924953095684,78.79924953095684,19,0.59375,0.09344056349988358,0.9051785714285714,0.07721371580336789,0.0003828171755102032,0.10436168559885006,0.0064703201134746835,0.04359738784303609,0.06199899969367665,1.4079365079365078,1.3574285714285714,0.4089858654594663,0.25468732330656196,1.0372085408919758,13.469034830729166,14.08294677734375,75.9784905569894,14.81469387755102,8.38159715527102,7.961131908275464,7.936594645182292,2.686913959779724,2.343472920356201,31.365428924560547,0.057738047093153,0.12137226015329361,1.0099865141369047e-05,0.7702957828307934,0.02182534462557278,2.1947641763155206,-5.086263020833333e-07,7.284126700544268e-08,0.7702967389364992,0.0016285495762918877,0.008819108220797884,2737.0,-0.0023510254801389664,0.014072660603252518,-2.26358761633616,0
454,0.8967862955899466,-0.14178905732574917,-0.1878952380702609,0.011943580626145808,0.02600301231315162,0.03655589137277713,0.9761999845504761,0.24220001697540283,0.2797999978065491,26.90230858198234,4.25350129123245,5.636683570700033,0.9282854928476584,0.008694823454970786,27.847260658779028,67.70733083952277,6.292072703569203,78.79924953095684,78.79924953095684,21,0.65625,0.1074370768277306,0.8939732142857143,0.08448050612525099,3.712539508538094e-05,0.17031540326863212,0.01002050859335149,0.001835214045459474,0.05883501081547226,1.3175,1.3996825396825399,0.3998939591584606,0.24351710307708507,0.9412848718530277,13.469034830729166,14.08294677734375,79.58776143391927,14.463308270676693,7.479724430908324,7.601877848307291,7.63786033347801,3.0868300481540873,2.7172545098763137,31.455320358276367,0.1026039719581604,0.1503722369670868,1.411074683779762e-05,0.7694533198091292,0.02202035810962387,3.3572605702690774,-1.2352353050595239e-06,1.4660180294534666e-07,0.7694514990740501,0.0016033405061864755,0.008645210253921086,2738.0,-0.0023063149976024207,0.015932215667757682,-4.756112482186838,0
455,0.8964810289655413,-0.15085538099209467,-0.18412468580688748,0.015589836692473191,0.033487730159383326,0.042039511896643046,1.0109999179840088,0.27880001068115234,0.2797999978065491,26.89313929753644,4.525454429771219,5.523496717044285,0.929154193557302,0.01190619282491759,27.873295063232735,73.20884564675445,18.856544157235458,167.33067729083663,167.33067729083663,21,0.6176470588235294,0.14818318403140285,0.8509243697478991,0.13088666245923158,9.097266538942044e-05,0.7061448452821983,0.0037403053643874236,0.10661079406573434,0.005296796244250252,1.4625396825396826,1.5850793650793653,0.5523447351746757,0.5134000800810818,0.9226917684758661,15.114847819010418,18.058675130208332,74.34682428269159,14.348357142857143,9.029107943767428,7.858219853153936,7.952553077980323,4.018146206862965,3.1055839778111705,31.55497932434082,0.10169928520917892,0.17656713724136353,1.5034993489583333e-05,0.7681949292697836,0.02207862032044722,3.448101216068989,-2.452305385044643e-06,8.32270885320082e-08,0.7681948751310917,0.0013463440688630938,0.007724369225501183,2716.0,-0.0023429757623148898,0.017513964753059486,-8.08368693590084,0
456,0.8981248294512431,-0.14964393358287356,-0.16774265737476804,0.01698434330531148,0.04861322282293341,0.05275129736213024,1.0109999179840088,0.27880001068115234,0.2797999978065491,26.94243916928768,4.489176007466657,5.032039435505867,0.9286690586481852,0.012934738951947586,27.85873493642671,74.63450527955825,19.022177973653534,167.33067729083663,167.33067729083663,20,0.5882352941176471,0.1660058637973059,0.8357983193277311,0.13496428818324643,0.0002263980834652223,0.9753456074741896,0.004300755340362811,0.084668009418322,0.0044094680976728765,1.5404761904761903,1.4225396825396825,0.6046044039376252,0.6310631628810839,1.0829056014282525,16.121317545572914,18.058675130208332,83.63976222446986,16.091142857142856,8.508652206274913,8.87210422092014,9.07359935619213,5.271443083710747,4.106339309519675,31.62885093688965,0.05690480023622513,0.12274549156427383,3.582182384672619e-06,0.766204932798494,0.022045987312456987,3.011122894006946,-3.269740513392857e-07,-1.3049975306776506e-07,0.7662054852366571,0.0012675230719540848,0.007603569850551324,2707.0,-0.002330675584226272,0.018325136271596834,-8.08368693590084,0
457,0.8898484000648771,-0.1459456383812995,-0.1630110668057487,0.041037904956668356,0.13542955807107435,0.061724193065309296,1.0109999179840088,0.6322000026702881,0.48339998722076416,26.69420114483152,4.527913443062987,4.8900905756013735,0.9290993636219996,0.01767585163472182,27.871696007202527,76.82684098522165,26.943519215971122,167.33067729083663,167.33067729083663,21,0.6176470588235294,0.3950475731276091,0.862689075630252,0.29386478926617604,0.0008234323058725562,2.822944118176424,0.01777283029497023,0.20309768068786516,0.006295849138682628,1.6254285714285714,1.3347619047619048,0.7216898536753577,0.518455756918646,1.2177666785586871,17.560933430989582,19.921468098958332,104.4410883585612,14.598095238095237,8.633468497427922,9.569091796875,9.233183684172452,5.895745890292672,4.7794458315577595,31.59882354736328,0.08726782351732254,0.14311730861663818,-7.2370256696428575e-06,0.768468648012204,0.0228388619874842,3.4899089831264574,1.6167050316220238e-06,-6.026526989957014e-08,0.7684697773593883,0.00114713437709113,0.009673455992754659,2695.0,-0.0023321272798858535,0.018798927604344963,-6.529487174752444,0
458,0.8867413623730341,-0.10062615270274027,-0.1811885428769248,0.039455749093043155,0.15325204253155283,0.05980901879204944,0.9914000034332275,0.6322000026702881,0.48339998722076416,26.601026299766133,3.694074297291892,5.4353961434534614,0.9260571465535057,0.01741778239144771,27.78044272975427,76.95791684763259,31.68368372934997,200.95693779904303,200.95693779904303,21,0.6176470588235294,0.3961934679790469,0.8772268907563024,0.3018050819057925,0.00010599753036234867,3.0655826308143013,0.05201448888361471,0.24579187469526828,0.016967244125400807,1.4547142857142856,1.2041269841269842,0.6817869827122827,0.5087249832587198,1.2081070392828894,17.560933430989582,19.921468098958332,103.27837110246931,15.538775510204081,8.543794721213406,8.400299072265623,7.4403663917824066,5.704548969782792,4.668554945585248,31.544803619384766,0.08585228770971298,0.1269955188035965,-1.3350713820684523e-05,0.7677374416961823,0.023032448583951922,3.4899089831264574,3.7057059151785714e-06,6.378516277039011e-08,0.7677361462955653,0.0011572476404301598,0.009848336666001876,2710.0,-0.0022095592639189802,0.018718307598571012,-0.4936675463433787,0
459,0.8708880955605279,-0.10911532399767922,-0.206220495116143,0.05198421120984327,0.17781994496737286,0.12980131966279793,1.071199893951416,0.6322000026702881,0.6881999969482422,26.125335438251497,4.200138287799699,6.772520567306451,0.9291368338788918,0.027468874842817688,27.872774944626684,90.99650096047864,46.16975291969123,265.8227848101266,265.8227848101266,22,0.5945945945945946,0.3809988066949132,0.7870270270270271,0.3226605097693718,0.0006732012701374454,4.374031683097719,0.16736124528809512,4.9674125095999795,0.038262467538773916,2.0290476190476188,1.510793650793651,1.6974060508868531,0.7047989408257975,1.3430342508930444,25.787455240885414,28.45367431640625,138.3548088437035,15.284214285714286,8.375730372965227,12.710062662760416,12.424384223090279,8.393655812710163,7.6943061607726335,31.447633743286133,0.06941435486078262,0.1313260793685913,-9.336925688244048e-06,0.771256114385178,0.02375178775626331,4.04719129668888,1.8891834077380953e-06,2.214072368424003e-08,0.7712564624433668,0.0011740088513682604,0.01133415184776266,2705.0,-0.0021626407217680854,0.01953563807644959,-0.4936675463433787,0
460,0.8832223528226216,-0.0950224669178327,-0.10353116176809583,0.04227036615738662,0.12399597418653834,0.20364956930377875,1.071199893951416,0.4034000039100647,0.6881999969482422,26.49541144183704,3.627652283864362,6.234341713445527,0.9261585832334918,0.026361078350931856,27.783463128286904,105.60815675331496,53.6735709347863,265.8227848101266,265.8227848101266,25,0.5813953488372093,0.22196281830831546,0.6802325581395349,0.234771987502869,0.000264533628321534,1.266416656475464,0.03361018304045058,0.6473605410954516,0.026539593323093472,2.2351020408163267,1.45375,1.7920860781373091,0.741082336408536,1.537473458859038,25.787455240885414,30.214945475260418,156.32152848016645,12.083529411764705,8.395601391045327,14.305042085193453,13.291994730631512,10.786777990496162,7.684641266654683,31.4105167388916,0.06367401778697968,0.1110747903585434,-3.788539341517857e-06,0.780807134736283,0.028119797236592158,3.560719927978017,-6.357828776041666e-07,-3.0430575828188175e-08,0.7808066963163768,0.0011623777592742583,0.01891267382164368,2701.0,-0.0021886927736049027,0.017997772471485943,-3.983099390366114,0
461,0.8831306676580792,-0.11917232390812466,0.03188191451629003,0.04156891010139396,0.10237133765933043,0.22708794282538047,1.071199893951416,0.4034000039100647,0.6881999969482422,26.492710315499988,3.826194283195904,6.27764386347362,0.9264298520445325,0.02535356968316078,27.791632215415323,100.86170929290829,52.51074643004504,265.8227848101266,265.8227848101266,26,0.6341463414634146,0.20862682728073226,0.7050174216027875,0.2250289781574239,2.0987617825905616e-05,1.1742394310824231,0.012420030256781098,0.7340508890497002,0.010577084986264017,2.8910714285714287,1.332857142857143,1.7948331100292145,0.5357952319797601,2.1690782422293675,21.0748291015625,30.214945475260418,144.2695768083845,13.54077922077922,7.073488126251522,16.00835164388021,17.689259847005207,11.704913694012095,5.303883025900934,31.373083114624023,0.027020325884222984,0.0851181298494339,-2.9456728980654762e-06,0.7915834864913427,0.025763193585151646,3.560719927978017,2.3978097098214285e-06,9.85025763991627e-08,0.7915807585526387,0.0011462954089282618,0.01573720804475512,2685.0,-0.0023020863345700054,0.015214425909991931,-4.637381326360249,0
462,0.8956530496506464,-0.09677939082611174,0.17037964796736127,0.012366701660118835,0.03242047680418,0.08648850112494208,1.019399881362915,0.3155999779701233,0.27260005474090576,26.868300775204386,2.9032420105167795,5.5956598679508485,0.9214815635973543,0.01207773496287313,27.64312352463404,90.63309492797062,46.180568103409634,235.95505617977528,235.95505617977528,21,0.5526315789473685,0.1963022760009547,0.7675187969924812,0.2184216608638795,0.0011518958940441501,0.5460021473418848,0.015792492835415776,0.2722528184378751,0.028923865798511496,6.30047619047619,1.635,3.2045242960100677,0.3055348271674522,3.8535022571719817,21.0748291015625,30.214945475260418,98.59199320475261,15.021428571428572,9.553602495128246,12.234971788194443,13.817392985026041,9.48664061132094,6.255346250847332,31.3664608001709,0.029468940570950508,0.10313314199447632,-4.066103980654762e-06,0.7968546929719772,0.022493326515771885,3.2042333887194463,-5.994524274553571e-07,1.0491394128005177e-08,0.7968550725822019,0.001140874944129776,0.009840268847611617,2691.0,-0.002348776005783579,0.011928675209114586,-4.637381326360249,0
463,0.8927210699546905,-0.090805771955422,0.2060893433661688,0.004147434363006523,0.007093148865472824,0.011783768070791326,0.9138000011444092,0.12660002708435059,0.2621999979019165,26.78035981297493,2.7240475872159005,6.182400015251977,0.9207929907212684,0.004006720818500178,27.622480849261162,67.65480137234067,5.187433925268826,82.19178082191782,82.19178082191782,16,0.48484848484848486,0.09633659634800457,0.8917316017316017,0.06395901359953536,2.7295293627655432e-05,0.20743687910420777,0.0023060782949638338,0.2887267047834862,0.011117012099884875,3.867714285714286,1.5077142857142858,3.3014517029541373,0.06732558721524493,2.5652833049080916,8.109537760416666,9.182840983072916,50.92129414876301,17.60345238095238,9.33685052396771,7.20721435546875,7.210225423177083,1.46892868920986,0.5906232338777448,31.340848922729492,0.03576989844441414,0.09338562190532684,-4.904610770089286e-06,0.791064984832149,0.02233728709774152,2.116454785729069,9.08261253720238e-08,-6.984092878557453e-08,0.7910652409826473,0.0011291056898258176,0.00924631740169361,2693.0,-0.0023154153420149636,0.01019642481943149,-4.0386286316751,0
464,0.8924845081113634,-0.09343290566546576,0.20691580032734644,0.0037527294235643357,0.004358837666787148,0.011154546053349038,0.906999945640564,0.11440002918243408,0.24699997901916504,26.773261814798627,2.802858027134623,6.207184867007392,0.9209874678237677,0.003470440625226999,27.628311736813775,67.00606423726373,5.043450489602092,82.19178082191782,82.19178082191782,14,0.42424242424242425,0.10126873724332273,0.9003030303030303,0.06508997395476496,2.2109187838399263e-07,0.2149015335397277,0.0020264532367139125,0.07485580540538313,0.009429682531042956,1.9276190476190476,1.416530612244898,0.3691198086076876,0.12772934473346034,1.3608029582673005,7.238057454427083,9.182840983072916,52.888430640811016,17.351142857142857,7.114723283541009,6.356116400824653,6.405799502418154,1.564842257496926,0.8060485560649249,31.316347122192383,0.027019545435905457,0.09178029000759125,-1.961844308035714e-06,0.7861118181325908,0.022149566321551847,2.4137571890928307,-5.158923921130953e-06,-1.3171353771182405e-08,0.7861106657343784,0.0011830665286550791,0.00819503903426493,2702.0,-0.002257757303595662,0.0101738299587541,-4.0386286316751,0
465,0.8920291653587704,-0.09600561961957386,0.20860508621306648,0.003676696825603847,0.005757857916760135,0.010404606043701314,0.906999945640564,0.13819998502731323,0.24699997901916504,26.759599103587014,2.880029017158917,6.257872729216303,0.9211903138222339,0.003539126660557011,27.634395777478407,67.55519821461804,4.8532249455387335,82.19178082191782,82.19178082191782,15,0.45454545454545453,0.09438272876854069,0.8927272727272728,0.06402241764575611,0.0001564847820074969,0.27138856423425367,0.001660695496484326,0.07627725648953701,0.00611925377611294,1.6917460317460318,1.3517460317460317,0.23763362659520246,0.12530376293549572,1.2515265382808831,6.748250325520834,7.342020670572916,55.29214993431455,15.796499999999998,8.653211347676134,5.969102647569444,5.971962257667824,1.0873892810479546,0.7988200340562494,31.30814552307129,0.01865973509848118,0.0909729152917862,6.321498325892857e-07,0.7833017552956463,0.022059704088980517,2.4137571890928307,-5.4495675223214284e-08,-8.763770711488944e-09,0.7833022313822787,0.0013238143324610645,0.007387388293866077,2728.0,-0.0022424665452593774,0.010240649520787352,-4.0386286316751,0
466,0.8967878499655496,-0.09566000013408207,0.17249291415157772,0.009772148677728161,0.012761850985586513,0.0702811789031851,0.9562000036239624,0.16060000658035278,0.24699997901916504,26.902346784642763,2.8696797183156013,5.284974855354854,0.9210327815179742,0.005432136930559085,27.629670322712904,69.53173592103268,4.454203963323902,80.30592734225621,80.30592734225621,11,0.3333333333333333,0.061518310697063275,0.8665367965367965,0.05675956985126577,3.772466538942109e-05,0.07045669072620044,0.0035009850763308434,0.028196731069994443,0.04968988807515688,1.4601428571428572,1.288,0.306228172899802,0.19834128492606484,1.133651286601597,7.83294677734375,8.427734375,54.94955393473308,15.721948051948052,8.574121119793752,5.884429931640624,5.699951171875,1.5128996392077356,0.9909656359453322,31.3070068359375,0.02161312848329544,0.0909729152917862,9.097144717261905e-07,0.7810524080907791,0.02205959398779509,2.4137571890928307,-1.6167050316220238e-06,-2.6330215617868215e-07,0.7810528842756044,0.001610716737064793,0.00907999578304733,2733.0,-0.0022949847963434035,0.010951691735729324,-3.3047833106766666,0
467,0.9018495726301556,-0.09041220998480207,0.14452071420635496,0.010097081430385216,0.015460004384273349,0.06739001076214478,0.9562000036239624,0.16060000658035278,0.24619996547698975,27.054202321767807,2.712247585271086,4.445764142700604,0.9204586210156972,0.005617787787176689,27.612442352383546,70.32670522818377,4.88805395405823,80.30592734225621,80.30592734225621,11,0.3235294117647059,0.059133612845933416,0.8573109243697479,0.059957732917452135,4.608470204081634e-05,0.05793618508128724,0.0028649620353250354,0.018166578205688347,0.04945030521608139,1.3211428571428572,1.2407142857142857,0.26915423087887735,0.19859840515626567,1.0648244099021302,7.83294677734375,8.61328125,58.32962719145276,14.833246753246755,7.92579237807643,5.931803385416666,6.017140706380208,1.6803009649327105,1.13497310798133,31.319467544555664,0.02921106293797493,0.09664864093065262,2.5227864583333333e-06,0.7777316905982062,0.022665986561221135,3.1694297615143947,-7.266090029761904e-07,-5.051876550648165e-08,0.7777321599335858,0.0017382807807164407,0.013107236784859458,2693.0,-0.002312895581981215,0.011254826456035842,-3.3047833106766666,0
468,0.906328047542345,-0.08176897184054056,0.12033472306103933,0.00802168635241764,0.017198271654689897,0.0543221620642058,0.9562000036239624,0.16060000658035278,0.24300003051757812,27.18855714057173,2.452944869526795,3.7201892654384885,0.9197114361114627,0.006248173246736105,27.59002821587865,69.64597967981729,5.230005293593463,80.30592734225621,80.30592734225621,11,0.3235294117647059,0.05434264501667894,0.8663445378151261,0.06476311176460442,0.00011851654877134522,0.12301959722886156,0.0007219176289159409,0.0788963010581967,0.005868314034331533,1.3924285714285716,1.2402857142857144,0.3475206938486703,0.18558544981671773,1.1226675881133379,10.309855143229166,12.4713134765625,61.57020547049386,14.057402597402596,8.391648176383972,6.359171549479166,6.610036214192709,2.523261610036052,1.7209030756372365,31.34285545349121,0.043068185448646545,0.08558875322341919,3.714425223214286e-06,0.7708566619421118,0.02348319594725438,3.1694297615143947,-1.671200706845238e-06,4.2685153352860435e-07,0.7708552299154401,0.0018311979320213237,0.016366741219886263,2645.0,-0.0023099943703852642,0.011632093261359477,-7.309690207122018,0
469,0.9050347326653344,-0.07416737178961436,0.13931798043705168,0.005377218944227795,0.011078567743823342,0.02514242955832226,0.9414000511169434,0.11540001630783081,0.24300003051757812,27.149749837091992,2.224913296529225,4.179337270174708,0.9191085341497892,0.004632429794464089,27.571942173575138,67.23284797592191,5.034650696597986,79.84790874524715,79.84790874524715,13,0.3939393939393939,0.07682142026964157,0.8971861471861472,0.06394714581643676,7.086203681799237e-05,0.08717752091932475,0.0029801250442527813,0.016723207648219125,0.034184558276331684,1.7255555555555555,1.223015873015873,0.28304903258991754,0.07499189508571066,1.410902011680727,10.309855143229166,12.4713134765625,60.031897917247946,15.013428571428571,8.486315267318703,6.261992277922454,6.419666431568286,2.6434571397383873,1.498651368557488,31.372827529907227,0.03042505495250225,0.11182102560997009,3.7841796875e-06,0.7591430110412803,0.02534654950679687,5.149657077010766,-1.3442266555059525e-06,1.3864081964250406e-08,0.7591422081893399,0.001817538580947066,0.019744870638823627,2625.0,-0.0022720824445487714,0.010897900340011034,-7.309690207122018,0
470,0.901039761355945,-0.08500845700786228,0.04986889474732535,0.01248456846474115,0.036274731062867084,0.16092777691875934,0.9450000524520874,0.2441999912261963,0.33139997720718384,27.029899412052973,2.5501195672154426,4.845662131522383,0.921344913060499,0.00888915606485715,27.63901130486785,71.63085120619122,19.17694838335189,170.7317073170732,170.7317073170732,17,0.5151515151515151,0.14881290472349804,0.8690043290043291,0.12457695132942403,0.0002153346612244898,0.8085428352534246,0.005637795956595274,0.047398508262379874,0.006972785745888402,1.645873015873016,1.5155555555555555,0.5180634813641124,0.5124324830010961,1.0859865940511102,19.376220703125,12.4713134765625,82.40527082170759,15.508928571428571,8.739123033981226,7.375657823350695,7.944855866608795,3.2065083966839247,4.634070090952194,31.38029670715332,0.02259371429681778,0.11060145497322083,9.823753720238096e-07,0.7491873069113989,0.024384551930745013,5.14205121869809,-5.994524274553571e-07,-6.623640960814951e-08,0.7491875767837183,0.001831613613917879,0.018524880765155592,2639.0,-0.0022409712551355442,0.011483571233046332,-7.309690207122018,0
471,0.8932997236762727,-0.11022172397091275,-0.08114881910596575,0.014329342052177998,0.044568067892383566,0.19369699267637144,0.9450000524520874,0.2441999912261963,0.33139997720718384,26.79771513887814,3.30651414756264,6.066932569444179,0.9253855939461608,0.009488192957996189,27.760243097672376,72.7312356995291,18.793312213962857,170.7317073170732,170.7317073170732,17,0.5,0.14599434083965276,0.8545378151260503,0.12218571197104915,8.464537109537677e-06,0.824674062261912,0.002944123701022606,0.025498611319944735,0.0035700452284718135,1.5698214285714285,1.4548571428571428,0.5439530467713521,0.5125507242195246,1.0790210133542812,19.376220703125,12.372334798177084,76.49737330845424,15.610357142857143,8.2428168961013,7.314402262369792,7.375935872395833,2.578142742937217,4.715958174189134,31.402307510375977,0.04942190274596214,0.11060145497322083,6.176176525297619e-06,0.7453510485503294,0.02284862342450279,5.046411740672366,-2.5431315104166666e-07,-2.519516957608535e-07,0.7453535522401521,0.0017928527357234758,0.016741062646209844,2647.0,-0.0022420567572954114,0.011364649439532786,-8.24035468786639,0
472,0.8867423816578729,-0.1432911811584518,-0.20076700947114398,0.01550946463418837,0.047514755326461364,0.1227692550135437,0.9553999900817871,0.3357999920845032,0.33139997720718384,26.600969164030893,4.298586863151618,6.804335003963539,0.9298451012768533,0.01050615024825102,27.89402414530498,73.39833990300748,19.818637901815094,170.7317073170732,170.7317073170732,18,0.5294117647058824,0.17500684676066447,0.852310924369748,0.13846873727013748,0.0003979129336109959,0.8371284150739297,0.004627824419259283,0.1682323764949034,0.005528213277589656,1.5393650793650795,1.4367142857142858,0.5749936847178031,0.5426642702482647,1.071448300244164,19.376220703125,12.372334798177084,89.54744836716425,14.690748299319727,8.201833384592712,7.609625922309028,7.139546712239583,2.6270470939982107,4.8264968804815025,31.470829010009766,0.1035054549574852,0.13528749346733093,1.1727469308035714e-05,0.7468564562227412,0.022996682698388792,3.588720910021175,1.4532180059523809e-06,-1.3367465519972634e-08,0.7468569881359547,0.0017543043810611164,0.01705711376298469,2656.0,-0.0022327994728115626,0.012600188967445686,-3.1702864623006324,0
473,0.8911652482066835,-0.15882817142066502,-0.18397661914428076,0.015564773485798128,0.029526235829689038,0.105017110678702,0.9553999900817871,0.3357999920845032,0.3271999955177307,26.73367187474455,4.764638428347451,5.840641286884035,0.9302316934009924,0.007806083744836139,27.905618530058014,69.57950437149003,8.658670071376003,104.4776119402985,104.4776119402985,16,0.47058823529411764,0.13552458831644762,0.8740336134453781,0.09645547124845609,2.961208829654449e-06,0.38012829319314767,0.006061614826041375,0.04793352382573939,0.01594623429664415,1.6674603174603173,1.200952380952381,0.42419499739811445,0.19809867213140717,1.388448321438012,16.879984537760418,21.35009765625,71.71768246605284,13.850214285714285,8.46421660339477,7.641918041087964,7.520989312065972,5.05710453215658,3.9054089401470593,31.57154083251953,0.09651315957307816,0.12660571932792664,1.3626825241815477e-05,0.7528609579208095,0.02319573104351976,3.87544858984423,2.4159749348958332e-06,-2.1817880609050539e-07,0.7528626805831948,0.0017607180096901732,0.017116109198698312,2660.0,-0.0022874385945814337,0.011657224427705925,-0.9844397943724641,0
474,0.9000332198994501,-0.16128958019756134,-0.12960410492760793,0.015175890345264847,0.028379913033075573,0.09431123805468164,0.9553999900817871,0.3357999920845032,0.3271999955177307,26.99972002548831,4.838473120246615,4.209475431868008,0.9288410046163356,0.007488290540809517,27.86390517979507,68.6325579435779,9.370547173917066,104.4776119402985,104.4776119402985,17,0.53125,0.15034084601414935,0.88875,0.10940280258880808,2.395545855893362e-06,0.3768146157604806,0.005764641800925984,0.046825420833117685,0.015298349798061538,1.616984126984127,1.2618571428571428,0.5684132524830746,0.16629338470281485,1.281432003723411,16.879984537760418,21.35009765625,68.8731915428525,15.957006802721088,8.622118356714536,7.6911643699363434,7.368682861328125,5.026904557793141,4.386523705122427,31.6398868560791,0.04596883803606033,0.11030600219964981,4.779634021577381e-06,0.7545959994336672,0.023270863032867486,3.87544858984423,4.904610770089285e-07,-1.8769676177751937e-08,0.7545969246605736,0.0017917190483222572,0.017129951410507487,2654.0,-0.002307422296994414,0.011114712671727424,-0.9844397943724641,0
475,0.909003153017589,-0.15670355136621567,-0.09227039062409174,0.003179049127440121,0.004014115987320453,0.009300349212620662,0.931399941444397,0.17379999160766602,0.125,27.26878601908684,4.700886826685497,2.7680280044249126,0.9270703009391648,0.003151711468770919,27.81077913217264,66.24531822875181,7.536111164020461,79.54545454545455,79.54545454545455,17,0.53125,0.12020418222600017,0.9178571428571428,0.10737771877720216,0.0001397992543107039,0.2536492538310771,0.007037557424734505,0.0863658069300139,0.027745232120498606,1.4307142857142856,1.2347142857142857,0.422937371732699,0.14211959608666475,1.1587411778317713,10.66162109375,9.47509765625,50.54930870419457,15.051103896103896,8.339592482266845,5.035064697265625,5.410034179687501,2.0351431641388813,2.180815990167805,31.66806983947754,0.026216620579361916,0.11579848825931549,3.2377697172619046e-06,0.7554269644153849,0.022713520386269878,3.8602034966141137,-8.174351283482142e-07,-8.611985952137619e-08,0.7554272043278384,0.0018298505008548782,0.016236837656712112,2643.0,-0.0023446214533403916,0.00941864219331323,-6.214137616998691,0
476,0.9094374010562897,-0.15528608489888054,-0.08841575234844572,0.002716918723902758,0.0036224721529539683,0.00904286264440077,0.9265999794006348,0.1690000295639038,0.12139999866485596,27.28183046025889,4.658366404133184,2.6523325704676766,0.9268779745459571,0.002645275944686176,27.80502203878558,63.081695030548126,5.747726707193514,74.20494699646643,74.20494699646643,18,0.6,0.11740508916267157,0.959095238095238,0.08767478817040633,0.0003515395411911709,0.2604317503656684,0.011257118598661464,0.12333472114144803,0.0432248317759087,1.4475714285714285,1.2444444444444445,0.36495571439475744,0.1330088644590704,1.1632270408163266,6.951904296875,6.86859130859375,47.875136166527156,13.846938775510205,8.35492177340931,4.566446940104167,4.598026982060185,1.163222745048878,1.2618516331060003,31.685413360595703,0.0326167531311512,0.12466970086097717,3.1680152529761905e-06,0.7525441533162205,0.022410262188867196,2.6093589806939392,-1.0899135044642857e-07,2.393649162188972e-07,0.7525435575473047,0.0018551193074381747,0.015603909539032085,2642.0,-0.002393320829355968,0.009237416020160632,-6.214137616998691,3
477,0.9098874483222054,-0.15382488562095734,-0.08459667611122132,0.0025597252984120617,0.0032860857451786846,0.007894271025210708,0.9265999794006348,0.16699999570846558,0.11540001630783081,27.295326163939066,4.614527711485113,2.5377718547838075,0.9267076926199754,0.002526690873400501,27.79990886308548,61.88287300235074,5.3336272758999534,73.94366197183099,73.94366197183099,20,0.6666666666666666,0.10255497487307697,0.9766666666666667,0.08266754443246957,2.938082465639513e-07,0.13090602895973116,0.010414913323793896,0.011364433471967155,0.07956022657289294,1.7025,1.278095238095238,0.22017473348526193,0.07182745765700878,1.3320603576751118,6.951904296875,6.86859130859375,52.05257314046223,15.288796992481203,8.166818291216751,5.728492736816406,5.590854220920138,1.160796041024653,0.983102917131205,31.72907829284668,0.052599988877773285,0.12057273089885712,1.0419573102678571e-05,0.7546825889382872,0.02290549305287535,2.787673525558759,7.992699032738095e-07,-2.6054842824647054e-08,0.7546830722108677,0.001879750168462455,0.01577980227795064,2649.0,-0.0024255153412058505,0.009189561113598371,-5.42486692217242,3
478,0.9102763148489452,-0.15175014370112191,-0.08114720008202962,0.002566579422775459,0.0037640967610653915,0.008102869225402168,0.9265999794006348,0.16680002212524414,0.11540001630783081,27.306990302630833,4.5522880253195765,2.434302002489567,0.9264425771718928,0.0025508854513148884,27.791955358364024,63.96609924879579,4.993263923914928,75.0,75.0,15,0.5,0.08069412102620245,0.9438571428571426,0.0754137341106844,8.666470037484367e-05,0.08718174496705161,0.007342048996254116,0.011195402511923316,0.08421543981516863,1.6250793650793651,1.233142857142857,0.2786012284517693,0.11146116739355771,1.3178354443414686,6.951904296875,6.86859130859375,54.305769638788135,15.304761904761905,8.595726381065221,5.815678349247686,5.760589599609375,0.913573180349351,0.8667858402345634,31.791540145874023,0.06483785808086395,0.09652678668498993,7.748558407738095e-06,0.7618878819898085,0.024162695623748145,2.9033130170674317,2.052670433407738e-06,-1.1359654315634983e-07,0.7618882328341049,0.0018731896306313028,0.017099381187797812,2665.0,-0.002468277151190345,0.009268584412133131,-8.947999470437138,3
479,0.9105741622164136,-0.14988606827031997,-0.07858476218439284,0.0025511508537543496,0.0036230919259361643,0.00811890039576181,0.923799991607666,0.16259998083114624,0.11180001497268677,27.315921723587174,4.4963660480720655,2.357429151237011,0.9262104644101676,0.002535849316558355,27.78498809070737,65.68439619255784,5.348669800981177,75.40394973070018,75.40394973070018,16,0.5,0.08128575073092083,0.9197767857142858,0.07802170467166458,2.972457476051594e-06,0.07433707095502075,0.006242124467095029,0.041318983041518445,0.08397054641649739,1.410909090909091,1.1704285714285714,0.284790241285504,0.10427015539511988,1.205463644130799,6.205546061197918,6.084086100260417,47.30324474516368,16.01726708074534,8.434534819675596,5.004670114228221,4.959625244140625,0.7542250873317299,0.7303918229366636,31.843502044677734,0.04445928707718849,0.10172303766012192,8.530389694940476e-06,0.7722087987439586,0.024226994245844298,2.45492745757832,-5.086263020833333e-07,1.290449373744817e-07,0.772207448347745,0.0018587670326563935,0.016770349032494657,2685.0,-0.0024228299222079455,0.00939106557083362,-8.947999470437138,3
480,0.9110069524447123,-0.14755673505862554,-0.07459117188340142,0.0025819013012685394,0.0033075052314653144,0.007819545788781888,0.923799991607666,0.16140002012252808,0.10379999876022339,27.328908001950808,4.426495051767145,2.2376187278968946,0.9259280528793922,0.002548014758371167,27.7765194564286,66.48958551097246,4.06763893034982,75.40394973070018,75.40394973070018,11,0.34375,0.07680674344982999,0.9057142857142857,0.05436788893215161,9.091038733860868e-05,0.18254673533584562,0.0004507071569694003,0.03554605646658768,0.002468995986919179,1.3185714285714285,1.1471428571428572,0.18479000768108514,0.1292622135489602,1.149439601494396,5.2276611328125,5.39703369140625,45.374805050804504,14.788633540372672,8.126617569958091,4.595174153645834,4.639716870857007,0.43783303476183194,0.409515140172441,31.906368255615234,0.05920028313994408,0.1270965337753296,9.881882440476191e-06,0.7811668253950798,0.023488430834781412,4.10595510643876,9.08261253720238e-07,-1.615855333680747e-07,0.7811669863086372,0.001787052404597086,0.014639802588268866,2706.0,-0.0023825311994536717,0.0094535887971082,-8.947999470437138,3
481,0.9113226571877797,-0.14593192500443686,-0.07160325738645736,0.0025744090164729816,0.0030525419276355484,0.007604506414960853,0.923799991607666,0.15859997272491455,0.1021999716758728,27.338380715676717,4.377748464431082,2.1479872930049897,0.9257426248279792,0.0025505677936459195,27.77095836362183,65.91475746678245,3.4118412292373184,75.40394973070018,75.40394973070018,7,0.21875,0.05543116056473697,0.9126339285714284,0.045850952762840194,4.1337026905455905e-05,0.06531586732819722,0.0014754249844073474,0.016290238332362553,0.022589074366779455,1.4147142857142856,1.1735714285714285,0.18423260585798729,0.13154847015454038,1.2054777845404747,5.467529296875,5.743408203125,47.098692394438245,14.292272727272728,8.184623606074698,4.842681884765625,4.818766276041667,0.505742404429248,0.4701511058828458,31.979013442993164,0.09145256876945496,0.1270965337753296,1.1653355189732142e-05,0.7937777048632915,0.028034746145870173,4.10595510643876,1.8710181826636904e-06,-3.847550372669904e-08,0.7937781862039344,0.0018042212732487092,0.02113580815033018,2701.0,-0.002301604615740024,0.009426937767927404,-9.356672929548257,3
482,0.9115826666695731,-0.1436610192117237,-0.07062198119504111,0.0027391119080162766,0.0038454191839455724,0.008775129016063069,0.9265999794006348,0.15719997882843018,0.11379998922348022,27.34617985725403,4.309621576326234,2.118547578709466,0.9255813322808933,0.002720486425998899,27.766118365014158,66.44765526661284,3.3244689859539527,75.94936708860759,75.94936708860759,6,0.1875,0.03833774578415378,0.9051339285714286,0.04341873034498369,2.0454837151187164e-06,0.02268547324390682,0.00026981597857274526,0.005513202091903259,0.011893777823004693,1.6811111111111112,1.2125714285714284,0.4689109193006226,0.12085883146405621,1.3864017174573255,8.400675455729166,7.121480305989582,50.782894243512835,14.33360544217687,8.569817780834379,5.663655598958334,5.650716145833334,0.9064499487851133,1.1075932962311152,32.06262969970703,0.06837666779756546,0.1417340487241745,9.748186383928572e-06,0.8107438529538493,0.03124857896778684,4.303290092819742,4.141671316964285e-06,-3.161113082551818e-08,0.8107431018161075,0.0018678047948584365,0.025024476362361155,2691.0,-0.002240400167653847,0.009471994416753803,-10.262701872293064,3
483,0.9115641143038159,-0.14279231418314434,-0.07128094306162426,0.008201915471879123,0.004652899640791242,0.016612903458545627,1.0025999546051025,0.1687999963760376,0.15820002555847168,27.345622000523974,4.283572139782565,2.1436145787579672,0.9255898949856015,0.0082467008175298,27.766376750941824,69.13638868694001,5.282240236113809,83.16831683168317,83.16831683168317,10,0.29411764705882354,0.054660361342025676,0.8725630252100841,0.06185874336796853,1.1136522448979608e-05,0.05664197678174997,0.005190488410177206,0.022779303758444672,0.09163678079557386,1.6042857142857143,1.1288888888888888,0.5596090107369245,0.17128800821607268,1.4211192350956132,8.400675455729166,11.281433105468748,63.129102507091694,14.876785714285715,8.257735777958231,5.784149169921875,6.45458080150463,1.920284042044431,1.10177272163346,32.12799835205078,0.041895732283592224,0.1215621829032898,4.384358723958333e-06,0.8307682616978247,0.0310659431413035,2.3968663714820977,3.832862490699405e-06,2.619680513048682e-07,0.8307674194502727,0.001913354658760881,0.024920683513674175,2695.0,-0.0022659399845357067,0.009681689385673778,-10.009970192202823,3
484,0.9117169808603468,-0.1422353901664416,-0.06962277166048686,0.008268486956759776,0.0049882597891943254,0.01726107054688986,1.0025999546051025,0.1687999963760376,0.15820002555847168,27.350208568658147,4.266860276418073,2.093868436728205,0.9255421358433691,0.008309012323492588,27.76494383247295,69.41979996871476,6.005358407771083,83.16831683168317,83.16831683168317,14,0.4117647058823529,0.08063369918744014,0.8707983193277312,0.07562083274676758,1.8987715118699742e-06,0.09384034483779277,0.007715561769571384,0.03307545078238034,0.0822200918262617,1.8929999999999998,1.13,1.198368184708877,0.15536512477214715,1.675221238938053,17.058003743489582,11.281433105468748,62.81864972795759,15.286598639455782,8.27736994182201,7.166117350260416,5.974053276909722,2.1183505828854066,3.909198427034957,32.16569900512695,0.03735153749585152,0.09137968719005585,5.875360398065476e-06,0.8551192393751804,0.03311764189837538,2.233635673405533,2.2524879092261905e-06,-1.674055028896506e-07,0.8551197197925228,0.00188082901845764,0.026889165954864215,2736.0,-0.0023235130137497172,0.009692643103929326,-8.70636142515691,3
485,0.9118122376714434,-0.14373320962417693,-0.06600073351746513,0.008219292401246935,0.0047684423572282,0.016992911732050385,1.0025999546051025,0.1687999963760376,0.15820002555847168,27.35306755866323,4.311794431592737,1.985201578097684,0.9255958543155689,0.008261808166055014,27.766556135383322,69.10922089119667,5.905602568320574,83.16831683168317,83.16831683168317,12,0.36363636363636365,0.08125333588128386,0.8745021645021644,0.07447787435025915,1.2367422907122054e-05,0.12729184310060113,0.008817560509197271,0.0520137814291831,0.06927042844550996,1.7877142857142858,1.1627142857142856,1.1374246241005175,0.16180165484383674,1.5375353237498466,17.058003743489582,11.281433105468748,63.648652721586686,15.446363636363637,8.50245078416549,7.025075276692709,5.899871826171876,1.9387278878078138,3.8646614784230873,32.20669937133789,0.03741554170846939,0.08052441477775574,4.885718936011905e-06,0.8689847675245561,0.029674164950396445,2.233635673405533,3.033592587425595e-06,-4.080109033579784e-08,0.8689828191141471,0.001806304163783351,0.02207359060670486,2750.0,-0.002346899264097543,0.009640450502764058,-8.00206329933558,3
486,0.9120300091902415,-0.14447468608901615,-0.06168964776822499,0.00281793308638455,0.0038210413453211266,0.008557944636879854,0.9249999523162842,0.16140002012252808,0.09299999475479126,27.35959913287844,4.334040868367468,1.8506014330472265,0.9255080852377836,0.002801589830954719,27.76392315909441,67.70595408555832,4.597495769433612,78.50467289719627,78.50467289719627,11,0.34375,0.09991273348301204,0.8905357142857143,0.06452905333638324,4.5907538525614245e-05,0.13004431512354367,0.0047157760585611755,0.046265674179042364,0.036262838972092946,1.4288571428571428,1.2128571428571429,0.21286749735121951,0.0976185830418678,1.1780918727915195,6.093546549479167,6.20086669921875,54.05726187569754,14.684285714285714,8.431905107843711,5.653086344401041,5.532063802083334,0.606751773191052,0.5664832849294353,32.18616485595703,0.06495928019285202,0.10545143485069275,-4.525320870535715e-06,0.8730275364956579,0.025783960506733983,1.9101092770830987,7.447742280505952e-07,-1.7221336032507782e-07,0.8730292822485635,0.0017918382542466394,0.016012227146805915,2765.0,-0.002388137447556441,0.009462750399958728,-7.800332482412101,3
487,0.9120983232373283,-0.14520285778670083,-0.06024369548048292,0.0026691185287646257,0.003143459448046043,0.008101257332577544,0.9278000593185425,0.15880000591278076,0.09020000696182251,27.361648268529347,4.3558748764651165,1.8072264358401298,0.9255874921728171,0.0026370895968469746,27.766303552508734,68.41039440809641,5.071929457660435,78.50467289719627,78.50467289719627,13,0.3939393939393939,0.10770151970579973,0.8822077922077921,0.06998196685210176,3.401031970012479e-05,0.1626016855405236,0.0008307635620312987,0.020336622596799626,0.005109194036148265,1.4174285714285715,1.2197142857142858,0.1420143712187364,0.07647808809838066,1.1620988521902085,6.093546549479167,6.20086669921875,55.025303940545946,15.365389610389611,8.395203727571149,5.725728352864583,5.770701090494792,0.35250685287267786,0.27904991088399955,32.1160888671875,0.11164215952157974,0.16272810101509094,-1.3012114025297618e-05,0.8580518026566722,0.02710787954629405,1.8869559248691206,-2.9064360119047617e-06,2.470630287701115e-07,0.8580515694743863,0.001805473904931949,0.018697156335896685,2733.0,-0.002442297030219543,0.009523675966291936,-9.15214128119702,3
488,0.9121759042115438,-0.14518831507932572,-0.059390981134914214,0.002671913565814965,0.0032028049972620295,0.008000549840261476,0.9278000593185425,0.16019999980926514,0.09020000696182251,27.363974269202778,4.355445738094193,1.7816450054730688,0.9256058525074722,0.0026509212558875036,27.766854043463912,70.38337330850545,5.621733495935491,78.50467289719627,78.50467289719627,13,0.38235294117647056,0.1056537208045773,0.8584873949579832,0.0758346444476129,1.392965197834235e-05,0.1763702986286137,0.002079775443073536,0.04030890973814724,0.01179209571705131,1.3854545454545455,1.1837142857142857,0.16238918662855695,0.07365723151939692,1.1704298597853993,5.983683268229166,6.20086669921875,53.25655401320685,15.030869565217392,8.540311693514669,5.630539402817235,5.619140625,0.45904214013035927,0.255616751533216,32.0091667175293,0.08514729142189026,0.14354202151298523,-1.5835716610863094e-05,0.8394387465284856,0.028221785192736628,2.181421061283248,-6.666637602306548e-06,1.4907231056323706e-07,0.8394372371498933,0.0018828241863448711,0.021070532649742797,2720.0,-0.0024292339490065203,0.009439255793984492,-10.012002210899142,3
489,0.9122400277342115,-0.14482476258277893,-0.0589165430636633,0.002646680487667219,0.003118614211173006,0.007732136927627271,0.9278000593185425,0.16019999980926514,0.08740001916885376,27.365897260563713,4.344535448934351,1.76741872046675,0.9255791872504071,0.00263132035120642,27.766053368388913,70.18434474348474,4.952537139033284,77.92207792207792,77.92207792207792,10,0.29411764705882354,0.07960322136043592,0.8594537815126051,0.0651372313525006,3.154312369845951e-07,0.07677786003780557,0.003060640960467631,0.025939431518466578,0.03986358774470356,1.389857142857143,1.1542857142857144,0.20688007962812366,0.07844925566431918,1.2040841584158415,5.886128743489584,6.118367513020834,50.94621044340588,14.693441558441558,7.971750617931303,5.418070475260417,5.414072672526042,0.5075956359395714,0.3554960812086126,31.94362449645996,0.03817451745271683,0.12234427034854889,-6.354922340029762e-06,0.8170932776859491,0.02926711631650552,2.3573868823642217,-5.013602120535714e-06,3.746208490860525e-07,0.8170921468282492,0.0019213166633073576,0.023449037990863054,2677.0,-0.002421938415413998,0.00941145465561314,-9.736452502093066,3
490,0.912325065873918,-0.14414864798386892,-0.05776166684570767,0.002707457573004736,0.003413156140261948,0.007923556254106599,0.9287999868392944,0.16019999980926514,0.08740001916885376,27.368448547635758,4.324244868074144,1.7327731482045992,0.9254873038867102,0.0026984706387665315,27.76329588747092,69.0210499392258,4.508942935755384,77.92207792207792,77.92207792207792,8,0.24242424242424243,0.04234063759364914,0.872987012987013,0.056601727463103976,4.2223473552686355e-05,0.016945040389181598,0.001534794894909279,0.013549018414914524,0.09057487380727368,1.4624285714285714,1.149142857142857,0.23376077951790014,0.07206912781263188,1.2726255594231726,5.742594401041667,5.983378092447916,51.260012817382815,13.729415584415586,8.377813128283973,5.315399169921875,5.277577718098958,0.5408763473828196,0.28289118665769186,31.91835594177246,0.01856265217065811,0.09352903813123703,3.673735119047619e-06,0.7978039442666979,0.027572728421512125,3.767242106147741,-4.904610770089285e-07,-3.284870404565356e-08,0.7978041055847154,0.0019074644355510405,0.021855202726256115,2663.0,-0.0023585912994098495,0.009388191884969041,-9.052137708422375,3
491,0.9124182943389529,-0.1434195428377106,-0.057257438512075515,0.002621812050511276,0.0030466362522573913,0.007657119392853315,0.9287999868392944,0.15619999170303345,0.08740001916885376,27.37124283015728,4.302379570858819,1.7176502982207706,0.9254310741447923,0.0026149096810827825,27.761607946310697,64.69169808960663,3.85744656646725,72.66435986159169,72.66435986159169,10,0.3225806451612903,0.0519975143309624,0.9308755760368664,0.05720696567354398,1.8540434818825192e-06,0.035294646200695966,0.001078263576028852,0.009280354487618034,0.030550343808449627,1.7038095238095239,1.198,0.2866690396990848,0.08386383521603849,1.4222116225455126,6.184794108072916,6.048380533854167,50.79475911458333,14.176802721088436,8.812985448639544,5.322028266059028,5.348571777343749,0.5395289938830087,0.37837620682853285,31.933008193969727,0.03223124146461487,0.13004498183727264,5.295526413690476e-06,0.781045977907302,0.024432408248000914,3.7344307316661056,-1.1444091796875e-06,-3.177072551458432e-08,0.781046009643598,0.0018116740406521098,0.018614757259536673,2653.0,-0.002418171853702651,0.009390954750640073,-9.138968524985117,3
492,0.9124892565806707,-0.1428453900899206,-0.057250267218975796,0.002745869855217255,0.0032060634625420636,0.008159481413554076,0.9287999868392944,0.16019999980926514,0.0942000150680542,27.373374697395732,4.285157702692917,1.7174230165992463,0.9254166086521364,0.0027455698198204175,27.76117660197174,63.727878924941116,4.714058145383993,78.65168539325842,78.65168539325842,14,0.45161290322580644,0.09260625447207625,0.9464976958525347,0.06802280405073927,5.046899791753493e-06,0.10410551944754205,0.005330488221595002,0.08112239334121644,0.051202743618997,1.8510714285714285,1.2261904761904763,0.2940366057316743,0.06839262402049043,1.5096116504854367,6.47186279296875,6.4251708984375,52.57862708682105,14.540225563909773,8.459839925851602,5.793495178222656,5.611018428096065,0.6876089631574036,0.4766530540249005,31.971561431884766,0.05284803360700607,0.13004498183727264,6.072998046875e-06,0.7678387443324871,0.02469361011023774,3.5833679738571873,-1.762026832217262e-06,-1.6938752802007602e-07,0.7678403606140619,0.0018200918211791056,0.019053596923214507,2651.0,-0.00242946935911348,0.009495969273012864,-8.37825042722961,3
493,0.9125028662340982,-0.1428131616995448,-0.05719309576636269,0.0026557810844110396,0.0030531604296145727,0.007950561318975778,0.9278000593185425,0.16019999980926514,0.0942000150680542,27.37377870133945,4.28418513668435,1.715720730125904,0.9254191619348692,0.0026629596755495056,27.76124885503024,63.54950565695548,5.246630387625106,78.65168539325842,78.65168539325842,15,0.4838709677419355,0.09401548577030196,0.9503225806451613,0.07525047897237598,3.8896859641815693e-05,0.1616067002643075,0.004656788416815476,0.029473277015697488,0.02881556525316899,1.843968253968254,1.1817857142857142,0.27248397799974566,0.07528771344594261,1.5603236963164435,6.47186279296875,6.4251708984375,49.2012200491769,15.101203007518798,8.163964034515008,5.500782154224536,5.628140767415365,0.6382460371837326,0.6434198042181853,32.03253173828125,0.05768062546849251,0.10207916796207428,6.43339611235119e-06,0.7546332908649626,0.0247667025099467,3.0815951764345555,-3.6148797898065475e-06,7.35577542625223e-08,0.7546326607218521,0.0018491608906652628,0.018642417347876382,2660.0,-0.002409219730468564,0.00949096179131566,-7.020358952471834,3
494,0.9125301140376499,-0.1429593045995349,-0.05632321952638172,0.002670034511350696,0.0031363719498772188,0.008389055425149412,0.9278000593185425,0.16019999980926514,0.0942000150680542,27.374597135356495,4.2885719951135775,1.6896168714761735,0.9254194087268822,0.0026715109544789045,27.76125725292684,65.843860590753,5.607568991197233,79.39508506616258,79.39508506616258,15,0.46875,0.09731280877567149,0.9177232142857144,0.07652102166735168,1.2436418159103247e-07,0.21189710110162355,0.010468068429519877,0.0216338076241583,0.04940165946158699,1.8187301587301588,1.1753968253968254,0.26361729668807155,0.08552565958805451,1.5473328831870357,6.47186279296875,6.4251708984375,51.3289311000279,14.925857142857144,8.666186741159752,5.5211611147280095,5.497673882378471,0.913388645391452,0.666180724569172,32.09672164916992,0.059279441833496094,0.0971892848610878,6.927490234375e-06,0.7401556782731328,0.02491053680011241,2.438280053367711,-2.9427664620535716e-06,1.4971994802304368e-07,0.7401550346782432,0.0019531384169229962,0.018238913586571124,2653.0,-0.002409875827155552,0.009532811074681428,-7.589792434098074,3
495,0.9125735613788877,-0.14361134303183784,-0.054679505246026175,0.002529153398319069,0.003079115521946271,0.008106744692404976,0.9257999658584595,0.156000018119812,0.08300000429153442,27.375901984231813,4.308134290959154,1.6403030145168305,0.925461908269914,0.0025346181826057554,27.762533532804632,66.16631831569771,5.452875159086381,79.39508506616258,79.39508506616258,13,0.40625,0.09475202381541266,0.9129017857142858,0.07453639397920638,1.7825628654727253e-05,0.19572313412039527,0.003347695679369748,0.0057916851148872,0.01710424112312895,1.7458730158730158,1.2028571428571428,0.19689937165932947,0.0972804814106718,1.4514383742412245,6.437784830729166,6.60064697265625,52.19670693533761,15.251857142857142,8.548964898555537,5.644497341579861,5.591453269675926,0.8728935654554838,0.5483904890733331,32.130577087402344,0.037993237376213074,0.08510377258062363,4.737490699404762e-06,0.7292685965788739,0.023561600730589462,1.8937962970859767,-1.3078962053571429e-06,-2.397660140159981e-07,0.7292690511847328,0.001934463029981037,0.016322178493160647,2663.0,-0.002371172661792891,0.009512085737184855,-7.589792434098074,3
496,0.912526647056852,-0.14432262888976505,-0.054428114908082144,0.002509026841019534,0.0029257479211411805,0.008363158940460896,0.9271999597549438,0.156000018119812,0.08300000429153442,27.374492983136857,4.329469438110079,1.6327675900714738,0.925513231405065,0.002525594806364706,27.764071591684893,66.59849306893072,5.4955688585951235,79.39508506616258,79.39508506616258,16,0.5,0.09611375474518676,0.9070535714285715,0.07487739766526647,1.940312603082045e-05,0.1807874263406389,0.0023422480580559397,0.06888141976164147,0.012955812832042234,1.6301587301587301,1.2136507936507936,0.18633771360682655,0.05938884169194334,1.343185979597175,6.437784830729166,6.60064697265625,57.62077208019438,15.427642857142857,8.115997961635113,6.015161584924768,6.033065230758102,0.4169792119867954,0.2619485002676307,32.14052963256836,0.02300991304218769,0.09194832295179367,-9.896414620535715e-07,0.7189081360127755,0.02279164190687401,2.665239958220369,-1.598539806547619e-06,9.155363858397977e-08,0.7189079755502238,0.0018765919295273706,0.01621239943971156,2647.0,-0.002392246225812164,0.009439659725513251,-10.40452796101393,3
497,0.9124738755112602,-0.14493029589028586,-0.05461651497795468,0.002525133963393826,0.0029440598928004796,0.008295242866499436,0.9271999597549438,0.15880000591278076,0.07980000972747803,27.372907551101274,4.347700876721314,1.6384290207709584,0.9255667008579989,0.0025426311098861545,27.765674178921767,65.63182706271778,5.128615668066506,78.94736842105263,78.94736842105263,19,0.59375,0.09983363383005232,0.9197767857142858,0.07194998030005688,3.800112619741807e-06,0.1733228663192729,0.005238235745474125,0.05505732396678299,0.03022241586880364,1.6262857142857143,1.2084126984126984,0.16605777209594674,0.08188661051482994,1.3458032313148562,6.437784830729166,6.60064697265625,55.97398725237165,14.536122448979592,8.491437042126604,5.977040608723959,5.9333066587094905,0.40547656412915867,0.3031743897309819,32.16411590576172,0.05858022719621658,0.1311037391424179,1.3824462890625e-05,0.710272217959394,0.023538801272358405,2.4082184609416064,1.671200706845238e-06,-2.7966516052752644e-07,0.7102731936988951,0.0018780244790789504,0.017082201338772553,2658.0,-0.0023766176103779285,0.009462920102907453,-9.919429868726882,3
498,0.9123846948033287,-0.14559246760322933,-0.05469661014420646,0.0026560499124619074,0.003205984372997298,0.008440156121012843,0.9271999597549438,0.16019999980926514,0.0843999981880188,27.3702354155268,4.367568599496569,1.6408468757782664,0.9255895072569429,0.0027111480155168656,27.76636269806047,65.82878038165431,4.391277544759409,74.20494699646643,74.20494699646643,16,0.5,0.0733847347137395,0.9155357142857143,0.06134727801955162,0.00026114559999999967,0.08198012794140576,0.001747878063143284,0.0025556217124782753,0.021320753053624866,1.72984126984127,1.2282142857142857,0.17114718234517143,0.07436036770830472,1.4084197602662274,6.424763997395834,6.080322265625,55.173609778994596,14.627593984962408,8.075096086762509,5.805302372685186,5.773836771647135,0.2273310957791703,0.31458989253283415,32.22880554199219,0.08895140886306763,0.14187666773796082,8.286249069940475e-06,0.7004558344715169,0.023007354736868175,2.4082184609416064,-1.1807396298363096e-06,-1.769419253011046e-07,0.7004560734224958,0.001873351907909066,0.015626393707388744,2666.0,-0.002383801978086609,0.009443759601981013,-8.936405875801565,3
499,0.9124110570180983,-0.14617122022878556,-0.05474041947580519,0.0032183281122775856,0.005585429943987916,0.009667844258367373,0.94159996509552,0.18279999494552612,0.12220001220703125,27.37102185342993,4.384997463992664,1.6420838700022016,0.925732286369945,0.003351412361794511,27.770642515347983,66.48438254670097,4.5458206995083295,75.40394973070018,75.40394973070018,14,0.4375,0.06386034384084309,0.9066517857142857,0.06139493407834797,0.00030415360000000014,0.09233910871311253,0.0027080255386926636,0.03215320536627327,0.02932696206876115,1.7120634920634918,1.216031746031746,0.1773003794135434,0.07369354260187531,1.4079101944915806,5.886637369791667,6.075236002604166,52.71251126243954,15.611285714285714,8.564589770606384,5.592820909288195,5.609673394097222,0.21390811797949094,0.18380859756043855,32.29386520385742,0.05309325084090233,0.13234591484069824,8.146740141369047e-06,0.6931935416579865,0.022273180468010797,2.192803124435895,2.234322684151786e-06,-1.2234680431221045e-07,0.6931926315308428,0.001843280431813698,0.014698359027677644,2667.0,-0.00237935098328651,0.009606099617224926,-9.607328325625643,3
500,0.907792733374096,-0.13562087689978736,-0.09872262886024656,0.009482592724900398,0.027552293220594163,0.06475656824340063,0.9529999494552612,0.18279999494552612,0.2882000207901001,27.232487715482712,4.068567307080541,2.96153443723917,0.9258653093821115,0.006535817231758187,27.774637502609828,70.54347351804066,9.252528953178375,88.05031446540882,88.05031446540882,13,0.3939393939393939,0.1827563198605717,0.8676190476190476,0.1358305114837158,0.0003300821564348183,0.6720533646073443,0.004108953213631367,0.17847101499816362,0.006114028185889784,1.7225396825396826,1.2261904761904763,0.3112812945611467,0.06104903051633275,1.404789644012945,9.390157063802084,9.095967610677084,59.29435817173549,14.44542857142857,8.303345952084618,6.26026294849537,6.12396240234375,1.132366778655033,1.2063412843171042,32.32691955566406,0.018482575193047523,0.11709190160036087,-3.4077962239583333e-06,0.6999905907161508,0.027117325582344042,2.2213148627998183,-4.722958519345238e-07,9.095576301625034e-08,0.6999908279206107,0.001726888548287718,0.02207473468870632,2652.0,-0.0023308390634672158,0.01166777992638024,-7.0305505934412516,3
501,0.9036084088541213,-0.13445742861713683,-0.13993820018427713,0.009321848748075196,0.027117802790558122,0.06237344658472698,0.9529999494552612,0.18279999494552612,0.2882000207901001,27.106958265645165,4.033664287158421,4.197997719815799,0.9267359437632788,0.006547213249631092,27.800756016599323,71.68696227405383,9.649100407070966,88.05031446540882,88.05031446540882,13,0.38235294117647056,0.1797352550413021,0.8551260504201681,0.1400309165173153,1.4596584756351763e-06,0.7035924564295194,0.00918822533725254,0.12478137039650314,0.013059016271833703,1.7450793650793652,1.2125,0.3157793591710966,0.06740355922292507,1.4392407134675178,9.390157063802084,9.095967610677084,57.64467308407739,13.969924812030076,8.14495342326595,6.511219165943287,6.570294698079428,1.182551043031108,1.131145384560636,32.3447151184082,0.03167874738574028,0.11709190160036087,3.903343563988095e-06,0.7139583478841968,0.030344942163133597,2.4262655564221838,9.264264787946428e-07,-1.469932417002783e-07,0.7139586460748012,0.0016577144791992304,0.026850858959601008,2620.0,-0.002305194619871152,0.012031339570204571,-7.0305505934412516,3
502,0.8993037127256394,-0.1344963143240838,-0.18034577163628168,0.006663099805664848,0.026758017816375424,0.017051915702530094,0.9529999494552612,0.1589999794960022,0.2882000207901001,26.97780895318304,4.0348932869519505,5.410166720535074,0.9275629930976349,0.006250897322177222,27.82556071525001,71.5494631243286,9.026211859640014,88.05031446540882,88.05031446540882,12,0.36363636363636365,0.08687715641135159,0.8523376623376624,0.1103184899493946,0.0003635170252394848,0.24923438749601662,0.0058771177791449355,0.10099854306987381,0.023580685788147378,2.1110714285714285,1.2133928571428572,0.3293025638701111,0.05944014954179558,1.7398086828550403,9.390157063802084,9.095967610677084,58.426433381580175,14.165714285714285,8.531862237672993,6.449292500813803,6.561470031738281,1.2530767733196237,1.2726211089197004,32.38276672363281,0.046444088220596313,0.11311706900596619,7.524762834821429e-06,0.7176843122507094,0.027915634078984373,2.187997233187262,-5.267915271577381e-07,-1.2191476772835002e-07,0.7176841531872702,0.0016346101369760094,0.02424120619870303,2613.0,-0.0022951221189057964,0.012237387040924683,-7.0305505934412516,3
503,0.899624388217926,-0.14645764841919853,-0.17644194300401778,0.0027087285350409366,0.0042216008065120185,0.007629795915705958,0.914199948310852,0.1624000072479248,0.2134000062942505,26.98744564660958,4.393518595440047,5.2930108615756035,0.9284302290118585,0.002514890522828177,27.8515803822611,65.5538923483671,6.93835539144735,80.61420345489442,80.61420345489442,12,0.375,0.09145268979120343,0.9252232142857143,0.09486873945828025,0.0001661047523531861,0.21506489365837303,0.005093650583175803,0.008120924755168705,0.02368424942132574,2.1175,1.2266071428571428,0.29432537007432397,0.05423370393820749,1.7263065948464116,6.73095703125,6.813456217447918,54.116423979259665,15.659920634920637,8.722406552712313,5.936330159505208,5.961405436197916,0.7097453067283114,0.5863582526500473,32.4489631652832,0.06772679835557938,0.11566872894763947,1.0018484933035714e-05,0.7052042343396129,0.031100333834317054,2.4262655564221838,-6.539481026785714e-07,6.226577315550951e-08,0.7052046347954969,0.0016292655915250494,0.02790522354889716,2614.0,-0.002302698836792742,0.0107186282030403,-6.984737171654096,3
504,0.8997326455343337,-0.1478987920057206,-0.17464831433409736,0.008396419867201459,0.004592687447785897,0.013044736679067649,1.0093998908996582,0.18000000715255737,0.29019999504089355,26.990696794646126,4.436749617287091,5.239186287139144,0.9284895587853943,0.007988544474016366,27.853360023957794,65.05792273546373,5.893724969683285,77.20588235294117,77.20588235294117,11,0.3548387096774194,0.09673267743815295,0.9299078341013826,0.08511846330714454,1.717002982090773e-05,0.16413361343156507,0.004888544635188525,0.03366738975328157,0.029783933546474843,1.8353968253968254,1.3628571428571428,0.43278341756649386,0.32780794664959134,1.3467272303750293,13.651529947916666,12.279154459635414,64.70145917619978,16.458357142857142,8.394790941654332,7.813720703125,7.101982964409721,1.8916918513364192,2.982312589278295,32.527305603027344,0.07990264147520065,0.11193142086267471,1.165771484375e-05,0.682414447084551,0.02705336009976394,2.4029352078094353,-3.3787318638392856e-06,-1.3948540877858022e-07,0.682414678840037,0.001664114990472166,0.02313593405052916,2631.0,-0.0023018443852934087,0.010934148641109089,-10.707918214016999,3
505,0.8995947220041638,-0.14857979235762642,-0.1750161905203547,0.008466637979624523,0.004556870245759322,0.013415455134093448,1.0093998908996582,0.18000000715255737,0.29019999504089355,26.98655623154981,4.457175627861704,5.250243144205639,0.9285390465357154,0.008059033388404383,27.854845214776148,67.4610426129359,5.977446482538936,79.09604519774011,79.09604519774011,11,0.3333333333333333,0.06425346413277051,0.8965800865800865,0.08137192485039105,6.295936693044064e-07,0.10462314485159585,0.002332329889888291,0.02127465968838186,0.022292676187440328,1.4654545454545453,1.2882857142857143,0.47042507055453636,0.34614660100563616,1.1375229339301196,13.651529947916666,12.279154459635414,65.23042493547712,16.29776397515528,8.061600973872979,7.397867838541668,6.988698323567708,1.8634859204427991,2.915499284114657,32.59769821166992,0.05494809150695801,0.09393467009067535,9.033203125e-06,0.6605988144619136,0.03078810926729865,2.413367066267726,-3.505888439360119e-06,3.061664017776962e-07,0.6605966298714468,0.0016703206322386509,0.027373602575538385,2632.0,-0.002328474063781561,0.011171264940626894,-9.966206422565051,3
506,0.8995065791890735,-0.1485221353684153,-0.17572009523141952,0.00847567446952277,0.004495859241158178,0.013171070731097795,1.0093998908996582,0.18000000715255737,0.29019999504089355,26.98391151845455,4.455445203908853,5.271359714056764,0.9285735835545528,0.008067800434525967,27.85588052876486,68.74951797779501,6.39016595739795,80.0,80.0,14,0.42424242424242425,0.07815841122296409,0.8806060606060606,0.08515621376323533,0.0002536023750104122,0.18765853867674853,0.01064951246458441,0.02071491761579082,0.05674941593214015,1.5680519480519481,1.2097142857142857,0.7314616146978278,0.376860175445396,1.2962167733069954,13.651529947916666,12.279154459635414,59.113737269810265,13.873975155279503,8.171992824158927,7.006798946496213,6.499837239583333,2.1760332175477766,3.118236902275649,32.65060806274414,0.036549992859363556,0.0878758653998375,5.837576729910714e-06,0.624586063296186,0.04546169496442527,4.4615706819271885,-8.083525158110119e-06,-1.4051686176434036e-07,0.624586472723823,0.0016416452981611951,0.04289348596848233,2633.0,-0.00234822889525722,0.011210207675041823,-7.145690284211583,3
507,0.8993127407289687,-0.15009501122293017,-0.17638436194544746,0.0032191666897403745,0.00389303636118461,0.008111922836445327,0.9191999435424805,0.16380000114440918,0.21219998598098755,26.978097364732196,4.502627479561737,5.291282144061157,0.9287007174901326,0.003108144473256213,27.859693670028918,67.84135745841036,6.830669838457387,80.0,80.0,18,0.5454545454545454,0.10329365460488195,0.8935930735930736,0.0915800430956319,0.00016425822573927533,0.17925612981943634,0.007575142757522515,0.0698465040907599,0.04225876551698909,1.789206349206349,1.0809523809523809,0.6911652099481576,0.10989172159990249,1.6552129221732745,7.081909179687499,6.201070149739584,51.870334952218194,13.779714285714284,8.501162076625834,5.630346227575232,5.464138454861112,0.7602443536123659,0.72308224075175,32.677642822265625,0.0299115888774395,0.08107221871614456,3.775460379464286e-06,0.5895756578497657,0.04011715685839311,4.152745732962683,-2.5612967354910712e-06,-2.4431614695749023e-07,0.5895764809302557,0.0016265997058988431,0.03723128049439783,2633.0,-0.0023611132391668107,0.01134674510210852,6.682751314270369,3
508,0.8995248069081988,-0.15219253417707626,-0.17431905707291195,0.003079380313945765,0.004120328617067338,0.007856632776890488,0.9191999435424805,0.16699999570846558,0.20459997653961182,26.984461064423833,4.565556596773011,5.2293314264927595,0.9288561685029523,0.00299732629164399,27.864361273902002,65.60325122707395,6.519980838427017,80.0,80.0,17,0.5483870967741935,0.10392763049811335,0.9232718894009215,0.0877861678385445,0.0001231103466888795,0.1732674365656426,0.004885186872967856,0.005665432774363316,0.02819448922312125,2.1748214285714287,1.159795918367347,0.4787819033436704,0.06275701009211473,1.875175963399613,7.081909179687499,7.844034830729166,51.40236002604166,15.173781512605043,7.86320366610456,6.027882893880208,6.264459519159225,0.8774904750249819,0.6092078470942617,32.70841979980469,0.028960678726434708,0.1321103572845459,4.490443638392857e-06,0.5719767542749545,0.02582888338710679,3.9596586491728907,-2.3251488095238097e-06,4.3451866240421734e-08,0.571976587980487,0.0017036390008877105,0.020814920516126274,2631.0,-0.0023233865898033873,0.01102114852056362,6.09529649456022,3
509,0.8997077688262576,-0.15435544730368114,-0.17222576175701051,0.003039450521563765,0.003877962147779619,0.007608093109564099,0.9191999435424805,0.16699999570846558,0.20459997653961182,26.98994649333613,4.63043656195913,5.166537709874766,0.9289965505386216,0.002992562350812522,27.868569050092034,63.683373610747594,5.608593773810797,76.36363636363636,76.36363636363636,13,0.43333333333333335,0.08336940340645992,0.9491428571428571,0.07965452615774551,6.526001899208675e-05,0.2578781670018465,0.0014334180669457021,0.04207478138633789,0.005558508824577764,2.087142857142857,1.1926984126984128,0.1419722594346501,0.1307738080186305,1.7499334575459142,7.081909179687499,7.844034830729166,52.075557236444375,14.866842105263157,8.854791036039916,5.826009114583333,5.79601146556713,1.1324962700385617,0.8939852571776157,32.73700714111328,0.03767866641283035,0.11657700687646866,5.419049944196429e-06,0.5749175278472137,0.024271883257297833,3.7833135432110554,7.992699032738095e-07,-8.270351129301199e-09,0.5749174850297867,0.0017002096665325907,0.019716891739280616,2628.0,-0.0023427686886096943,0.010717516329971151,6.09529649456022,3
510,0.8997297783181781,-0.156254027678853,-0.1709904856057394,0.0038765040104447135,0.0034035957315144355,0.008554270357817763,0.934999942779541,0.17500001192092896,0.22860002517700195,26.99060820673193,4.687392544661249,5.129485282472202,0.9291130462118147,0.003933951401790745,27.87206611114827,64.41443848306926,6.44917438220384,79.69639468690701,79.69639468690701,12,0.3870967741935484,0.09404044577827603,0.94036866359447,0.08947581071635494,4.837344439816796e-07,0.14203250204506868,0.003286582417986796,0.05876302891340616,0.02313965022557951,1.728888888888889,1.1466666666666665,0.46657957291163377,0.1814554410799127,1.5077519379844964,10.128275553385418,10.6585693359375,55.755932326543906,16.165357142857143,8.389154792811675,5.884896737557871,6.350922761140046,2.006057417656914,1.6160544545204187,32.7723274230957,0.033676911145448685,0.13790398836135864,4.563104538690476e-06,0.5762133188040153,0.023298955971282842,3.7833135432110554,-1.52587890625e-06,4.467872824011643e-07,0.576211842742648,0.0016901948097180508,0.01847865326900245,2632.0,-0.0023439326608052148,0.010274439110411707,-5.998646246448493,3
511,0.8985840841985884,-0.14849034186204274,-0.17906282866852624,0.006487478568266329,0.022819897873952045,0.02229366937478064,0.9498000144958496,0.18140000104904175,0.2734000086784363,26.95623538315296,4.454516827293805,5.371629860060556,0.9287578425722077,0.00591162279392226,27.861408508445727,65.25869354531275,7.44944983632433,79.84790874524715,79.84790874524715,14,0.4375,0.11869878230908262,0.9311160714285716,0.10304220354348474,7.086203681799315e-05,0.30501224528666926,0.02236409776781955,0.10885002394821688,0.07332196694857414,1.484,1.262063492063492,0.4369097417647947,0.28509385900158074,1.1758520940762167,11.387125651041666,10.6585693359375,56.178746468680245,15.145714285714286,7.799564115303299,6.212046305338542,6.21692798755787,1.9793583220156694,2.5306503521349284,32.80518341064453,0.030990878120064735,0.11244556307792664,3.422328404017857e-06,0.564455873630971,0.02611794751059583,2.8288482507885053,-1.8710181826636904e-06,1.0688310074822744e-08,0.564455407801451,0.00167204791697503,0.02198307897474708,2638.0,-0.0023187372401909435,0.010762284807219767,-3.8037187491949878,3
512,0.895029160913967,-0.11645317073946908,-0.1962722192889168,0.015198544460036842,0.0654215678787045,0.04026056726386498,0.985200047492981,0.18140000104904175,0.37459999322891235,26.849583970308302,3.8609972643852233,5.887895864376,0.9269158240896546,0.01096674756929699,27.806143208231617,71.99881810785075,19.1114905775669,164.0625,164.0625,17,0.5,0.14144955898322611,0.8678991596638655,0.13922967426584243,0.0007550158100791345,0.6312496177862815,0.017872447702106997,0.057391179356635055,0.028312805582019325,1.4037142857142857,1.2587142857142857,0.30200500063436575,0.25817368777864347,1.115196912949722,11.387125651041666,14.427286783854166,77.31262395949591,13.972987012987014,8.617212559885198,6.432637532552084,7.365397135416667,2.883999250946196,2.412292625031881,32.81241226196289,0.03487309813499451,0.1279587298631668,-6.058465866815476e-06,0.549182171628825,0.02577699610960395,2.6252827890308246,3.0880882626488097e-07,-8.045686226008783e-09,0.5491822646408855,0.00171060661753233,0.021091327977806808,2647.0,-0.0022552767785797402,0.013748875488980893,-1.4360652542328167,0
513,0.8922049243790763,-0.09018745691435677,-0.21732522868542445,0.017062383259009748,0.060070035832655355,0.03878120091068412,0.9930000305175781,0.18140000104904175,0.37459999322891235,26.76486873132842,3.0730438495959556,6.519442003411906,0.925545028834567,0.012789635070378877,27.765020438643436,73.52147069611763,18.806370240768043,164.0625,164.0625,16,0.47058823529411764,0.1363942863925913,0.8481512605042016,0.1339556687038026,0.0002529787628488131,0.5191824781839124,0.012068630267441517,0.06798344713937446,0.023245449865059567,1.5074285714285716,1.315,0.579831361831408,0.24540865543673335,1.146333514394351,20.684916178385414,14.427286783854166,74.36689598446802,16.076558441558443,8.651161864542264,8.219706217447916,6.872111002604166,2.8696374379379663,5.932463595020341,32.73997116088867,0.11745297163724899,0.1450512558221817,-1.4668782552083334e-05,0.5559772044430176,0.0312973934885606,3.0037378431021122,2.0345052083333333e-06,-4.255070569224549e-07,0.5559789566719275,0.0018273253362828257,0.02716611166735551,2649.0,-0.0022289609802342,0.01371740061222057,-1.4360652542328167,0
514,0.8898260486807142,-0.07134428566694259,-0.22649857156049638,0.01736550475403261,0.061024927372960634,0.0510804387064471,0.9930000305175781,0.17100000381469727,0.37459999322891235,26.693505603245328,2.692707997901099,6.801298858012472,0.9244714652609985,0.013012708398612224,27.732824027323847,80.55918403505191,31.930102093895545,230.76923076923077,230.76923076923077,20,0.5555555555555556,0.17609565383703127,0.8038095238095239,0.15996491962366025,5.4747919033735727e-05,0.8841615234516731,0.013191242236219758,0.12002420496876813,0.01491949365170579,1.4564285714285714,1.2695238095238095,0.6862882270680773,0.3318360931902438,1.147224306076519,20.684916178385414,20.388387044270836,90.50711895170666,14.895510204081633,7.743434176426378,9.88622029622396,8.445310239438658,5.359524478524905,6.4617848513415534,32.6115608215332,0.149258553981781,0.16027459502220154,-2.0499093191964286e-05,0.5739472240591315,0.0354127305205958,3.2815837605431586,1.8528529575892857e-06,-3.6126017972898434e-08,0.5739472403076361,0.001908376078028903,0.03155555885892532,2659.0,-0.0022841559314232805,0.014079178789825364,-1.4360652542328167,0
515,0.8893678403411592,-0.08959349563859757,-0.23396462850627445,0.011592382880566666,0.04220377860921082,0.04309000625924216,0.9930000305175781,0.14579999446868896,0.37300002574920654,26.67975406740393,2.872630297754492,7.025252566380161,0.9259692104782814,0.00974214767466012,27.77774692735164,76.86497103566569,27.88780497795817,230.76923076923077,230.76923076923077,18,0.5,0.14607418539387435,0.8241269841269842,0.1306831768766313,0.00012015739042065774,0.4261846102205441,0.016305193631858166,0.06130988892321407,0.03825852281108995,1.157857142857143,1.2644155844155844,0.6204844223405991,0.32289590305517374,0.9157251437962203,18.293355305989586,20.388387044270836,69.60519460042319,13.798012422360248,8.32806349983857,6.357045491536458,6.64508241595644,5.005728303331094,4.4919501896270635,32.489402770996094,0.07779531180858612,0.14936265349388123,-1.2234642392113096e-05,0.5969562006475789,0.023302243058743503,2.5281320318597285,9.80922154017857e-07,4.1965769890289936e-08,0.5969557654560826,0.00193816259733332,0.01650491824627096,2679.0,-0.002369317717338981,0.01097763997545344,-0.6207167060170169,0
516,0.8874775263411658,-0.10326017203217461,-0.24022741912092482,0.008960154651370386,0.04225978778172689,0.04460111367012006,0.9493999481201172,0.16860002279281616,0.3604000210762024,26.623086075953076,3.282629446685314,7.213009427658149,0.9272520494868793,0.006877927302556003,27.816231855304167,76.81489833618522,28.36457123578434,230.76923076923077,230.76923076923077,19,0.5428571428571428,0.15062634337368497,0.8266122448979593,0.13447883885872652,1.9116525447729602e-05,0.434471875616263,0.020676997738262034,0.06952351007871993,0.04759110750018835,1.646031746031746,1.2785714285714285,0.7300472999858839,0.29254299837065256,1.28739913097455,18.293355305989586,20.388387044270836,73.25492575509207,13.91542857142857,8.06263547078087,7.085424352575232,6.674250849971065,5.348455038117852,4.530085764390837,32.443603515625,0.02653946913778782,0.12715062499046326,3.1273251488095236e-06,0.6039904035912724,0.021336309648356852,2.901300078070798,1.3805571056547619e-06,-5.3061870172072156e-08,0.6039906247739945,0.001838369885817708,0.012081386501180876,2706.0,-0.0024135399418759077,0.011192373398539748,-5.429090716600483,0
517,0.8857585732823327,-0.1382966387924694,-0.23364013318220775,0.015257789532799614,0.04998759342002154,0.062028101193434104,1.0308001041412354,0.2888000011444092,0.376800000667572,26.571481627055576,4.16650602204459,7.009012995447431,0.9299091104514354,0.011402348542456213,27.895952640363564,73.13384495365536,21.456283740662656,189.1891891891892,189.1891891891892,16,0.47058823529411764,0.23802981785222965,0.8564285714285715,0.13990017449427794,1.031260974593948e-06,0.5465321168859022,0.004843376992274215,0.2401316452761635,0.008862017148912315,1.46984126984127,1.3138571428571428,0.6627854519402209,0.18135774770618768,1.1187222886690105,15.759277343749998,15.625813802083332,83.79792226155598,14.515510204081632,9.065943430170432,6.962189850983796,7.412211100260416,4.203981329143439,3.426985935666432,32.42768096923828,0.03890865296125412,0.13155046105384827,-3.971644810267857e-06,0.6037047871929834,0.02157824033971348,2.901300078070798,-9.08261253720238e-07,-7.422318256709612e-08,0.6037057219527509,0.00183046269866476,0.011933532129821534,2718.0,-0.002365307026627824,0.012969095715865044,10.623388508474283,0
518,0.8827608966373262,-0.1452360383300554,-0.23210422856750942,0.027956610684226783,0.06699840669840477,0.08432963705962235,1.0308001041412354,0.36820000410079956,0.5478000044822693,26.48163832766669,4.38118172198534,6.962624285604273,0.9308064132731694,0.014626949712219579,27.922847509255334,75.4903294314147,21.174155469767562,189.1891891891892,189.1891891891892,13,0.37142857142857144,0.23440955427553348,0.8293877551020408,0.14170156530891048,0.00024026265322782178,0.7030495589256089,0.0034880352507155018,0.27677166846008255,0.004961293562356929,1.57,1.2468571428571429,1.0011093846328682,0.248376606739665,1.25916590284143,20.462748209635418,15.625813802083332,93.36335957845053,16.779805194805196,8.459496100023813,9.6514892578125,8.220733642578123,3.5539532254866084,5.471573309199319,32.353233337402344,0.11589568108320236,0.2094479650259018,-1.714506603422619e-05,0.5992037132520754,0.022183520668884505,2.831608158550348,3.1062534877232143e-06,1.3112658255816615e-07,0.59920343949513,0.0018705969518831322,0.012019767453784089,2719.0,-0.002275099181474989,0.017290283034353784,3.671695056950297,0
519,0.8802639528796786,-0.13337040955679758,-0.23716012383074989,0.03424041338253889,0.08664942768292931,0.09434469798584284,1.0308001041412354,0.39480000734329224,0.5478000044822693,26.406681443537984,4.052495432836669,7.114393286364419,0.9306662588001532,0.018411496828724217,27.918672083758985,73.12812065778667,22.509412224034275,189.1891891891892,189.1891891891892,12,0.35294117647058826,0.24251478287605466,0.8646218487394958,0.163972686370547,0.00024801750204081686,0.711810448120197,0.011151625998692636,0.3026054099120339,0.015666566890304427,1.8322222222222224,1.246984126984127,1.3792396786660586,0.3142218148925955,1.4693228105906313,20.462748209635418,19.634908040364586,105.18413587297712,13.771357142857143,7.957475120980298,10.114893030237267,9.395853678385416,4.749397652050827,5.524684641416496,32.21464920043945,0.1590796858072281,0.19103549420833588,-2.7077811104910713e-05,0.5995267663965407,0.022545322382741262,3.9105791538146524,-1.8710181826636904e-06,1.634781989375686e-07,0.5995260574745481,0.001922549148057537,0.013147066573778694,2712.0,-0.0021913476764778314,0.019831778132857514,-3.7586729692466307,0
520,0.8830568201485134,-0.09872843817018327,-0.24555371433780307,0.03215502869552883,0.07238463583219804,0.07364155592984305,0.989799976348877,0.39480000734329224,0.5478000044822693,26.490442318746023,2.9953184330037663,7.366372287273407,0.9280562504405652,0.015538175322626425,27.840368025651415,68.45014145231131,8.876789335553392,91.1062906724512,91.1062906724512,8,0.24242424242424243,0.08933355860972712,0.8905194805194806,0.1089244762167208,0.0001394134417326115,0.22535513123676046,0.010940182852160103,0.026700554290054256,0.04854641113392813,1.4932142857142856,1.541607142857143,1.1402639664855265,0.6556876113077392,0.9686088265956213,14.538472493489584,19.634908040364586,76.04557110014416,12.82984126984127,8.279852454249843,8.425674438476562,8.627103169759115,4.864562288157026,3.4239129572259417,32.07338333129883,0.10742581635713577,0.16866180300712585,-1.9381568545386903e-05,0.5987584321284645,0.022448691433434597,3.868494007286127,-3.633045014880953e-08,5.237029314383583e-08,0.5987577759617013,0.001890945588724749,0.012327064919274147,2722.0,-0.002164739795221805,0.019375755536635255,-3.7586729692466307,0
521,0.8808936575651168,-0.05454074293091184,-0.25526937149536044,0.026183182924740683,0.0773797648871775,0.07112884923884216,0.989799976348877,0.39480000734329224,0.5285999774932861,26.425606727004052,2.2696660071611405,7.6597017156652045,0.9249857049538189,0.015643737045076152,27.748233011360032,65.12333123426293,13.194421822349694,119.65811965811966,119.65811965811966,11,0.36666666666666664,0.3634091646768792,0.9613333333333335,0.23303934832658782,0.0018496318907122195,4.460544264342144,0.03273724505037388,0.3413639007006628,0.0073392938418025255,2.0428571428571427,1.6618367346938774,1.3259728811829647,0.640341433289308,1.2292766793565026,14.538472493489584,12.454833984375,88.57610757010323,16.310446428571428,8.103938868436423,8.801938011532737,8.099510556175595,2.7374251792301667,3.4795200921483107,31.996726989746094,0.04447994753718376,0.10865163803100586,-2.3338681175595238e-06,0.5996065442661213,0.02218385014351553,3.868494007286127,-3.5967145647321428e-06,-7.008989745647597e-08,0.5996066253107549,0.0018574260465345613,0.011330095276741683,2726.0,-0.002216390516467222,0.018969651100358045,-3.7586729692466307,0
522,0.8813527719123023,-0.06293432391257513,-0.17152544754459745,0.05793449278349743,0.07554193335549944,0.1965533513562724,1.1886000633239746,0.27060002088546753,0.7034000158309937,26.43930201445307,2.557575859810625,7.0658199993201665,0.9250186615759859,0.046915899798765426,27.749248142631014,84.20631014990151,34.738064877051286,208.955223880597,208.955223880597,20,0.5555555555555556,0.3533107882863663,0.8081349206349207,0.28603173226837875,0.0006757453301124588,2.7444329369249014,0.00940613427896532,1.2108632967229256,0.003427350747912522,2.096349206349206,1.8353061224489797,0.94528478020999,0.8990502647751422,1.142234083299356,38.080240885416664,22.453409830729168,154.19017588297524,14.85420634920635,8.544355849748136,13.858439127604166,10.957249232700892,5.877495310675289,10.417345289359705,31.975631713867188,0.044537801295518875,0.12268117815256119,-5.363827659970238e-06,0.6094573673807572,0.04253305893522535,4.284234450151768,2.524966285342262e-06,-2.3408354983925515e-07,0.6094598564463936,0.0018794741315539866,0.038371848795026704,2697.0,-0.002232886661740066,0.0195416391361989,-4.595273128076319,0
523,0.8861622475726264,-0.08416488578489849,-0.07717471420764924,0.059924891302917144,0.08489493141292347,0.22082137539311006,1.1886000633239746,0.27060002088546753,0.7034000158309937,26.58360199860164,3.1944642874172757,5.839200861368861,0.9249800729535848,0.047909080368376836,27.74808817946301,98.13168289066097,42.485078397111195,233.33333333333334,233.33333333333334,29,0.7073170731707317,0.34662225807919256,0.7126132404181184,0.2914603218406733,1.738719800083277e-05,3.1173104569814827,0.019605677888723083,1.9352305579931879,0.006289292696149174,1.8896825396825399,1.751607142857143,0.7987265311447641,0.864283186979776,1.0788278338487332,38.080240885416664,31.77703857421875,193.92592460995633,15.133082706766917,8.340342347615996,18.35242377387153,16.082534790039062,10.10848968501278,10.146361681058405,31.93289566040039,0.07487673312425613,0.1388537734746933,-5.923316592261905e-06,0.657696930784639,0.09121461588571493,4.632253009212031,1.1262439546130953e-05,5.195408195116523e-08,0.6576981113720533,0.0018904737611956366,0.08952292054333943,2670.0,-0.002266521970633467,0.022172583081683534,-11.580947806397166,0
524,0.8983228476501647,-0.12952182858330863,0.04137189557438805,0.05818341754736866,0.040568580205931445,0.1691089441833868,1.1886000633239746,0.27060002088546753,0.7034000158309937,26.948388286573547,3.9484328547971588,4.002855153637273,0.9256857464194178,0.04697158810860842,27.769252100415073,96.06270861544813,41.889605360772656,233.33333333333334,233.33333333333334,26,0.6190476190476191,0.16171169399925137,0.7098639455782314,0.2089733359855882,1.0471167680133545e-05,1.0675063101261792,0.022798746202448476,0.36666119290641824,0.021357013055738908,1.8260714285714286,1.8378571428571429,1.1748399261349678,0.8271601281197132,0.9935872522347454,38.080240885416664,31.77703857421875,186.01856355212985,13.977063492063493,8.24947481970564,17.974421183268227,15.639050801595053,10.349351792502208,11.521721940041214,31.866554260253906,0.08818656951189041,0.14654292166233063,-1.1570521763392858e-05,0.7380726802781061,0.10618083670802617,4.673138462553539,1.1371430896577381e-05,-2.581394069666217e-07,0.7380723264526063,0.0018811835157750674,0.1049743841277288,2639.0,-0.002273980983466933,0.019361671954370028,-12.902902840119664,0
525,0.9079074951694125,-0.13948654273294267,0.078238914336477,0.011178610422657572,0.013914671088380718,0.062436946877523415,1.0046000480651855,0.2534000277519226,0.21140003204345703,27.235922997934477,4.184403424816472,2.8629465752840044,0.9241041664102242,0.011058230693340197,27.721803011203516,83.02304843895843,37.54458245890691,233.33333333333334,233.33333333333334,17,0.4722222222222222,0.13731366913668291,0.8069047619047619,0.2008667443346256,0.0007204294210745543,0.8055276314598385,0.010197042057275472,0.02118072072161641,0.012658835847499876,1.3235714285714286,1.9082142857142856,1.1499877994028938,0.8769851387985257,0.693617817705409,27.54608154296875,31.77703857421875,105.62448352632067,13.883650793650792,9.019223639633758,10.061620076497396,10.149930318196613,8.559830313318658,6.9616769743735425,31.80536651611328,0.042753130197525024,0.09765106439590454,-5.991617838541667e-06,0.8051679393324556,0.07508012063818877,4.48407800772319,9.264264787946428e-06,-1.388022701388297e-07,0.8051678970324085,0.0018099314237163186,0.07348827781483795,2643.0,-0.0023137958076680128,0.01557711507350851,-12.902902840119664,0
526,0.9089636953955605,-0.13842677120367686,0.08446545724074046,0.005387128665124015,0.004655584218213627,0.028549182499883412,0.9337999820709229,0.16019999980926514,0.15439999103546143,27.26762186186654,4.152602278973375,2.5422755740795817,0.9237718953900999,0.0047561253534031235,27.711849318114464,64.99662020760123,4.56543564848675,80.1526717557252,80.1526717557252,10,0.3225806451612903,0.09089913674631069,0.927373271889401,0.060894254033945584,1.3741581007913246e-06,0.1801503565666739,0.0008179807560664678,0.038760855203939196,0.004540544751926327,0.8335714285714285,2.210408163265306,0.13418119032388515,0.7853111077952836,0.3771119933524144,8.333638509114582,8.940836588541668,72.41195780436199,14.96904761904762,6.93210562128645,6.037614610460069,6.3977341424851195,1.853876922301028,1.9261952256961457,31.78282928466797,0.014816279523074627,0.10331117361783981,-2.819242931547619e-07,0.8324114823703521,0.024105280230510354,2.615272707668316,8.900960286458333e-07,-1.0064940666147586e-07,0.8324113325906406,0.0017716239478218238,0.018727411984227612,2633.0,-0.002349599941157936,0.008917739722708038,-9.999921631007226,7
527,0.9089121430601392,-0.13708979073592595,0.08669933297236761,0.005332986222768557,0.004692623563948226,0.028076813687579277,0.9337999820709229,0.16100001335144043,0.15439999103546143,27.26606972038746,4.1125002935103,2.6097582745552064,0.9237146578183534,0.004654967280548739,27.71011951981864,65.6436129486365,4.563101999523785,76.08695652173913,76.08695652173913,12,0.3870967741935484,0.08002890634227194,0.9183410138248849,0.062306022113427256,1.3231777426072456e-05,0.20764024557044208,0.0028642390889932045,0.01572483505794499,0.01379423859341136,1.183673469387755,2.2216326530612243,0.8329094243200755,0.5718204924203517,0.5327944148447548,13.315327962239584,10.02716064453125,73.42499149867467,14.244107142857143,7.764224945139373,7.035333542596726,7.411644345238095,2.3020483789425805,3.23871059641597,31.78931999206543,0.01906493306159973,0.10331117361783981,2.396356491815476e-06,0.8238771394186772,0.025625628713517448,2.615272707668316,-1.1625744047619049e-06,-3.051372637697668e-07,0.8238788691191367,0.0017974442438991097,0.020569682587747294,2634.0,-0.0023460709692767604,0.00884021229531378,-9.999921631007226,7
528,0.9086846953176316,-0.13483643901915776,0.09027512396801085,0.005164005626270472,0.004403943645449157,0.02944141497469887,0.9309999942779541,0.16100001335144043,0.15439999103546143,27.259242288044522,4.044898313411645,2.7170862901210784,0.9235432114918114,0.004374230920764082,27.704977902186418,65.22584660365243,4.434257961728214,76.08695652173913,76.08695652173913,14,0.4375,0.0773278205869963,0.9241964285714286,0.06382167589287756,7.13025146189089e-05,0.1836468169041245,0.0015742610834990705,0.05407998906002727,0.00857222090770534,1.1173214285714286,2.089206349206349,0.8086557999582533,0.6016576161948093,0.5348066403282177,13.315327962239584,10.02716064453125,72.69524804978144,15.174661654135338,9.331447504712907,7.441507975260417,7.009978117766203,2.0997151299414814,3.17875616915832,31.7993106842041,0.02257770113646984,0.10331117361783981,2.1812802269345236e-06,0.8101658993440324,0.025999788286011485,2.296713548486776,-2.216157459077381e-06,1.4336268603080228e-07,0.810165361433454,0.0018353076754909709,0.02074531979765054,2628.0,-0.0023292391466291783,0.008889029662342464,-10.498481170985785,7
529,0.9075096757582256,-0.1330712967571758,0.10362026687179293,0.005193605020062663,0.004247949548043512,0.02341256376313908,0.931399941444397,0.16100001335144043,0.1735999584197998,27.224005272729055,3.991946474143437,3.109860863302435,0.9233594882822035,0.004400394490840297,27.699480941924037,65.73264968639685,5.817103696438372,83.16831683168317,83.16831683168317,18,0.5625,0.09100275263689425,0.9195982142857142,0.07760874067696423,0.00015836938342357254,0.26401032037049765,0.005056636867187702,0.011907749188132418,0.019153178785175876,0.8796428571428572,2.2617460317460316,0.25510077040499995,0.5996683806843938,0.38892202961611344,8.983256022135416,10.02716064453125,71.2712632678804,15.140375939849624,8.553169384396357,6.375261942545572,7.0334653501157405,2.026277841029429,2.6773436561275137,31.820497512817383,0.028019843623042107,0.08195848017930984,3.734770275297619e-06,0.7959535590671742,0.026686347816927605,2.536891697947084,-3.9600190662202384e-06,-2.97841088760413e-07,0.7959543473768276,0.001951301226474033,0.020479323967516783,2648.0,-0.002335276979928039,0.008847580649418336,-10.894044126818656,7
530,0.9079253329095386,-0.13051034428108307,0.0999318003313882,0.005618033288728106,0.004355076985263783,0.02922153194851979,0.9326000213623047,0.14819997549057007,0.1735999584197998,27.236470844405037,3.91512504275356,3.0033445803608214,0.9231631174604464,0.0046915140887670405,27.693581043605857,65.06750628597118,5.207569873284677,83.16831683168317,83.16831683168317,13,0.41935483870967744,0.07141999948565254,0.9276036866359448,0.0692130000848619,2.7227098042482324e-05,0.14908040332413613,0.006956296857402387,0.006272566635264851,0.04666137669535109,1.00375,2.1110714285714285,0.49963912359475077,0.5829244315150488,0.4754694637117239,13.197530110677086,9.020487467447918,74.56883712041946,14.093571428571428,8.469131427219635,6.754646301269531,6.713841756184896,1.917214920960674,3.271242619290455,31.83826446533203,0.022676708176732063,0.08195848017930984,1.4793759300595239e-06,0.7787156539850874,0.027901574688693937,2.495087239163018,1.0354178292410713e-06,7.962612375522946e-08,0.7787164581742559,0.002036000091028182,0.021107298675970262,2661.0,-0.0023451620246971124,0.008853932554300982,-11.554002481118903,7
531,0.9086064281293325,-0.12841610565355846,0.09334435242130643,0.005977281954607238,0.004634621642617164,0.0343391664477822,0.9373999834060669,0.14819997549057007,0.1735999584197998,27.256897843905858,3.852302169629506,2.808359714150429,0.9230283954989522,0.004946981950239438,27.689538231359478,65.9990524775099,4.9634515196509925,83.16831683168317,83.16831683168317,13,0.41935483870967744,0.06318905872741848,0.9138248847926269,0.06317513520835838,0.00016425822573927493,0.1551108099613287,0.0031698788656252387,0.015887880151451702,0.020436221475573068,1.156530612244898,2.5435714285714286,0.6039751009207898,0.682322339887977,0.45468768804910337,13.197530110677086,9.8590087890625,77.60186818440755,14.843523809523811,7.479251569866565,7.83512660435268,8.243645562065973,1.0955180683275871,2.6237312780720234,31.851104736328125,0.016231000423431396,0.09198828041553497,4.243396577380952e-07,0.7624435660941369,0.02695876328561673,2.4395861580675757,-2.0163399832589286e-06,-2.1880816216276812e-07,0.7624446551109397,0.002027538558260901,0.018031863018942097,2706.0,-0.0023781673935820763,0.008973031688817794,-11.899547456022718,7
532,0.9091255998952048,-0.1312985718647639,0.05289382825011299,0.008318875586081357,0.023342710826674128,0.0800160585339717,0.9501999616622925,0.2770000100135803,0.2053999900817871,27.272475711107255,3.9387721559405326,2.666462134718895,0.9238547866611131,0.007444263019982165,27.714333175368466,65.16601044346278,4.846012748978584,75.13416815742397,75.13416815742397,13,0.41935483870967744,0.05772560002251325,0.9258986175115207,0.06981565299386913,4.4371911703456734e-05,0.055807646253445094,0.012805279611711925,0.004920983082176527,0.2294538557236041,1.4381632653061225,2.3235714285714284,0.887552639357325,0.7934887017014742,0.6189451495323,14.322001139322916,16.558024088541664,110.82975042433966,13.92095238095238,7.873041433010225,8.644932338169644,9.886983235677084,3.2437022137897444,3.615261304276914,31.833974838256836,0.03254597634077072,0.10616235435009003,-4.7200520833333336e-06,0.7485038183693726,0.02488173557096032,4.439521800625117,4.54130626860119e-07,3.564651724942008e-07,0.7485027078111379,0.0017659231623511978,0.013594141597854586,2711.0,-0.0023330427636351395,0.010466133863658432,1.1753981443968085,7
533,0.9091227237497057,-0.12102754310483024,0.022193371051833742,0.011485452266717378,0.032848732893152995,0.09976840702096014,0.9914000034332275,0.2770000100135803,0.2742000222206116,27.272378426790237,3.634758434849126,2.686373422912189,0.9234236686998756,0.009887200692757163,27.701389931446776,72.32744313475249,28.21326664094638,219.89528795811518,219.89528795811518,18,0.5454545454545454,0.14272650276608312,0.8836363636363637,0.15162899866288468,4.95156351520201e-05,0.5265406626912568,0.041690455246504686,0.18029504942021485,0.0791780354311408,2.4685714285714284,2.3368571428571427,1.4797568287082994,0.525949791970174,1.0563638586624282,25.08107503255208,22.286275227864582,105.13423454647973,13.740659340659342,8.16774899125262,12.570546468098955,12.597249348958332,5.981305065976134,6.970378375419185,31.802398681640625,0.04644938185811043,0.10859744250774384,-2.394903273809524e-06,0.740175804384129,0.02421002646264314,4.439521800625117,-2.089000883556548e-06,2.767179237205358e-07,0.7401725768454641,0.0014812066237783583,0.010392523358561397,2731.0,-0.002301639491311426,0.012803405947409318,-2.028121402273264,0
534,0.9104333047639755,-0.11274245710599991,0.0130159995782943,0.011273037631874193,0.03367847941458685,0.09231804942550573,0.9914000034332275,0.2770000100135803,0.2742000222206116,27.3116994286435,3.3862108549049923,2.4084807075772967,0.9227451336307824,0.00971814109500619,27.681040515263906,71.1464495990325,28.53884277234585,219.89528795811518,219.89528795811518,16,0.48484848484848486,0.1419390139231261,0.9011688311688312,0.15801507429302003,8.892874902124124e-05,0.5667534460961898,0.04387407890515409,0.04615836062924583,0.07741299008829979,2.71,2.19,1.4057569679931252,0.7421188639047422,1.2374429223744292,25.08107503255208,22.286275227864582,97.55127563476563,11.932380952380951,8.6960136174265,12.205729166666668,11.747456868489582,7.024113238980084,7.599182689094408,31.798221588134766,0.04474997892975807,0.09773604571819305,3.101167224702381e-06,0.7376211869433393,0.023741952528278876,4.572191251934325,-5.812872023809524e-07,-7.139388041594004e-08,0.7376216769168683,0.001388479644297452,0.00912453434323613,2737.0,-0.0022647999892955245,0.013379021141072063,-2.028121402273264,0
535,0.9122137997093654,-0.09941099016155515,0.034920876031830195,0.009088460310170075,0.01641737572044524,0.06986624399156512,0.9914000034332275,0.16439998149871826,0.2742000222206116,27.365111419899122,2.986259703721319,1.9940767126423973,0.9210934724063541,0.007501093532248822,27.631489082977396,70.39326718693209,29.13388127322568,219.89528795811518,219.89528795811518,16,0.5,0.1595783202370054,0.9139285714285714,0.1626341675324702,0.00018371866122448817,0.7622034326952983,0.021516614657151944,0.02385876214553347,0.028229490624392815,3.975,1.7692857142857144,1.6493689269362561,0.7933811010028985,2.246669358094469,8.804829915364584,7.92510986328125,56.84942953927176,15.537428571428572,8.734082450085868,7.024561564127605,5.683237711588542,2.246440326862116,1.1068448139573743,31.834150314331055,0.06547784060239792,0.10618281364440918,6.8373907180059525e-06,0.734473248844084,0.023927861311908476,4.364550536059888,-2.089000883556548e-06,5.925553184058753e-08,0.7344722084278967,0.0013584722458166083,0.009412588727488963,2755.0,-0.0022724769744502495,0.012580586218806433,-2.028121402273264,0
536,0.913306580622991,-0.10077118032319206,0.05897751456215268,0.0027323958425514443,0.0045926584824216715,0.009877043768800602,0.9256000518798828,0.12860000133514404,0.09739995002746582,27.39789141867842,3.022986123987607,1.769214865395001,0.9208042694646792,0.0027748955158583776,27.62280890453059,62.86783046594028,5.474381287622115,79.39508506616258,79.39508506616258,12,0.3870967741935484,0.09271087380911139,0.9611981566820277,0.07900558456789965,7.859365264473155e-05,0.2155549474496181,0.004758165709122693,0.08620228369212028,0.022074026903209098,3.910285714285714,1.340857142857143,1.6019613998254179,0.05103500199442955,2.916258256978478,7.082621256510416,7.92510986328125,45.20601407005674,16.235357142857143,9.028709672031587,6.108723958333333,6.413614908854167,0.9472126167034219,0.729305209894493,31.882047653198242,0.0357554666697979,0.12168164551258087,3.1723749069940475e-06,0.7289976569835496,0.02512369729298177,3.886751508603071,-1.5440441313244048e-06,-1.7673589032534176e-08,0.7289964172295433,0.0013180790347818592,0.012277774086458111,2749.0,-0.002333461270491956,0.010633787857764566,-9.55432139029347,0
537,0.9131973332904634,-0.10063226601339521,0.061159009751819426,0.002668961694095821,0.0038040756139154056,0.010886378636104498,0.9256000518798828,0.11580002307891846,0.10099995136260986,27.394618284446853,3.0188282661352837,1.8346930068731309,0.920831089895803,0.00261886130690608,27.623621220018435,63.260910941942825,6.2325821054603034,79.39508506616258,79.39508506616258,11,0.36666666666666664,0.08934589105108796,0.9572857142857142,0.09050451937450907,0.0010365771595168664,0.15085425803840047,0.005475519585507695,0.006975806677201323,0.03629675195587706,2.324047619047619,1.3344897959183672,0.9268157089069239,0.060292912673192714,1.7415252077279912,6.612955729166666,6.996256510416667,48.20396568661644,17.73314285714286,7.627116415548313,5.96160888671875,6.0534958612351195,0.5771829774275203,0.5213667403123521,31.89436149597168,0.018811114132404327,0.12490648776292801,-4.214332217261905e-07,0.7177873768299445,0.025224879340485475,3.7579008701221692,-1.598539806547619e-06,8.835048992176235e-09,0.7177877984528563,0.0011649670691098377,0.0121402929694038,2738.0,-0.002373897315808622,0.010193944763959085,-10.363001712725238,0
538,0.913182314373198,-0.10064816130626769,0.061291171794845944,0.0027323803170668038,0.0038572025074227684,0.011192583592991516,0.9257999658584595,0.11580002307891846,0.10099995136260986,27.394166431256703,3.0193022677728107,1.8386480110032217,0.9208305678849119,0.002698608516515025,27.623603338328852,64.17956393118828,6.862441955078388,79.39508506616258,79.39508506616258,12,0.3870967741935484,0.09983046854031886,0.9452073732718892,0.09726987385138705,0.00046867831736776297,0.19778721792732037,0.015321614176530524,0.016155565099102914,0.07746513822829876,1.8052380952380953,1.364642857142857,0.5993738229117423,0.2497649405144847,1.3228648695803893,6.47216796875,7.745869954427084,51.69398934500558,15.913759398496241,8.395711480212652,5.826167353877315,5.8773040771484375,0.9462168188718358,0.5245197118576692,31.87872886657715,0.024642743170261383,0.13139237463474274,-2.9616582961309524e-06,0.7072015328836647,0.024925583042344372,3.7579008701221692,-1.998174758184524e-06,-1.9137481217683627e-07,0.7072016023736352,0.0011896139605718054,0.011412701382994288,2724.0,-0.0023484686648106044,0.010253275754875703,-10.624158851074373,0
539,0.9133137332711901,-0.10056036130871092,0.05949149535383497,0.0028037950861594767,0.0041883464532408935,0.01164117023343031,0.9257999658584595,0.11580002307891846,0.10099995136260986,27.39810342669487,3.0166668392504965,1.7846581463302884,0.9208402700949141,0.0027779482643598033,27.623888468672853,65.22695967306038,6.377083080563995,78.35820895522389,78.35820895522389,14,0.45161290322580644,0.10346579177693084,0.9286635944700461,0.09056616266646082,0.0001391051755102041,0.1321022074946003,0.01109369693028392,0.06296504103685527,0.0839781343603768,1.59015873015873,1.2853968253968255,0.25553948485405525,0.2536417544131065,1.2370955791553468,6.47216796875,7.745869954427084,51.3884507678804,15.470285714285716,8.14469937306166,5.4851503725405095,5.282536259403935,1.557480608227444,0.9091803537828328,31.85495948791504,0.026097355410456657,0.08960284292697906,-3.1723749069940475e-06,0.698308007875276,0.02430515923292389,2.2992110528442065,-2.2706531343005952e-06,4.20229355010576e-08,0.6983067316894266,0.0011915232773951725,0.00993695551501104,2706.0,-0.002268697334399627,0.010244888640397791,-9.888706991662541,0
540,0.9137406378246489,-0.10643883759634835,0.0438278571395647,0.003122379164301925,0.010964345658595675,0.02525725812235707,0.9321999549865723,0.14639997482299805,0.09780001640319824,27.41091399184295,3.193007270736354,1.3665845719405583,0.9213735538891705,0.003275642130955267,27.639890700909564,66.38711656521392,6.301371133912472,82.03125,82.03125,17,0.53125,0.107161903069084,0.9118303571428571,0.0854305082011403,0.00046065423673469365,0.15600810373613125,0.00263418425028631,0.01592209097572867,0.016884919354841415,1.5020000000000002,1.177,0.14952059444526464,0.08428922510847846,1.2761257434154631,6.306966145833334,5.684305826822916,48.83078024727958,15.133116883116882,8.504436653281502,4.909108479817709,4.722727457682292,1.0620000885366814,0.8096754264439521,31.835859298706055,0.022003259509801865,0.08598552644252777,-2.1158854166666666e-06,0.6912513901112131,0.023919630535181213,2.6545073734399494,-9.99087379092262e-07,-4.352772104103585e-08,0.6912523918328564,0.0011870711879663968,0.009566848250832255,2698.0,-0.0021991772422574373,0.010668605643300494,-16.162351826197636,0
541,0.9141344664040066,-0.1139210851816904,0.027234447130135127,0.0033247505400856394,0.012345757126726788,0.02688393469726233,0.9321999549865723,0.14639997482299805,0.09379994869232178,27.42273399216788,3.4174672697271617,0.8952848400388446,0.9220822148154431,0.003486857931705337,27.661153905180562,67.30201767773801,5.658365173732421,82.03125,82.03125,15,0.46875,0.11810970007083632,0.8975,0.07190022849159004,2.389414010828808e-05,0.2014362345433717,0.0016182857805966712,0.013045863948891304,0.008033737248241872,1.4921428571428572,1.2327142857142857,0.16814989668477956,0.10653819857263422,1.2104531231892457,5.376485188802084,5.399271647135417,47.13711242675781,14.67525974025974,8.644653461351579,4.707224527994791,4.663655598958333,1.0232562190918546,0.6496086696648454,31.82777976989746,0.01486070454120636,0.10765866935253143,-4.228864397321429e-07,0.6856612537958572,0.02380236771734079,2.4116428201800666,5.449567522321428e-07,1.9044075546752994e-07,0.685660368618269,0.0011814490773349887,0.009556213241073714,2685.0,-0.002248279867067342,0.010996139510038224,-14.756895686372216,0
542,0.9144699330386661,-0.12058668510119121,0.014727523204826173,0.0035400061286439406,0.008615149907822884,0.01751099917869638,0.9357999563217163,0.1517999768257141,0.08299994468688965,27.432786134055682,3.617437410184315,0.5233461225032806,0.9227099766049016,0.00360466538367816,27.679976643395698,67.0271139836131,5.199585215955903,82.03125,82.03125,14,0.4375,0.09564238306205056,0.9001339285714285,0.06456423728820114,0.0003213604997917539,0.34393710496642743,0.0012536666873005627,0.06008585438855983,0.00364504634480463,1.5076190476190474,1.2089999999999999,0.17043229017084707,0.12224106327670914,1.2469967308676986,6.40716552734375,5.841166178385418,48.82647726876395,14.788775510204081,8.221847915518227,5.181760434751157,5.114349365234375,0.5469743574991144,0.5216486623905078,31.839902877807617,0.024905391037464142,0.100367970764637,3.3845447358630954e-06,0.6811876988605081,0.0235038178560602,3.587472274050504,-8.35600353422619e-07,-1.3250218952740443e-07,0.6811899859536324,0.0011756904602073111,0.008723847159047381,2689.0,-0.002354081452083011,0.011575604570904568,-14.756895686372216,0
543,0.9145423806565148,-0.1187779042067982,0.008730218541054498,0.005356532713888772,0.016040476706692376,0.024734773251150352,0.948199987411499,0.2053999900817871,0.1826000213623047,27.434979419708252,3.5631118404865263,0.5511981248004096,0.9227365853049618,0.005212076710604654,27.680772212010705,66.52721201764358,4.506482275476123,81.55339805825243,81.55339805825243,12,0.375,0.09366398841324922,0.9057589285714285,0.05766556064555625,1.5610562265722264e-07,0.1571035751702162,0.0005984169467690233,0.07725365122380815,0.003809060017384452,1.467142857142857,1.2115714285714285,0.20797272191617938,0.12328074812047037,1.2109421058837402,6.40716552734375,6.794637044270832,50.88075387137277,15.01279220779221,8.527802696295936,5.270721435546875,5.328776041666666,0.6904787675342301,0.6111704119674105,31.87992286682129,0.05193350836634636,0.1055813580751419,7.338750930059524e-06,0.6776900241717936,0.023435030348189976,3.587472274050504,-2.361479259672619e-07,8.975793955013589e-08,0.677690687964389,0.0011679129841527525,0.00804118759751284,2694.0,-0.0023991995428603104,0.01155829430169194,-3.900059997844767,0
544,0.911050799926122,-0.12421829488731566,-0.035048524118605116,0.012280503753702009,0.026117490662466172,0.07965949254501788,0.968999981880188,0.232200026512146,0.3285999894142151,27.330229712128638,3.7263559894902367,1.6756277109469686,0.9240063415421981,0.007936844896613482,27.718876855304185,67.00627044445262,4.08669298245059,78.79924953095684,78.79924953095684,13,0.40625,0.07607340275666835,0.8986160714285714,0.05234365005320949,3.5007173677633857e-06,0.10226964745839348,0.0005638484705926206,0.014821649046792139,0.005513351073416107,1.3375714285714284,1.2795714285714286,0.29886591765320764,0.14670955619028714,1.0453276766774589,13.686014811197918,9.878946940104168,62.014755031040735,15.42948051948052,8.223002698835536,6.335581461588541,6.361104329427083,1.6776649713377874,2.6178610778867255,31.937532424926758,0.06231879070401192,0.14247970283031464,8.821033296130953e-06,0.6763460976607141,0.02332379575933814,3.587472274050504,-1.3987223307291666e-06,-3.216590480970527e-07,0.6763483876868842,0.001143609801439603,0.007435128429236962,2705.0,-0.002312782236374161,0.012846241654787427,-5.6468443381470355,0
545,0.8947641146466846,-0.11699880965550741,-0.11166595272506986,0.05955136322707732,0.043236561377840196,0.16764996919364,1.4398000240325928,0.28179997205734253,0.6654000282287598,26.841742010797773,3.511540862449578,4.2836240005918915,0.92661726355226,0.04078665808572043,27.797175149943023,73.08287697958941,27.139999209127783,219.89528795811518,219.89528795811518,14,0.4117647058823529,0.12840007821874602,0.8686974789915967,0.13943995667761216,9.814743590170634e-05,0.3209346224453442,0.012716406166929803,0.1143808880438372,0.03962304244408978,1.1585714285714286,1.224935064935065,0.20915866450801296,0.18947281968991783,0.9458227311280746,13.686014811197918,9.878946940104168,76.2519755045573,15.403273809523808,8.2816812380766,6.6107177734375,6.520108309659091,1.9117502784238565,2.894029042421931,32.001277923583984,0.05422952398657799,0.12419302016496658,1.0734921409970239e-05,0.677112488342259,0.023788657884457616,2.4070879920629014,1.453218005952381e-07,1.4046959637419028e-07,0.6771120092855131,0.0011219058240281058,0.008379825968515943,2700.0,-0.0021781385538095655,0.01382317467365247,-8.3537567976315,0
546,0.7579737147490183,-0.16084973368758246,-0.3776658096398626,0.18983206732543167,0.07315235307211865,0.33234494624587346,1.4398000240325928,0.34579998254776,0.8709999918937683,22.738227156741278,4.826942154807703,12.019346000296729,0.9448018826587414,0.047098823907090075,28.342687619773944,78.85400615324357,26.59995002367713,219.89528795811518,219.89528795811518,12,0.3333333333333333,0.11643364205810731,0.8056349206349206,0.14873843804775166,0.00012144939608496426,0.32713014458307516,0.010773017956230849,0.09860096153592303,0.03293190228604881,1.3651428571428572,1.2485714285714287,0.5845986587708996,0.3880470317709094,1.0933638443935927,21.000671386718754,25.701904296875,112.71417701357886,12.182925170068026,7.542346141681055,8.71673583984375,9.937845865885416,6.925188904074144,5.264846186358923,32.071510314941406,0.06637240201234818,0.10160432010889053,9.262811569940476e-06,0.6822782507124847,0.024374907703665235,2.3696141419693886,3.7420363653273808e-06,-1.468210774357558e-07,0.6822773911897748,0.0011321578911397973,0.010353143805155346,2682.0,-0.0021311633388551438,0.013184114498497245,-8.3537567976315,0
547,0.6157548857529959,-0.1977101335241681,-0.6093343044888405,0.18663733923064021,0.07821859780836134,0.313066897817312,1.4398000240325928,0.34579998254776,0.8709999918937683,18.471656858325005,5.932794864177704,18.969199417999814,0.9624566657087908,0.046597912330916154,28.872338780069388,77.68066934593443,27.41704277213119,219.89528795811518,219.89528795811518,11,0.3055555555555556,0.11431530229235463,0.8251984126984128,0.17079384902183575,0.00010646870470637229,0.3413452661593083,0.013442130694019231,0.07839744502696996,0.03937986556914983,2.0338775510204083,1.9230952380952382,1.1975611061996165,1.586425283902742,1.0576062540900972,21.000671386718754,25.701904296875,94.80947265625,11.052285714285714,8.114938451277817,10.160304478236608,10.98726060655382,8.271612190811481,6.6002518470819185,32.13385009765625,0.061982814222574234,0.10439978539943695,7.992699032738096e-06,0.684321014649879,0.024036239976310613,2.34294574632486,2.724783761160714e-07,-7.852172447472461e-10,0.6843218204199895,0.0011459912222619953,0.009925543240233196,2678.0,-0.0022093260335352334,0.010931133279699823,-8.3537567976315,0
548,0.4844156182436716,-0.24813200961691992,-0.8130121617090135,0.026689427704499797,0.013286292336722122,0.020310942018767212,0.760200023651123,0.34579998254776,0.8709999918937683,14.531608547312873,7.4436754313537055,24.389351994097233,0.979003455997772,0.008389225652661526,29.368718392613154,70.94322288472546,11.88450546096699,96.7741935483871,96.7741935483871,12,0.36363636363636365,0.07495151494023806,0.8684848484848485,0.1375098532002036,0.0005889239376926261,0.11475716466735714,0.00516361356198455,0.02283889870056041,0.04499600157386381,3.6671428571428573,2.6782142857142857,1.884443023867817,1.5468451682342987,1.3692492332310975,17.15240478515625,25.701904296875,71.78067292712984,15.838142857142858,9.086961707943566,6.246388753255208,8.915913899739584,9.698903884845565,6.319156171608385,32.17610549926758,0.02713407389819622,0.07259070873260498,3.7507556733630953e-06,0.6848111799073091,0.02367303120259205,2.3388783664153374,-4.3596540178571427e-07,-5.1384475907642014e-08,0.6848110572438495,0.0011781315548584851,0.00955436406137792,2676.0,-0.0022245034462644634,0.008003346312716675,-5.225557965105404,0
549,0.47204680806682225,-0.24979981898977643,-0.8218410669423285,0.006813278195620579,0.002841829694204549,0.005977413624510129,0.49539995193481445,0.26200002431869507,0.8514000177383423,14.160724384869848,7.493635855402265,24.65405215114355,0.9801655559173726,0.004072727453837778,29.403558432197336,66.53942912020457,7.064888490895085,83.66533864541832,83.66533864541832,12,0.375,0.07537442198211264,0.911875,0.09637130409282121,1.8046891128696252e-05,0.16911078561165477,0.005789489841526859,0.03385638514656278,0.03423489412923559,2.771142857142857,1.5191428571428574,1.7770090441123654,0.10972544586096589,1.8241489561782955,3.350626627604167,3.7090047200520835,26.638518778483068,17.96035714285714,7.077141971014228,3.1679484049479165,3.18133544921875,0.3816975415660708,0.13571747052438213,32.186885833740234,0.014635897241532803,0.09177619218826294,3.5313197544642856e-07,0.6805938332712393,0.023426876241742608,2.1953066738728695,-4.069010416666667e-06,1.9800424467172864e-07,0.6805933301008167,0.001182722714632857,0.008767064592828288,2683.0,-0.002191208174192226,0.007655825194055988,-11.292902726808496,4
550,0.46793583669548944,-0.2500749144979886,-0.8245297532478968,0.006017327736508862,0.0027655983445039247,0.005575249916936056,0.49080002307891846,0.2612000107765198,0.8514000177383423,14.037400672265461,7.50189072063991,24.734710740276746,0.9805145665065707,0.0041047732558062355,29.414030179945584,70.16303428639254,5.7719737701867375,83.66533864541832,83.66533864541832,10,0.30303030303030304,0.07003871014208746,0.860995670995671,0.0716684153748064,6.311491811745118e-05,0.17328977761081205,0.0031359222658722823,0.10551563334470829,0.018096406545775514,2.063061224489796,1.4569387755102041,0.5377002256785006,0.12908159232071645,1.416024653312789,3.940836588541667,3.8208007812500004,25.868351236979162,15.831964285714285,8.077013126121612,3.060666038876488,3.067394438244048,0.49830701712547976,0.5241669025558616,32.17570114135742,0.02166888676583767,0.09620831906795502,-3.1142461867559526e-06,0.6767436246816093,0.023637138290114462,2.4904985146383956,8.537655784970238e-07,-1.3173805682509619e-08,0.6767432630813671,0.0011797588511517675,0.009377760103546202,2678.0,-0.002176791484864188,0.007666245894466776,-10.032814283778364,4
551,0.4654282273905618,-0.25020796214966545,-0.8261344104210536,0.005198855865626281,0.002744309921023076,0.005259411912349565,0.4808000326156616,0.2612000107765198,0.8514000177383423,13.962178964614868,7.5058824359093395,24.78285345545837,0.9806989987100801,0.004149450411188855,29.419568955941816,71.19101015796203,5.009292851475697,83.66533864541832,83.66533864541832,9,0.2571428571428571,0.06667231868798092,0.8470612244897959,0.06116835521847286,1.8297442732194663e-07,0.10562594685361965,0.004566607801383918,0.01239847660406475,0.04323376913924845,1.792857142857143,1.3496428571428571,0.6097511201887443,0.12174276578264584,1.32839375496163,3.940836588541667,3.8208007812500004,25.060609654017856,15.557936507936507,8.25783914269504,2.750091552734375,2.654851277669271,0.5840924378800143,0.5940893837865909,32.150428771972656,0.03695255145430565,0.09861548244953156,-4.103887648809524e-06,0.6718626431491078,0.023398269810406092,2.444837818796694,-3.4513927641369047e-07,1.0049299962294574e-07,0.6718632301759913,0.0011519266692842237,0.009131355636411707,2690.0,-0.0021865174098387426,0.007764823502441361,-10.032814283778364,4
552,0.46441401830741336,-0.2499306478244918,-0.8268088960051536,0.012981357694742722,0.004191539234208067,0.009308709519695335,0.6241999864578247,0.2871999740600586,1.003999948501587,13.931744549189295,7.4975702918853075,24.803090308734348,0.980774454194431,0.010623857913130377,29.421832401586165,70.08614111649668,4.1667394590636295,78.2122905027933,78.2122905027933,11,0.3235294117647059,0.07228875992420325,0.859327731092437,0.05483275378502502,2.1687070387338338e-06,0.13554319852624164,0.0019773927528970053,0.023599738499326037,0.014588653465442422,1.4655357142857144,1.5671428571428572,0.2545618860444953,0.616242067465607,0.9351640838650866,9.754740397135418,14.511820475260418,47.16157568068732,14.763214285714286,8.237873782978573,3.30810546875,4.686086018880209,4.439277026164865,2.4441038862883784,32.12899398803711,0.029599377885460854,0.11439350247383118,-1.6973586309523809e-06,0.6665987932343158,0.023322915788377238,2.626057831771653,2.434140159970238e-06,1.3229163007412956e-07,0.6665980317904868,0.0011378346857940785,0.008905183215860146,2694.0,-0.0022645732980814156,0.007831945636555314,-9.947283148433156,4
553,0.4616929707186563,-0.24831043808800835,-0.8289043243697711,0.014176436776041476,0.005975940278556102,0.010136665928455591,0.6241999864578247,0.2871999740600586,1.003999948501587,13.85013083577156,7.448956856940474,24.865945873941694,0.9808797961832135,0.01072904893194394,29.424993241395224,71.14797261725016,6.813780323653863,87.31808731808732,87.31808731808732,17,0.4857142857142857,0.07750072609348897,0.8508163265306122,0.07910526309226393,4.99300864639729e-05,0.15972313620471215,0.0054144875991599915,0.01802571786406809,0.03389920663854491,1.7555102040816326,1.7538775510204083,0.7306059742063588,0.6949437187127163,1.000930882010705,14.43756103515625,16.452840169270832,64.36690383184525,12.573214285714286,7.79127529938561,6.424473353794643,7.616199311755953,6.041702370554337,4.761962397783954,32.13382339477539,0.03318292275071144,0.11439350247383118,2.9006231398809524e-06,0.6626537121918581,0.023154347455378654,2.720319927553126,8.900960286458333e-07,-3.598756632256773e-08,0.6626539074429676,0.0011089034463669472,0.008214674909627717,2700.0,-0.0022537269953755924,0.007846934169301796,-10.17094139322807,4
554,0.456630618759564,-0.2481647334609713,-0.8321764288686571,0.015314025051888338,0.006307782796081759,0.010650118851282244,0.6241999864578247,0.2871999740600586,1.003999948501587,13.698266991291728,7.444580003832068,24.96409972318581,0.981267731773405,0.010781316524624766,29.436624856436552,69.87328774503227,8.07884475051601,87.31808731808732,87.31808731808732,18,0.5454545454545454,0.06547267306569471,0.8700865800865801,0.09956487857488995,0.00019014721466055785,0.11247595227572359,0.011222663128533669,0.010480291915017446,0.09977833395908868,2.495357142857143,2.4797142857142855,0.8064095119853238,1.0721382030925921,1.0063083304528173,14.43756103515625,16.452840169270832,73.47491106305803,11.082987012987013,8.12143805078992,10.365702311197918,10.399881998697918,5.2424360642878645,2.8972675305864666,32.159236907958984,0.03236275538802147,0.11439350247383118,3.961472284226191e-06,0.6585879289765033,0.023154326697667434,3.8056150309584105,-1.1989048549107143e-06,-3.536481848586042e-08,0.6585880552524733,0.0011072335878096063,0.008047420583226004,2696.0,-0.0022717402280043957,0.00774379780698389,-10.17094139322807,4
555,0.450994190454483,-0.24818397143341245,-0.8357645332841646,0.009498135473188474,0.005884124962878245,0.006885876165285121,0.48979997634887695,0.26340001821517944,0.8625999689102173,13.529174285105297,7.44516571440867,25.071748569948333,0.9816544679437409,0.004489649936587081,29.448233795366875,68.50823946482693,8.814246245741304,87.31808731808732,87.31808731808732,18,0.5454545454545454,0.06831284950990747,0.8898268398268397,0.10990340256034983,3.4584000666389036e-05,0.1327770513037634,0.015782676569159552,0.003808564336681231,0.11886599690373008,3.075,3.7457142857142856,0.0716674576763814,1.2635782255059593,0.8209382151029749,10.941162109375,6.006368001302084,57.277212088448664,15.281587301587303,8.596666190408769,7.039184570312499,5.706719292534722,0.29873846585596975,2.2823373320331957,32.18069839477539,0.015245490707457066,0.0742088258266449,2.051943824404762e-06,0.6553704395424065,0.023339993267141826,3.3237565921441248,-2.3069835844494046e-06,-2.8760667164662975e-08,0.655369845470868,0.0011428137678141763,0.008153277473183347,2684.0,-0.0022550806034906078,0.007608251756934477,-10.806833106451117,4
556,0.44846518141315095,-0.248764609228997,-0.8372076185998463,0.007976725827298567,0.00471207421960473,0.005899703113676039,0.47019994258880615,0.26340001821517944,0.8632000088691711,13.453304870980126,7.462586276871818,25.115040986580507,0.9818475877167262,0.004171232007679852,29.45402849567639,63.89091817272965,6.085777102524165,75.94936708860759,75.94936708860759,14,0.4666666666666667,0.07039098608405764,0.9473333333333335,0.08670281820568036,0.00019522362748854592,0.16385495329091465,0.003871439172205374,0.005450855455250001,0.023627233076877852,2.987142857142857,2.8946428571428573,0.18291293791621976,1.2623525878780655,1.031955582973473,5.520833333333332,6.227518717447916,44.50152500697545,15.736285714285714,7.793031350678185,5.445098876953125,5.697962443033855,0.4264484066077984,0.05983834427476613,32.18375778198242,0.014047439210116863,0.0617489255964756,7.120768229166667e-08,0.6517778015790636,0.02340231038150883,3.89823961738202,-3.3968970889136903e-06,7.489905236584669e-08,0.6517772312108447,0.001166725806135654,0.007991926751393812,2703.0,-0.0022278340633332936,0.007446448971000142,-9.572593679310058,4
557,0.44788973370620183,-0.24781080857628868,-0.8377214659338905,0.008705836899402606,0.004687750466627741,0.0059475785041068485,0.4673999547958374,0.26340001821517944,0.8632000088691711,13.436057011144502,7.433969257303646,25.13044254945857,0.9817889756169034,0.004026479951934965,29.452264668316165,64.37740070627423,5.337627212793599,75.94936708860759,75.94936708860759,13,0.41935483870967744,0.06950749971770531,0.9382488479262672,0.07549503920801026,1.5353602665567876e-09,0.174267352050801,0.0050632093758604885,0.006197080326649715,0.029054262409315218,3.427714285714286,1.989642857142857,0.865663176237662,0.2524419007718531,1.7227786752827143,5.520833333333332,6.227518717447916,41.80756283714658,15.513376623376622,8.668279628351735,5.286743164062502,5.400238037109375,0.5139674923311287,0.22952224678875505,32.17771911621094,0.016743505373597145,0.08533652871847153,-1.6988118489583334e-06,0.6481250577481337,0.02359302428859281,3.846383405816428,-2.5431315104166666e-07,4.208526760272375e-08,0.6481254492062175,0.0012114566110853421,0.008131692544087351,2723.0,-0.002196108191974117,0.007463781737295345,-9.572593679310058,4
558,0.448154086175419,-0.24689964633328573,-0.8377206183274587,0.008456290604614268,0.004379242288279351,0.005863407400350964,0.4673999547958374,0.2621999979019165,0.8641999959945679,13.443987156748772,7.406631961422307,25.130414406955243,0.9816754890571723,0.003956643865626404,29.44885692324246,64.92228231108672,5.4534708841931065,73.94366197183099,73.94366197183099,13,0.41935483870967744,0.06726837305603163,0.9307373271889401,0.07820305010959591,0.00012779148954602184,0.15805816139014825,0.00549584048583195,0.006008646335932006,0.03477100098783324,3.7035714285714287,1.6464285714285714,0.8447856267136893,0.12561075282192125,2.2494577006507592,5.413716634114584,5.299072265625,36.62919282459077,15.016285714285713,7.971633771040404,5.0873565673828125,4.897511800130208,0.23405829087189156,0.19285882536583354,32.166587829589844,0.01962907426059246,0.08533652871847153,-2.3367745535714285e-06,0.6436777139844159,0.02356391796681827,3.846383405816428,-1.743861607142857e-06,3.806559089237578e-08,0.6436773505694887,0.001409075513335224,0.008824304876316705,2748.0,-0.0021983445879902295,0.00747102693171082,-8.751745997675368,4
559,0.4461649711415881,-0.24671729394651595,-0.839043656553541,0.009325493394858381,0.004439753319238927,0.006269265550541814,0.4673999547958374,0.26340001821517944,0.8661999702453613,13.384325848477227,7.401161961257458,25.17010712521417,0.9818637956128341,0.004040915824101272,29.454512971171145,67.52794215460958,4.687966632632677,74.73309608540926,74.73309608540926,13,0.3939393939393939,0.05965889433663171,0.893030303030303,0.06516973469196873,0.00023955458558933758,0.12939472448886627,0.007453196918717819,0.02003180376050845,0.05760046978854325,3.735,1.5139285714285715,0.47958368425550263,0.12352135649434912,2.4670912951167727,5.032552083333334,5.299072265625,34.82496868315197,13.273,7.482442563380337,4.707310994466146,4.7340138753255205,0.40229151889172365,0.2874255052370368,32.15338134765625,0.017819806933403015,0.10705424845218658,-2.4777367001488094e-06,0.6384020027424754,0.02355542415999329,2.432765671154051,-5.631219773065476e-07,-8.621830526498946e-08,0.638402218042516,0.0014745260626015469,0.009230462949396698,2742.0,-0.0022236511744883427,0.007604431652327675,-8.619668614948107,4
560,0.44335992291427795,-0.2468142750064532,-0.8408443994976226,0.01004836156224416,0.0044129218369807766,0.006660099315929604,0.46379995346069336,0.26340001821517944,0.8690000176429749,13.300153973187719,7.404079821620669,25.224148556334633,0.9821670236942007,0.00416529708800177,29.463619199399105,68.90127471403194,4.9512260219410695,77.92207792207792,77.92207792207792,13,0.38235294117647056,0.052640835041958225,0.8755882352941178,0.06676036920513262,8.369803248646334e-06,0.1045532551869311,0.006023228901202772,0.024434240531900443,0.057609195337187946,3.93,1.6991428571428573,0.5522449545228262,0.35349404636616805,2.3129308895241296,5.608418782552084,5.378824869791666,36.29347664969308,15.53987012987013,8.750630943688165,4.735539754231771,4.878397623697916,0.41331971820171315,0.5132395735417711,32.143611907958984,0.016010403633117676,0.0930619165301323,-7.077171688988096e-07,0.6328093597454251,0.02350927991337045,2.6939714779491237,-9.445917038690477e-07,4.100956149072936e-09,0.6328115849490245,0.0014920616607361316,0.009325135383331384,2737.0,-0.002214986774718317,0.007637720730277263,-8.619668614948107,4
561,0.44043050363517944,-0.2466863418647221,-0.8426711232690585,0.009784801706418107,0.004641370801099641,0.0064973351507812615,0.4622000455856323,0.26340001821517944,0.8690000176429749,13.212277680465153,7.4002411130922185,25.278931983794486,0.9823792350535011,0.004282563902590075,29.469972608926618,70.359715147936,4.302187047862163,78.35820895522389,78.35820895522389,13,0.38235294117647056,0.05559538872955297,0.8560084033613445,0.05324610397434862,1.7715509204497756e-05,0.13474716113696128,0.0040761059189638755,0.02252831561182178,0.030250031871326716,3.1878571428571427,1.7914285714285714,0.7206279149718908,0.3467599298932791,1.779505582137161,5.608418782552084,5.378824869791666,38.822862388974144,15.956623376623376,7.8385165589649555,4.7728729248046875,4.762532552083334,0.5287791038737006,0.5639521204947633,32.1361198425293,0.015180735848844051,0.07468825578689575,-1.556396484375e-06,0.6270059011849975,0.023438351614047014,2.6939714779491237,4.904610770089285e-07,-1.1864244952157594e-07,0.6270053009851458,0.0015175336074332493,0.009120695065303459,2735.0,-0.002193819482600903,0.007636113739881963,-8.619668614948107,4
562,0.4390282561551957,-0.24653386572996774,-0.8435431803606805,0.009356707943298919,0.004717590003679902,0.006220574320495944,0.46060001850128174,0.26179999113082886,0.8690000176429749,13.170228256072317,7.395660686152322,25.30508441082069,0.9824559758210311,0.004313762261289165,29.472273301955337,70.38975588219738,4.4982904907314625,79.09604519774011,79.09604519774011,16,0.47058823529411764,0.0707797370806063,0.8559243697478991,0.05535342340764589,6.25455020408165e-05,0.1412653643320986,0.0008043907131608732,0.012235269328977262,0.005694182129951142,2.796904761904762,1.7054285714285713,0.2655393902991673,0.23624511656760405,1.6400011168816666,5.608418782552084,5.45440673828125,42.32921411423457,15.362967032967035,8.39115207298396,4.973144531249999,4.815022786458334,0.5655106212237072,0.46899825015689073,32.13160705566406,0.014616046100854874,0.07228265702724457,-2.819242931547619e-07,0.6214066645252291,0.02336383325841868,2.5794908594764228,6.721133277529762e-07,2.295334962666302e-07,0.621405628502862,0.001581217576920345,0.009047899154904577,2752.0,-0.0021482436499489607,0.007585388103175524,-10.943438914958577,4
563,0.4397018086796715,-0.24578291317678633,-0.8432685423067637,0.008785292395503196,0.004536549334866032,0.006057059801579188,0.4594000577926636,0.26179999113082886,0.8705999851226807,13.190411688940866,7.373141109602792,25.296863412048136,0.9823263434373581,0.0042614568856548735,29.468391788013353,70.00902998654553,4.994466216493231,79.54545454545455,79.54545454545455,17,0.5151515151515151,0.0799186448578701,0.8613419913419914,0.06057745150356353,0.00011261974177426041,0.16423400555007558,0.0013970243419061646,0.07974862098601725,0.008506303778118634,3.486285714285714,1.5302857142857142,1.320140561470943,0.13979693728215004,2.2781926811053026,5.26458740234375,5.45440673828125,35.92015511648996,13.979523809523808,8.709114690070814,4.645833333333333,4.623555501302083,0.6983474278668325,0.5435438182988536,32.124603271484375,0.016201576218008995,0.07188011705875397,-1.8383207775297619e-06,0.6154309896666472,0.023563330647147995,2.7698836001127933,-9.264264787946428e-07,1.624303221471016e-07,0.6154305648890269,0.0018005349790319164,0.010525865993758592,2745.0,-0.002164282053347162,0.0075442722228459755,-11.037842597511336,4
564,0.43996853204568226,-0.2453385988104911,-0.8432383327597663,0.008426531405568552,0.0044186324975596875,0.005880598628081922,0.4594000577926636,0.2621999979019165,0.8705999851226807,13.198438104220799,7.359802678610597,25.295938125635896,0.9823044525264276,0.004159065262221322,29.467727619976483,67.96196177999722,4.888911492809937,79.54545454545455,79.54545454545455,15,0.45454545454545453,0.08561005567486253,0.8872294372294373,0.06120510990540749,1.3665132861308061e-06,0.14517192012816424,0.0007550173432711407,0.06423833317805486,0.0052008497414966865,3.3937142857142857,1.5014285714285713,1.360328171690154,0.1540235868499447,2.2603235014272123,5.157674153645833,5.45440673828125,32.09259469168527,16.145119047619048,8.624454029024262,3.9941813151041665,4.326456705729166,0.7296335519420134,0.8025090168616049,32.115108489990234,0.018980801105499268,0.08235132694244385,-2.049037388392857e-06,0.6073025475058759,0.024521656140375773,2.903328663433282,-2.5794619605654763e-06,9.787639321145277e-08,0.6073034594256287,0.001771602583244474,0.012347184170222559,2751.0,-0.002181083359869768,0.007531003072417718,-11.037842597511336,4
565,0.4408334076291039,-0.2447925511570204,-0.8428649708543505,0.008203962969615283,0.004038215993378396,0.005808860617466005,0.4594000577926636,0.2621999979019165,0.8705999851226807,13.224380657502584,7.343423534716878,25.284739125669002,0.9822319579090922,0.004072026242032568,29.465553313136795,66.78053540400082,4.258847865708346,79.54545454545455,79.54545454545455,14,0.4375,0.07652164968366412,0.9019642857142857,0.05516990223160539,2.1017546688879498e-05,0.16506339581278678,0.0007559209217427301,0.04657964253976357,0.0045795793671910634,2.462285714285714,1.4988571428571429,0.6091235590617733,0.1290827926059038,1.6427754479603507,5.426228841145833,5.416056315104166,28.65413040887742,15.251071428571429,6.702901192488108,3.8367106119791665,3.733846028645833,1.223307821203648,1.0054339331133515,32.10179901123047,0.01849035732448101,0.0815543383359909,-7.789248511904762e-07,0.5959163091959349,0.026022690201387477,3.2525571944471805,-3.4150623139880954e-06,-2.0733504151711066e-07,0.5959180274140099,0.001902691151119569,0.015587337923560745,2739.0,-0.002257633059372545,0.00749009536366966,-11.037842597511336,4
566,0.4416629503113883,-0.24400943705581482,-0.8425256565468652,0.007981806714311103,0.0039064617713159035,0.005734281755198182,0.4594000577926636,0.2621999979019165,0.8709999918937683,13.249252652185303,7.319938825964928,25.27456541065659,0.9821160581484579,0.004018580092505273,29.462077048723202,66.38219971269689,3.3133898190294286,74.07407407407408,74.07407407407408,10,0.3125,0.044397065302843354,0.9060714285714286,0.04446105840267091,1.195748171595164e-05,0.0717698769906254,0.003533541279527465,0.008249696949632816,0.049234322639134756,2.7664285714285715,1.5111428571428571,1.1745817753305963,0.14633313963385752,1.8306863301191152,5.426228841145833,5.416056315104166,27.85161648704892,12.982987012987014,7.241588235232829,3.5176340738932295,3.645528157552083,1.1959747593574594,1.1132690835565877,32.087791442871094,0.0187002532184124,0.09881818294525146,-2.1216982886904764e-06,0.5794802879550378,0.028291642694982702,3.805048264978839,-1.6893659319196428e-06,8.298524995483708e-08,0.5794807410505969,0.001969093481750294,0.019622412559708504,2738.0,-0.00227178600219186,0.0075461498673521235,-9.176221776269141,4
567,0.4413499884832473,-0.24379233215252558,-0.8426799518068632,0.007883490901211852,0.0036352981762865486,0.005814448824470778,0.4594000577926636,0.25679999589920044,0.8709999918937683,13.239877225926945,7.313420250288078,25.27918626853398,0.9820524076807803,0.0040318646904600386,29.460165235416603,66.98575892986139,3.9771057245184562,75.81227436823104,75.81227436823104,12,0.36363636363636365,0.059839815937455645,0.8988311688311688,0.05265429022375845,1.1289599999999891e-05,0.08875936615064658,0.0027171567467702963,0.011201819900840194,0.030612619992785996,4.218214285714286,1.7807142857142857,1.0738065872095839,0.7119780580200775,2.368832731648616,5.426228841145833,4.123331705729167,26.779861668178015,14.482571428571427,8.86118847236967,3.811645507812499,3.267364501953125,0.5554961430529594,0.9741701784570632,32.06877517700195,0.024353042244911194,0.09881818294525146,-1.908075241815476e-06,0.5603297120826277,0.02965700504092268,3.566182730311715,-1.1262439546130953e-06,-5.3976293857515374e-08,0.560329297196468,0.0020991708448884045,0.02169412769051116,2717.0,-0.0022695147306043464,0.007582510534002716,-8.296845398415227,4
568,0.4411285128763744,-0.24307775124765577,-0.842904199486687,0.007064404310095576,0.0032310572322430493,0.00563081801675981,0.4586000442504883,0.2563999891281128,0.8709999918937683,13.233234957712037,7.2919785374403,25.285914270324366,0.9819595439352488,0.004019112034027286,29.457379687847705,67.50683552249453,3.6757628641939704,75.81227436823104,75.81227436823104,10,0.30303030303030304,0.05702666758917735,0.8914285714285715,0.04840306956027833,1.2621343773427602e-05,0.08537132263972429,0.00261641265346145,0.02029536631667821,0.03064744193437156,3.447142857142857,1.6721428571428572,1.3027647210326763,0.7622820866266219,2.061512174284494,3.729146321614583,3.809814453125,22.793508983793714,16.506493506493506,7.826396758424226,2.9862874348958335,2.82379150390625,0.7012875487210432,0.5195712239081283,32.05266571044922,0.02137015573680401,0.09881818294525146,-3.463018508184524e-06,0.5393026306608633,0.029344784158025092,3.5784109814909097,-2.8519403366815477e-06,5.7063634009531863e-08,0.539302797975204,0.002089758679218257,0.021161267746877765,2716.0,-0.0022153834843430076,0.007597134919476644,-8.509048980655539,4
569,0.4405996077798662,-0.2429620656995546,-0.8431612470604124,0.007041837710811764,0.003242603702257556,0.0056474837556495135,0.4601999521255493,0.25620001554489136,0.8686000108718872,13.217353947673525,7.288518542391913,25.293636697530747,0.9819140403064442,0.004035067310072186,29.456020501438765,67.66801469113237,3.5228466909217566,75.81227436823104,75.81227436823104,9,0.2727272727272727,0.056355626450719724,0.8890909090909092,0.04638818514120691,1.8213733610995326e-05,0.08071500021077496,0.00010648281998580693,0.06022277846672313,0.0013192444986401936,2.5531428571428574,1.625,0.5884267505954556,0.6474816468388871,1.5711648351648353,3.2899983723958335,3.809814453125,23.3167234874907,15.532637362637363,7.48508930882697,2.6068318684895835,2.7751329210069446,0.6544078631199322,0.3879957212305597,32.03586959838867,0.01706962287425995,0.06635463982820511,-1.4096214657738095e-07,0.5225360180660575,0.02682667362139414,3.454924545080434,-3.0154273623511904e-06,-7.989574919290898e-08,0.5225367703126441,0.002068738308963313,0.016928205157389024,2733.0,-0.0022334664681146134,0.007547698191938977,-9.064158335086185,4
570,0.44180693118912834,-0.2425305134256681,-0.842479723303091,0.006481958351792929,0.003034995831904779,0.005482005944850098,0.4601999521255493,0.2555999755859375,0.8677999973297119,13.253571792755809,7.275568259911878,25.2731886991007,0.9817594148472545,0.004028560270838372,29.451378021620034,66.95961780506882,2.9572679992273505,72.41379310344827,72.41379310344827,7,0.21875,0.04083960823824495,0.8978125,0.039663740276600135,6.995485214493286e-08,0.08106818708349924,0.002090132428641777,0.006348344240189282,0.025782400024425937,2.4761904761904763,1.353469387755102,0.497302701907262,0.20595487227240994,1.82951347004423,3.5454305013020835,3.3274332682291665,23.890989394414994,15.371714285714287,8.381517148719897,2.757127549913194,2.722080775669643,0.49996517852438715,0.49289192503350415,32.030113220214844,0.016008971258997917,0.06434449553489685,-4.257928757440476e-07,0.5111699785245531,0.024088952823904976,3.2179073350703273,-2.9609316871279763e-06,2.6349270246535963e-07,0.511169460747576,0.0020829539906259877,0.013680449960218739,2709.0,-0.002204436914369405,0.007464233199158834,-10.457479245643304,4
571,0.44253121648515975,-0.24224869446811223,-0.8420541327595711,0.006335785556970642,0.003066622777738098,0.005409645116240375,0.4601999521255493,0.2555999755859375,0.8686000108718872,13.275308065925326,7.267113976904324,25.260420982795104,0.9816496748575531,0.004024487426016651,29.448089363574972,66.22659741103146,3.8165556412291783,78.94736842105263,78.94736842105263,11,0.34375,0.0676201293697683,0.9088392857142857,0.049801183162528934,1.3374693877549112e-07,0.13817552936301256,0.0020060506468070043,0.017580726118211442,0.014518132523572534,2.3161224489795917,1.3995238095238094,0.31887897142540794,0.13300213968578753,1.6549360812715697,3.5454305013020835,3.3274332682291665,23.55818575904483,14.863619047619046,8.118908891986157,2.60772705078125,2.6821729871961804,0.5546652244439927,0.5667672158071899,32.01897430419922,0.017172394320368767,0.05387316644191742,-2.471923828125e-06,0.5049894096839883,0.02374041735938319,3.7444861095173105,-9.80922154017857e-07,-1.5839982614114156e-08,0.5049903642713577,0.0021517892645295553,0.014254698534199792,2685.0,-0.002211507936471031,0.007494340322319323,-8.796774673443498,4
572,0.44358262620085764,-0.2416110091975757,-0.8414830472213881,0.005775349893535836,0.003051012952137713,0.005245828042144486,0.45840001106262207,0.2555999755859375,0.8686000108718872,13.306842786073684,7.24798584737948,25.24329398806606,0.9814730535154047,0.003996507867584111,29.4427926902672,65.93735513964313,4.395748782366395,78.94736842105263,78.94736842105263,13,0.40625,0.08847326208530916,0.9139732142857142,0.060765455721619704,4.163146422324026e-05,0.21551506500454767,0.0009271040784329761,0.018342303321483365,0.0043018063651996345,2.233809523809524,1.4285714285714286,0.26175840066263456,0.08987844074519302,1.5636666666666668,3.261515299479167,3.28155517578125,22.152999514625183,14.184190476190475,7.860161679226628,2.5293816460503478,2.5900559198288695,0.5371771014624304,0.5234041985494122,32.01316833496094,0.01837567426264286,0.10736924409866333,-1.411074683779762e-06,0.5003587148693719,0.023793666679965107,3.7444861095173105,-3.9963495163690477e-07,1.1614577221390358e-07,0.5003580044085085,0.002200814072298805,0.015096396866309912,2641.0,-0.002204731177003104,0.007527816592699169,-8.762528089733246,4
573,0.4437420358374005,-0.24103146683602106,-0.8414508090757188,0.005876209558206995,0.0030352427146339545,0.005294981649585641,0.45959997177124023,0.2534000277519226,0.8686000108718872,13.311621932302202,7.230596576503345,25.24231827225004,0.9813758656502807,0.003976953025510076,29.43986754829197,65.74160920475694,4.323371781830941,78.94736842105263,78.94736842105263,13,0.40625,0.08925483336934387,0.9165625,0.05977408507715719,6.995485214493985e-06,0.23867485132490135,0.0017649219035261704,0.029299478993270456,0.007394670589418874,2.3969047619047616,1.4652380952380955,0.3190615668593007,0.07877318972531919,1.6358466038349038,3.190409342447917,3.1279500325520835,22.879654003324962,14.395816326530614,7.689339662820798,2.481553819444444,2.3842536078559027,0.6325707115864188,0.42502291960578603,32.0117073059082,0.01786225102841854,0.10736924409866333,7.077171688988096e-07,0.49588695820567325,0.02360623337870842,3.6209147595936786,-5.812872023809524e-07,-3.141470937227764e-07,0.4958881939418514,0.0022128545702142454,0.014715712999209624,2661.0,-0.0022691943112920963,0.007597851189325739,-8.762528089733246,4
574,0.44433606420812155,-0.2404402293733188,-0.8411771044447308,0.006015450049164556,0.003120358479210989,0.005321430341870746,0.45959997177124023,0.2534000277519226,0.8677999973297119,13.329444640534264,7.212861452656133,25.234112133341178,0.9812663457466302,0.003944806883853954,29.436587546245065,63.8799341591324,3.689295320889492,70.70707070707071,70.70707070707071,7,0.22580645161290322,0.04454990322717908,0.9424884792626727,0.056025913009045226,0.0002917542863806755,0.048940974823303215,0.006607969684114686,0.0047251661394969975,0.13501916763963404,2.4054761904761905,1.4630952380952382,0.3153234131416242,0.09332999265158372,1.644100895036615,3.512980143229167,3.576761881510417,23.033361889067148,14.24091836734694,8.310238716423756,2.743343777126736,2.6006062825520835,0.7084507658834648,0.5036778918860684,32.022178649902344,0.020524004474282265,0.11177196353673935,2.6840936569940475e-06,0.49228761759345163,0.02336759447203477,3.495935774053648,-4.722958519345238e-07,-2.3917490802571556e-07,0.4922899530954194,0.0021684956643940926,0.01474340434431202,2660.0,-0.002222142806025234,0.007522255815557966,-11.55112793302608,4
575,0.44444659746828535,-0.2402724484716143,-0.8412402854022526,0.0059813059899319855,0.003077116702342802,0.0052921768268167245,0.45959997177124023,0.2534000277519226,0.8677999973297119,13.332763352649552,7.2078320255875585,25.236006990671157,0.9813289740550695,0.0039423043362876355,29.43846813483619,63.56790131601566,3.1139345713469755,70.70707070707071,70.70707070707071,5,0.16129032258064516,0.038994156199193164,0.9461290322580644,0.04614314041428666,3.15431236984591e-05,0.058323217972810745,0.0019363507205509964,0.0015096662646712634,0.033200340925181614,3.013142857142857,1.4145238095238095,0.9995077972355664,0.11158845875351145,2.130146439993267,3.512980143229167,3.576761881510417,23.53413543701172,13.84956043956044,8.309456461331738,2.887003580729167,2.8902011447482643,0.560882058987685,0.3580998300783985,32.028446197509766,0.01763066276907921,0.0944293960928917,-4.970005580357143e-07,0.4896693885635747,0.023406575717785066,3.179090079938802,1.7256963820684524e-06,-2.039905104590742e-07,0.4896704680492745,0.002112473817044232,0.015330859800676569,2660.0,-0.0020849728242572528,0.007430437726921756,-11.236223569977167,4
576,0.4428504835367203,-0.2407828673408145,-0.8422619519176937,0.0075816696274020184,0.0034655163010474167,0.00570842168252513,0.4586000442504883,0.2558000087738037,0.8669999837875366,13.284875363281795,7.223143734506198,25.26665412894317,0.9816233785936049,0.00396935963705796,29.44729553527204,62.62943747699897,3.366742252444782,69.5364238410596,69.5364238410596,9,0.3,0.05440420048360585,0.9608095238095237,0.05208011010434527,1.7715509204498586e-05,0.16261654878487652,0.002488778503745105,0.011655983404330631,0.015304583219494348,3.0390476190476194,1.3135714285714286,0.9487132949947381,0.09805853451115915,2.3135762189595797,4.108378092447917,4.642537434895834,27.025133114769346,15.728469387755101,8.8610202912437,2.962002224392362,3.115081787109375,0.9876601851423642,0.5436027250912536,32.025169372558594,0.019545264542102814,0.1028926819562912,-2.819242931547619e-07,0.48739993341207155,0.023535257164432458,3.349511529991455,6.357828776041666e-07,2.9725791283954306e-07,0.48739921605024866,0.0021275154574581867,0.015292530896400269,2658.0,-0.0020464048017337718,0.007366242600202888,-10.070845407497654,4
577,0.4408687222287768,-0.24134041938043777,-0.8434263519020307,0.008487237420647924,0.003717127124291456,0.005907089026284843,0.45840001106262207,0.25620001554489136,0.8677999973297119,13.225423238277436,7.2398697242992265,25.30158727134977,0.9818775031698758,0.003968885470214004,29.45492042403713,63.24343454943048,4.727660355724598,81.23791102514507,81.23791102514507,12,0.4,0.09620673260020485,0.9535714285714286,0.06560938832769815,2.7500392169929114e-05,0.20430679836771803,0.001609296539568025,0.007086008404077096,0.007876862407052949,2.584285714285714,1.3547619047619048,0.4381228178245711,0.17216442596878426,1.9075571177504391,4.479573567708334,4.642537434895834,32.753506760370165,15.049619047619048,8.53675790339247,3.6306181408110123,3.5586039225260415,0.9505625443291844,0.6882090670117087,32.02778625488281,0.021628305315971375,0.09368166327476501,7.760184151785714e-07,0.48515638063807787,0.023578409139504063,3.56585692110583,1.2897309802827382e-06,2.2475865098691756e-07,0.48515512402567257,0.0021665305955418553,0.015109960687774237,2663.0,-0.0020662010479504697,0.007403689114679137,-10.26290275416448,4
578,0.43863313250314623,-0.24196285707609994,-0.8446408661376862,0.008662885682934697,0.003896634528651827,0.0058740516525550256,0.45739996433258057,0.25620001554489136,0.8694000244140625,13.158358832171984,7.258544712279524,25.338024698410717,0.9820753583543215,0.003995776373393071,29.460859750616343,63.645998077579506,5.140573683769989,81.23791102514507,81.23791102514507,17,0.5483870967741935,0.1001573591836339,0.9485253456221199,0.07256105360630166,4.857975843398272e-06,0.34830107244296205,0.003476547436111653,0.043839891595307746,0.009981443386686597,2.4457142857142857,1.4012244897959185,0.2302704709595183,0.14613669979533564,1.7454121759394114,4.479573567708334,4.642537434895834,36.11731632777623,15.064857142857143,8.373047800495812,4.067891438802084,4.062558128720239,0.29872962325299907,0.2560473437279552,32.032379150390625,0.021106649190187454,0.09368166327476501,9.198869977678571e-07,0.4827583763101125,0.02337151541168449,3.56585692110583,-2.4886358351934524e-06,-1.1551411547435925e-08,0.48275854479569974,0.002181869358037028,0.01437924206408013,2682.0,-0.0021309867812749246,0.007430955010597377,-10.641571552796336,4
579,0.4410557984851656,-0.24089325776838122,-0.8433501615155311,0.007945742441433626,0.003678215549463238,0.0057354417495595654,0.45840001106262207,0.25620001554489136,0.8694000244140625,13.231034954530852,7.226459733034884,25.299302131193024,0.9817807527585777,0.003922606449830986,29.452019328986758,62.89989845994899,4.919239458691779,81.23791102514507,81.23791102514507,11,0.36666666666666664,0.09249113162881556,0.9591428571428572,0.0675918120871492,1.4720533111203538e-05,0.2075067503657017,0.0028805083298998006,0.0003970300516802163,0.013881516263077256,2.461666666666667,1.408857142857143,0.23404955674245115,0.16557481815832767,1.747279118501994,4.479573567708334,4.336344401041666,27.22747359502883,12.670879120879121,7.298224349935903,3.6687723795572915,3.82659912109375,0.38757437424648744,0.6266287181618658,32.03078079223633,0.02320787124335766,0.0643383339047432,-2.827962239583333e-06,0.480482291167171,0.023364467289256997,3.56585692110583,1.0354178292410713e-06,-7.362440421262422e-08,0.48048316776957206,0.0021737439269376322,0.014464298990376129,2666.0,-0.002151299621893005,0.007452335077658963,-11.5927166033773,4
580,0.4403776080835433,-0.24088868638447353,-0.8437393232584,0.008190283325020024,0.003633948580134571,0.005929688329826392,0.45840001106262207,0.25520002841949463,0.8723999857902527,13.210715528215681,7.226314020114286,25.310965983484472,0.9818123010641742,0.003986922114925717,29.45296574334083,63.02767023230802,4.080791524457817,74.07407407407408,74.07407407407408,10,0.3225806451612903,0.05445962118979579,0.9557603686635946,0.05882823757911342,3.125038167430228e-05,0.12311057338136981,0.004675019079941154,0.027054703826749883,0.03797414756130622,3.8254285714285716,1.3022857142857143,2.8259860334446962,0.19157904533702244,2.9374725756910927,4.072977701822916,4.23309326171875,25.885808308919273,13.653214285714286,9.241484683651391,3.3184611002604165,3.366190592447917,0.8145954003745154,0.6016258513270252,32.00642776489258,0.030845746397972107,0.08732335269451141,-4.098074776785714e-06,0.47806038254130756,0.023286631030183077,3.3833592625580633,-1.9436790829613094e-06,-2.9302251425728417e-07,0.47806203549407117,0.00215814121977984,0.014000450555706454,2665.0,-0.0021677914077194243,0.007449212969630662,-11.5927166033773,4
581,0.4389176747855686,-0.2405633343032428,-0.8446592470975149,0.00902924447393349,0.003755493196832888,0.006277059977659035,0.45840001106262207,0.25520002841949463,0.8730000257492065,13.16689981494631,7.216555029111249,25.338573698656898,0.9818795212463052,0.004040418495131731,29.454983704480888,64.95215524392536,5.1979046993345035,77.63401109057301,77.63401109057301,10,0.3225806451612903,0.05261980176145635,0.9294470046082949,0.07129266094663961,0.00010700846913785895,0.12231110314903294,0.0061812464928570066,0.012512935818982947,0.05053708399085663,3.6554285714285717,1.3405714285714285,2.913401882784496,0.18492050139650473,2.7267689684569483,4.465535481770834,4.23309326171875,28.240822347005206,18.03297619047619,8.164910392681694,3.877054850260417,3.6712646484375,0.9006126812202622,0.5532217232439196,31.98858642578125,0.021449755877256393,0.07850010693073273,-1.6959054129464285e-06,0.4756960186082564,0.023222066068097964,3.2590026648969914,1.6893659319196428e-06,2.127845056562728e-07,0.4756950737318321,0.002131453292731779,0.013597620445327205,2676.0,-0.002212543304997009,0.00749703611782796,-10.589690783057364,4
582,0.4347185328460875,-0.24107033379304976,-0.8470357137208894,0.008870008947475746,0.004095444483955074,0.006102316477919657,0.45580005645751953,0.256600022315979,0.8733999729156494,13.040923842532294,7.231770299502782,25.4098708402259,0.9821810480298525,0.004205453035061936,29.464032711915184,66.63101899054347,5.720175861320703,79.69639468690701,79.69639468690701,19,0.59375,0.07227744438222257,0.9071428571428571,0.07799954212319819,3.4277440399833325e-05,0.19236159004322798,0.006867896240684072,0.009982600188764021,0.03570305401998757,2.1669047619047617,1.4487755102040816,0.2187074221601464,0.09937539209869235,1.4956801427431092,4.465535481770834,4.31427001953125,36.65702703566778,15.553714285714285,7.782056454862472,4.033999972873264,4.0550013950892865,0.2532068437900442,0.29234320424278004,31.98907470703125,0.02097252570092678,0.07969443500041962,1.5549432663690476e-06,0.47367425267114327,0.02316538095962595,7.152069019322677,-2.8701055617559523e-06,-2.553265492655025e-08,0.4736745293749766,0.0021189873265439647,0.012782160571395192,2699.0,-0.0021547326859528266,0.007516687790458759,-11.33734902661486,4
583,0.43317401855900173,-0.24052914348386584,-0.8480575138443992,0.008247110918137478,0.004056100780321775,0.005841594556866092,0.45299994945526123,0.256600022315979,0.8733999729156494,12.994610985347203,7.215529304529939,25.44051027246884,0.9822403965204375,0.004235619193983909,29.465809203372814,66.51219139133126,5.546345766577507,79.69639468690701,79.69639468690701,17,0.53125,0.06640788043055185,0.9084375,0.07659557802733677,1.119277634319034e-06,0.18740505277422825,0.005931310560285097,0.0018473480660802935,0.03164968325283471,2.202448979591837,1.3667346938775509,0.20597165629927636,0.13594226669822768,1.611467821412573,4.250284830729166,4.31427001953125,36.9341792515346,15.401607142857143,8.297947832652262,3.937944684709822,3.851376488095238,0.39989014401886047,0.28553367525023776,31.996904373168945,0.018333347514271736,0.08888032287359238,6.379627046130953e-07,0.4724446889712841,0.023298598654357648,7.201655583899074,2.288818359375e-06,2.694942374659666e-07,0.47244386498035007,0.0020562990852025626,0.011641379358296164,2722.0,-0.0021948788280822195,0.007534337400156603,-11.33734902661486,4
584,0.43264364685331075,-0.23988442927598952,-0.8485141517519951,0.007661285660831681,0.0038726300034259316,0.005697165421973227,0.45299994945526123,0.256600022315979,0.8790000081062317,12.9786866913523,7.196191021118845,25.45421498111316,0.982237073818427,0.0042203514767087886,29.465709460263273,65.7687341975805,4.94796789763239,79.69639468690701,79.69639468690701,14,0.4375,0.062026348751428505,0.9175,0.06973711569976528,4.012834652228246e-05,0.15444549121369908,0.004091411063392947,0.01139610585133142,0.026490971223833596,2.2148979591836735,1.3740816326530614,0.19451495650687886,0.13695869559180637,1.6119114807663744,4.250284830729166,4.31427001953125,34.45780494326637,14.386696428571428,8.218314380381367,3.7576729910714284,3.8205682663690474,0.38821466652031567,0.3384624633831865,31.988920211791992,0.025700537487864494,0.08888032287359238,-2.330961681547619e-06,0.471542828492077,0.02328148250966985,7.201655583899074,1.743861607142857e-06,-4.4086126324866095e-08,0.47154233640303,0.0019489559915257275,0.010728639272649908,2720.0,-0.0022211989858741846,0.007547849407775614,-11.33734902661486,4
585,0.43272351362024036,-0.24019061981496356,-0.8483911519845326,0.007922957147285012,0.004103871548942828,0.005766032121843121,0.45299994945526123,0.25540000200271606,0.8790000081062317,12.981091265763554,7.205371737309864,25.450526130965777,0.9822444158199412,0.004182054663177834,29.465933158397583,63.71881785983962,4.91121972763034,71.30730050933786,71.30730050933786,14,0.45161290322580644,0.06579394757433975,0.9475115207373271,0.07651473909304894,3.76044274885464e-05,0.16252352038531157,0.004960815416963299,0.002553325632666928,0.030523676851216205,2.157142857142857,1.2938775510204081,0.20161158280391459,0.09247713226344195,1.6671924290220819,5.21240234375,6.061604817708334,36.87707744780041,14.917857142857143,7.981624112258592,3.768426804315476,3.8127499534970233,1.0739396923577573,0.6767446056421302,31.96221923828125,0.032030925154685974,0.09776061773300171,-3.3889043898809524e-06,0.47061499297792,0.02306900430404662,6.626838198656402,3.505888439360119e-06,1.0465373402183311e-07,0.4706145182100435,0.0019283228714543626,0.010563136417072483,2716.0,-0.0022439967109546123,0.00746842060226717,-9.061629296298197,4
586,0.4338585704735347,-0.24058740072590964,-0.8476280472136679,0.00826750755362266,0.004161981673374619,0.0058809319907375925,0.45360004901885986,0.2581999897956848,0.8790000081062317,13.01512711414269,7.217284450360707,25.42764055924756,0.9821874559486043,0.004113817634653613,29.464226186154193,61.67960857111104,5.126449297529093,71.30730050933786,71.30730050933786,17,0.5666666666666667,0.06999949733407537,0.9794761904761905,0.08098667340890889,6.770938775510156e-05,0.23002522874309905,0.004647970730609689,0.020785001418841733,0.020206351955422766,2.0811904761904763,1.3538775510204082,0.2552168834469457,0.16362994993720276,1.5372073158476536,5.21240234375,6.061604817708334,37.47325243268694,14.587714285714284,7.49510486600294,4.136437310112847,4.132268996465774,1.0874846427115725,0.8128628129947795,31.950252532958984,0.022250575944781303,0.068864606320858,-1.3427734375e-06,0.4708963589159445,0.022961112497953688,6.814561551930853,-1.998174758184524e-06,9.837748230606811e-08,0.4708951427670604,0.001995489810796486,0.012564007180083967,2682.0,-0.0022198192210806183,0.007447667824297991,-8.437970747564439,4
587,0.5388489041158131,-0.2054611624876658,-0.6709161046970459,0.19394997773977785,0.07521124520999069,0.3392440855649922,1.1047999858856201,0.3118000030517578,0.8759999871253967,16.164526837723596,6.2285235865627016,20.63027885143246,0.9694248387965757,0.03572404072626705,29.081341612533286,79.79695138966117,38.21927704088679,205.88235294117646,205.88235294117646,23,0.6764705882352942,0.15470801592584998,0.8628151260504202,0.24478044288991446,0.003238492590753855,0.46381048029935934,0.03885324299124543,0.14912865530118508,0.083769652997423,1.9473469387755102,1.3542857142857143,0.6368808047954247,0.30969843321128976,1.4379144062688367,5.21240234375,12.307230631510418,72.07335161481585,14.896806722689076,8.475472733852888,3.7693132672991068,5.352812267485119,3.022860352725687,1.2514121037958583,31.927776336669922,0.05150705575942993,0.0975537970662117,-7.966541108630952e-06,0.47790703901330217,0.02677487055985847,7.1323416818507015,1.6348702566964286e-07,-8.569027634627116e-08,0.4779052671672685,0.0020767115754106885,0.01992410311519539,2657.0,-0.0021596523212436313,0.01183629686856833,-13.388928658216859,0
588,0.6953105894894827,-0.1593817049435207,-0.3388601615315392,0.23144875073125973,0.0825757361166778,0.467233205763068,1.1047999858856201,0.3144000172615051,0.870199978351593,20.858375398942403,4.847604288884572,13.637687716228621,0.9490787467550593,0.04036372425641032,28.471004900468778,83.874355660499,35.62364001974692,205.88235294117646,205.88235294117646,22,0.6111111111111112,0.1608046457997628,0.8016269841269842,0.2176396657883498,0.00013566069071220346,0.3447642726039692,0.027598664635550052,0.09140973967022854,0.08005082553102202,2.2857142857142856,1.525142857142857,1.516660985262589,0.6385446462903924,1.498688647433496,25.45989990234375,35.53843180338542,117.2274423508417,12.33032967032967,7.035952752222393,8.827752007378473,11.512268066406252,12.522307206937274,8.718377955454342,31.873428344726562,0.09249678999185562,0.10968130826950073,-6.981259300595238e-06,0.502154806796542,0.04172578324618639,4.169989198428317,2.5431315104166666e-07,2.0680198811120064e-07,0.5021518465440558,0.0020212457949762793,0.037715700840229745,2669.0,-0.0021492637604124507,0.012885521203409486,-13.388928658216859,0
589,0.8512759516409465,-0.11334270440964472,-0.008283371093727293,0.14582866156042082,0.05946650537624882,0.31833881297001587,1.1047999858856201,0.3144000172615051,0.8658000230789185,25.537314977816173,3.4664365585786956,6.627702438575881,0.9287715935353404,0.03333345768020542,27.861791940453088,84.70225392266006,34.52583782329713,205.88235294117646,205.88235294117646,20,0.5405405405405406,0.1583732495335006,0.785057915057915,0.2001313949505505,1.2854419991670266e-05,0.37813053469237057,0.029545514922832312,0.18736331536979767,0.07813575528056514,3.9882857142857144,1.5192857142857144,2.8835948935667233,0.6959096968159367,2.625105782792666,25.880839029947918,35.53843180338542,114.18445688883462,11.383376623376623,8.86025509360944,18.581644694010418,14.01634216308594,12.90096328200031,9.524233131215999,31.838542938232422,0.07252030074596405,0.10647022724151611,2.826509021577381e-06,0.5123301362044516,0.03696292443536196,4.0225699356621085,7.084437779017857e-07,-1.73978720326207e-07,0.5123319730269198,0.0021309970431140084,0.031802392585484014,2685.0,-0.00212274524780814,0.013278256429479902,-13.388928658216859,0
590,0.9032061894053505,-0.10315843724920636,0.14718500054450262,0.009455914586025065,0.01652935059223424,0.013471544937673443,0.9773999452590942,0.3144000172615051,0.34140002727508545,27.09490611076355,3.0958389746717043,4.415207444855145,0.9211788035551898,0.007761204572323085,27.6340017765773,65.99810313818215,7.099729954824964,86.77685950413223,86.77685950413223,14,0.4375,0.0754822110630386,0.91875,0.0901718526492834,0.0006480245604331531,0.09729801816126575,0.0034169663213650817,0.03719134693864308,0.0351185603359532,4.846857142857143,1.2742857142857142,2.644916325207083,0.10852442591604972,3.8035874439461885,25.880839029947918,6.58843994140625,85.86693572998047,17.87753246753247,8.453270131433994,13.269978841145832,5.323740641276041,0.794317452242968,9.972719868303773,31.869199752807617,0.0958808958530426,0.14058388769626617,1.1710030691964286e-05,0.5122294693207503,0.03592247087868978,3.9307358857971724,-2.8701055617559523e-06,2.3586531155673736e-07,0.512229015308493,0.0020613515863889317,0.029405384303533486,2711.0,-0.0021582965334054033,0.010142056599988581,0.35461921942463315,0
591,0.9033071894929523,-0.10305715135165623,0.14769265745934987,0.0032313882641891055,0.004248070331883347,0.00987178718208986,0.9176000356674194,0.1194000244140625,0.1921999454498291,27.097929541894366,3.091567111951964,4.4305594380412785,0.9211475695923922,0.0032971638775429754,27.633113867317608,61.62350065618163,2.706900348889065,67.74193548387098,67.74193548387098,10,0.3333333333333333,0.052668415569414456,0.9754761904761904,0.04152711323685826,4.1715781091212044e-05,0.04890410486022013,0.0007693040199552901,0.0011642739551872918,0.015730868035600462,2.517755102040816,1.2633333333333334,1.9472767643988995,0.07246236023477051,1.9929459910613319,6.099141438802083,7.29644775390625,44.29122379847935,17.749142857142857,7.173329074676935,5.515020461309525,5.686221652560763,0.9981242229884023,0.5610510572855686,31.96385955810547,0.08716735988855362,0.12319161742925644,1.439848400297619e-05,0.49436898079606884,0.024532461199128747,4.746738604758493,-7.992699032738095e-07,-4.859120312625117e-08,0.49436819405224763,0.0018567079212832521,0.011944145860108673,2706.0,-0.0021796469222726744,0.009433742708898506,-3.6835289563180993,0
592,0.9031595230102539,-0.10223777042967933,0.14880863839671726,0.003614807713389042,0.004973340455094992,0.01070953379633624,0.9273999929428101,0.12300002574920654,0.20260000228881836,27.09349797597953,3.0669948271768432,4.464055009058543,0.9211047377649596,0.0035005284162797014,27.631831014464485,62.466455341413784,2.6856426746906727,67.74193548387098,67.74193548387098,11,0.36666666666666664,0.05556947202350537,0.9622857142857144,0.04121719474754611,2.6230777176176267e-06,0.10631543214478206,0.00047376463825021494,0.01330219225749562,0.004456217020357258,1.6096428571428572,1.2841269841269842,0.13260488724948633,0.0901408432961082,1.2534919653893695,6.511332194010417,7.29644775390625,54.6324957711356,15.461954887218045,7.865169163745578,5.801645914713541,5.885360152633102,0.8451904193212765,0.36973288929716164,32.05873107910156,0.07059168815612793,0.11250177025794983,7.706415085565477e-06,0.4887693081916579,0.023693478743429638,4.882867449293424,1.8710181826636904e-06,1.5586458602687673e-07,0.4887684294475089,0.0013956757109820342,0.008186092734846072,2723.0,-0.0021900921559073823,0.009573621147601382,-8.636744248947206,0
593,0.9035225327923184,-0.10483415167672294,0.14400585733708882,0.003909148981618697,0.014231136860624072,0.02082432489010255,0.9278000593185425,0.17979997396469116,0.20260000228881836,27.104379126685007,3.1448484074217933,4.320006005849157,0.9212590784576843,0.00374474794179739,27.636451843190112,63.33075696983433,2.349108938984913,67.74193548387098,67.74193548387098,8,0.26666666666666666,0.042559723322186715,0.9487142857142857,0.035274145009091984,1.255183673469375e-05,0.036084036661288045,0.0004697672660541795,0.0004406709489313708,0.013018700498055941,1.5576190476190475,1.3222857142857143,0.19234205170114962,0.06879487403780568,1.1779746470757706,7.18963623046875,7.29644775390625,52.216668119884666,15.515714285714285,8.64810216966857,5.768986454716435,5.740834554036458,0.8978095947804059,0.7384757190524649,32.12038803100586,0.05712148919701576,0.09073825180530548,7.566906156994048e-06,0.4854481184257223,0.023610497839951658,4.882867449293424,-7.447742280505952e-07,-7.42820997330392e-08,0.48544891228951287,0.0011680104891976953,0.008022074078039197,2722.0,-0.0021684017302189477,0.009595312346327356,-7.911651891104312,0
594,0.902169085587774,-0.10830696167264665,0.09850666662624905,0.008543782703869377,0.019852141789683128,0.12161333074135168,0.9373999834060669,0.1948000192642212,0.3009999990463257,27.06379556758063,3.249057278760842,4.5358384324823104,0.9222552428057391,0.006722603269300977,27.66634166085761,65.47355517651513,4.027358247508255,76.78244972577696,76.78244972577696,10,0.3125,0.06839743670822343,0.9196875,0.05360205597712171,1.6659725114535867e-05,0.18636888477467328,0.0009147090771944663,0.1274816020080269,0.004908056826655279,1.3468571428571428,1.4653968253968255,0.33884967469486577,0.27160710734606514,0.9191074523396879,7.18963623046875,6.785888671875,49.58874998546782,15.340816326530613,8.46240880561088,4.966400146484375,5.2468646014178235,0.7351415019592566,1.2944104220826815,32.1677360534668,0.030694710090756416,0.07619307935237885,3.3249627976190476e-06,0.48323292021785236,0.02374898193660671,5.704343512535745,-1.9800095331101192e-06,-7.70707683271509e-08,0.48323364821645265,0.0011488437094065108,0.00801468470932676,2719.0,-0.0021480147790116392,0.009901485962093972,-7.337539264059556,0
595,0.900854371547699,-0.11360746679135732,-0.012018819360505967,0.012212767577204948,0.02838779022481832,0.16884075821997077,0.9930000305175781,0.2250000238418579,0.3009999990463257,27.024357432126997,3.4079985751850264,4.877339863138539,0.9240923842634253,0.01025634313705821,27.72144349845752,68.06514382628461,4.858866518985093,77.92207792207792,77.92207792207792,11,0.34375,0.07353036749562816,0.8859374999999999,0.06219938866976794,6.654294044148405e-06,0.0925444863962504,0.0005442234772776483,0.0027250046061540593,0.005880668837983831,1.3412698412698414,1.464857142857143,0.3237061770965315,0.33301541301585796,0.9156318401491016,12.2265625,10.52581787109375,59.91652359735397,15.082448979591838,8.32073543161927,5.965757016782407,5.925801595052084,2.161972355810802,2.8244692242286105,32.18364715576172,0.02163800224661827,0.060914065688848495,1.2032645089285715e-06,0.46765861622033067,0.03178426344151598,5.761918208996555,-3.3060709635416668e-06,-3.6088565042733874e-08,0.467657273427151,0.0010865775878375363,0.023711543629944005,2710.0,-0.00213030016846296,0.012280281038548248,-1.787106847095137,0
596,0.8892648192076456,-0.11534747648239135,-0.10012003828230358,0.08128849213773391,0.059127378780007976,0.20988423938885314,1.3956000804901123,0.34780001640319824,0.9944000244140625,26.676668290581024,3.596555003310953,6.087057145791395,0.9288401986935122,0.07437826421184719,27.863874420470403,103.58965736107311,59.19420581444855,276.3157894736842,276.3157894736842,28,0.6666666666666666,0.18633827094698555,0.7069047619047619,0.23798104404398063,0.0019230909787588545,1.2450837562898602,0.008228627018910788,0.47275178267644336,0.006608894363404684,1.2196103896103896,1.363,0.2836503968746704,0.40124726459745336,0.8947985250259645,31.85150146484375,37.45137532552083,107.13196999686105,15.51832298136646,8.509474719937705,10.218311656605113,10.801422119140623,9.827449647773971,8.729753021464461,32.15553283691406,0.08548133820295334,0.13178706169128418,-1.4626639229910713e-05,0.4469598737718219,0.03687107739684037,5.761918208996555,-2.797444661458333e-06,-9.54032739632594e-09,0.44696036237409564,0.001035907865368522,0.030994179962606623,2704.0,-0.002141796028686134,0.014892612014169696,0.753355780950834,0
597,0.8875318097159977,-0.12207076220569156,-0.17319563814855757,0.11027129336912597,0.07700986013643273,0.17982913759314695,1.3956000804901123,0.3654000163078308,0.9944000244140625,26.624686005796704,3.8668162889139994,6.543504147018705,0.9336247880347974,0.10669706608396495,28.00740199886993,130.74146602975514,64.87822161957459,276.3157894736842,276.3157894736842,33,0.6470588235294118,0.20696208861153528,0.5661064425770309,0.23185044344525224,0.0010653695999999992,1.733210235017964,0.009499289790841324,1.935050693064401,0.005480748727948095,1.2639285714285715,1.1651190476190476,0.4723361123831466,0.4037513119261487,1.084806375804639,31.85150146484375,37.45137532552083,125.49250204903738,15.913736263736263,8.760728395601303,10.739796956380209,11.093868679470487,9.002749559023627,8.115907475565894,32.06063461303711,0.13574916124343872,0.13342173397541046,-1.2577601841517857e-05,0.4217308309269964,0.028616572762197166,5.533118913050359,-1.6348702566964285e-06,1.094633587245537e-07,0.4217309093050348,0.0009496847005912415,0.021818508253276303,2702.0,-0.002124615450324538,0.01536042731501826,0.753355780950834,0
598,0.8898021333160855,-0.11996828601190022,-0.1675864094921521,0.17282083196122736,0.10055085386691368,0.19993052442885745,1.5868000984191895,0.4344000220298767,0.9944000244140625,26.69302428518023,4.02851728788444,6.685706569680145,0.9408314371028694,0.1703272335225476,28.223833324892393,162.2260121642151,67.1045584419845,280.0,280.0,49,0.7313432835820896,0.2260787374949485,0.4456076759061834,0.19564109465687446,0.002982497292794665,0.22975129456313081,0.007348186372391654,6.155062528013705,0.03198322075339831,1.0983673469387756,0.997032967032967,0.47166316276417514,0.3250076494877876,1.1016359370817654,31.85150146484375,37.45137532552083,120.74804026285808,15.95472906403941,8.436799191139867,9.388442266555058,10.113541040665062,9.196108004757377,7.874893736370992,31.932146072387695,0.1445753425359726,0.21607708930969238,-2.7518136160714285e-05,0.41653197309265966,0.023974497969552453,3.4092634809451026,-2.4159749348958332e-06,2.5799680883268385e-08,0.4165317559617312,0.0009450740075762165,0.015701643196499658,2700.0,-0.0021691144997094632,0.016393412891565567,-4.789267313646127,0
599,0.9019536952631814,-0.12588431456826982,-0.1752576572866667,0.20392623520138853,0.11059279798311604,0.15147497616204758,1.5868000984191895,0.4344000220298767,0.7422000169754028,27.057301715016365,4.236870432708945,6.091199715222631,0.9460747623517957,0.20441737769640372,28.380879174196288,161.29381372991472,63.57490236735045,280.0,280.0,52,0.7647058823529411,0.21377814798998093,0.4355042016806723,0.16921598477139743,0.001021285067221996,0.12380301618057729,0.010214775321976536,5.078691757200117,0.08250829129297958,1.016122448979592,1.1032967032967032,0.4456581690770849,0.438579262061045,0.9209874786568015,12.455647786458334,13.8568115234375,84.54839070638022,15.160985221674876,8.137167021531829,6.785961332775297,7.047831217447916,3.187101076710422,2.731249762607559,31.703073501586914,0.24132733047008514,0.2581143379211426,-3.301130022321428e-05,0.41740435281541655,0.021333537954021955,3.5280360427569257,-5.4495675223214284e-08,4.147623644375252e-08,0.41740453930803284,0.0009549136407030791,0.01172201793771037,2701.0,-0.0021715884855557474,0.015206339191252059,-4.789267313646127,0
600,0.9046320093018668,-0.12162516218423844,-0.1504747525056203,0.19448089702016352,0.11966615247976523,0.13994304122534496,1.5868000984191895,0.4344000220298767,0.7422000169754028,27.13767542191914,4.226694576740265,5.275574572469507,0.9432999570819492,0.19418150422522684,28.29764402427443,166.7165802182078,65.51369748033494,280.0,280.0,59,0.855072463768116,0.227038253489184,0.4269772256728778,0.18285949407001,0.001288018856143277,0.5136067939526092,0.012933947810998658,5.166266882831322,0.025182587074952283,1.0525274725274725,1.1168131868131868,0.3196299635664145,0.37366114899572866,0.9424382564203483,16.723225911458336,20.141499837239586,85.67337610153925,13.874132653061224,8.777446801471688,7.810113368890226,7.891830053084937,4.519742850273251,3.8718996165692734,31.44815444946289,0.29037314653396606,0.27305570244789124,-3.6099388485863095e-05,0.42029424801502197,0.01989855690358757,3.6974303751599242,-4.178001767113095e-07,6.703276620821863e-08,0.42029309000660375,0.00122131362355067,0.010724056448942101,2698.0,-0.0021763468213288205,0.0160195424820731,-4.789267313646127,0
601,0.9030698949325653,-0.13423106695640655,-0.1429322000600043,0.14344511056896264,0.10327739779192419,0.11311909733885504,1.5734000205993652,0.42820000648498535,0.7422000169754028,27.091035133685384,4.389762865219797,4.7824598586985045,0.936738314209318,0.1433276309705096,28.101042397040214,142.6401444196344,68.00523363755967,276.3157894736842,276.3157894736842,46,0.8214285714285714,0.23294994565348778,0.5240306122448979,0.23630524361321392,0.0038191391027072043,0.7500939017804951,0.011429568742089658,2.6353138495714896,0.015237517216123653,1.2695238095238095,1.0383116883116883,0.3301598939234679,0.17173870019169177,1.2226808421930373,16.723225911458336,20.141499837239586,77.8460676647368,14.436000000000002,8.311083261500382,7.882300482855904,7.887083111387312,4.526533863590279,3.835405538349967,31.233440399169922,0.1471450924873352,0.20003259181976318,-1.9784109933035713e-05,0.4120536227662429,0.022159378750638708,3.6974303751599242,1.3987223307291666e-06,-1.0901491534446463e-07,0.41205436372523246,0.0014620634123785857,0.01588425678295683,2681.0,-0.002142920765863828,0.013075606772913133,-3.2641822885586906,0
602,0.8978346759762083,-0.13456092392262958,-0.1663250952675229,0.057387374226811366,0.07913075050676785,0.08309475140001596,1.5666000843048096,0.36979997158050537,1.2467999458312988,26.933724279318536,4.237993863650731,5.097927857339382,0.9301148995763235,0.056778364195646844,27.902098266108194,130.95483004477268,71.51892807005393,276.3157894736842,276.3157894736842,37,0.7551020408163265,0.2766353662320495,0.5964139941690962,0.27071366992229473,0.002165705665306124,1.6943510674271236,0.01700754828691508,3.3145737200297583,0.010037794772213934,1.4283116883116884,1.1146753246753247,0.4846680168154959,0.29700551952861154,1.2813701502970989,16.723225911458336,20.141499837239586,70.05915345691498,15.057440476190477,8.936255417164991,6.239882960464015,6.720451586174243,4.678510335003708,3.537669268518185,31.175752639770508,0.04153823107481003,0.09487594664096832,2.098446800595238e-06,0.40044267315744453,0.02315653080882018,4.224265889217616,-1.0535830543154763e-06,1.5514684172979828e-07,0.4004415400198918,0.0016392445639211205,0.01842219209882277,2656.0,-0.0021236149573699617,0.01318868021659562,0.1267330973271855,0
603,0.8929691050733839,-0.14348477157808487,-0.20182914278336933,0.03896044232673251,0.03991484190207672,0.07238083031324956,1.5666000843048096,0.3181999921798706,1.2467999458312988,26.78780729506697,4.319353006694998,6.120498854262488,0.9303154294029989,0.03974924211801075,27.908140183872238,91.74720689646333,51.1555928517088,269.2307692307692,269.2307692307692,22,0.5945945945945946,0.2540167116469276,0.7794594594594595,0.24536280674423513,0.0033290544939608498,2.4452673882679714,0.01109944563448664,0.48370261071846,0.00453915415865771,1.3462337662337662,1.2067142857142859,0.523848776748269,0.3740953987246285,1.115619316163888,8.63372802734375,8.165690104166668,54.52921513148716,15.59888198757764,8.495861385662266,5.678516734730113,5.354034423828126,1.408969904547646,1.8312696550122813,31.1960506439209,0.03329436480998993,0.07805373519659042,2.657935732886905e-06,0.3885764779604524,0.02161809892772869,3.476631336790974,-2.234322684151786e-06,4.1247160075492463e-08,0.38857632507426615,0.0015790369167024794,0.017185181972929637,2646.0,-0.0021619628278489716,0.01136873010075417,0.2542743824811217,0
