,ACC_X_mean_W,ACC_Y_mean_W,ACC_Z_mean_W,ACC_X_std_W,ACC_Y_std_W,ACC_Z_std_W,ACC_X_max_W,ACC_Y_max_W,ACC_Z_max_W,ACC_X_iabs_W,ACC_Y_iabs_W,ACC_Z_iabs_W,ACC_3D_mean_W,ACC_3D_std_W,ACC_3D_iabs_W,EDA_W_mean,EDA_W_std,EDA_W_dynamic_range,EDA_W_slope,Temp_W_mean,Temp_W_std,Temp_W_dynamic_range,Temp_W_slope,SCR_mean_W,SCL_mean_W,SCR_std_W,SCL_std_W,SCR_peaks_W,HR_mean_BVP_W,HR_std_BVP_W,HR_max_BVP_W,HR_min_BVP_W,HR_NN50_BVP_W,HR_pNN50_BVP_W,HR_rmssd_BVP_W,HR_rr_mean_BVP_W,HR_rr_std_BVP_W,HR_ULF_BVP_W,HR_HF_BVP_W,HR_LF_BVP_W,HR_UHF_BVP_W,HR_rate_L_H_BVP_W,Target
0,-41.3125,15.99375,8.661458333333334,16.07820244150446,45.59689730969458,16.134750732707253,128.0,127.0,128.0,1243.421875,1380.578125,341.5625,66.55076127797352,14.368561108273163,1992.0765111937915,2.9959937190082644,0.22209777370543987,4.426813652961256,0.004957533333333334,31.68818181818182,0.019750509984000426,0.021927154940766275,-0.0004999999999999894,0.0004194965768153364,2.9941344922074213,0.006841231734722997,0.22199616592634486,15.0,77.84196473420423,26.540232802640283,153.6,153.6,30,0.9090909090909091,0.3843043316642912,0.8598484848484849,0.2882259046631937,3.3474489795919994e-05,5.08321703124742,0.0837552626999061,1.4312098831139017,0.016476822096134776,0
1,-34.00416666666667,38.704166666666666,10.171875,15.802359506485804,36.291986938885316,14.96393722646912,128.0,127.0,128.0,1037.59375,1522.828125,387.59375,66.3091540365472,12.312647939853976,1987.2693975757484,2.9343969338842975,0.09802441547501707,1.473092988992376,-0.00028127499999999934,31.672809917355373,0.0176851780166557,0.021941002227316913,0.0,2.750887998555441e-05,2.9344450717040527,0.00318832812646104,0.09071433056271716,16.0,74.41732175842452,26.76700755758553,142.22222222222223,142.22222222222223,29,0.90625,0.42427631994411685,0.90673828125,0.30479976835367206,0.0003330625000000001,4.3367012746093065,0.07553033768853326,3.120210763549979,0.017416541492205454,0
2,-39.396875,23.610416666666666,11.073958333333334,17.034761965885373,39.893664595100674,13.858802443390646,79.0,127.0,89.0,1193.140625,1267.203125,420.140625,65.30380620160221,6.431561157053083,1957.088170543221,2.8567835123966945,0.10082835714264392,1.4720294853237053,-0.002509125000000001,31.673801652892564,0.023328633076863173,0.02741760369378854,0.0003333333333333262,5.478061385534793e-07,2.856788197151738,0.0026479442857898555,0.09908230077009189,16.0,82.10230250223793,30.641940566490952,153.6,153.6,30,0.8571428571428571,0.38069171696265025,0.8348214285714286,0.2976912114892867,4.9501275510204e-05,2.6804556926406766,0.018405560947062936,1.168165224216256,0.0068665790662372495,0
3,-46.4875,-5.847916666666666,9.185416666666667,16.58311924066157,37.595375876913224,18.542602855578885,79.0,127.0,89.0,1405.96875,1019.234375,495.625,65.32258140647697,6.6976320487809025,1957.6603718707588,2.7753126528925627,0.13720953158718743,2.076264482431461,0.0004697916666666635,31.695785123966946,0.03557676059460916,0.032890754245432155,0.0006666666666666524,-5.068831493281904e-05,2.7754075335328734,0.003630278381778363,0.13540882816511382,16.0,86.88883476225405,27.859185784758534,153.6,153.6,33,0.868421052631579,0.3580597996164207,0.7689144736842105,0.26138641003258567,1.5099290763995937e-33,3.046467802654286,0.028102073661869155,1.3643195435692141,0.009224477487464255,0
4,-49.5625,-27.115625,-8.678125,9.82780123340584,8.607782671863973,27.97606008985257,79.0,49.0,61.0,1485.5625,812.671875,749.90625,64.84482773894449,3.936525393450798,1943.3239088594214,2.870517247933884,0.2544554259290454,2.7183306796075435,0.0030002750000000006,31.714958677685953,0.02429583397755053,0.027400305492412257,0.0001666666666666631,-0.0001438242470402372,2.8709525783583665,0.003815790244536299,0.2544991395907046,16.0,80.33203304051423,26.435322189019853,153.6,153.6,29,0.8285714285714286,0.3796718028103545,0.8339285714285715,0.2879433139366433,0.00601178698979592,4.229137940914981,0.051433485667517514,1.239388099173667,0.012161694980417167,0
5,-44.641666666666666,-28.654166666666665,-26.210416666666667,6.842478636348739,5.830521643805886,25.076871312553905,78.0,46.0,45.0,1337.640625,858.9375,1015.859375,64.85839053446595,1.9946830856128293,1943.7253805229952,3.0637046859504133,0.3265672730343496,3.4362545788685295,0.005043258333333333,31.715123966942144,0.020332594135115966,0.01642980875387845,-0.0003333333333333262,1.2129218511569863e-05,3.0637079525162747,0.004057850905671415,0.32577435284421047,15.0,71.16381619155632,18.139939231890903,106.66666666666667,106.66666666666667,26,0.7878787878787878,0.3323872172738164,0.9029356060606061,0.24960781192477755,0.00014831760204081824,2.702247807076339,0.02050246208519918,0.5160848790464407,0.007587187981616514,0
6,-40.979166666666664,-26.791666666666668,-42.60104166666667,1.6787840755207986,0.9164772531577396,1.9974460146890634,49.0,29.0,48.0,1228.03125,802.921875,1276.765625,64.95482655512741,0.6729033065617959,1946.6161989053169,3.4036851735537192,0.33420487100472357,3.691950460168141,0.010592299999999999,31.69842975206612,0.018497632837735516,0.02191332512164988,-0.0006666666666666524,-4.2239152967814705e-05,3.4036858708323243,0.00466958138767287,0.3330511878471061,14.0,68.56148007786344,16.4785767900122,137.14285714285714,137.14285714285714,21,0.6774193548387096,0.23730803645613577,0.9143145161290323,0.17551905704525703,0.00047461734693877587,2.131586399191153,0.0221514408503043,0.4378124098807581,0.01039199764959555,0
7,-40.28958333333333,-26.733333333333334,-43.29375,1.4096009457959684,1.3820777434315656,1.5616372618185055,45.0,32.0,48.0,1207.421875,801.15625,1297.4375,64.94684492264703,0.7166481658651198,1946.3546310990776,3.678400231404958,0.3778233031776828,2.8160769996581707,0.005520666666666666,31.680743801652895,0.01706406447160989,0.016450553474296123,-0.000500000000000019,-6.936755850011566e-05,3.678297281239868,0.005692668175844918,0.3770982859137884,13.0,69.81588804986443,15.83366712059722,137.14285714285714,137.14285714285714,23,0.696969696969697,0.22354537387225776,0.8934659090909091,0.1606139890481568,6.17346938775527e-07,2.438407699000961,0.010953344622481275,0.31443309676476056,0.004492007069600775,0
8,-37.421875,-32.889583333333334,-38.739583333333336,4.271287450450391,10.7086557587646,8.865129242885045,44.0,53.0,49.0,1121.53125,985.46875,1161.140625,64.75635960893389,1.0001742507026181,1940.664333471797,4.283388157024793,0.7815960478474122,5.670601629464383,0.020026108333333337,31.665867768595042,0.018527148785722865,0.01646094549155403,-0.0003333333333333558,-7.317988263223703e-05,4.283143834241846,0.010580545229680546,0.7780279564348723,13.0,72.57547716259619,18.37669019219119,137.14285714285714,137.14285714285714,26,0.7647058823529411,0.2577228092379779,0.8667279411764706,0.1658466232836375,0.00036100000000000075,1.5243026804474984,0.007783639642279048,0.4182526705806591,0.005106360923011668,0
9,-33.405208333333334,-41.01979166666667,-33.110416666666666,6.012952508814941,12.070479828487787,9.441833763967088,44.0,55.0,49.0,1001.0,1229.625,992.015625,64.53255728034968,1.1748620593024894,1933.970087038472,4.78925403305785,0.7903070900827455,5.340650046826189,0.020783650000000004,31.655123966942146,0.015109282488631089,0.01646094549155403,-0.0003333333333333558,0.0003960792052111338,4.788593273156256,0.01552869967452479,0.7826287865214738,14.0,75.66613096491538,17.54161543251302,128.0,128.0,29,0.8285714285714286,0.26426989984338983,0.8308035714285714,0.16913339855008544,0.00031379591836734665,0.6096340828833868,0.006964770803908296,0.7039648937963106,0.011424510209414497,0
10,-30.696875,-45.790625,-30.213541666666668,4.438795658851809,9.25275384823576,9.545462706958242,43.0,60.0,49.0,919.875,1372.421875,905.515625,64.39370988199435,1.349043846659043,1929.7975216548407,5.413745404958678,0.7087403104348464,4.8873434424600335,0.00954851666666667,31.65380165289256,0.01652727264462089,0.01646094549155403,0.0001666666666666927,-0.0003937930175643832,5.415704968528048,0.022085751352715927,0.6977747405798322,14.0,79.97123881496567,19.037639549448997,128.0,128.0,29,0.8055555555555556,0.2833010529580553,0.7903645833333334,0.17439655226975215,0.0001598418367346953,1.0317944257834453,0.02102332022314718,0.9782005177823723,0.020375493119362507,0
11,-35.70520833333333,-43.96875,-25.628125,10.271297688539518,8.530280775224615,11.23611368094154,61.0,60.0,49.0,1070.0625,1317.5625,768.078125,64.55405223254122,1.4844214445385766,1934.6008536428844,5.834398702479339,0.7937916279676496,4.307954731064654,0.0065365916666666616,31.663884297520664,0.02224476540993247,0.02741760369378854,0.000666666666666682,0.0001269588118671725,5.834033120759474,0.0273682051096679,0.7828222728268497,14.0,82.39045199858533,18.893425739460493,123.87096774193549,123.87096774193549,30,0.7894736842105263,0.2324527024326524,0.7639802631578947,0.1603808187152468,8.1644132653062e-05,1.3370879073631963,0.01003369192728822,0.3095704457521774,0.007504137814749337,0
12,-44.9625,-31.322916666666668,-24.471875,12.130997228175431,18.538077250883443,11.221131507905445,73.0,60.0,49.0,1347.296875,985.125,733.375,64.91111984342834,2.214925658365081,1945.1146222781138,6.236753793388431,0.5264705527465315,3.039370528958303,-0.0032672000000000035,31.705702479338846,0.056405064632237385,0.05474893410560448,0.0016666666666666607,-0.0004539536108434077,6.238268084220272,0.025246118609286095,0.5142375731507148,13.0,80.44511430888961,18.583341593048488,123.87096774193549,123.87096774193549,29,0.7837837837837838,0.22441208877927626,0.7837837837837838,0.1737844454691913,0.0005828775510204015,2.064657572489685,0.02227096037064734,1.035082741398993,0.010786757410717608,0
13,-54.0375,-15.208333333333334,-19.841666666666665,9.330541807240706,22.728568965560115,10.99573465283496,77.0,57.0,48.0,1619.59375,645.15625,605.125,65.26734336894411,3.1246556440158595,1955.8376776066957,6.292746074380165,0.43452591352014336,2.8931538713837375,0.009775958333333327,31.763553719008264,0.06794333448576778,0.06016698240717662,0.0016666666666666607,0.0003648141462605978,6.291303834399277,0.020011762344070268,0.4278004073842922,14.0,87.43464093748929,23.709289522421933,153.6,153.6,32,0.8,0.2104807198140997,0.7328125,0.18391096266264284,6.006250000000021e-05,1.66240425211115,0.0056629818758408695,0.7160855323592255,0.0034065010773698607,0
14,-57.770833333333336,-7.945833333333334,-17.844791666666666,7.227089038625595,17.698021997920808,14.42754432927738,77.0,44.0,48.0,1731.65625,451.859375,604.1875,65.43168570611506,3.3676966395711068,1960.9112880255634,6.327863347107438,0.3742101307011659,2.382892499424962,-0.004774866666666666,31.83859504132231,0.05828550115451552,0.06001580788013394,0.0018333333333333238,-0.00021923234328800775,6.328284321273666,0.011776170419823607,0.3677837913886741,14.0,83.48356659347112,23.699578079486432,153.6,153.6,29,0.7631578947368421,0.23444537231805482,0.7697368421052632,0.19299394247864038,0.0002469387755102037,1.9883498785835447,0.006847863350563933,0.7279965457917102,0.003443993144426973,0
15,-56.026041666666664,-14.529166666666667,-17.234375,7.412008061130525,18.387925820282785,15.658539524043794,77.0,37.0,48.0,1679.125,603.484375,596.703125,65.38312473779735,3.2137594063079606,1959.5324584943232,6.225494214876032,0.370559461709989,2.382892499424962,-0.0007437999999999981,31.89462809917355,0.04917570659916703,0.04357934328649286,0.0008333333333333452,0.00012194610657589888,6.224644657732578,0.011274506860015245,0.3639301689829125,15.0,88.86859513648751,27.257431085785274,153.6,153.6,29,0.7435897435897436,0.2447143751625233,0.7347756410256411,0.20222889057274035,0.0007155625000000041,1.517196948367051,0.01618593985749028,0.6019530178072268,0.010668318226523655,0
16,-53.77291666666667,-26.870833333333334,-18.005208333333332,6.280135335037684,10.5544216313459,13.328969622840216,72.0,37.0,45.0,1611.171875,830.1875,610.546875,65.27689011900955,2.2761242037185023,1956.0928449695516,6.394816371900826,0.40856903249423454,2.130958291487785,0.005340758333333339,31.93644628099174,0.030663718678492515,0.0326435322074871,0.0009999999999999788,0.0001355400346995408,6.394402271861038,0.011603584650719485,0.4017025675115225,15.0,77.38331023476803,22.85195388621896,142.22222222222223,142.22222222222223,26,0.7428571428571429,0.264731412167569,0.8303571428571429,0.19519703219452653,0.00039714795918367534,1.9419907059512473,0.02112649804670897,0.8485641346405033,0.01087878432268838,0
17,-52.719791666666666,-31.061458333333334,-19.196875,5.270162074351277,4.212255675201101,9.78241356897034,72.0,45.0,45.0,1580.046875,930.6875,587.265625,65.19789098574007,1.7773489654219787,1953.9024666309015,6.42338714876033,0.35468276635681545,1.900307728269889,0.0013737500000000032,31.967685950413223,0.029338726574090937,0.03258230630782553,0.0008333333333333156,0.00015427717958298105,6.423068087947515,0.008573672817014587,0.3503250711482932,15.0,79.06258008857132,26.512276077611364,153.6,153.6,29,0.8285714285714286,0.32425058534347817,0.83125,0.23114741933295668,0.0007060408163265308,1.8471236252975154,0.05164339832407195,0.778095656688316,0.027958820739869952,0
18,-50.610416666666666,-35.6875,-12.842708333333333,7.018004808566004,8.635938112523348,10.25260378302006,67.0,64.0,42.0,1516.90625,1069.3125,423.890625,64.9948258069969,2.1371499677834014,1947.8598637889909,6.490959512396694,0.37291728994922757,2.009508381420761,0.00025265000000000243,31.996280991735535,0.03502377542894917,0.03258230630782553,0.0008333333333333452,-6.680419945141908e-05,6.491382679101996,0.010262998881788641,0.36678814191419273,14.0,77.21457620522547,25.16163720762164,153.6,153.6,28,0.8235294117647058,0.35911757908247904,0.8511029411764706,0.2547863083694372,0.006229719387755115,4.8831788416359645,0.0829729090665603,1.5515666264688375,0.016991576953745705,0
19,-46.969791666666666,-41.9875,-5.189583333333333,7.578349366667117,8.866007768437832,7.281075343637245,67.0,64.0,42.0,1407.53125,1258.453125,199.125,64.65969213667792,2.0540215326766695,1937.7580292028356,6.396195330578512,0.3310352422530622,2.0017189783096416,-0.005568575000000002,32.03561983471075,0.03723706857428219,0.03795338589629099,0.0010000000000000083,7.882519623172409e-05,6.396310852664633,0.009188922248557491,0.32621852094553294,13.0,80.12876279864456,26.337305736249068,153.6,153.6,29,0.8285714285714286,0.37679563962991613,0.8276785714285714,0.2648356368406947,0.0004231836734693877,3.2982409636229293,0.0417668375687043,1.7117005198279598,0.012663367543293688,0
20,-46.959375,-40.79479166666667,0.803125,9.097356279493601,13.443267132903268,6.3802911559250175,73.0,64.0,42.0,1407.34375,1222.453125,136.28125,64.56569862032255,2.3462601453545253,1934.949030634205,6.476094157024793,0.42369219729446866,2.4267442330614895,0.00691388333333333,32.06652892561984,0.029224430621087174,0.029806544931930325,0.0003333333333333854,-6.192869835542088e-05,6.476511020834109,0.008520329373814377,0.42079461065743257,14.0,76.82763550621337,22.794380398588153,142.22222222222223,142.22222222222223,28,0.8235294117647058,0.31799152182809126,0.8442095588235294,0.23417532223669152,0.00036371938775510193,2.239467853139135,0.010091324532989977,0.14435970802900305,0.004506126095467117,0
21,-50.44375,-31.666666666666668,2.615625,11.556156480602306,21.20493587718566,8.162232998759695,128.0,54.0,47.0,1512.015625,989.796875,182.46875,64.72035191091858,3.909391281711846,1939.603047805822,6.913605983471074,0.6146591089245999,2.6370817317173305,0.01387888333333333,32.09595041322314,0.02407215436000127,0.03248077192838087,0.0008333333333333452,-0.00014456926384734213,6.913997012645597,0.008573024581366207,0.6122653363029462,15.0,71.87667703075243,17.225965766056053,116.36363636363636,116.36363636363636,24,0.75,0.3235569116875831,0.88427734375,0.22574811118044397,0.0009280727040816327,2.089170443364128,0.004992322638507754,0.2350387864320183,0.0023896195996669224,0
22,-50.515625,-30.85625,7.04375,11.502072531767555,20.563827528068963,9.133281772588646,128.0,54.0,47.0,1514.171875,965.515625,310.640625,64.62769316494688,3.9239947134024864,1936.8348275173998,7.493918504132232,0.6078423970463831,2.6941395855458032,0.015687208333333338,32.11925619834711,0.02591037602095685,0.024341602959462406,0.0003333333333333262,2.519396339724755e-05,7.493908769030232,0.008597248257226395,0.605679970435861,15.0,67.91301148324274,15.258379336685792,109.71428571428571,109.71428571428571,25,0.8064516129032258,0.4770531968283691,0.9455645161290323,0.3084891543274562,0.00010653188775510269,4.419179714013801,0.05747987713079961,0.41221776799034027,0.013006910976832048,0
23,-46.083333333333336,-37.15625,9.815625,9.848822546657827,19.331767963747307,9.043550051060793,128.0,54.0,47.0,1381.125,1154.5625,384.390625,64.33828334086135,3.7006312638580203,1928.1074956949417,7.9889415041322325,0.4408016335962913,1.9346942874264783,0.010118641666666673,32.13710743801653,0.016833556438311616,0.018926459618189683,0.0004999999999999598,1.2314482484910593e-05,7.988434192668144,0.008337943608882879,0.43957972911958554,15.0,70.69204699177725,15.989205566266765,109.71428571428571,109.71428571428571,23,0.71875,0.47148897369774023,0.91162109375,0.31077672741237794,0.0008306747448979672,7.056009863315319,0.016704686393688543,1.8636061907418848,0.002367440907436561,0
24,-43.84375,-42.905208333333334,11.021875,5.629217169154162,11.64887217172821,8.022010127416632,79.0,50.0,40.0,1313.890625,1304.6875,390.21875,64.12416134382455,2.107589132434623,1921.7512229881054,8.21762232231405,0.24809044744029854,1.0225719055716058,0.0015161499999999976,32.13942148760331,0.013864606264799122,0.013514690198222507,-0.0001666666666666927,9.425492698964133e-05,8.217890291114127,0.006947468344167866,0.24478565876159322,15.0,71.16219631607927,14.390970006940256,106.66666666666667,106.66666666666667,26,0.7878787878787878,0.3572457301616774,0.8854166666666666,0.2328602143329597,0.000642984693877548,1.4729824407805592,0.03192868984791977,0.7413541474828644,0.021676218917450366,0
25,-47.06979166666667,-31.317708333333332,-4.653125,7.645690776940775,19.569483550030917,24.011444550485535,79.0,75.0,74.0,1410.640625,990.65625,616.828125,64.87246608804772,5.248771474205448,1944.2289113790125,8.247496371900827,0.19572617740453271,0.9782078431912006,-0.0017015500000000072,32.13776859504132,0.013574867596314221,0.013514690198222507,0.0,-0.00021337085861264385,8.247645836323354,0.009336037804538936,0.18565856298570216,15.0,72.58220247772965,23.597308861043036,142.22222222222223,142.22222222222223,25,0.78125,0.47702705741714957,0.9169921875,0.32479329504975524,0.0066538979591837305,5.403548754446054,0.054139310627141016,2.543290198349872,0.010019213869884129,0
26,-49.69375,-23.885416666666668,-18.601041666666667,7.964894492134427,18.152461834685734,23.000593265861582,79.0,75.0,74.0,1489.15625,780.453125,777.140625,65.37959737062322,5.785120798669454,1959.3430752596998,8.092839619834711,0.23115759792623958,1.1818464821363237,-0.0015627500000000053,32.154793388429745,0.036952038907583806,0.03778826809568227,0.0008333333333333452,6.670927759110371e-05,8.093141843356143,0.010426592034073126,0.21835588006011836,15.0,79.71283295740454,28.781074779070245,142.22222222222223,142.22222222222223,30,0.8823529411764706,0.5159262205556315,0.8648897058823529,0.35190204911799383,0.0030525624999999915,3.4234855795979584,0.09480866385286682,2.057992487506645,0.02769360689522776,0
27,-51.778125,-18.260416666666668,-21.189583333333335,8.0377845092854,13.74851870177495,25.29911674663213,77.0,75.0,74.0,1551.75,594.984375,915.09375,65.71141629247857,6.252864183975913,1969.409824150928,8.051349644628099,0.32561693682536663,1.5615762555388444,-0.004845424999999996,32.228016528925615,0.09620587287025895,0.08613286212940524,0.002666666666666669,-3.000424265437957e-05,8.051343828624837,0.010158977626742428,0.3167149145626605,16.0,83.69313412133248,28.60671866624997,142.22222222222223,142.22222222222223,32,0.9142857142857143,0.4241157810929214,0.8098214285714286,0.3012827327885397,0.0020507959183673438,3.864558965978682,0.0649313950472876,2.9967675980651562,0.01680176072325604,0
28,-46.809375,-21.7375,2.43125,16.378597430062246,11.74440691350568,35.049896910511734,97.0,70.0,91.0,1407.875,671.140625,929.890625,65.35041151702313,5.792754631640851,1958.4585605068137,7.928619388429753,0.3539511429213945,1.6501808090499743,-0.0026459500000000006,32.33884297520662,0.12104360311726962,0.09404767437266992,0.0029166666666666785,0.00011619746215427625,7.927989155407375,0.012134742455461403,0.33639692640113045,16.0,85.30469118152376,29.330898137275565,153.6,153.6,33,0.8918918918918919,0.41596620810436297,0.8002533783783784,0.30936209908466983,5.102040816325482e-07,5.592397867713313,0.03347938681111974,2.437169239083452,0.005986588866362113,0
29,-49.391666666666666,-20.405208333333334,17.376041666666666,17.120611765419547,9.68048799768193,27.09818661211356,97.0,70.0,91.0,1485.109375,618.859375,807.15625,65.17919194918645,5.5360578800359574,1953.277049947479,7.775709892561984,0.43449827044159856,1.7267610420166162,-0.0041620999999999984,32.436776859504135,0.07313764760761292,0.06707284015175623,0.0020000000000000165,-0.0001459000089457055,7.77632507386063,0.012420779327376546,0.419823471689715,14.0,88.66729436845392,33.87314206238838,153.6,153.6,32,0.8888888888888888,0.4325936624428452,0.7894965277777778,0.32842426232191446,0.00028176020408163336,6.2437644153681475,0.06593024429267047,0.4419465025930541,0.010559374106171023,0
30,-50.40833333333333,-21.645833333333332,23.328125,17.131839672246397,7.652449453533743,18.805241972679898,97.0,70.0,91.0,1516.09375,654.203125,727.015625,65.06408332295014,5.10937240218412,1950.0422624515927,7.622394462809918,0.2346063265087241,1.2635602599310147,0.0009929666666666688,32.50735537190083,0.0423243789045407,0.04274823584342849,0.001333333333333364,-1.8099649748731286e-06,7.621915722085898,0.012215096904674972,0.20792017278207306,15.0,95.39180823049057,33.35248952676999,153.6,153.6,33,0.8461538461538461,0.40746591821473727,0.7299679487179487,0.32101673127919184,0.000974331632653058,5.690252591319192,0.02537499947877906,1.795046619137315,0.00445938015431689,0
31,-57.425,-22.273958333333333,14.657291666666667,6.3916123422289415,7.299182956440894,11.762061582262293,75.0,47.0,57.0,1720.90625,667.796875,481.265625,65.0184946872619,3.697061707513567,1948.5740546347408,7.444598223140495,0.2602285738018602,1.4636997451843343,-0.0016229166666666664,32.557438016528934,0.058937267750975623,0.04801793970182599,0.0010833333333333548,-0.00031928121864869066,7.445228195059687,0.011386807589278743,0.2476853094087943,15.0,92.8519884600491,30.385314100010714,153.6,153.6,35,0.8536585365853658,0.32409165430573034,0.7214176829268293,0.24208365788704664,3.642984693877479e-05,2.2673127411282055,0.01677646762444281,1.6571619823837729,0.00739927373940258,0
32,-53.85,-17.557291666666668,19.163541666666667,11.74673713561912,14.056539438932468,18.90952482542234,84.0,54.0,69.0,1613.5625,606.125,659.171875,65.14681168496357,4.935332878056801,1952.327681274035,7.4491385950413225,0.2945493245827289,1.4636997451843343,-0.0036143583333333304,32.60355371900826,0.040141475101932805,0.042669485322198164,0.0011666666666666713,8.148620740159134e-05,7.448540175759634,0.013203381890374163,0.2773137903080438,16.0,94.46673761243713,28.789422722436335,153.6,153.6,36,0.8571428571428571,0.3045677727554567,0.7008928571428571,0.22292391828118566,0.003032862244897965,2.7850365118499596,0.05777261198073033,1.078317239378964,0.020743933422386226,0
33,-53.1625,-11.61875,15.769791666666666,15.460320514681015,16.53904668063328,24.04748176261423,88.0,54.0,74.0,1605.59375,492.625,688.375,65.33597426848637,5.6556615929840035,1958.1859215805962,7.080245876033057,0.4615996345751123,2.2255879390504703,-0.005499325000000003,32.630826446280984,0.014407687161877345,0.01597650291897002,0.0001666666666666335,-0.00028336539299072996,7.081520166022144,0.01396312359537425,0.4458152706634433,15.0,97.21499039901104,28.25528140136738,153.6,153.6,38,0.8636363636363636,0.27971155460414887,0.6740056818181818,0.20404052062917805,0.00027698469387755045,2.9118176979412755,0.010889217852579798,1.1848284639696984,0.0037396633244858478,0
34,-52.284375,-5.116666666666666,19.907291666666666,16.12287988727123,15.462081755773452,25.377704062784403,88.0,54.0,74.0,1578.59375,390.75,819.921875,65.33176076302489,5.563140803797927,1957.8717843480754,6.84502432231405,0.5185024650877305,2.4479585993716597,-0.010410800000000001,32.63471074380165,0.012601612133864086,0.01330763189384765,0.00024999999999995024,-4.2990450570459015e-05,6.845447990035489,0.01637334087266767,0.5028237261350015,15.0,95.9804519945042,28.32668419669256,153.6,153.6,36,0.8571428571428571,0.27209218266775403,0.6860119047619048,0.2186120292946485,0.0031721033163265343,1.904952383599708,0.013016313472856264,0.7408088458919129,0.006832881275625319,0
35,-52.2125,-9.971875,18.35,14.366941581863088,17.567377455130906,23.927329214380226,88.0,59.0,74.0,1576.796875,457.796875,763.046875,65.01271392078307,4.815788649960188,1948.3471722641614,6.4324013388429755,0.3083360500045727,1.5980908279723092,-0.00706336666666667,32.63677685950413,0.013374137867203676,0.01330763189384765,0.0001666666666666335,1.4186047256522349e-05,6.4324188567986145,0.013516319590920863,0.2914299920908394,15.0,93.0135305037083,30.11539869036349,153.6,153.6,35,0.875,0.2959880475270009,0.728125,0.2847181994973276,0.0013558176020408113,3.314457997698442,0.06540223431275038,1.5578027079871566,0.019732407035529087,1
36,-49.5,-10.972916666666666,30.698958333333334,9.364382876979489,14.818390032649372,18.48918599925185,77.0,59.0,63.0,1483.59375,422.75,984.140625,64.43833392997284,3.1477630145834667,1931.189124534185,6.275466049586777,0.28700424549334486,1.5980908279723092,-0.007580750000000002,32.62900826446281,0.018781253123492485,0.018636398710100657,-0.0001666666666666335,0.0002440698439644218,6.273631649603455,0.01189724272429104,0.2750956656584764,16.0,77.25394198306536,28.932881468242744,137.14285714285714,137.14285714285714,30,0.9090909090909091,0.284499993993025,0.8825757575757576,0.3079719584886507,0.0010866441326530581,3.1281454484324387,0.08260975321776443,0.5227333406653704,0.026408539685762192,1
37,-46.740625,-12.089583333333334,37.22291666666667,5.61178221328795,11.697146012014592,15.259569942380056,77.0,59.0,56.0,1400.4375,363.484375,1156.15625,64.11852472201751,2.5247103738905814,1921.466860988394,6.078797603305785,0.127831399443346,0.7838340477265328,-0.0028044833333333336,32.61314049586777,0.026815348320303623,0.023968436715523078,-0.0007499999999999692,6.407481534601024e-05,6.078404997678826,0.0023083065182902154,0.12475865197895257,16.0,69.2422447879688,26.653568833457765,137.14285714285714,137.14285714285714,22,0.7586206896551724,0.1944175926577156,0.9606681034482759,0.2532660011196276,0.00025944005102040654,1.120940817086231,0.023921016387834546,0.05749758859295337,0.021340124316299534,1
38,-46.21875,-7.828125,43.490625,0.7260498863714531,0.5170435033679468,0.7273780145437906,48.0,9.0,45.0,1385.125,234.59375,1303.375,63.95383325440532,0.3429704570212178,1916.6306915334894,5.928504165289255,0.14702582943622755,0.7166035812981104,-0.004032349999999995,32.58669421487603,0.029468807707293165,0.02664385413764,-0.0008333333333333452,1.2886832045516127e-06,5.928504273041352,0.00010165479432141645,0.1470398339508235,16.0,54.79241446949057,6.421506922797922,72.45283018867924,72.45283018867924,18,0.6923076923076923,0.13632308819492023,1.1081730769230769,0.11308301429172189,0.00023474617346938795,1.0121749595182916,0.009273411762904525,0.0,0.009161866410247762,1
39,-45.7125,-7.41875,44.11875,0.787036900871448,0.5200786198579339,0.8468461710960261,47.0,8.0,45.0,1369.9375,222.328125,1322.1875,63.973811355616625,0.3051676631706724,1917.2108057171372,5.739529570247933,0.18932472541221423,0.9390908054757243,-0.005149174999999998,32.562066115702486,0.022923421036566423,0.021334710482067185,-0.000500000000000019,-2.110408609966057e-06,5.73953055253899,0.00011262913050043574,0.18929148022534278,16.0,54.95743919054398,5.624622312426713,72.45283018867924,72.45283018867924,18,0.6923076923076923,0.12971573487823287,1.1021634615384615,0.10266421396183954,3.3176020408163814e-06,0.4825296295900158,0.014084988298637139,0.0,0.029189893086160396,1
40,-43.927083333333336,-7.863541666666666,45.31458333333333,5.4877606082131125,2.250260160499349,4.641636276830498,60.0,24.0,80.0,1316.59375,235.984375,1357.9375,63.999782424926345,2.3637310680551376,1918.021654478941,5.549728752066115,0.16821750726460874,1.0670066261565856,-0.004213183333333329,32.55347107438017,0.015572318298597173,0.016005943665813555,0.0,1.548302709870578e-05,5.549707447719831,0.001812370137808826,0.16734651458118138,16.0,60.382063114207604,13.6258428601341,106.66666666666667,106.66666666666667,22,0.7857142857142857,0.18839005567891237,1.0323660714285714,0.17598220514422322,0.000430562499999998,0.7665828274811124,0.052164243097966696,0.0,0.06804775847819518,1
41,-43.58645833333333,-12.472916666666666,41.83645833333333,9.349845361819122,9.093455512604777,12.39208937682681,77.0,70.0,80.0,1306.265625,373.921875,1255.203125,64.16725120084482,3.446815921157782,1923.056518247129,5.3507880082644625,0.17767482065164714,1.2015733946805036,-0.006057566666666673,32.562066115702486,0.02564594776915838,0.026660210120427536,0.000500000000000019,3.037461752161271e-05,5.351136868872473,0.0049154972141549945,0.17360098728689463,16.0,66.43030564617017,19.858050684805704,120.0,120.0,27,0.9,0.3120686678413516,0.9802083333333333,0.2746604595779224,0.0005455561224489781,2.237511110434823,0.10768456968442466,0.03336120680330949,0.04812694300476477,1
42,-40.15416666666667,-22.308333333333334,36.385416666666664,12.122688067100556,16.144295088014495,16.844614490287064,77.0,70.0,80.0,1203.5,669.5,1090.984375,64.10378792224927,3.995074970421618,1921.1208687418086,5.104583388429753,0.27029967312003833,1.540640889137361,-0.004075899999999999,32.58355371900827,0.02747980488015982,0.026660210120427536,0.0006666666666666524,-6.410248778013119e-06,5.104650444762171,0.0050781965360479995,0.26800451723242774,15.0,80.91498205458011,28.274411673079666,153.6,153.6,31,0.8857142857142857,0.3884960366545887,0.8424107142857142,0.31366682672666474,0.006451531887755118,4.245793875523451,0.08900529999592073,1.1880506290037272,0.020963170282247284,1
43,-40.20520833333333,-25.832291666666666,33.223958333333336,12.628447299909725,14.44501063510387,19.35794542295912,77.0,70.0,69.0,1204.84375,774.609375,1021.859375,64.15030398617405,3.8989793726217035,1922.472920947547,4.936763735537189,0.1938061018754608,1.4325835311463626,-0.005004816666666671,32.60173553719009,0.02266090987320822,0.03198244658478176,0.0006666666666666524,5.526284672006653e-05,4.936039931941042,0.004940238482321105,0.190351540979479,15.0,81.85495842081168,29.10869049978663,153.6,153.6,26,0.7647058823529411,0.4898426738968896,0.8455882352941176,0.3469885194868979,0.004975286989795922,3.9027285511878986,0.05316204809136147,3.183081512183393,0.013621764207807944,1
44,-40.619791666666664,-27.532291666666666,32.36770833333333,12.228051083060233,13.12007840099532,18.582283199728998,80.0,61.0,69.0,1217.59375,824.765625,1001.28125,64.10971964826456,3.5454038257422944,1921.416087487922,4.771570132231404,0.11454263306214399,0.8715521515145642,-0.002167458333333331,32.62123966942149,0.01878852506906434,0.018636398710100657,0.0003333333333333262,-6.931271452598907e-05,4.7715859568671934,0.0035854921135023035,0.10942955365095271,15.0,80.73931221610388,28.720790856892698,153.6,153.6,25,0.7352941176470589,0.48420696009901937,0.8602941176470589,0.36283384206919295,0.008629082908163272,5.864540907123434,0.1305381071414256,3.0207795317085377,0.02225887911922755,1
45,-44.869791666666664,-20.708333333333332,32.97708333333333,13.51845667189604,9.71115838724826,18.538234584044282,80.0,40.0,69.0,1345.1875,620.921875,1022.25,64.33432201663076,3.3819696914360273,1928.0420137204383,4.703821388429752,0.1527568971064036,1.0675374899180723,-0.004351516666666666,32.64256198347107,0.028474402760984372,0.026594906380493027,0.0008333333333333452,1.6122322853368215e-05,4.703714413361256,0.004835689471218195,0.14679259742608278,16.0,68.05310617831012,24.272261182112054,116.36363636363636,116.36363636363636,23,0.7931034482758621,0.5206314712983168,1.009698275862069,0.3832035035413138,0.00028056250000000157,4.930292898648283,0.02410628117275436,0.691409530464473,0.004889421717594806,1
46,-50.307291666666664,-16.344791666666666,29.797916666666666,12.950400128886514,11.002692566212929,13.66369870592838,80.0,40.0,69.0,1508.109375,489.890625,901.390625,64.45618697154651,2.600072644312834,1931.6251224703067,4.513409950413223,0.18499255506515586,1.811874168354661,-0.004009841666666662,32.66528925619834,0.024799172878945515,0.026594906380493027,0.0002500000000000095,-0.0001658396835231021,4.514399231103678,0.0062704269804470265,0.18037003714486172,14.0,68.71673460089099,23.390391158264084,128.0,128.0,26,0.8666666666666667,0.40894538525945,0.9734375,0.3210585823198782,7.562499999999851e-06,2.66644989294637,0.05034198874393197,0.5394752890758696,0.018879780519072555,1
47,-53.32604166666667,-10.044791666666667,30.433333333333334,10.667949904500421,7.867991190466845,10.869094820739315,69.0,40.0,69.0,1598.921875,300.703125,914.859375,64.5097593802266,1.7581082746139693,1933.3207323080846,4.345033950413223,0.1979808041967977,1.5806008515119294,-0.005216366666666665,32.672727272727265,0.01804493931025516,0.015947170277779296,8.333333333331676e-05,-7.31518915423954e-06,4.34488102246212,0.005644824889568508,0.19415287959102337,14.0,65.08692321952996,24.902393880523082,147.69230769230768,147.69230769230768,24,0.8571428571428571,0.37540969132747837,1.0212053571428572,0.28541112892797976,0.0027263316326530626,3.0911850924421116,0.03508912430318403,0.0,0.011351350130723737,1
48,-55.5375,-7.405208333333333,31.26875,2.5537248122432197,3.1529374462444633,4.913699228093501,80.0,48.0,44.0,1664.5,221.28125,937.671875,64.47305107549882,0.9046509544865918,1932.1544904874297,4.13438414876033,0.17042029660398272,1.0806170830909274,-0.004076258333333334,32.66619834710743,0.01859779593922074,0.02126940674213469,-0.000500000000000019,-9.165207016243403e-06,4.134359020739487,0.004397899779263068,0.16838371728129353,14.0,68.48761736160264,26.181763731206548,147.69230769230768,147.69230769230768,26,0.8387096774193549,0.30156654790029347,0.9642137096774194,0.24587683407311664,3.6862244897950304e-07,1.5809730690934658,0.04943524358757219,0.41526995540437844,0.031268871402040065,1
49,-54.403125,-16.791666666666668,20.335416666666667,1.9955655591941013,13.331367042513767,18.316033385890503,80.0,51.0,38.0,1630.390625,503.109375,711.609375,64.58470365190671,1.0908769539792162,1935.5339956999214,3.9398450082644634,0.1989717561541488,1.5422333480721062,-0.005805958333333335,32.66057851239669,0.017781851675984464,0.02126940674213469,0.0002500000000000095,6.1924500879402255e-06,3.9397134258905075,0.0014778840084178244,0.19866373181795038,15.0,61.40949679629079,18.7426209531843,142.22222222222223,142.22222222222223,23,0.8214285714285714,0.24495783367301766,1.0340401785714286,0.20226697089526674,0.0006502499999999999,0.8186898643862811,0.0804789655927674,0.0,0.09830213991118271,1
50,-54.4875,-25.683333333333334,7.915625,1.995789839470412,12.938787509740711,17.976146394394664,80.0,51.0,38.0,1632.921875,769.859375,419.25,64.68804638484139,1.0827187597006882,1938.6260904088385,3.7146689421487604,0.19629395026860738,1.4405075725998082,-0.005111275,32.68471074380165,0.04146240715256149,0.03718735189001755,0.0007500000000000284,-2.2721082984261882e-05,3.7146815529378285,0.00046188031970002293,0.1962920389030518,15.0,60.483388531196795,18.775299083599336,142.22222222222223,142.22222222222223,22,0.7857142857142857,0.21449229460389585,1.0491071428571428,0.19696684568016484,7.8448979591837e-05,1.9707942023962888,0.038547075462964576,0.0,0.01955915813842723,1
51,-54.825,-34.325,-4.090625,1.5029831447269568,1.7400311299897286,1.2760272108024706,62.0,51.0,12.0,1643.21875,1028.5,122.84375,64.86297199814253,0.6551630088603061,1943.8937475176185,3.5085938512396697,0.17870272225528333,1.6389527365294216,-0.005604824999999998,32.72752066115703,0.051333957503307374,0.04778313196345528,0.0011666666666666713,1.2991005137576704e-05,3.5084933782731835,0.00027624882266200014,0.17844100445284974,15.0,55.74900223242574,9.752749565222622,93.65853658536585,93.65853658536585,20,0.7407407407407407,0.13011615326832465,1.1006944444444444,0.14354185144857215,0.0017133686224489793,0.3669710091267555,0.008238961868209898,0.0,0.022451260898825053,1
52,-55.25729166666667,-33.98229166666667,-3.3427083333333334,0.437141470156465,0.13188915142607024,0.5829602601640661,56.0,34.0,5.0,1655.984375,1018.421875,100.171875,64.95967814875948,0.3559117066266273,1946.7613842864257,3.3236537933884303,0.14149927779542457,1.2888303631667348,-0.0041207,32.77661157024793,0.035292256051488,0.03180677208716948,0.0008333333333333452,1.1180978990776773e-07,3.3236479741572533,9.34399595848551e-05,0.14151617720512077,15.0,53.315221222777346,5.217249639028935,64.0,64.0,19,0.7307692307692307,0.16345871038277526,1.1358173076923077,0.10701166043789133,0.00010287755102040911,0.4289976846465013,0.002008925180183239,0.0,0.004682834551516554,1
53,-55.43541666666667,-33.07604166666667,-1.596875,1.1583014833750704,5.206911368389507,6.512087368965627,66.0,41.0,37.0,1661.3125,992.09375,122.03125,65.11223289443689,0.9581027261966418,1951.332876925389,3.168027677685951,0.12991711697060543,1.2322525016278751,-0.0036409000000000025,32.80776859504132,0.024746236154437662,0.023836882392026915,0.0007500000000000284,-8.980692017955506e-06,3.168019823321164,0.00046542661142911937,0.1299329221162145,15.0,54.39197465659893,5.948004908308101,71.11111111111111,71.11111111111111,20,0.7692307692307693,0.18341913238536486,1.1153846153846154,0.1130957884249783,0.00011865433673469437,0.6673726259354459,0.003123684435496961,0.0,0.004680570215355388,1
54,-54.717708333333334,-23.434375,11.54375,1.7267801679032246,13.993966915283231,18.623298649921463,66.0,41.0,41.0,1639.84375,702.96875,452.953125,64.969338976361,1.0396279661656536,1947.0632816110876,3.021862710743801,0.1273660173232409,1.323845395635523,-0.0038153916666666676,32.8197520661157,0.01668684887817991,0.018534141300547403,0.0,1.5745311020613397e-07,3.021859032880116,0.0008299280086435354,0.12727498987508756,14.0,65.52490705638829,20.94790943323214,132.41379310344828,132.41379310344828,22,0.7586206896551724,0.2546649036864775,0.990301724137931,0.24429143120276714,4.800510204081662e-05,2.5753072875535454,0.010253986016857944,0.21388570791249198,0.0039816553412540074,1
55,-53.927083333333336,-14.353125,24.254166666666666,2.2992063470660673,13.151017491726956,17.558117286283544,78.0,41.0,41.0,1616.203125,430.34375,777.453125,64.70043088713473,1.6686675380177516,1939.1420017955347,2.869279966942149,0.13869286107548828,1.3753881805194643,-0.0036765916666666692,32.8095041322314,0.024590908743720517,0.018534141300547403,-0.0001666666666666927,-5.749319807527646e-05,2.8695721665788496,0.0012837483133312266,0.13823140355540034,14.0,65.09500417586806,20.74297985628754,132.41379310344828,132.41379310344828,19,0.6333333333333333,0.2362354321817611,0.9953125,0.2412582981085832,5.786862244898065e-05,1.7940493072094397,0.018112355128909737,0.003746335765875161,0.01009579561505066,1
56,-55.43958333333333,-6.155208333333333,30.958333333333332,4.398685389945753,2.9933735772976764,8.461698837835238,78.0,23.0,54.0,1661.375,186.15625,927.96875,64.54641039358825,1.8767961092817804,1934.3779739466777,2.747500314049587,0.11498244350456961,1.3608756293047544,-0.003206791666666664,32.78487603305785,0.029179289113838533,0.023836882392026915,-0.0007500000000000284,-1.5150771247476532e-05,2.7475010983830033,0.001757068893947283,0.11443744856913177,14.0,70.1477655075743,28.562257561943206,153.6,153.6,19,0.6333333333333333,0.2894372279855608,0.9692708333333333,0.2955695897389855,0.0030921543367346707,3.4401902275171654,0.06465475126941485,0.05017142677570279,0.018793946553379143,1
57,-58.00416666666667,-6.110416666666667,26.327083333333334,4.457201959251516,2.9108804211765364,8.124762549949109,78.0,23.0,54.0,1738.375,184.578125,788.890625,64.69780106066473,1.866021949133887,1938.911727448272,2.6298427603305785,0.09117715103681674,1.1275282947704393,-0.0025198000000000017,32.75363636363637,0.02672170628490767,0.02121745088767082,-0.0006666666666666524,-3.024260856315867e-06,2.6298503576775074,0.001597459235029341,0.09062341903328887,14.0,63.17952353536352,27.675743332715832,153.6,153.6,19,0.7037037037037037,0.2759414882323508,1.0578703703703705,0.25821341634652584,8.556250000000034e-05,2.4874597356342316,0.041319162270499615,0.0,0.01661098737743564,1
58,-59.25833333333333,-5.209375,24.604166666666668,2.921175086996479,2.4287590334795115,6.063516524170515,74.0,19.0,54.0,1776.09375,157.40625,737.4375,64.75754665942891,1.3081254980143375,1940.864910001931,2.5386965206611576,0.10260781316609816,1.4632973019609008,-0.002224191666666664,32.72446280991735,0.029287698408287387,0.034504725374317674,-0.0009166666666666619,1.1870609307576922e-05,2.538770864715426,0.0013600988687086607,0.10215650011135648,15.0,69.45906582835471,32.26101479236831,153.6,153.6,24,0.8275862068965517,0.33145630368119416,0.9924568965517241,0.2897895588937201,0.0008493061224489728,4.522821390800052,0.039042060788896354,0.43021794919908757,0.008632235813758304,1
59,-54.28854166666667,-13.7125,22.894791666666666,9.057747257086824,18.10515148836559,10.271439668968702,65.0,57.0,59.0,1627.1875,410.484375,716.984375,64.59369780369418,1.563927975227685,1935.7973265353962,2.451056983471074,0.07023865817445893,0.8581321320101655,-0.002021333333333334,32.69504132231405,0.027457674925257344,0.026562374334183018,-0.0005833333333333357,-1.1115462414116065e-05,2.451095876300181,0.001959730690786383,0.06899944781938547,15.0,62.54586694494201,23.31937200011819,153.6,153.6,22,0.7857142857142857,0.35643168693833,1.0474330357142858,0.2653452486564145,3.3474489795918604e-05,3.412192880780267,0.020217669895757878,0.0,0.005925125162073106,1
60,-46.05416666666667,-29.341666666666665,17.982291666666665,10.617261070487476,23.287155198139217,13.125940401164806,65.0,57.0,59.0,1380.15625,879.375,588.734375,64.2649189115186,1.6158039163024296,1925.9397744677426,2.3798831900826443,0.062201118477402825,0.9816887936215845,-0.0012739333333333324,32.67669421487603,0.019933294949007734,0.015947170277779296,-0.0004166666666667022,1.0899193041051101e-05,2.379868704978497,0.002131909641811908,0.06065901734867135,15.0,72.98989166088398,31.2735824685004,153.6,153.6,26,0.8387096774193549,0.3931791496887901,0.9465725806451613,0.3152793288750801,4.8999999999999795e-05,2.3787810405163032,0.04359508586640572,0.5829422184833772,0.018326649289647782,1
61,-39.525,-45.27916666666667,8.161458333333334,7.449790265504124,15.578603894622763,11.482957206512493,65.0,57.0,59.0,1184.3125,1357.46875,322.546875,64.08087387395376,1.6523151082938956,1920.4093198209025,2.335186041322314,0.05344411034902061,1.0601118698155145,-0.0010250083333333364,32.68752066115702,0.03270911091352107,0.03186511542566223,0.0007500000000000284,3.0269222363984167e-06,2.335178818912115,0.0021419549754038048,0.05169216695009631,15.0,74.59984091596026,30.75555940237563,142.22222222222223,142.22222222222223,27,0.84375,0.4024813566359517,0.92578125,0.31890410643571604,0.0009064400510204104,2.5296122515204065,0.14102135858873988,0.2714370661385323,0.05574821141223519,1
62,-37.38333333333333,-50.780208333333334,4.365625,4.857439883541764,6.914554694502306,6.052949145612822,77.0,56.0,30.0,1119.9375,1522.5625,189.0,64.03407174157275,1.6980840757891165,1918.9800986847304,2.286371355371901,0.03816950031194796,0.753150697319816,0.00019219166666666713,32.73256198347108,0.05867023582083661,0.0503992567262107,0.001333333333333364,-6.277337966718668e-05,2.286408559693469,0.0014778906237806137,0.03639384589601042,15.0,86.36326889733567,32.5407279718915,153.6,153.6,30,0.8333333333333334,0.3818386848526482,0.8064236111111112,0.31453930469729835,0.003048617346938782,5.109193222261694,0.021357255059105306,0.7203919612547598,0.0041801619414289955,1
63,-35.38125,-42.401041666666664,10.619791666666666,20.61948063775694,16.45614750121052,15.800060125094374,77.0,56.0,49.0,1132.609375,1271.421875,362.59375,64.05352895609745,2.2839136594271117,1919.5808815581793,2.2470866198347106,0.0741115542826222,1.3272414935753263,-0.0022315166666666665,32.7904132231405,0.05323263608123199,0.055670473619501074,0.0015000000000000568,-1.9906316175502323e-05,2.247117968627603,0.0017029916291002685,0.07314232401545147,16.0,84.61715676608407,31.001735240176405,153.6,153.6,29,0.8055555555555556,0.33745246027615294,0.8107638888888888,0.29586308209840145,0.0024255624999999946,4.591888248453835,0.024094606973373914,0.852489822117444,0.005247211096978888,1
64,-41.864583333333336,-27.422916666666666,18.334375,23.83223473210997,21.07991480437533,16.78279332211144,79.0,56.0,53.0,1327.484375,822.09375,565.078125,64.25545245069355,2.458903283307294,1925.6684666465617,2.1595378099173557,0.10986056915636548,1.6244857019747831,-0.0014627583333333323,32.827024793388425,0.023518750321665737,0.026465253984969635,0.0004999999999999598,3.233837887198793e-06,2.159612609098582,0.002020142207554831,0.10848185912452556,15.0,82.71198167451408,26.416726696445945,147.69230769230768,147.69230769230768,31,0.8378378378378378,0.33578606082717805,0.8032094594594594,0.25775706968253936,0.0004903061224489811,3.7514205232680595,0.02245550060700314,0.4058425044411297,0.005985866012014289,1
65,-42.603125,-13.10625,32.965625,23.308881323815356,14.135400393014459,17.46871804186105,79.0,46.0,53.0,1349.1875,393.390625,993.234375,64.17322569906513,1.8971522633091882,1923.1778632376638,2.1073134876033057,0.09389788655523139,1.6244857019747831,-0.0023596416666666676,32.834793388429745,0.012798448611673596,0.015869473911532095,-8.333333333337597e-05,7.579198462688264e-05,2.1070458802120795,0.0016460780794833297,0.09217044946674172,16.0,74.17303568213883,24.253310277776684,147.69230769230768,147.69230769230768,30,0.8823529411764706,0.3012290362691928,0.8772977941176471,0.21770141116970543,7.960459183673152e-06,1.3015412090954803,0.04019431023944255,0.3077983219755628,0.030882088064945717,1
66,-44.41875,-7.992708333333334,40.95104166666667,11.936449015689997,5.937956031463792,15.092654772491063,79.0,46.0,66.0,1331.203125,239.359375,1227.46875,64.1442857647937,2.2211529418641573,1922.3394912983356,2.0718513223140493,0.03955155828322889,0.8323768269583188,0.0006940166666666673,32.82504132231404,0.012864453359352386,0.013234635560759217,-0.0002500000000000095,-1.4292667764576216e-06,2.0718662120520706,0.0012726893065191816,0.03724701567254532,15.0,71.06160549312983,22.291501650386316,128.0,128.0,27,0.84375,0.2753926357596462,0.90966796875,0.21554340532585953,0.0012450816326530698,1.1846453233359413,0.0317496695013596,0.2850075328050457,0.026800991719574823,1
67,-42.41041666666667,-16.6375,36.280208333333334,10.184459967341857,12.825099496040306,21.73269483880444,68.0,46.0,69.0,1270.8125,498.5,1097.265625,64.22731404384561,2.6593086281772504,1924.8112298458877,2.083192,0.030527920090055158,0.5970313595975334,-0.0003203166666666646,32.82471074380165,0.014942002485935807,0.02116574824518152,0.0,-1.0978062143763121e-05,2.0832150096058286,0.0010902049661985456,0.02873146467954312,15.0,66.20626212004792,15.74645125025258,106.66666666666667,106.66666666666667,25,0.8333333333333334,0.26756706378156797,0.9505208333333334,0.19017550031520597,0.00025829081632653057,2.1037275918059013,0.024281590252998655,0.10538750373674732,0.01154217416151044,1
68,-46.76770833333333,-26.341666666666665,18.58125,11.376199522757908,11.903340450851976,26.03434555423854,68.0,46.0,69.0,1401.546875,789.609375,686.0625,64.56001022935969,2.6952651418684033,1934.7862154095526,2.0779505123966944,0.032202580229026244,0.5970313595975334,-0.0001494833333333334,32.83528925619835,0.022307926922485188,0.02116574824518152,0.0003333333333333262,-5.358294617706674e-06,2.0779778687580817,0.0012692094762886503,0.029987314812643717,14.0,69.91326319828445,19.532919796040204,109.71428571428571,109.71428571428571,23,0.7419354838709677,0.2761251839066839,0.920866935483871,0.22829601286797627,0.0014740114795918364,1.7219335009642116,0.01957728123800566,0.4540862894869548,0.01136935963383208,1
69,-52.98854166666667,-34.32083333333333,-0.3229166666666667,6.224855583861408,2.7331268976922547,13.546059383687526,68.0,45.0,69.0,1588.421875,1028.734375,246.1875,64.90216505675586,1.7980348380806692,1945.0605802463583,2.063994388429752,0.027545277801224722,0.7961960031514582,-0.0008755249999999992,32.844793388429764,0.01661917510228702,0.015869473911532095,0.0002500000000000095,1.621491512931563e-05,2.064022647157904,0.0012124401388505898,0.024983978026762825,15.0,67.68363352530206,20.610119481254,109.71428571428571,109.71428571428571,21,0.7,0.31806732591489995,0.9640625,0.25889608144887655,0.0015349604591836676,1.7323855264583365,0.02778952275902723,0.0366172256460061,0.016041188485244228,1
70,-54.034375,-35.371875,-5.022916666666666,0.6453887918985991,0.7389749551743956,4.568631249406715,58.0,37.0,20.0,1619.328125,1060.046875,182.859375,64.94349228596053,0.5391904765958812,1946.2700378588338,2.050302966942149,0.020234449322153715,0.5475847101965318,-0.00023490000000000086,32.84553719008265,0.01384390030213283,0.0105764270456845,0.0,-5.10981095093045e-06,2.0502961351373163,0.000871138020802785,0.01883828343491168,15.0,64.9187210687439,21.07839669762574,109.71428571428571,109.71428571428571,19,0.6551724137931034,0.35510369304260975,1.0161637931034482,0.29186974927612647,0.000586331632653064,3.545870663179262,0.08700198963428696,1.0152570628052795,0.024536142995210133,1
71,-53.871875,-34.67395833333333,-2.120833333333333,3.06988745467566,3.1630926582903887,9.922721365913464,77.0,41.0,53.0,1614.390625,1039.25,211.40625,64.99995948217297,1.3620819783963896,1947.9676715944584,2.0158909256198347,0.04891100635995162,0.9744913428144502,-0.0016081916666666658,32.83561983471074,0.012257064886917982,0.02116574824518152,-0.0003333333333333262,-6.474253348045543e-05,2.0160962918677385,0.0019969011929488367,0.046843456242121335,15.0,66.09618937725953,24.683374650231904,128.0,128.0,17,0.6071428571428571,0.3185042398621801,1.0206473214285714,0.31561100933201813,0.001821460459183677,2.0460664476294617,0.052608233617933126,0.0,0.02571188911234244,1
72,-54.33125,-31.925,5.192708333333333,3.459988936037224,4.694700025915749,13.54196213619961,77.0,41.0,53.0,1628.25,956.75,323.171875,64.91024267890437,1.453078467395067,1945.2834165371314,1.9539690000000003,0.07498430786515624,0.9997376969612815,-0.0012985583333333347,32.82454545454545,0.015587661999529679,0.013234635560759217,-0.0004166666666667022,3.069689117994117e-07,1.9539716622348686,0.0020877061407780155,0.07391146098643342,15.0,64.63282125655482,23.75142541112984,128.0,128.0,20,0.7142857142857143,0.33503795908490397,1.0373883928571428,0.3143455349357204,0.000788005102040819,1.7313372878373074,0.14303960624875012,0.0,0.08261798972020491,1
73,-54.88229166666667,-29.611458333333335,11.195833333333333,3.6557174054163277,3.8457327485492137,12.560569226971982,77.0,41.0,53.0,1644.75,887.3125,417.046875,64.78938173743217,1.583960462877261,1941.6629064107747,1.8835018181818182,0.07516319879738051,1.215038670926216,-0.002142050000000001,32.81628099173554,0.0147783755023179,0.010589321199496614,-0.0001666666666666335,-2.0246119329644066e-07,1.8834903969390662,0.0021749309175856024,0.07396678535034863,16.0,70.22246545392659,27.324603879037344,142.22222222222223,142.22222222222223,25,0.8333333333333334,0.32761146184977236,0.9651041666666667,0.30497938298373367,0.0005985012755102028,0.7016697385488053,0.12161971387563733,0.023946263152196622,0.17332899966182302,1
74,-55.703125,-29.175,12.748958333333333,1.7953616815862852,2.119011168760876,8.062935967433361,62.0,35.0,43.0,1669.3125,874.359375,402.09375,64.71907820437468,0.8485770693927915,1939.5632408256195,1.8068635123966943,0.06286271359450468,1.0306468278958243,-0.0013026083333333345,32.81702479338842,0.014295848562233511,0.013234635560759217,8.333333333337597e-05,3.051851520836006e-05,1.80675426629261,0.0011017763117792225,0.06228783786353121,16.0,61.81406492225029,22.19983416303297,142.22222222222223,142.22222222222223,24,0.8571428571428571,0.3335909377863076,1.0546875,0.25747407441436837,0.0018891441326530623,0.9300289260863919,0.046970667513918735,0.0,0.05050452324270563,1
75,-55.90208333333333,-30.507291666666667,10.55625,1.1230519399040377,1.4119832972090083,4.684745023744623,60.0,35.0,23.0,1675.34375,914.296875,316.21875,64.74484157237845,0.6924219096392459,1940.3298088492043,1.746040991735537,0.06606670718653236,1.116406198284691,-0.0018898500000000004,32.82595041322315,0.014175902752118498,0.013234635560759217,0.0004166666666667022,2.7316420137376487e-07,1.746031923802292,0.000712164189851927,0.06587162311323724,14.0,62.31690403968549,21.391172000093952,142.22222222222223,142.22222222222223,21,0.75,0.2582199011716779,1.0323660714285714,0.21601965417921856,6.250000000000224e-06,1.6278633120598638,0.03598972112935632,0.0,0.02210856455989274,1
76,-56.109375,-31.166666666666668,8.892708333333333,0.3346572017876402,0.375462677535627,0.31283142147790854,57.0,32.0,10.0,1681.515625,934.046875,266.515625,64.79936277847358,0.31104689427569754,1941.9567542314337,1.6820524132231403,0.047146610511837085,0.8281742985989367,-0.0013346416666666675,32.83652892561983,0.011478383838325203,0.015869473911532095,0.0002500000000000095,-1.588308394456313e-06,1.6820492046973494,8.453374871268366e-05,0.047131038388595566,14.0,54.49836188986608,5.745555599395271,73.84615384615384,73.84615384615384,15,0.5769230769230769,0.1620185174601965,1.1123798076923077,0.1103169629232824,4.041326530612319e-05,0.638310741564848,0.014317736898899359,0.0,0.022430668899286844,1
77,-54.81979166666667,-24.557291666666668,15.00625,4.518921326666047,13.287950719791116,12.623059359924069,66.0,35.0,57.0,1642.796875,768.078125,449.625,64.71497339093904,1.327329026046277,1939.4249395420266,1.6414546776859504,0.0350595667313785,0.677083180564212,-0.0009716166666666656,32.844380165289266,0.012849578697370335,0.0105764270456845,0.00024999999999995024,1.117711563678915e-06,1.6414827078147796,0.0005408799904176657,0.034405224040585644,15.0,55.378180571610486,5.9390094225413605,72.45283018867924,72.45283018867924,17,0.6296296296296297,0.14162306078514844,1.0954861111111112,0.11365893960647853,0.00011787755102040873,0.4886826777660266,0.014829378143806382,0.0,0.030345618575222857,1
78,-56.57395833333333,-15.552083333333334,18.352083333333333,5.799672131387879,15.029949123657147,12.747834613234865,73.0,35.0,57.0,1695.421875,506.40625,550.5,64.79806836417332,1.5912923276131858,1941.912387412062,1.5836067355371903,0.06307883499513353,1.3327894003880056,-0.0019128666666666664,32.84991735537191,0.01783746024654892,0.01585981506629309,0.0,1.6818670174323897e-05,1.5835537980276009,0.0016820794461655465,0.0621848934293737,16.0,78.34805641900184,30.300182596097095,142.22222222222223,142.22222222222223,24,0.7058823529411765,0.22414544685247784,0.8685661764705882,0.2738276535632748,7.781760204081563e-05,0.6287283681535523,0.018065760427254676,0.15067081363993506,0.028733808338106567,1
79,-56.61770833333333,-6.519791666666666,25.785416666666666,5.815272542904924,10.491843258293427,11.397358787297561,73.0,35.0,57.0,1696.78125,235.5,773.453125,64.68448022369729,1.6353189872665639,1938.5252834130142,1.5114306446280992,0.0904591382506794,1.6205517326753789,-0.001880824999999999,32.84768595041323,0.01733292527177221,0.01585981506629309,-8.333333333337597e-05,2.4944728645294035e-06,1.511426308770814,0.0018074057470109067,0.08963259554350457,16.0,88.7418487289562,31.33028949824487,153.6,153.6,29,0.7631578947368421,0.30884689091364836,0.7709703947368421,0.28095919532207586,0.005020734693877551,2.546154627967496,0.013984190088550263,0.6517864860092414,0.005492278408760014,1
80,-58.80104166666667,-3.872916666666667,25.408333333333335,3.0453172656168173,2.0223995219513102,7.4749535487222625,73.0,10.0,34.0,1762.171875,124.65625,762.03125,64.7020214099252,1.0162679123057266,1939.060276124063,1.426960826446281,0.07116630650094473,1.5300097155761567,-0.001966250000000001,32.838925619834704,0.01914717478642078,0.021152861932139732,-0.0003333333333333262,-3.911050714985181e-06,1.426992135099116,0.0017494521474210288,0.07045022164831609,15.0,92.0329449655114,30.905334420889798,153.6,153.6,33,0.825,0.3367587420105272,0.7390625,0.2747779643412113,0.00030624999999999907,3.354597732132232,0.024549529665636498,2.5854756903061724,0.00731817392901904,1
81,-58.69895833333333,-3.580208333333333,26.370833333333334,2.4584037331021436,0.5914529763758813,4.949956158616177,63.0,7.0,34.0,1759.078125,107.25,790.359375,64.68730399751897,0.5047621874722216,1938.5709670157694,1.3660081818181817,0.03961177801993779,1.082295251087341,-0.0010036500000000005,32.82785123966942,0.010617824680345618,0.007938361227109603,-8.333333333337597e-05,-2.0432370463181606e-05,1.3660696025328485,0.0007910464800781296,0.03942459036954133,15.0,82.03437068834668,32.095029134410716,153.6,153.6,29,0.8285714285714286,0.3714310096705079,0.8446428571428571,0.30290959893597136,0.0006520727040816268,4.686153253286991,0.057367245241396456,1.4236662181073714,0.012241862811711836,1
82,-60.47083333333333,-3.970833333333333,22.192708333333332,2.3881616302550004,1.312275113008786,5.451619499280058,69.0,9.0,33.0,1812.265625,118.96875,665.078125,64.81834435285793,0.8563159586255827,1942.5355212627428,1.3316260661157024,0.0254287021591697,0.6727925338946049,-0.0007474,32.821900826446274,0.010310393503304606,0.007938361227109603,-0.0001666666666666335,1.6881025977084348e-05,1.3315294086779246,0.0007043303190523699,0.024748321046858524,16.0,79.02251033085753,29.928221768009603,153.6,153.6,28,0.8235294117647058,0.33356999174676877,0.8602941176470589,0.2832836295686258,0.0017880816326530566,2.6565995462237075,0.03884617257089726,0.2630525867568531,0.014622517204791427,1
83,-61.696875,-4.240625,19.053125,2.0271055475829733,1.399931406429734,4.9623888133010094,69.0,9.0,32.0,1848.9375,127.078125,571.0625,64.93867202758013,1.0825896241805268,1946.1149511027393,1.3108824628099172,0.0224183685438074,0.6841854617752431,-0.0007474,32.831818181818186,0.02112536370658483,0.021152861932139732,0.000500000000000019,9.994963192837996e-06,1.3108385217389802,0.0008852782629208015,0.020909352098979216,17.0,80.86024525879373,30.651539487162882,153.6,153.6,29,0.8529411764705882,0.38713402194455826,0.8423713235294118,0.2815400783252632,0.00010433163265306107,3.876399204686295,0.013263371275730155,2.9339254638007466,0.0034215700126281287,1
84,-61.27395833333333,-4.673958333333333,19.323958333333334,3.370977380265831,1.8638415074599437,7.406377386972925,80.0,9.0,42.0,1836.46875,142.28125,578.78125,64.93648228572154,1.644478647729761,1946.0883859174644,1.2795923305785122,0.04362919322477137,1.4364916086554655,-0.0008968749999999988,32.848842975206615,0.028551536197677158,0.021152861932139732,0.0003333333333333262,7.115914328683761e-06,1.279592420151248,0.0010485727370066085,0.042485265082123365,16.0,87.62074377042427,31.2802661852738,153.6,153.6,34,0.8947368421052632,0.4077253615354203,0.7779605263157895,0.28407205104559186,1.4877551020408013e-05,4.358637101383557,0.020482824797671217,0.5433796511263703,0.004699364576869539,1
85,-58.041666666666664,-2.65,25.820833333333333,5.257567297609122,3.0146171675134257,10.892619028753165,80.0,9.0,42.0,1739.46875,101.375,773.8125,64.77528748916329,1.4540337099184635,1941.250444908592,1.243844314049587,0.048914475602879336,1.4364916086554655,-0.0008328166666666674,32.882727272727266,0.03891079010733179,0.04225433514210578,0.0013333333333333049,-2.7160156594146742e-05,1.2439122294760963,0.0008660914098229188,0.04842231749196424,16.0,83.83323028857093,33.28938624925613,153.6,153.6,32,0.9142857142857143,0.41709919339691004,0.8361607142857143,0.32310944432220495,0.004132653061224498,5.131928913328589,0.037667543735113836,3.4865605138295317,0.007339841289945406,1
86,-55.334375,-3.8666666666666667,29.597916666666666,4.595022853701782,8.090048756891944,11.884373310909396,80.0,28.0,42.0,1658.171875,149.125,903.96875,64.63783541066799,1.6225058058637967,1937.1389359911782,1.2053643553719011,0.0363886539189173,1.231222781082041,-0.0011317749999999996,32.942561983471066,0.07341187921099053,0.0658723742489972,0.0016666666666666904,3.689229979821264e-06,1.2054300783116583,0.0010708202199923313,0.035258813001290724,15.0,82.53551430262468,33.95812342282443,153.6,153.6,30,0.8823529411764706,0.3527153865929213,0.8529411764705882,0.32232081238824145,0.00029143367346938715,5.136409289615717,0.02119689644110305,1.5983875341516727,0.004126792715673347,1
87,-55.422916666666666,-10.448958333333334,19.466666666666665,3.964201242754403,12.556683933862896,21.39238896326344,67.0,28.0,40.0,1660.9375,344.578125,752.90625,64.72712298648096,1.1182985109681591,1939.7898143749735,1.1652643223140497,0.040149770716226205,0.9785497815026016,-0.0008328166666666674,33.02264462809917,0.08724212148038935,0.07629635593223184,0.0024166666666666594,-5.3026188247048165e-06,1.165402206199495,0.000956382153777216,0.039681725248086594,15.0,71.20972805382416,28.802277873695715,153.6,153.6,28,0.9032258064516129,0.33477876712340443,0.9546370967741935,0.2931336522122856,0.00031379591836734665,2.9076519254007662,0.04709741788194967,0.6595751829207399,0.016197749624194843,1
88,-58.05104166666667,-19.032291666666666,4.684375,3.409927137285667,10.426029073825944,18.67338138972269,67.0,28.0,40.0,1739.78125,582.1875,437.359375,64.97608167548422,1.1084230994834983,1947.2573759565148,1.1252595537190082,0.04523022131291985,1.2362035657347423,-0.0010143249999999993,33.11413223140496,0.07358212841643941,0.06822788271116083,0.0020000000000000165,-3.3733867520097498e-06,1.125268515643416,0.0009503084965848038,0.0447192102169259,14.0,67.57861517732547,27.402456318329705,153.6,153.6,26,0.896551724137931,0.2995357736356377,0.9951508620689655,0.2820302708657382,0.00010143367346938761,2.938318137887174,0.0780179209321043,0.6375338123935703,0.02655189712990161,1
89,-59.259375,-25.070833333333333,-5.320833333333334,4.8207900053872565,2.591087153858181,7.335358385170345,89.0,41.0,54.0,1775.984375,751.40625,223.109375,65.17419306305494,2.148782658383994,1953.1749947488395,1.0820251404958678,0.027968461863262857,0.8363870377569702,-0.0008648500000000003,33.18388429752066,0.05597183324734295,0.04189764958540587,0.0013333333333333049,1.84561742453893e-06,1.0820325234942212,0.0006729566521492357,0.02789027644532382,15.0,63.76369997082788,19.453649019031996,109.71428571428571,109.71428571428571,24,0.8275862068965517,0.2656742338826013,1.0134698275862069,0.2448872445829979,0.0015015625,1.6903778865768837,0.04267243318523069,0.17719804233292055,0.025244315797129196,1
90,-58.06979166666667,-24.714583333333334,-7.711458333333334,5.625678103416857,3.523403278042726,13.211227625518529,89.0,41.0,54.0,1740.265625,740.640625,332.1875,65.22055954655154,2.693639873490548,1954.6094204804485,1.0516879421487604,0.028668765720244623,1.1840450558555196,-0.00034166666666666606,33.23099173553719,0.03233106017995521,0.028765579811732035,0.0007500000000000284,-2.2768269580688962e-05,1.0516990313148318,0.0017236272293838881,0.026576672368180773,14.0,71.58480840081414,30.25125886899826,153.6,153.6,25,0.8333333333333334,0.296761548194959,0.9598958333333333,0.3018142659459162,0.00422035841836735,0.9261344276589578,0.08398716753131608,0.12072237363449799,0.09068572015362303,1
91,-56.172916666666666,-23.996875,-8.683333333333334,9.713998481215423,7.019985652956018,19.01714504218642,110.0,60.0,54.0,1683.765625,720.703125,492.5,65.44183897446256,5.413532732007226,1961.2324020447475,1.0254055289256199,0.03301861174031138,1.3113536837774598,-0.0007161916666666666,33.25628099173554,0.01744565263069044,0.020898391165643085,0.0006666666666666524,-5.06477901040446e-05,1.0255829296006447,0.0028869854104864013,0.027477616266131388,15.0,86.20636715615615,29.78226323980246,153.6,153.6,32,0.8648648648648649,0.29017475577466917,0.7880067567567568,0.2794504303605034,0.004498576530612251,1.4827930940980845,0.030793615678101006,0.7049913939905602,0.020767304488176996,1
92,-54.369791666666664,-19.902083333333334,-14.105208333333334,10.604132643609466,8.188457058143221,24.196340416268132,110.0,60.0,66.0,1630.28125,598.109375,731.71875,65.48949944653222,5.216404787717492,1962.7207535414036,1.0006583388429753,0.03296608681699544,1.3113536837774598,5.25666666666665e-05,33.27115702479339,0.016322680192566195,0.010442910350879516,0.0,-4.1105985151233757e-05,1.0009406984131202,0.0029208063229815636,0.02840909679453706,14.0,89.31171456760515,30.323040248918858,153.6,153.6,35,0.9210526315789473,0.32208689889405495,0.7561677631578947,0.2613466269875311,0.0020443316326530536,3.493501539288476,0.03181850801785161,6.327785846725535,0.00910791298072023,1
93,-42.77291666666667,-30.41875,-2.909375,18.437916544258886,19.362271692757712,27.527658735219536,110.0,61.0,66.0,1282.578125,912.765625,734.859375,64.87684793188559,5.187306053209061,1944.3641690915274,0.9863306446280993,0.031119831864430198,1.5272590581445415,-0.0010685333333333334,33.273636363636356,0.014316377952748033,0.010442910350879516,0.0001666666666666927,5.7497981830368935e-05,0.9861014195488264,0.002664547808530159,0.025868642878570856,15.0,85.5783319688117,27.09263021653791,153.6,153.6,32,0.8421052631578947,0.29987152372848486,0.7730263157894737,0.238875024370497,0.0024010000000000173,2.2171609114120923,0.015209539792993646,2.34328775567949,0.006859916984242163,1
94,-24.673958333333335,-42.219791666666666,8.148958333333333,22.791695969473853,20.81472395420921,25.941113181234094,70.0,63.0,66.0,748.109375,1265.609375,748.46875,63.859572129891724,2.3089151248634776,1913.7916084150265,0.9879815537190082,0.030115732261046132,1.0832139895158435,0.0003843749999999988,33.26917355371901,0.01634275318255641,0.015669077559126807,-0.0003333333333333262,1.805010596358253e-07,0.9877433378173994,0.00144362946136054,0.028917357887662105,14.0,81.8241215291392,33.10176909648835,153.6,153.6,28,0.8,0.3862159257052748,0.8424107142857142,0.2875381241359703,0.0001265625000000023,4.601166449824827,0.08433998354052782,0.32510865744994033,0.01833013094836827,1
95,-22.001041666666666,-46.90208333333333,12.857291666666667,24.599606173980316,17.661068172481965,17.2301047394262,85.0,63.0,57.0,671.265625,1407.203125,606.65625,63.6750399992035,2.929325479782001,1908.2634644386246,0.9733160247933885,0.05204284749777889,1.4553780453954785,-0.0012919333333333328,33.250661157024794,0.018883528928065045,0.015678505408745894,0.0,1.5226802591128333e-05,0.9732678602419758,0.001285913422926437,0.05099805805353795,14.0,84.5486926810458,36.202743279853486,153.6,153.6,28,0.8,0.45908385381600914,0.8375,0.32215443834108065,0.008378786989795934,6.001452539764297,0.05296694176877023,3.3374046360378062,0.008825687017904914,1
96,-35.084375,-35.014583333333334,1.609375,30.401962752307757,19.646188027020802,19.50973356496807,85.0,63.0,33.0,1063.96875,1049.859375,569.53125,64.36288479384162,2.797375737127991,1928.8911011462046,0.9354713884297522,0.06820630968356794,1.5268048335240803,-0.0005552166666666673,33.250661157024794,0.019401607549913574,0.020898391165643085,0.0001666666666666335,-2.354744163507262e-05,0.9354503605073744,0.0007645654966880345,0.067993240688151,14.0,77.90271741295193,36.26211210760952,153.6,153.6,26,0.8125,0.43019352535112876,0.91796875,0.33932701375756247,3.8584183673470705e-06,3.0706632600499044,0.0446174954939961,0.6694204318966746,0.01453024695819983,1
97,-55.395833333333336,-22.013541666666665,-11.355208333333334,17.883231884614396,11.220183820089455,11.797769649666721,85.0,58.0,33.0,1664.671875,659.828125,481.109375,65.27471930515335,2.517145135553429,1956.2353735711001,0.8838294628099174,0.05032459487342384,1.7387504450062767,-0.0015481833333333324,33.265371900826445,0.03167608066774607,0.0313287612428957,0.000500000000000019,8.095915816698469e-06,0.8838153774725407,0.0005834302626060428,0.05005917823435601,15.0,70.70981518855223,29.892997156685585,142.22222222222223,142.22222222222223,23,0.7666666666666667,0.346809950408846,0.9713541666666666,0.30828098161980777,5.678698979591969e-05,1.9979302971581188,0.06069916886827004,0.18060144825263227,0.0303810242802811,1
98,-60.880208333333336,-18.990625,-15.053125,0.3247177593909654,0.14760457098274427,0.2705908369506748,61.0,20.0,16.0,1824.515625,569.125,451.125,65.52663292385948,0.31780915936431575,1963.7626276764622,0.8472130661157024,0.018742067827267884,0.6580783890167841,-0.0005338583333333332,33.299173553719015,0.03176844884341275,0.03129114031338674,0.0007500000000000284,7.61174141310079e-07,0.8472091759544645,5.993142998481836e-05,0.01874358555698983,15.0,64.82441119827163,24.19678575064471,142.22222222222223,142.22222222222223,19,0.6785714285714286,0.16823266035243947,1.0133928571428572,0.24359521347788574,5.4127551020408255e-05,0.6896893286172896,0.05125891529767964,0.0,0.07432174628603445,1
99,-60.82604166666667,-18.975,-15.139583333333333,0.3899104575803983,0.175,0.35837572423675995,62.0,20.0,16.0,1822.875,568.65625,453.71875,65.49223502371271,0.3784088601577577,1962.71618389769,0.8250505371900826,0.02084417215023859,0.7566370380100286,-0.0005979166666666665,33.337272727272726,0.036994527180682635,0.03125360962927802,0.0009999999999999788,1.595749315216113e-07,0.825052370200403,3.231646355339405e-05,0.02082761443089012,16.0,63.705489171511715,24.983053810951382,142.22222222222223,142.22222222222223,20,0.6896551724137931,0.15689042859531435,1.025323275862069,0.22083419801803506,0.003734082908163264,0.5137005459762717,0.02813492512535252,0.07023788321242744,0.054769116649239655,1
100,-60.83229166666667,-18.973958333333332,-15.148958333333333,0.3845979479888345,0.16567085319156843,0.36471872486052714,62.0,20.0,16.0,1823.0625,568.625,454.0,65.49991197917367,0.37370539265812724,1962.9464925615189,0.8011302479338842,0.020737863400103165,0.7917306348474772,-0.0006085916666666672,33.380909090909086,0.045272362174504095,0.04164653894349196,0.0011666666666666713,-3.288796727863388e-07,0.8011265783941607,4.0756206428571496e-05,0.020720132388224115,16.0,55.88083823456842,5.4444567618138215,71.11111111111111,71.11111111111111,18,0.6666666666666666,0.13768971832948837,1.0833333333333333,0.09982261466295174,4.440051020408162e-06,0.5981012685321854,0.0034710961932088503,0.0,0.005803525884048617,1
101,-61.06979166666667,-19.088541666666668,-13.123958333333333,1.032958916542129,0.8693112445669593,3.293973183193394,71.0,23.0,16.0,1830.1875,572.046875,393.359375,65.40586535084566,0.9358967395224164,1960.1397212441716,0.7784383305785124,0.019367243986762393,0.7417814589544798,-0.0005552083333333328,33.42074380165288,0.03500095132724186,0.03380233731581116,0.0009166666666666619,-4.5084486113385734e-08,0.7784340948617393,6.81289448138069e-05,0.019351175498024353,15.0,61.11791019457025,18.31781213566905,123.87096774193549,123.87096774193549,22,0.7857142857142857,0.36594487827429034,1.0502232142857142,0.25875292302770736,0.0003502244897959124,2.1402101128990605,0.05398259037922092,0.0,0.025223033034872368,1
102,-61.33645833333333,-19.434375,-10.835416666666667,1.020786032067391,0.9453094869097987,3.4086281198925508,71.0,23.0,16.0,1838.1875,582.421875,324.703125,65.34468182333998,0.9429867831142461,1958.3042154190016,0.7571123223140495,0.017540438835702093,0.7196287594454409,-0.0005125,33.444049586776856,0.013272634644553047,0.015584734392916605,0.0003333333333333854,-1.7152645167013506e-06,0.7571249500689565,7.573687446494812e-05,0.017539885209457005,15.0,60.23510662373713,18.885107265483864,123.87096774193549,123.87096774193549,21,0.7777777777777778,0.3692848752800159,1.0706018518518519,0.26728343829249795,0.0007860012755102056,2.1397411107866238,0.06279693650045562,0.0,0.029347913251697003,1
103,-61.515625,-19.767708333333335,-8.751041666666667,0.9883517555548396,0.9089823512756204,1.6575266960938786,71.0,23.0,16.0,1843.5625,592.421875,262.15625,65.231521782613,0.9561333194094565,1954.9073632671295,0.7371734380165289,0.017029696422607127,0.6804008314129908,-0.00048047499999999963,33.44338842975206,0.012955978804804648,0.015584734392916605,0.0,6.318209495330603e-07,0.737174667165219,8.503184402710833e-05,0.017018140589053272,15.0,59.101666321568025,19.1443622997063,123.87096774193549,123.87096774193549,21,0.7777777777777778,0.38107311864628773,1.0931712962962963,0.268939743845375,0.00020306250000000055,2.3350892901261555,0.08913600628865517,0.0,0.03817241878739443,1
104,-61.44895833333333,-19.998958333333334,-8.723958333333334,0.49738792532980625,0.03225804701500421,0.4470376549358628,62.0,20.0,9.0,1841.5625,599.34375,261.453125,65.20939476610214,0.47262660242212245,1954.2581803042967,0.7173298512396695,0.017468133573448928,0.7297337329677516,-0.0005018250000000002,33.43743801652893,0.01094908771020283,0.010392929314214074,0.0,-8.211317482982162e-07,0.7173331667746754,7.111336545180446e-05,0.01745287552388791,14.0,53.489640723294805,6.975299273388229,75.29411764705883,75.29411764705883,20,0.8,0.20070675904164265,1.13875,0.13238497365637839,2.50000000000002e-05,0.5470383718895888,0.013485503188429513,0.0,0.024651841408944802,1
105,-61.032291666666666,-20.302083333333332,-9.555208333333333,1.5431295846203439,1.6426591225983422,4.681865942826345,72.0,24.0,31.0,1829.1875,608.65625,303.84375,65.22362754792863,1.1380141280985852,1954.7320198324946,0.7010124380165289,0.013913025549773033,0.8167613727519065,-0.00034166666666666606,33.43413223140496,0.010884018269855801,0.010392929314214074,0.0,1.2531065343868546e-05,0.7009975647637843,0.0003410323759957405,0.013822469302874122,14.0,62.87784423516489,24.62993523505066,123.87096774193549,123.87096774193549,23,0.8518518518518519,0.28711499618385283,1.0590277777777777,0.2751174692991709,0.0027825624999999977,2.051168266731803,0.0921580092365723,0.0,0.04492952174197334,1
106,-57.640625,-11.903125,6.189583333333333,5.053568832291526,12.294985030533452,23.349596174089513,72.0,24.0,45.0,1727.46875,465.875,599.96875,64.98092724081509,1.3508990551585838,1947.3855802780454,0.6795699256198346,0.02036863115333437,0.841608068366473,-0.000544533333333333,33.43314049586777,0.013362897805891505,0.010392929314214074,-0.0003333333333333854,5.084953579733831e-07,0.6795704753562729,0.00042440010241816094,0.020227327529116962,14.0,76.25937657734514,32.22290331280723,153.6,153.6,27,0.84375,0.30836477698577036,0.9130859375,0.3150757495687483,0.0012806173469387659,2.866435939971925,0.038482336773192787,0.38933424047009296,0.013425151504892763,1
107,-53.82395833333333,-3.203125,22.684375,5.083188074256538,12.717908576794706,24.26424336053723,72.0,24.0,45.0,1612.96875,326.9375,915.0625,64.77974062062735,1.3349457383136554,1941.3499816724138,0.6584557107438017,0.02380467508338272,0.9787571595467613,-0.0005231750000000007,33.414958677685945,0.03198977023838174,0.03121616886623834,-0.001000000000000038,5.329204910005458e-07,0.6584568493578004,0.0004247331748105367,0.023665949011097958,15.0,77.65269821286762,31.56433088707604,153.6,153.6,27,0.8181818181818182,0.31321938681592454,0.8934659090909091,0.3161588491121209,0.0024255624999999954,2.725397862323168,0.04945744302741273,0.9183417352610341,0.018146870851822896,1
108,-50.4,6.039583333333334,39.671875,1.7714165706198717,1.6821662104923587,2.1955543683486867,60.0,8.0,45.0,1510.4375,186.234375,1189.0,64.50385833878266,0.7311300000167275,1933.1598976355954,0.6348318842975207,0.01666254802486186,1.0326623270234605,-0.0006086000000000008,33.377272727272725,0.04649713400925231,0.04164653894349196,-0.001333333333333364,-7.411861806981458e-07,0.6347904337579706,0.00029883055767144205,0.016437658309829187,15.0,75.23581253898143,31.20538551523323,153.6,153.6,26,0.8125,0.35252723813775333,0.9248046875,0.33031351397890135,0.0076437551020408275,1.7348248625608094,0.16755606049723687,0.47362673112115933,0.09658384780692159,1
109,-49.99166666666667,6.640625,40.196875,0.2699022456783608,0.47981726664950275,0.46299593343246553,52.0,7.0,42.0,1498.1875,199.015625,1204.640625,64.49414938789188,0.2748236991582386,1932.8033696986163,0.617074438016529,0.014557166553431323,0.6847524910460562,-0.0004057250000000003,33.32785123966942,0.04583849859025196,0.04169651998015778,-0.0011666666666666121,-1.2277873682163153e-06,0.6170808325445463,7.941782015688199e-05,0.014530646890609757,15.0,62.88269887600063,21.289693881131683,123.87096774193549,123.87096774193549,24,0.8571428571428571,0.3243834295629171,1.0407366071428572,0.2678588867130734,0.00010801147959183691,1.3331144922469402,0.1239703593027823,0.0,0.09299303249928108,1
110,-47.87916666666667,7.216666666666667,42.077083333333334,3.5305192213358967,0.5447986376227051,3.371494450001199,53.0,9.0,49.0,1434.9375,216.28125,1260.921875,64.33491195802435,0.3510983052120927,1928.0283108172903,0.5996663719008264,0.015767736577551178,0.8416662270487151,-0.00045911666666666645,33.284214876033055,0.03458734460467906,0.028705084265512333,-0.0008333333333333452,-1.1859905505118296e-06,0.5996650608278802,8.71198697334272e-05,0.01572419363971147,16.0,61.08009804835586,21.55591534910304,123.87096774193549,123.87096774193549,25,0.9259259259259259,0.30086513877611215,1.0746527777777777,0.2732376363924963,0.00019400510204081527,1.5347850349309755,0.16230559781458054,0.0,0.1057513554801373,1
111,-41.11770833333333,2.934375,43.04895833333333,17.49338264644464,15.337551467755265,5.574934506186049,70.0,60.0,52.0,1313.21875,324.015625,1290.03125,64.16836057906941,2.6925128773195155,1923.1016744943204,0.5838465950413223,0.017251940856476043,1.2489373635390688,0.00023489999999999994,33.25231404958678,0.027174378141966205,0.0339650200566993,-0.0003333333333333262,-1.2998942761884937e-05,0.5838665998922798,0.0003754539610467951,0.016833406699660863,16.0,62.62147694107634,23.22477197209528,123.87096774193549,123.87096774193549,22,0.8148148148148148,0.20864359909258587,1.0543981481481481,0.27044477904941916,0.0033391887755102037,1.190102102490298,0.0315238187353296,0.0,0.02648833126953205,1
112,-19.383333333333333,-15.992708333333333,39.41041666666667,29.79801680574658,29.237799253106083,11.298888949496563,70.0,71.0,62.0,965.84375,751.421875,1181.296875,63.60147039806633,3.1543364126060442,1906.0612567722926,0.582988867768595,0.019759612218458063,1.3696365648758282,3.202500000000034e-05,33.23446280991735,0.02008043384763776,0.023528383609613714,-0.000500000000000019,1.5655062425821108e-07,0.582981687372484,0.0006951723107467598,0.018814764502700542,16.0,74.49324385409945,28.818478594148182,142.22222222222223,142.22222222222223,26,0.8125,0.3100331058350215,0.9150390625,0.2997124247284738,0.0013348584183673553,2.344647762168943,0.02960135501516086,0.2137280926480665,0.01262507549866586,1
113,-1.30625,-37.41354166666667,32.27291666666667,25.72774042943077,27.421228545719774,11.42596165871341,70.0,71.0,62.0,635.875,1237.40625,967.046875,63.06704208961817,3.156223016993115,1890.0359879971143,0.5881350247933883,0.020266992045432725,1.3696365648758282,0.00023489166666666728,33.22239669421487,0.015799612579642533,0.01830535901563095,0.0,7.257099705622636e-07,0.5881201221245225,0.0006941907163878905,0.0193629549726024,16.0,77.53625900510337,28.8307226298173,142.22222222222223,142.22222222222223,25,0.7575757575757576,0.3383250007793449,0.8745265151515151,0.28121014154867446,0.0005708686224489819,4.203887414232549,0.04679987130664909,1.4507464270610506,0.01113252251908672,1
114,11.790625,-54.20625,26.273958333333333,5.4264893908838525,8.18491769073866,7.2121821823632,51.0,71.0,62.0,354.234375,1624.828125,787.0,62.55900191984283,1.5760008861359072,1874.841670734615,0.5966802809917356,0.012261651234455485,1.2699764772429687,-0.00040573333333333297,33.210991735537185,0.020944829483953077,0.023542555217750748,-0.0003333333333333262,1.2655621408066707e-05,0.5965016331181333,0.0005884122730901889,0.010828744919110669,16.0,70.92592687392201,27.56416481181963,142.22222222222223,142.22222222222223,24,0.8,0.36022902646597027,0.9526041666666667,0.2886605689129343,0.00245025,2.763171390544869,0.031290511081625616,0.06595444954779071,0.01132412965359179,1
115,11.405208333333333,-55.74166666666667,25.316666666666666,4.517716739673987,1.8529068753957627,1.3314048553647717,25.0,57.0,34.0,341.640625,1670.546875,758.703125,62.478417271767846,0.4569830939924319,1872.393094152857,0.592995388429752,0.004468504742556106,0.34047858213308047,-0.00010676666666666705,33.197190082644624,0.021826632473131758,0.018316388009502176,-0.0004166666666667022,7.730377654617332e-07,0.5929950102226279,0.0001987491303572395,0.004252597579622248,15.0,57.161459008493885,15.018949189977125,101.05263157894737,101.05263157894737,21,0.8076923076923077,0.32607993651863953,1.1063701923076923,0.22472185125976704,0.000900000000000001,1.2721227166755968,0.013182347674419961,0.0,0.010362481151872695,1
116,15.048958333333333,-54.264583333333334,26.071875,6.414396158766405,2.382837033115964,1.4016510446761228,25.0,57.0,34.0,450.984375,1626.25,781.34375,62.44594719414213,0.38666828127642294,1871.4350031553577,0.5872879669421487,0.006038503017563385,0.3419533350775712,-0.00019218333333333355,33.18264462809917,0.02169543483386146,0.020936170758381802,-0.0005833333333333357,5.748654095596613e-07,0.5872798576047863,0.00020167650603998292,0.005861258238215123,15.0,53.55020901757094,8.642119742039098,76.8,76.8,20,0.8,0.27302796712669075,1.1475,0.17065361481668065,0.0007720459183673451,0.6095628346250491,0.004096511960480971,0.0,0.006720409657194397,1
117,19.083333333333332,-52.795833333333334,26.645833333333332,5.420191161040561,1.902844179701066,1.2108809350588061,25.0,57.0,34.0,572.0,1582.171875,798.578125,62.41741859140464,0.3247148267438575,1870.5662960058646,0.5803416033057851,0.007100530115792652,0.3833371243628778,-0.00019218333333333355,33.17404958677685,0.016938318454341763,0.01570685715186602,-0.0004166666666667022,6.671843372441932e-07,0.5803339137383766,0.00020700207153406266,0.006955810079732604,15.0,54.9284593641306,8.823028046626995,76.8,76.8,22,0.8461538461538461,0.263428417696345,1.1195913461538463,0.1729067756744929,5.5183673469388245e-05,0.8626940624117608,0.012236881535527084,0.0,0.014184497226418215,1
118,22.229166666666668,-51.639583333333334,26.838541666666668,2.355751678811292,0.8739850264100003,1.7695261719635256,32.0,52.0,36.0,666.078125,1547.578125,804.40625,62.37285710106446,0.4013378255189765,1869.2341557925815,0.5708432727272728,0.010489470453587934,0.7345850576556899,-0.0001815166666666664,33.167272727272724,0.011499191491522473,0.007856978950999,0.0,-4.316264366588272e-06,0.5708533342106785,0.00012749404072392637,0.010451137638389068,15.0,59.35102062522264,15.208073472197364,106.66666666666667,106.66666666666667,21,0.75,0.20390253606309797,1.0647321428571428,0.2178999061513458,0.0002514489795918369,1.2555946418822015,0.023668038297164462,0.0,0.018850063155482127,1
119,24.991666666666667,-51.303125,24.5125,4.185532290588086,0.8665007603622362,3.8451606490063153,33.0,52.0,36.0,748.90625,1537.484375,734.71875,62.37258741330961,0.41448486387910516,1869.2302113189253,0.5628168925619834,0.009494854998089126,0.6002895464490702,-0.00019219166666666713,33.16429752066115,0.011700564815144357,0.007856978950999,0.0,5.766201738714942e-07,0.5628213924296469,0.00012563095985877002,0.009460775947567956,15.0,58.60356557496417,16.38753415597005,106.66666666666667,106.66666666666667,20,0.7407407407407407,0.235533993341154,1.0902777777777777,0.24574405943361802,0.00048086224489796484,1.031367883567873,0.0932667517117348,0.0,0.0904301493169358,1
120,6.775,-38.646875,26.51875,34.56068635988971,21.070943921295388,9.39446105093315,83.0,55.0,71.0,992.0625,1168.328125,794.453125,62.943222099023465,2.7491968753931437,1886.3197965221025,0.5433651900826447,0.025413784568376185,1.4660986314588633,-0.0006406333333333329,33.16239669421487,0.010446620979926737,0.007856978950999,-8.333333333331676e-05,1.979952144301731e-06,0.5433537045972888,0.0004196879013947426,0.025272348789875592,15.0,72.17173029170308,26.962449925363043,153.6,153.6,23,0.7419354838709677,0.2649501230577811,0.9359879032258065,0.2963401070173512,0.0007367346938775495,0.55478400315688,0.08927548164770802,0.6430657258752714,0.16091935084592368,1
121,-17.769791666666666,-21.045833333333334,30.923958333333335,39.72973964748066,25.12841981977555,11.462686247048023,83.0,55.0,71.0,1258.5,678.640625,926.828125,63.62890697334573,2.762039833887548,1906.8924592578123,0.5255510495867768,0.02781598699655618,1.5786260074788871,-0.0004490083333333339,33.16280991735537,0.010850078302332169,0.007856978950999,0.0001666666666666927,6.4217013061603e-07,0.5255525643587967,0.0006244257761624254,0.027330314567920188,14.0,74.29471029778018,29.024916929518685,153.6,153.6,27,0.84375,0.3322394686308793,0.9189453125,0.30122323198226236,5.0005102040816965e-05,3.028482348400586,0.010105567620512635,0.6737275940897491,0.003336842173060585,1
122,-45.18333333333333,-4.13125,36.684375,21.70958249764887,13.809547667133536,8.402837171220305,83.0,55.0,71.0,1484.3125,171.203125,1099.703125,64.2652759461127,2.6335842312944298,1925.982444993031,0.5050917024793389,0.019006570812319424,1.3988175910987803,-0.000534433333333333,33.168760330578515,0.011323218881623633,0.007856978950999,0.0001666666666666927,-2.321937242827511e-06,0.505084288556015,0.0006246385487328674,0.018321109525168387,15.0,83.18624699101966,34.698204033757676,153.6,153.6,30,0.8823529411764706,0.40573977283176926,0.8442095588235294,0.31032064732297854,0.001180413265306121,2.976220832456388,0.08303017591296152,0.4686806345209623,0.0278978545568588,1
123,-51.536458333333336,0.42291666666666666,38.415625,2.252018529363651,1.2559424720326784,2.5275905904058775,60.0,5.0,47.0,1544.5625,25.59375,1151.171875,64.38031714125667,0.3976155486718846,1929.3974657486442,0.492775173553719,0.015924025000799185,1.172748739912019,-0.00018208333333333363,33.17272727272727,0.010365231137266123,0.007856978950999,8.333333333331676e-05,1.4499587157689021e-06,0.49278280557268656,0.0004780225934287336,0.015303923670709329,16.0,75.48316587010169,36.17256369155978,153.6,153.6,25,0.8064516129032258,0.43253319056171863,0.9480846774193549,0.33491644568732576,0.005261429846938762,2.5650488690582174,0.11677747427990479,0.8556864679279476,0.04552641303975654,1
124,-52.15833333333333,-0.5375,37.735416666666666,0.38988958550965286,0.5068797523410591,0.4903185968213819,55.0,2.0,39.0,1563.09375,16.125,1130.890625,64.38413474424239,0.2736053762374036,1929.4949035749491,0.47934998347107444,0.013367613662918644,0.9194901952206608,-0.0004164083333333332,33.17429752066115,0.011770985921127802,0.01570685715186602,-0.0002500000000000095,1.313970391554877e-06,0.4793417162537021,6.833705480843816e-05,0.013322699424477417,16.0,72.39722669923668,36.03810502071686,153.6,153.6,21,0.7241379310344828,0.394113883729328,0.9773706896551724,0.31097651827230577,0.005624999999999991,2.1176646825883942,0.03231641387301172,0.1418576548075114,0.01526040177121516,1
125,-51.994791666666664,-0.75625,37.99166666666667,0.22120399317648456,0.42934361238988994,0.23258809561588106,53.0,1.0,39.0,1558.21875,22.671875,1138.5625,64.40224163322704,0.18880576113408326,1930.0544724278552,0.46529859504132226,0.011167069983194434,0.7636476611630716,-0.0003416666666666665,33.169917355371894,0.013015938593462492,0.01570685715186602,-0.0001666666666666927,-1.1911588658182161e-06,0.46531416877979326,5.6602712740019156e-05,0.011129734410467574,16.0,67.2374286046293,27.719566343695625,147.69230769230768,147.69230769230768,21,0.7241379310344828,0.348611123462499,0.9951508620689655,0.2612985464284793,0.00025371938775510034,2.620403465207124,0.056894472467944934,0.19209765090034026,0.021712103965428026,1
126,-52.74166666666667,-1.6572916666666666,36.93541666666667,1.395652973422198,1.1691561051732522,1.9170278192353447,57.0,4.0,40.0,1580.578125,49.640625,1106.9375,64.4636168930431,0.29476894957527194,1931.889803838047,0.45233778512396694,0.011467450781446698,0.7660838821257671,-0.0003309916666666667,33.16595041322313,0.01276478319094847,0.01570685715186602,0.0,7.247811795518735e-07,0.45234231574060324,8.664714698642952e-05,0.011450944518851959,16.0,71.33122394153106,27.603350306810373,137.14285714285714,137.14285714285714,23,0.7419354838709677,0.28081563680642857,0.9380040322580645,0.2571888495219385,0.0044698775510204035,2.1071735246482945,0.07322982667037221,0.647305893936019,0.03475263228859849,1
127,-53.677083333333336,-2.5229166666666667,35.61145833333333,1.5451186016146317,1.342221352729207,2.1040818361612956,57.0,4.0,40.0,1608.640625,75.609375,1067.21875,64.53113624443354,0.34483812969042105,1933.9153843797606,0.4393875619834711,0.011720982188057862,0.7597292320301248,-0.00032031666666666644,33.15975206611569,0.012495474216549372,0.01309891612763707,-0.0001666666666666335,-3.5851738554432947e-07,0.4393905910352738,9.33036840940023e-05,0.011682194876018345,16.0,66.23632106398561,23.90704873925366,132.41379310344828,132.41379310344828,23,0.7666666666666667,0.25998707382490094,0.9895833333333334,0.23960597719079454,0.0006630625000000023,2.0878031307157854,0.06580603812076605,0.018548942090578703,0.03151927360996198,1
128,-54.671875,-3.310416666666667,34.25625,0.9374392341417833,0.7256432730496591,1.2011116812492224,57.0,4.0,40.0,1638.484375,99.234375,1026.5625,64.6235060805322,0.3375206552975199,1936.68647946272,0.42749619834710745,0.009981746819267872,0.7508065221277109,-0.00028828333333333345,33.153801652892554,0.013499690743141954,0.01309891612763707,-8.333333333331676e-05,1.1867380602212718e-07,0.4274978848936289,0.00010247739323040199,0.009936458340650444,16.0,68.4905422351067,24.01309393898417,132.41379310344828,132.41379310344828,24,0.8,0.24925805852846425,0.9598958333333333,0.24832391708238433,0.0013374693877550956,1.385327678042779,0.04687410555425872,0.28479617660743517,0.0338361142256852,1
129,-54.682291666666664,-3.559375,34.1625,0.47224966729886525,0.49646209258613094,0.38276679148884724,56.0,4.0,35.0,1638.765625,106.65625,1023.796875,64.57863674233369,0.33802342380929584,1935.3394294789757,0.4176697355371901,0.007188625081207016,0.5052817605140112,-0.00018150833333333328,33.147851239669414,0.012345348210160631,0.01309891612763707,-8.333333333331676e-05,-8.250980766958073e-07,0.4176671591911437,7.51112838579484e-05,0.007165168274619346,15.0,75.04154431493615,31.87826985545955,153.6,153.6,27,0.8709677419354839,0.28520083840894767,0.9133064516129032,0.28186085963157004,0.00033306249999999677,1.7682153464512884,0.042750967587346554,1.1096265992398142,0.024177466660463845,1
130,-53.58645833333333,-3.525,35.378125,3.1082591520973955,0.6826724446370064,3.456838124313653,56.0,6.0,49.0,1606.078125,105.65625,1060.0625,64.47846952816181,0.38714851488437735,1932.3447658154612,0.4107975537190083,0.005336807816345076,0.4591088934659721,-9.609166666666678e-05,33.141570247933885,0.012129348634018964,0.007861719925518141,0.0,-5.967726439505329e-07,0.4107974954254215,6.461943522284897e-05,0.0052867680372894734,15.0,79.86719103541475,31.238858748443178,153.6,153.6,30,0.8823529411764706,0.2736369672895536,0.8524816176470589,0.27285760927235364,0.0016028584183673436,1.6537158938078007,0.017017699586412048,0.21752133989494937,0.010290582348596505,1
131,-49.28333333333333,-3.09375,40.045833333333334,5.9421633733477535,1.0028929508344016,6.528781099017556,56.0,6.0,49.0,1476.984375,92.71875,1200.09375,64.19376719439369,0.43282412746817384,1923.8036958024177,0.4080762314049587,0.00245671610673606,0.24608448100097574,-4.270833333333326e-05,33.13892561983471,0.01089405425010301,0.007861719925518141,-0.0001666666666666335,-1.8524134338706654e-07,0.4080769564805734,4.383685656330546e-05,0.0023574806268360044,14.0,73.91881251474149,32.246453429402315,153.6,153.6,27,0.8709677419354839,0.2731173721284191,0.9309475806451613,0.28777637798121203,0.0004808622448979592,0.9588608755308657,0.03137648825695596,0.2891821409037,0.03272267026181938,1
132,-45.19583333333333,-2.478125,44.54270833333333,5.245750595058399,0.9114666666285717,5.7476670048171625,56.0,6.0,49.0,1354.375,74.25,1334.984375,63.9852946018624,0.35176892919161457,1917.5543532775368,0.4064137768595041,0.002473558535034372,0.21906946488604553,-6.406666666666644e-05,33.134628099173554,0.010368525347147052,0.013106822523349685,-0.0001666666666666335,1.4646902774036448e-07,0.406404588901418,4.8070027492006676e-05,0.0023667697066019656,14.0,70.14182763485817,25.744376053475484,128.0,128.0,25,0.8333333333333334,0.29578122011448565,0.9578125,0.2905619891369998,0.0005030408163265327,1.6569052500520216,0.030102198434010893,0.16059668866938198,0.018167724698238345,1
133,-42.01875,-1.98125,47.99375,0.18160884018497922,0.13564084008881688,0.11162856937182343,43.0,2.0,49.0,1259.25,59.375,1438.3125,63.81969386845207,0.10610311207925038,1912.5966840368692,0.40396772727272723,0.004823906792611323,0.3588423079266398,-0.0001067749999999997,33.13661157024793,0.011891640164365596,0.010487039774469858,0.0,8.541951475849114e-08,0.4039703120713055,5.487843289798608e-05,0.004783140647344728,14.0,73.1275559926731,33.188491399700766,153.6,153.6,26,0.8666666666666667,0.45681648818678855,0.9682291666666667,0.3439507778546308,0.0007213061224489805,4.747863579984966,0.10479025069473562,0.1593891312209949,0.02207103235579221,1
134,-42.020833333333336,-1.990625,47.99375,0.18138165716399096,0.09636964965693297,0.11162856937182343,43.0,2.0,49.0,1259.3125,59.65625,1438.3125,63.82128539738005,0.10601207239928499,1912.6444299047089,0.39851443801652897,0.005435084011595422,0.41941224541861216,-0.00012812500000000023,33.136446280991734,0.012911619735164035,0.010487039774469858,0.0001666666666666335,2.5647484367784496e-07,0.39850782943215834,7.419283662645698e-05,0.005373762277468945,15.0,71.91462032539498,32.697456979762464,153.6,153.6,25,0.8333333333333334,0.4623030073251704,0.9786458333333333,0.3358098917842339,3.317602040816143e-06,4.333722859415556,0.09684881113052644,0.11269231505716543,0.022347716795066915,1
135,-42.067708333333336,-2.0,47.979166666666664,0.25124473114984036,0.0,0.1428261375083551,43.0,2.0,48.0,1260.703125,59.9375,1437.875,63.84164131307715,0.14448570540231354,1913.2447546139797,0.3925529173553719,0.005073567236724724,0.3682048851981441,-0.00013880000000000004,33.1397520661157,0.012362487240537618,0.010487039774469858,0.0001666666666666335,-4.041851837004118e-07,0.39255597540276643,7.278325038636087e-05,0.005014623516741604,16.0,70.47920679154704,32.74423235604863,153.6,153.6,24,0.8,0.38675888528232627,0.978125,0.28600152971618875,6.06173469387772e-05,2.22455843639325,0.03426587043352715,0.03805687646008786,0.015403448105900754,1
136,-42.35625,-1.996875,47.890625,0.478890318862263,0.05581428468591172,0.3121091305537215,43.0,2.0,48.0,1269.359375,59.84375,1435.21875,63.967117148111626,0.2986197578221195,1917.0090296650142,0.38753385950413227,0.004436898215380802,0.4011335758517104,-0.00011744166666666685,33.13727272727272,0.013111095547140636,0.010487039774469858,0.0,-4.4575806435202706e-07,0.3875364188066721,7.348563660948542e-05,0.004364497007530577,14.0,64.89108749795957,27.920383945045383,153.6,153.6,21,0.7241379310344828,0.2780541392475188,1.0231681034482758,0.23907361682708198,0.001551797193877555,1.2361432693874521,0.050104139741935436,0.10913661520281791,0.040532631599218764,1
137,-42.63229166666667,-1.8177083333333333,47.821875,0.48218141288373567,0.3860847250676405,0.382617935250035,43.0,2.0,48.0,1277.640625,54.484375,1433.15625,64.09484912354658,0.35546799640232873,1920.8413525077808,0.38275831404958677,0.0039087465514986005,0.348400811902165,-0.00012812499999999977,33.136942148760326,0.01303795953250466,0.010487039774469858,-0.0001666666666666335,1.4635647798389866e-06,0.382756192697348,6.368113368596814e-05,0.0038006532045667223,15.0,68.47266883484816,29.324032741701163,153.6,153.6,23,0.7931034482758621,0.3130018292107663,0.9779094827586207,0.24621724772684128,7.346938775510192e-05,1.449107347570143,0.0660532020592392,0.17213371166945043,0.045581993749460266,1
138,-42.817708333333336,-1.5010416666666666,47.807291666666664,0.3860847250676405,0.4999989149293782,0.39442595198239966,43.0,2.0,48.0,1283.203125,44.984375,1432.734375,64.19947405680675,0.35857007134645386,1923.9916820915182,0.3782898595041322,0.004142347013700543,0.32312385786580433,-0.00010676666666666659,33.136776859504124,0.012998084794271593,0.010487039774469858,0.0,2.6002662725102115e-07,0.37829700959667784,5.7785920444559286e-05,0.004092309907664262,14.0,61.576622307512885,22.74838333881928,153.6,153.6,20,0.7142857142857143,0.2620435294804903,1.046875,0.20871430939547142,0.00026755612244897984,1.6450982837645978,0.02209379523793674,0.0,0.013430076157746579,1
139,-42.626041666666666,-1.1760416666666667,47.88645833333333,0.4838527650679377,0.3808556134073501,0.31725377318043396,43.0,2.0,48.0,1277.46875,35.21875,1435.09375,64.12352856693575,0.3581793666714244,1921.7117249913795,0.3740331157024794,0.003658290024583661,0.3567485175365704,-0.00011744999999999997,33.139999999999986,0.011570838237596357,0.013106822523349685,0.00024999999999995024,9.70666497550562e-08,0.3740283404714664,5.7847437741633635e-05,0.0035614946703574632,15.0,57.03249978833034,14.751504570811068,123.87096774193549,123.87096774193549,21,0.7777777777777778,0.2364094394835432,1.0954861111111112,0.18133844691693737,0.001347938775510202,1.154023216536334,0.012375155417676401,0.0,0.010723489129463951,1
140,-44.744791666666664,-4.538541666666666,41.853125,5.560882157829267,9.117095546641881,15.277376064005288,67.0,35.0,48.0,1341.015625,136.53125,1272.921875,64.19033364963232,1.1928708852515055,1923.7846614702673,0.3704964628099173,0.002943879034416677,0.36172519864111025,-2.1350000000000072e-05,33.14438016528925,0.010976500969177315,0.007861719925518141,0.0001666666666666335,-1.7119489977308652e-06,0.3704831724506891,0.0001663242374461262,0.002696152088293492,15.0,59.72694015837668,15.268123169699184,120.0,120.0,20,0.7142857142857143,0.20149362697852993,1.0535714285714286,0.20352932678669405,0.0003087551020408152,1.2009953206564963,0.02958918937961799,0.0,0.024637222868981495,1
141,-49.00416666666667,-14.402083333333334,30.190625,7.136612126134422,14.46269611770418,19.123341856904656,67.0,35.0,48.0,1468.578125,432.453125,923.265625,64.37725610760747,1.2938718595175642,1929.2974097356491,0.36970223140495867,0.0024407559686535404,0.36172519864111025,-2.1358333333333647e-05,33.15446280991735,0.021356881455230493,0.020948794328505046,0.000500000000000019,-9.047556234432662e-07,0.36970946705925173,0.00016999303337054213,0.0021391374192471554,14.0,65.04123791436731,22.082778748674954,142.22222222222223,142.22222222222223,22,0.7586206896551724,0.22385232471710004,0.9967672413793104,0.2328209726510546,0.0006303686224489794,1.442383834815654,0.014014052086718779,0.14400445688756264,0.009715896523833315,1
142,-53.484375,-24.158333333333335,18.535416666666666,5.56268872573102,11.76426143972592,14.929654349416651,67.0,35.0,48.0,1603.0,725.140625,573.609375,64.64041621295387,1.2718622106019308,1937.2025694341978,0.3692892644628099,0.0023640765805742776,0.36172519864111025,0.0,33.189504132231406,0.04728760674341384,0.04184718549414771,0.0009166666666667212,-1.2145387478649888e-06,0.36929862923317586,0.00016846051323322913,0.0019985238166720875,14.0,65.56522911798181,21.424194625239814,142.22222222222223,142.22222222222223,19,0.6333333333333333,0.2137277539341209,0.9817708333333334,0.21420438323045327,0.001051612244897958,1.0759815423103418,0.02577204946552074,0.0006956730988771703,0.02395212970864085,1
143,-55.69375,-30.347916666666666,12.975,0.9387283619343778,0.6737610800985432,1.1017977733383444,61.0,33.0,27.0,1669.234375,909.484375,388.625,64.75628564505674,0.5595112055642208,1940.722994802043,0.36969160330578515,0.0018808674694605768,0.23945288930252898,-4.270833333333326e-05,33.223553719008265,0.04315759136908162,0.04184718549414771,0.0008333333333333452,3.391258546932524e-06,0.36968539894797514,6.55643205202455e-05,0.0016752277221025807,13.0,56.09009662686576,10.37842908623124,103.78378378378379,103.78378378378379,14,0.5185185185185185,0.15449738219714026,1.0931712962962963,0.1308305606046784,0.00047773469387754917,0.7206900345989182,0.002388117136047923,0.0,0.0033136536116764384,1
144,-55.67604166666667,-30.3375,13.1,0.48115416614347445,0.47285700798444347,0.31358146203711296,56.0,31.0,15.0,1668.546875,909.15625,392.578125,64.74709075678115,0.40397631920504196,1940.3817382029947,0.3683257438016529,0.0013255327918600495,0.15097054864810347,-2.1350000000000072e-05,33.24818181818182,0.017627926754242632,0.020898391165643085,0.0001666666666666335,1.0706154350246526e-06,0.3683230474268834,5.008740525393374e-05,0.0010408472449739555,16.0,52.87629325238858,3.3872218331426693,59.07692307692308,59.07692307692308,13,0.5,0.09677414104501264,1.1394230769230769,0.07353372849972321,7.960459183673318e-06,0.2218465050985984,0.0023860902397236624,0.0,0.010755590847208426,1
145,-55.348958333333336,-30.60625,13.560416666666667,0.6358221042586432,0.5469255928978518,0.7162516967208912,56.0,32.0,15.0,1658.734375,917.234375,406.390625,64.69295591318051,0.41532743943574973,1938.7650155797219,0.3669915371900826,0.00183051827570986,0.18208311234119923,-3.203333333333345e-05,33.24371900826447,0.014324009284824255,0.010449191802231195,-0.0001666666666666927,1.3120560919336914e-06,0.36699109744638575,6.214577088957873e-05,0.0016812188814290497,17.0,53.45183059185592,3.745794230048444,60.0,60.0,15,0.6,0.11779357164477752,1.128125,0.0804042520641788,2.6448979591836492e-05,0.31893109497468275,0.001977006527236021,0.0,0.006198851596433263,1
146,-54.94895833333333,-30.995833333333334,14.044791666666667,0.6161869967230367,0.506194269909181,0.7282069577145557,56.0,32.0,15.0,1646.734375,928.921875,420.921875,64.64009825932133,0.45801785840155956,1937.1792859639465,0.3650113801652892,0.002085171024779926,0.2135723493906783,-4.270833333333326e-05,33.241570247933886,0.012264863774606316,0.010449191802231195,-0.0001666666666666927,1.1384570531073739e-06,0.3650044553499628,6.112147536538292e-05,0.001940895966829606,17.0,53.81602499236755,4.484513680881285,64.0,64.0,19,0.7307692307692307,0.14135228597373303,1.1225961538461537,0.09261049343796028,0.00022286224489795968,0.6318842003976198,0.004519577272191479,0.0,0.007152540401148639,1
147,-54.44895833333333,-31.033333333333335,12.961458333333333,4.431598065588818,3.9831589920006403,8.193339136554597,93.0,49.0,51.0,1631.71875,930.015625,446.96875,64.71090522680593,3.300062331836654,1939.2250605585914,0.3630099008264463,0.0020389453983057143,0.27753699047943897,-2.1358333333333183e-05,33.24107438016529,0.011193390382373328,0.010449191802231195,0.0001666666666666927,0.0005883940427680883,0.3619810558503337,0.006332883352315987,0.014586595188367035,15.0,58.81522751442622,14.921402110495544,109.71428571428571,109.71428571428571,19,0.7037037037037037,0.16424840657522374,1.0630787037037037,0.17469185220560035,0.0005175624999999981,1.4198079020264307,0.01749759135266818,0.0,0.012323914613867566,1
148,-44.97708333333333,-3.4229166666666666,12.986458333333333,15.903533930955584,41.186166465935166,11.447380702876847,93.0,103.0,87.0,1361.546875,1161.765625,453.234375,65.1514516700235,6.233462410404397,1952.5229539894913,0.4546986611570248,0.23522361010923004,15.416038750963391,0.0013026083333333336,33.24851239669421,0.01237573986600847,0.010449191802231195,0.0001666666666666927,2.4383905734065467e-05,0.45495283845576445,0.016972822234777928,0.2098984041402776,14.0,74.09183830137565,25.493182643075816,147.69230769230768,147.69230769230768,24,0.75,0.24193128356568924,0.89208984375,0.2491244242231316,0.002748755102040829,2.376289793385255,0.03170571185590225,0.8393143594617885,0.013342527474620168,1
149,-42.463541666666664,11.473958333333334,19.0375,16.353157313597393,38.67168630705929,15.816679289598053,101.0,103.0,87.0,1285.765625,1006.953125,634.46875,65.28764055319056,6.917145918950678,1956.6255792331665,0.5140175537190083,0.2349231504007514,15.416038750963391,0.0010463583333333332,33.2496694214876,0.013842913531380745,0.010449191802231195,0.0001666666666666927,-3.3790423682225466e-06,0.5140308488511266,0.017550959687862144,0.2066089732830336,14.0,86.29877478626777,27.79553449390693,147.69230769230768,147.69230769230768,32,0.8421052631578947,0.32693639287039933,0.7717927631578947,0.24823439732782213,0.0021061543367346955,1.7681011459285378,0.0115770658124618,0.9816740941680715,0.006547739556145119,0
150,-40.25833333333333,22.309375,30.146875,14.390170738698304,28.288416276679545,15.307483553294285,101.0,103.0,87.0,1219.5625,717.28125,909.515625,65.04976404482778,6.118369693981487,1949.3774275673957,0.5552825041322316,0.21452037120462628,15.260774069822535,0.0009716166666666669,33.25528925619835,0.014492767085478048,0.015669077559126807,0.0,-0.00036053315840342483,0.5553069489859623,0.016544987335845574,0.18280531198211675,13.0,86.255464362815,26.59228111544804,147.69230769230768,147.69230769230768,32,0.8421052631578947,0.37708807734311134,0.7660361842105263,0.24623206070759385,0.00029143367346938796,1.6371442800205747,0.015754202033224318,2.7064125224893854,0.00962297717158217,0
151,-46.875,5.692708333333333,40.077083333333334,7.128215648627175,14.677872694351768,7.4965475271213275,101.0,63.0,61.0,1405.171875,193.0625,1201.265625,64.41153325309298,3.0739511467106158,1930.333584997914,0.5022643388429753,0.06670044119218622,6.385764046029099,-0.0003843750000000002,33.248016528925625,0.018255298549784894,0.020898391165643085,-0.000500000000000019,2.7226781860069333e-05,0.5021964540669718,0.004505998209301287,0.057040254882074926,15.0,77.69722434036481,24.660066834486724,147.69230769230768,147.69230769230768,28,0.8235294117647058,0.3544311623766121,0.8446691176470589,0.24494959505949315,0.0009832704081632678,2.294787256404735,0.04031887049287996,0.5743656806307642,0.01756976398589903,0
152,-46.38125,1.8895833333333334,44.26145833333333,0.8970219827295203,0.31340840191176894,0.9033352312018809,49.0,2.0,46.0,1390.0,56.625,1326.4375,64.15189301857995,0.3479661851479775,1922.5443779625232,0.4810866280991735,0.005865635243697219,0.3930795462065346,2.1350000000000072e-05,33.243388429752066,0.02014631270769373,0.020898391165643085,0.0,5.286208156661897e-06,0.4810678029359722,0.00014834523899131123,0.005723014050955594,15.0,67.6502360833528,20.82570587289261,147.69230769230768,147.69230769230768,24,0.8,0.3499032925200609,0.9520833333333333,0.23541205747700258,0.0029044400510203996,4.705007703060035,0.08684185855595734,0.16865293687003008,0.018457325478867394,0
153,-45.325,1.9614583333333333,45.184375,0.9599262124420468,0.19249988726547929,0.8911402018621987,48.0,2.0,47.0,1358.328125,58.78125,1354.109375,64.04263103064541,0.353191174787276,1919.266033054964,0.4801759834710743,0.005438097813982154,0.3930795462065346,-4.270833333333372e-05,33.23743801652893,0.015878095812923605,0.015678505408745894,0.0,-6.245155335328271e-07,0.48017520539636,0.00014531852995146186,0.005310971451604934,15.0,62.258366465152015,18.588418599841596,147.69230769230768,147.69230769230768,24,0.8275862068965517,0.2750589679066888,1.0167025862068966,0.19562716180857162,0.00013472576530612225,1.9297368579399563,0.006906009322854182,0.29052539780876313,0.00357873110752858,5
154,-44.317708333333336,2.0125,46.11145833333333,1.1124761038319977,0.12849286620924394,0.8845160861155789,47.0,3.0,48.0,1328.15625,60.3125,1381.890625,64.0023194342858,0.3400103404933804,1918.0665533575516,0.478174652892562,0.006757712473871344,0.4167609645394079,-3.203333333333345e-05,33.2402479338843,0.015665027106379476,0.015678505408745894,0.0001666666666666335,-9.061330696094575e-07,0.47818235752993404,0.00014364545880023736,0.006650407779207109,15.0,64.67230852894224,22.110565960447193,147.69230769230768,147.69230769230768,21,0.7241379310344828,0.2583024295071297,0.9962284482758621,0.2147359220952782,0.0009302500000000018,2.8419292536935887,0.0677131922614708,0.11667861809716185,0.023826487648651192,5
155,-43.66979166666667,1.5635416666666666,46.64375,1.573320519346653,1.971707159611662,1.9995214271169988,60.0,19.0,67.0,1308.703125,55.5625,1397.875,63.985180317436985,1.1800563878084858,1917.5548314565058,0.47795228099173553,0.008533402727099066,0.6053651082141263,3.203333333333345e-05,33.24223140495868,0.012161965050677705,0.010449191802231195,-0.0001666666666666927,-1.0375332159215942e-06,0.477948668286346,5.616850492240592e-05,0.008476202429664023,15.0,74.22752617172915,30.703494487142546,153.6,153.6,24,0.75,0.27671921817185946,0.91064453125,0.25858768329245985,0.0006267869897959179,2.4445614731889247,0.06553026978450889,0.49866397200936474,0.02680655426473068,5
156,-43.85520833333333,0.865625,46.58125,1.662350857449741,2.069537394211969,2.0242443291674714,60.0,19.0,67.0,1314.265625,36.5625,1396.0,64.05929891214983,1.179677731630749,1919.7783839975393,0.4821242479338843,0.012316405395748103,0.6725790483023668,0.00018150833333333328,33.243884297520665,0.013567821729741712,0.010449191802231195,0.0001666666666666927,-3.6327239318707193e-07,0.48213190617148016,5.654215243734579e-05,0.012282121254245113,16.0,78.02438328399973,31.629051407712055,153.6,153.6,29,0.8787878787878788,0.36213486796724814,0.8764204545454546,0.2812595651878206,0.0007980625000000008,3.989949812995462,0.046264606226290216,0.18772458348130439,0.011595285252863113,5
157,-44.329166666666666,0.121875,46.290625,1.6098600266965934,1.91668676393449,2.000498798477103,60.0,19.0,67.0,1328.53125,18.0,1387.25,64.16229677735735,1.1742397204078718,1922.8772229084466,0.49330606611570244,0.014449077717563522,1.107824275715019,0.00044844166666666664,33.24884297520661,0.01591247146652644,0.010449191802231195,0.0003333333333333854,1.4700191705831748e-07,0.49330320126328,5.973622874002345e-05,0.014413678151764954,16.0,77.51835611082726,32.64698315504281,153.6,153.6,29,0.90625,0.37260872317308597,0.89404296875,0.3037780491315251,0.0014412869897959147,3.877970183044911,0.019894231923079302,0.7999543265176275,0.005130063147483696,5
158,-44.34791666666667,-0.3125,46.25416666666667,0.7877948081335787,0.46575431649457993,0.5898298954406732,46.0,1.0,48.0,1329.046875,9.421875,1386.1875,64.08864492098992,0.3381452221633212,1920.659132343098,0.5135201818181818,0.018884966097729605,0.8376714848143494,0.0003843749999999998,33.255289256198346,0.017956530622835108,0.015669077559126807,0.000500000000000019,-2.216442454693973e-07,0.5135273054618722,5.9429514416655435e-05,0.018880012935571167,15.0,66.25855585962042,23.427249308446804,128.0,128.0,26,0.896551724137931,0.37461615399608894,0.9967672413793104,0.2734915066845713,0.0003650829081632685,6.485512521263219,0.049623340974540464,1.6837161315832965,0.0076514139494522244,5
159,-43.67604166666667,-0.4083333333333333,46.75,1.756609233228577,1.8073730169011104,1.729643508549281,56.0,16.0,61.0,1308.96875,26.84375,1401.0,64.04433425638489,0.9965145875054598,1919.3332544122493,0.5231878925619834,0.01997107907537141,1.017414341574649,-0.00010676666666666659,33.26206611570248,0.015950199116450608,0.015669077559126807,0.0,9.989355039405386e-07,0.5231822131819359,0.0002912613678691182,0.01985215938261712,15.0,70.86624496493897,28.60578938603931,147.69230769230768,147.69230769230768,26,0.8666666666666667,0.36078947647652765,0.9583333333333334,0.29176895527778296,0.005667938775510215,3.282903444729709,0.04793574615714581,1.0676784920454312,0.014601631441247733,5
160,-45.989583333333336,-2.7708333333333335,41.534375,7.784459400608511,5.850532679926579,13.633402058646563,78.0,25.0,63.0,1378.046875,120.078125,1251.09375,64.21630236849299,2.1877618208908993,1924.4321864551257,0.510746041322314,0.03484363017931215,1.8104228287297575,-0.0006406249999999998,33.26652892561983,0.014472015960230226,0.015669077559126807,0.0001666666666666335,4.4786480413796316e-06,0.5107033420907053,0.0004676812979105475,0.034732400831682275,15.0,80.31807233402216,29.20704317345822,147.69230769230768,147.69230769230768,31,0.8857142857142857,0.3520676517855958,0.84375,0.27988258858467263,0.0009698775510204083,3.191899303780021,0.02070321589673414,0.6525289056386367,0.00648617450814199,0
161,-46.81458333333333,-2.334375,40.12916666666667,8.636827387784757,6.785375329292773,14.819257717765609,81.0,40.0,63.0,1403.078125,147.921875,1212.03125,64.34627462003034,2.684768926799,1928.3855730357072,0.4868046033057851,0.03340041285895158,1.8608817937521502,-0.00048046666666666656,33.27479338842975,0.01432210183301388,0.015659661041067873,0.0,-6.293162748198131e-07,0.48681638487883955,0.0004736061478352505,0.03320577363815563,16.0,82.33299724327657,29.92824565712996,147.69230769230768,147.69230769230768,33,0.9428571428571428,0.3508110842317456,0.8316964285714286,0.2986223416519157,0.003172103316326537,2.762258092378687,0.03223240922980186,0.6480916353495654,0.011668862268422314,0
162,-46.075,-1.5854166666666667,40.72291666666667,8.936150830568309,6.858008991419366,15.053664276837125,81.0,40.0,63.0,1380.984375,148.125,1229.765625,64.27195999812712,2.527876183508196,1926.1590453067793,0.4732613884297521,0.015104737258307764,1.1813030788994614,-1.0674999999999805e-05,33.2800826446281,0.014112644103229849,0.015659661041067873,-0.0001666666666666927,-2.950149988658171e-06,0.4732624274435836,0.0003892482264333034,0.014804072190102876,15.0,76.4296412342594,27.116990246139505,137.14285714285714,137.14285714285714,30,0.9090909090909091,0.2910483937087933,0.8882575757575758,0.3050999105785384,0.0036386747448979686,2.5270977450546654,0.040524451271353484,0.4567923221528145,0.016035965110829883,0
163,-42.45,1.509375,46.963541666666664,4.8997874103543175,3.1754126413284203,7.400149488800697,81.0,40.0,51.0,1271.890625,72.71875,1411.25,64.00071566701735,1.6176301935028061,1917.9722108334422,0.4787993057851239,0.012653884277295632,0.9348483183592093,0.00029895833333333326,33.28140495867768,0.01331784269651705,0.015659661041067873,0.0,8.172631436012985e-08,0.4788541850692792,0.00014527935874467313,0.012445611508961542,15.0,70.16233023809563,27.840812839659748,147.69230769230768,147.69230769230768,28,0.9333333333333333,0.4576726314821093,0.9739583333333334,0.32404038350009534,0.0013453176020408143,2.1130886832072093,0.04510130231575682,0.02127748455233118,0.021343781107806062,0
164,-40.776041666666664,1.9572916666666667,49.09583333333333,0.7898107357233686,0.23989789132855854,0.5820074216785289,43.0,3.0,51.0,1221.984375,58.65625,1471.359375,63.85811771594869,0.279824545097778,1913.7476869192078,0.48175359504132237,0.006998151883044355,0.44289015721097563,-0.0001494833333333334,33.27859504132231,0.013067263058545922,0.015659661041067873,0.0001666666666666927,1.693846744394608e-06,0.48174893873603414,0.00013311271084009513,0.006915808094355751,15.0,71.42217315298812,27.93603094478959,147.69230769230768,147.69230769230768,28,0.9333333333333333,0.46265797045907503,0.9557291666666666,0.31922664865547423,3.347448979591835e-05,2.6392824183503802,0.07189519194321081,0.19303907403733864,0.027240431506434678,0
165,-40.89895833333333,1.690625,49.05416666666667,0.9954055697372248,1.2072332456385548,0.7965964927252832,48.0,6.0,57.0,1225.6875,60.90625,1470.09375,63.911150668057665,0.5847252501505066,1915.3369629399178,0.4736954710743801,0.010625773272453782,0.6380745420171656,-0.00023489999999999994,33.273801652892566,0.013190041218683697,0.015659661041067873,0.0,4.205704326159225e-06,0.4736939399476648,0.0001364434810859781,0.010575795829754283,15.0,75.92137628143004,33.840656624564424,153.6,153.6,28,0.9032258064516129,0.5090729549264035,0.9269153225806451,0.3314892598900854,1.5715561224491062e-05,8.232058769771688,0.01925371389789833,4.649971255571241,0.002338869830302769,0
166,-40.083333333333336,0.45729166666666665,49.635416666666664,1.790406533599438,1.9542285771109842,1.3648854627363018,48.0,6.0,57.0,1201.296875,57.71875,1487.484375,63.86712283727271,0.6598576781279196,1914.027177941766,0.4635725454545454,0.008923210425487044,0.5710045181642155,-0.00023489999999999994,33.27297520661156,0.012507493826374783,0.015659661041067873,-0.0001666666666666335,-7.994974641981618e-07,0.46357527388265224,0.00013983700509771527,0.00883745678705346,14.0,67.09092012788936,31.846067887412996,153.6,153.6,24,0.8888888888888888,0.4659874525021281,1.0555555555555556,0.39205371439272935,0.001597144132653067,3.8002256263245258,0.11799041014617027,0.0,0.03104826443167991,0
167,-37.759375,-0.85625,51.255208333333336,3.334387691322301,1.8091671944571626,2.283654317082722,48.0,6.0,57.0,1131.609375,57.1875,1536.046875,63.817416897819285,0.737258767278684,1912.5261727774528,0.45859580165289254,0.004685880051973682,0.38480955176919585,-7.47416666666667e-05,33.2701652892562,0.011921469699343355,0.015659661041067873,-0.000500000000000019,1.1491040994249286e-06,0.4586030274295045,0.00016913439853676905,0.004492284527720977,14.0,74.11220301006203,35.473405444360694,153.6,153.6,27,0.9,0.4681479610869064,0.9796875,0.4055111470287634,3.188775510206756e-08,5.205012338949198,0.08973441492300639,0.07725936055101465,0.017240000422577714,0
168,-35.11145833333333,-2.0864583333333333,53.057291666666664,2.9113774586262813,0.627348884803256,1.9017122105085253,43.0,3.0,57.0,1052.1875,62.515625,1590.09375,63.7528249465662,0.5545445571095735,1910.5826793612875,0.46114774380165297,0.009561719278584875,0.5479337434296436,0.00019219166666666667,33.26669421487603,0.01130994075673204,0.015669077559126807,-0.0001666666666666927,-4.388097132458855e-06,0.46117168832094235,0.00027808671578738984,0.009345810894747378,13.0,72.05403890218912,28.94479159291004,147.69230769230768,147.69230769230768,27,0.9,0.39372690818987544,0.9635416666666666,0.3720004456949242,3.594247499413237e-33,2.7415237182926386,0.1662749070622044,0.23084980489227114,0.06065054478746469,0
169,-32.803125,-2.4635416666666665,54.496875,2.2257467438386453,0.5652469577661511,1.2399557388774003,41.0,4.0,59.0,983.046875,73.84375,1633.203125,63.7069619858009,0.507316015634678,1909.2040088026276,0.46714108264462817,0.009763818144225164,0.5479337434296436,0.00019219166666666667,33.25892561983471,0.014304923321270358,0.015669077559126807,-0.0001666666666666927,-1.6008595598262414e-06,0.46713913948232727,0.0002849000317117348,0.009553607114088503,14.0,77.32679481817723,29.92026483651509,153.6,153.6,29,0.8787878787878788,0.3979680905226181,0.8806818181818182,0.2891058316676956,2.1889030612244713e-05,5.735108738129576,0.022933105173424735,5.50194670363887,0.003998721945924959,0
170,-31.777083333333334,-2.8041666666666667,55.06666666666667,1.5825532617858045,0.40205634624459735,0.8201456510211396,36.0,4.0,59.0,952.28125,84.046875,1650.296875,63.664218875363595,0.43606382154893797,1907.9336601353987,0.4687082314049587,0.009487530594913888,0.6169272866790335,-2.1350000000000072e-05,33.252644628099176,0.011190949342025391,0.010449191802231195,0.0,-6.286513985181308e-06,0.4687005198659061,0.00037899741723140226,0.009201440116462034,14.0,65.16380871283924,24.27209697068914,153.6,153.6,23,0.7931034482758621,0.348998587319337,1.0134698275862069,0.26575884488957136,0.00013307270408163238,1.6529277345097038,0.0336116194886055,0.05635809752279899,0.02033459708302098,0
171,-31.221875,-3.3020833333333335,55.32083333333333,1.3692077335847668,0.7044470595596394,0.7618394224215203,36.0,7.0,59.0,935.65625,98.9375,1657.90625,63.629201661908276,0.6163636925885034,1906.8833885006318,0.47682987603305776,0.01429859380681894,0.862979278206474,0.00018150833333333328,33.245206611570254,0.009966818797807399,0.010449191802231195,0.0,1.8764621692574898e-06,0.4768332976936585,0.00036986703635050216,0.014081541132453941,13.0,67.36060049603006,26.751344312705122,153.6,153.6,26,0.8666666666666667,0.32900896939088936,0.9890625,0.262175829100593,0.0005422244897959149,1.415797560042787,0.044996515490434943,0.02916289128633691,0.03178174391618184,0
172,-31.425,-3.8520833333333333,55.197916666666664,1.398138643578192,0.7832862352862388,0.8369064024064392,37.0,7.0,59.0,941.8125,115.453125,1654.171875,63.655421993715585,0.659672243357558,1907.6602206210093,0.48562920661157016,0.01702962389869094,0.8851492911419712,0.00017083333333333303,33.23512396694215,0.015960472997782887,0.010455480814762361,-0.0003333333333333262,-7.072811598643778e-08,0.4856040323317096,0.00036493275860896975,0.01687092661404594,14.0,81.29087390275981,32.86258131357736,147.69230769230768,147.69230769230768,31,0.9117647058823529,0.316230105524682,0.8566176470588235,0.3060565159224376,3.3889030612245235e-05,3.7599708075119507,0.09112195357549421,0.9709312267646738,0.02423475027876386,0
173,-31.367708333333333,-4.527083333333334,55.16458333333333,1.5775769125245704,0.6400649652357346,0.9071451517750005,41.0,7.0,59.0,940.0625,135.671875,1653.234375,63.64488819025341,0.7800099893438934,1907.381537647739,0.496906347107438,0.0065024509780921575,0.8851492911419712,0.0003523416666666668,33.221239669421486,0.017794522693998296,0.01830535901563095,-0.0003333333333333262,-5.950331368550405e-06,0.4969592912515374,0.00026477624077698915,0.00587258110928078,14.0,83.98947683553648,32.18758850864239,147.69230769230768,147.69230769230768,32,0.8888888888888888,0.399453798396725,0.8229166666666666,0.29817424034306966,1.2501275510204407e-05,3.320581360642964,0.027466826914870946,1.7692268977779517,0.008271692192343255,0
174,-31.321875,-4.836458333333334,55.14895833333333,1.457573834965145,0.5177313878166512,0.8047378962104507,41.0,7.0,59.0,938.65625,144.9375,1652.75,63.62779950263282,0.6341047122458617,1906.8393634043305,0.4984628760330578,0.0018662072757875737,0.1564093277429188,-3.203333333333345e-05,33.20561983471074,0.018977697305363507,0.018316388009502176,-0.000416666666666643,4.461436821054878e-08,0.4984565130334835,9.317245480684981e-05,0.0016317639664375594,16.0,80.8506416863181,33.436239086769795,147.69230769230768,147.69230769230768,29,0.8529411764705882,0.42384326206211487,0.8694852941176471,0.32269407743963846,0.0008163265306122434,4.4666156355045965,0.033491091251987584,0.9694494382146713,0.007498091169020876,0
175,-32.75625,-1.7072916666666667,53.766666666666666,4.023752718234559,7.8045625650383,3.564543760738844,54.0,21.0,62.0,981.546875,200.6875,1611.4375,63.68367895951619,0.9685001366078813,1908.5141687246496,0.484284347107438,0.031000456710501566,1.9814417698245554,-0.0008221416666666666,33.1900826446281,0.0223235363977912,0.018316388009502176,-0.0002500000000000095,-2.033943350829091e-06,0.48428158790992704,0.00048530477059611035,0.030750517641758984,16.0,76.93540004825506,32.31717652924297,147.69230769230768,147.69230769230768,29,0.90625,0.47166432757123555,0.904296875,0.3148289679377271,0.0029314489795918266,3.9866856949542386,0.024559183120249274,0.5576091932524196,0.006160300811105496,0
176,-36.003125,4.680208333333334,50.95520833333333,5.658970627924157,10.391043015818827,5.214869960660306,54.0,21.0,62.0,1079.0625,292.65625,1526.953125,63.876489393981075,1.24471323362352,1914.293936316239,0.45003993388429747,0.04861212364882367,2.350851210744796,-0.0008114583333333332,33.175041322314044,0.01916108172303949,0.01570685715186602,-0.0004166666666667022,7.500150474831199e-07,0.45004443113573817,0.0004882590261053852,0.04843599972462799,17.0,79.43460846109255,32.58072020825189,147.69230769230768,147.69230769230768,31,0.9117647058823529,0.39574298709784006,0.875,0.3085922956964987,0.001134246173469388,4.617694829668526,0.015040193945309288,1.071609560755742,0.003257078369206335,0
177,-37.58958333333333,8.044791666666667,50.065625,4.663052450886889,8.102666353733847,4.614612843208879,54.0,21.0,62.0,1126.609375,292.703125,1500.296875,63.96456766558798,1.2199385316825073,1916.9405739878907,0.419893438016529,0.03696731480643711,2.3286811978092983,-0.0007260416666666667,33.16512396694215,0.011216553770132231,0.007856978950999,0.0,-1.3760272736573704e-06,0.4199012040860294,0.0004893468480143094,0.03673330441248995,16.0,82.78551140184807,33.64631452954396,147.69230769230768,147.69230769230768,30,0.8823529411764706,0.3768597351046962,0.8451286764705882,0.313655209616502,0.0035615318877550797,4.67546574144517,0.030924415230876665,1.0386658000303104,0.006614189246806039,0
178,-37.840625,7.735416666666667,50.45520833333333,3.4956245902616128,5.3776927202152,3.7867744022140912,51.0,20.0,62.0,1133.96875,231.71875,1512.15625,63.96935873932217,0.9366923080212703,1917.0800313803347,0.4035336280991736,0.0070879444759921525,0.6432647893924033,7.47416666666667e-05,33.16677685950413,0.013739902440080668,0.01570685715186602,0.0,-5.651043472481709e-06,0.403543349777767,0.0001244029339414371,0.006997698105215053,16.0,72.07832000585648,30.240736713531756,147.69230769230768,147.69230769230768,26,0.8387096774193549,0.29308157549705055,0.9475806451612904,0.28562756942513934,3.5829081632650634e-06,2.2964679644358896,0.07812688405932963,0.02239999233158584,0.03402045457164517,0
179,-38.22708333333333,2.9635416666666665,48.77291666666667,4.837623365495591,3.3469083928202386,14.568748510415103,72.0,14.0,75.0,1145.59375,112.484375,1515.375,63.96879499066746,1.9328672420241368,1917.070087375947,0.40602203305785123,0.004960957605396719,0.5279162209249153,3.203333333333345e-05,33.17214876033058,0.016170916223922277,0.01570685715186602,0.0004166666666667022,-8.090278264652655e-07,0.4060263272870423,0.00016533755101093926,0.00473050048666951,15.0,75.685021963335,28.350051462278355,147.69230769230768,147.69230769230768,29,0.8787878787878788,0.27417590032022554,0.8896780303030303,0.27232089093995787,0.0008224604591836724,3.2858911857939157,0.054412635702871075,2.4278831422749616,0.016559475839649344,0
180,-40.817708333333336,1.23125,46.848958333333336,4.951756733550618,3.100514490236526,14.320698123634331,72.0,14.0,75.0,1223.265625,66.3125,1457.6875,64.01478535403193,1.9362135067924673,1918.4511160759275,0.4039360495867768,0.005463970822997316,0.5279162209249153,-0.0001067749999999997,33.18231404958678,0.01718928796637535,0.013087074402987097,0.0,3.5176631532571356e-07,0.40394572958423813,0.00016822545278263618,0.005254071384139536,15.0,86.28430033413501,28.060157386481546,147.69230769230768,147.69230769230768,33,0.868421052631579,0.2912994390239632,0.7750822368421053,0.2585040931613671,0.00023804081632653243,2.407772644698167,0.014462477483170783,2.705060526382971,0.006006579364964821,0
181,-42.94895833333333,0.03958333333333333,45.223958333333336,4.195297337288966,2.4453390684570153,13.928569596274555,72.0,14.0,75.0,1287.296875,30.609375,1408.875,64.05958333949357,1.943201577417769,1919.8069607456698,0.3997005289256198,0.004128913676742316,0.4738230751589026,-0.00012812499999999977,33.17884297520661,0.017869595704781173,0.013087074402987097,-0.0001666666666666927,6.122728756909067e-06,0.3996831606033394,0.00015615221817741567,0.0038601877236504366,16.0,90.04068567813177,25.98516654410567,147.69230769230768,147.69230769230768,34,0.8717948717948718,0.32925869313744616,0.7323717948717948,0.24731074330839894,0.0001257602040816322,2.3441949349678146,0.014066144651876208,2.23305595647591,0.006000415938988169,0
182,-42.69479166666667,0.421875,47.59791666666667,1.478869908611715,0.6877958643679581,1.1791574646284053,47.0,2.0,51.0,1279.53125,18.453125,1426.4375,63.97252137962167,0.38977557711537836,1917.1818790445732,0.39721205785123975,0.0024505902554199095,0.2800362403202319,-6.40666666666669e-05,33.174214876033055,0.01775648251387867,0.01570685715186602,-0.0002500000000000095,1.0666641630334773e-07,0.39721897174879406,9.040489782553898e-05,0.0023075800321847003,15.0,81.18219374690763,26.65190697757382,142.22222222222223,142.22222222222223,27,0.7714285714285715,0.34680709457216735,0.8290178571428571,0.2917184417116852,0.008281000000000005,2.316528968684771,0.1493812307871519,0.5996734087262433,0.06448493966901021,0
183,-42.463541666666664,-0.721875,44.87291666666667,5.762371108313882,6.378245956716862,15.135447350278602,82.0,36.0,73.0,1272.546875,83.6875,1403.53125,64.13097620557505,2.7274024736551308,1921.927481544005,0.39126108264462817,0.008537628394626937,0.7552303649298391,-0.0002455666666666671,33.168264462809915,0.012509677969207674,0.01570685715186602,-0.0001666666666666927,5.7320824098561364e-05,0.3912143641293671,0.0006331349455546302,0.008637299608215073,16.0,79.67202389302312,28.460725900493642,142.22222222222223,142.22222222222223,27,0.7714285714285715,0.3044694261068318,0.8504464285714286,0.28819030370218773,0.003599999999999998,1.7047120571632028,0.06362297591733425,1.123622348214515,0.03732183136148442,0
184,-37.96458333333333,13.3625,34.62916666666667,13.027086998240328,26.447271637795332,23.63375021670398,82.0,91.0,73.0,1161.1875,509.15625,1143.03125,64.88622237498461,6.044885929779527,1944.6585727573104,0.40042101652892564,0.07312007832280822,9.750340360878663,8.541666666666652e-05,33.165537190082645,0.014371138042385883,0.020948794328505046,-0.00024999999999995024,1.0730173767766488e-06,0.400431498178164,0.0062911066208319886,0.046551400833655124,15.0,88.90624564126185,30.86748719735295,142.22222222222223,142.22222222222223,30,0.7894736842105263,0.3020857603195454,0.7685032894736842,0.28494591113992773,0.0012100459183673443,1.4360237107846725,0.056349184177396344,0.7026401702237008,0.039239731039403244,0
185,-33.702083333333334,31.914583333333333,21.554166666666667,13.958151584637639,30.6342502328095,23.87941022384952,82.0,91.0,73.0,1034.0,1065.546875,797.15625,65.38226398326925,6.901175486013808,1959.4771048915281,0.403078867768595,0.07417036736754819,9.750340360878663,-4.270833333333326e-05,33.15198347107438,0.026802609799864985,0.031442168770644034,-0.0007499999999999692,3.2003124876394004e-07,0.4030772728757955,0.006317314530144439,0.04801040453963579,15.0,96.68589689443927,27.694355926662762,142.22222222222223,142.22222222222223,33,0.7857142857142857,0.3541255655251913,0.6871279761904762,0.25466463195333583,5.102040816329351e-09,2.4631508891907523,0.020434578657653222,4.515908817842763,0.008296113221211078,0
186,-28.473958333333332,52.159375,12.828125,11.02711378821602,16.87233360492975,14.73320514974169,70.0,91.0,60.0,877.125,1567.5625,476.609375,65.41265672535523,6.360192486408833,1960.3810598009404,0.4042119173553719,0.07371414716283153,9.750340360878663,0.00013880000000000004,33.1204132231405,0.03438711786025728,0.028843735492780465,-0.0007499999999999692,-2.264017703304748e-05,0.4041931110023962,0.006295922021082914,0.047320598027726424,15.0,93.30445640112784,26.039872128796322,142.22222222222223,142.22222222222223,30,0.7317073170731707,0.35266320745241486,0.7088414634146342,0.25627500476513626,0.002314297193877561,3.7945264363977316,0.013579945658105231,4.254274587798126,0.00357882489046436,0
187,-28.358333333333334,56.76875,10.960416666666667,4.877107806431549,3.509312388132467,7.3186758702005354,56.0,85.0,39.0,850.453125,1701.390625,374.640625,64.96779526286552,3.9833188025047392,1947.0777266268678,0.39050938016528924,0.015972078294497465,1.8426235671019697,-0.00020286666666666648,33.092314049586776,0.02637179593412141,0.026241378382658227,-0.0006666666666667116,-1.617910625843036e-05,0.39059810463234884,0.0005943706594909025,0.015524645994379731,14.0,86.13378625712802,26.76058310024392,137.14285714285714,137.14285714285714,29,0.7631578947368421,0.4059412808273257,0.7816611842105263,0.2925912994430659,3.5999999999999384e-05,4.493140188651345,0.032577252865044336,2.3455523768239606,0.007250442117814865,0
188,-28.685416666666665,56.80416666666667,11.094791666666667,2.9391388749749288,1.7722347395935512,3.003535062765855,56.0,67.0,34.0,859.671875,1702.359375,332.484375,64.72414976783692,2.060557003324512,1939.7139383718934,0.3820806859504132,0.003559705652315217,0.3495692089503177,-0.00011744999999999997,33.07677685950413,0.01077300544582008,0.01050606676388192,0.0,8.408662263769227e-08,0.3820797733878966,6.982132163852405e-05,0.0034733721053826446,15.0,82.28985583920405,30.517509232814774,153.6,153.6,30,0.8571428571428571,0.3845669953298889,0.8334821428571428,0.29331614182673693,0.002310862244897965,4.532430671169443,0.07939937400173892,1.0346992731647804,0.01751805593117932,0
189,-29.365625,56.619791666666664,10.46875,3.0170808230321464,2.0249032791544774,3.2302383974200213,56.0,67.0,34.0,880.046875,1696.8125,313.671875,64.77532448081301,2.3516494364709306,1941.2145957862149,0.377887479338843,0.004038294892402342,0.3242437535810878,-9.609166666666631e-05,33.073966942148765,0.011955795914068066,0.01050606676388192,0.0,-1.0464145738808788e-06,0.37789030054764716,7.192517800406862e-05,0.003972273690649276,14.0,84.61530924679002,33.08268046811286,153.6,153.6,32,0.8888888888888888,0.39114251433187003,0.8198784722222222,0.295558257508894,0.0028279604591836824,2.952134812358578,0.0833246985230312,1.871030346230988,0.02822523489584806,0
190,-29.192708333333332,56.64479166666667,10.84375,1.6996779591824316,1.1962937375900713,1.888165583531628,39.0,67.0,27.0,874.84375,1697.5625,324.96875,64.68887223279165,1.2917272349680333,1938.6237442325614,0.3734189504132232,0.00400799579528994,0.3275556667657301,-9.609166666666678e-05,33.07446280991736,0.012461538396676833,0.01050606676388192,0.0,1.7386945905856775e-07,0.373419911366816,6.847991951170036e-05,0.003920786176790306,15.0,81.93906407845436,31.37104507634696,153.6,153.6,32,0.9142857142857143,0.3752584128020003,0.8410714285714286,0.2973911329703489,0.0023005727040816327,2.679472148271109,0.08245249004491975,1.4441073932717015,0.030771915318515645,0
191,-29.105208333333334,56.561458333333334,11.432291666666666,2.097213915316514,1.3095697282939496,2.205012981427522,39.0,67.0,27.0,872.203125,1695.09375,342.625,64.69817755359364,1.4595191823584424,1938.9221455512313,0.36987169421487603,0.002872340888408396,0.30037389050437424,-6.405833333333332e-05,33.07049586776859,0.012717609296974778,0.01050606676388192,-0.0003333333333333854,1.173182013338825e-06,0.3698683650589156,6.953357215820498e-05,0.002719605130950526,15.0,86.22443113201132,32.99928348261622,153.6,153.6,31,0.8611111111111112,0.39969819808647056,0.8064236111111112,0.302201794700649,0.003946531887755095,4.823540102287739,0.08958306347541775,1.45318758989343,0.01857205736362174,0
192,-28.779166666666665,56.639583333333334,11.885416666666666,1.7281924966726234,0.8185962535883541,1.4717463525991457,39.0,59.0,26.0,862.4375,1697.4375,356.15625,64.67260171350557,0.9073795271420887,1938.150186107585,0.3683151570247934,0.001353533911552785,0.1814725753590034,-4.270833333333372e-05,33.06421487603306,0.01371203646410479,0.0157638693687767,-0.0001666666666666927,-5.322780770622806e-07,0.36831694643990537,5.953236793752275e-05,0.0011079040051814753,15.0,80.84520014700718,32.48552432939818,153.6,153.6,30,0.8823529411764706,0.4321747057912547,0.8602941176470589,0.3088700288872484,0.0022834744897959245,4.229207348801823,0.07148877853552033,0.7276310194629779,0.016903587986948385,0
193,-28.483333333333334,56.74375,11.907291666666667,1.7022452493365605,0.9007881387059519,1.436412254518373,39.0,59.0,26.0,853.59375,1700.59375,356.96875,64.63601382382852,0.946093000634466,1937.1192585180345,0.367341,0.00155509505436136,0.18208311234119923,-2.1358333333333183e-05,33.05347107438017,0.014472015960229845,0.01051242444577164,-0.0001666666666666335,3.594298673706172e-07,0.3673434572900866,6.614577668615265e-05,0.001373729945305023,15.0,80.2738521341993,34.331525245414376,153.6,153.6,26,0.7647058823529411,0.4056668308495472,0.8694852941176471,0.29863262486988623,1.3270408163265215e-05,3.2231482202075887,0.032433092393425574,0.3394094723151396,0.010062550704334875,0
194,-28.315625,56.936458333333334,10.578125,2.4722134197330807,1.7002217864925413,4.6253536604647865,37.0,68.0,20.0,848.71875,1706.171875,338.578125,64.67585334489122,1.6917798645580215,1938.1761471479003,0.36627142975206606,0.0025282333714675923,0.30352320520015025,4.270833333333326e-05,33.04049586776859,0.01709725412535929,0.01840510071630806,-0.000416666666666643,-1.1079816439412542e-06,0.3663039170395007,8.246376856339549e-05,0.002501455032262805,14.0,84.86799225099867,34.886929181080745,153.6,153.6,31,0.8611111111111112,0.352644663831131,0.8211805555555556,0.2938775128745009,0.00018418367346938856,2.742758399711148,0.022300664216852777,0.8831157870919102,0.008130743203339149,0
195,-28.444791666666667,57.003125,9.959375,4.060361483078063,3.8862726659840785,5.630961250921108,58.0,87.0,25.0,852.5,1708.34375,330.34375,64.8540137657527,3.8608103818878745,1943.6414887660449,0.3635923801652893,0.003660630477368342,0.4857189882235519,-5.339166666666663e-05,33.02586776859504,0.021268430859354752,0.026304955410997467,-0.0006666666666666524,-1.1891439432430972e-06,0.3635946739374702,0.00015067800145101708,0.003432854138468712,14.0,88.10921073967351,31.22629287616081,153.6,153.6,32,0.8421052631578947,0.30205299436030597,0.7664473684210527,0.25478428316327156,8.688903061224447e-05,1.5623446203056637,0.04970818016362066,0.8614649615969403,0.03181639922304436,0
196,-28.811458333333334,57.01875,9.608333333333333,4.666913009681084,4.727761814096955,6.28048675572912,58.0,87.0,25.0,863.375,1708.90625,325.625,65.06547584554237,4.859858844981371,1950.0356331165735,0.36285111570247935,0.0034138462353838295,0.4857189882235519,2.1358333333333183e-05,33.009008264462814,0.020465853790352213,0.02105033357011963,-0.000500000000000019,1.4461158180103016e-06,0.36284914165161947,0.0001586116156799658,0.003161278717584825,14.0,86.57491297166216,27.960433188430105,153.6,153.6,35,0.9210526315789473,0.2682206249186605,0.7680921052631579,0.2454490776929192,0.0001607461734693879,0.8235335875020608,0.066832473642602,0.6355236171843399,0.0811533065036461,0
197,-31.301041666666666,54.95104166666667,11.641666666666667,7.434435570254402,7.437706506820312,6.070311405155056,65.0,87.0,36.0,938.0625,1647.109375,366.390625,65.22287493682374,5.3212938566463155,1954.6538228619002,0.36635608264462804,0.010634598362126725,1.2212586665570129,0.0002455750000000002,32.99512396694215,0.018502432383286218,0.02105033357011963,-8.333333333331676e-05,3.5839441236485656e-05,0.3661664429323727,0.0007394948634373445,0.00933519136593443,15.0,84.24793738442905,25.60804334966597,137.14285714285714,137.14285714285714,34,0.8947368421052632,0.274013028486613,0.7771381578947368,0.22212169530290873,1.2257653061224898e-06,1.352848840287318,0.04271680103793184,0.6006933187396362,0.03157544269976211,0
198,-37.932291666666664,45.7125,14.4125,11.812449248494739,14.874637600627453,13.425979557683428,84.0,75.0,58.0,1136.984375,1369.953125,510.390625,65.2289610397927,4.737080676521522,1954.888063015242,0.38423014876033057,0.040278737402893595,3.593512079306609,0.0011851583333333338,32.98123966942149,0.017228184093613937,0.018444183319594132,0.0,4.264359293929985e-06,0.3841706491755883,0.0009299557607110506,0.039487127815108436,15.0,89.36255511140546,28.92086203899731,153.6,153.6,33,0.8461538461538461,0.34279547497665963,0.7423878205128205,0.23277691806885506,0.00019800510204081776,2.2756146434345457,0.012141156976855545,0.7421288600836305,0.005335330835510492,0
199,-46.20520833333333,31.304166666666667,15.341666666666667,13.055353864983154,22.31314035806903,16.813620883742505,90.0,75.0,67.0,1384.625,1045.765625,559.5625,65.33942015567638,5.658213680422977,1958.1229858896495,0.4025594958677686,0.0421851064541445,3.593512079306609,0.00030963333333333307,32.96322314049587,0.026039222672922975,0.021088665019407586,-0.000500000000000019,-2.2093974440154342e-06,0.4026090679040097,0.0010344388872380462,0.04115573107817903,15.0,92.30615496953187,32.2299635899607,153.6,153.6,33,0.825,0.3928223453828095,0.7359375,0.26646924658391635,1.3270408163265785e-05,3.428503555605899,0.00257267730774903,2.873280505072691,0.0007503790694755095,0
200,-47.057291666666664,24.61875,19.84375,13.647414626890466,23.092307126779257,19.045902952363097,90.0,48.0,67.0,1410.28125,929.328125,712.59375,65.24527977025217,6.289071953385154,1955.3536425492075,0.4240760826446281,0.0440671328611783,3.697979887538871,0.00010676666666666659,32.93595041322313,0.033687394027413886,0.02636884125378485,-0.0008333333333333452,-2.5862902901155132e-05,0.42416727380195385,0.0009626070012129271,0.04271152664487488,15.0,93.22905382257254,30.913997621016065,153.6,153.6,34,0.85,0.3970150419185845,0.72578125,0.26877611610025454,0.0025755625000000075,3.693563992429343,0.01887434228223664,6.055535815331231,0.005110062346536616,0
201,-45.30625,26.291666666666668,24.552083333333332,12.335414907391643,22.682232706582386,15.661038300819081,90.0,48.0,67.0,1357.890625,979.40625,781.53125,65.00094765714134,5.788254227908829,1947.9999514518463,0.42159825619834707,0.031890169940778264,2.8217151468983586,-0.0008328083333333334,32.91495867768594,0.023181781352632835,0.026384861230572612,-0.000500000000000019,-8.402074693963993e-07,0.42163607668369246,0.0007801287817333743,0.030760516755933425,16.0,91.49552886475063,35.27476967409792,153.6,153.6,30,0.8823529411764706,0.8014343350338892,0.8226102941176471,0.5329083431261354,0.0041510408163265905,14.954327899410135,0.2336748816306587,22.301245217658277,0.015625903297190366,0
202,-41.88229166666667,33.43020833333333,30.503125,8.729243175380702,15.784133778046355,8.551802357848802,89.0,60.0,46.0,1255.140625,1086.296875,933.5625,64.68443694561908,4.067102821611894,1938.5550253545907,0.41259768595041324,0.03009048141224033,2.966640729345287,-0.00020286666666666648,32.90404958677685,0.011683039369964036,0.01584053260566967,0.0,5.5467538545497766e-06,0.4125547536212635,0.0006343713303010298,0.02941503358206794,16.0,79.34481536701756,32.55245770984915,153.6,153.6,27,0.84375,0.7963114705724906,0.93017578125,0.5251253160141119,0.00033306250000000084,5.231146521543397,0.1191301196902773,2.6261748788910615,0.02277323320990236,0
203,-37.978125,36.928125,35.072916666666664,8.584053810275675,4.524475179624889,4.770667300604345,57.0,60.0,46.0,1138.359375,1106.515625,1051.046875,64.43005806305221,1.3481906362677656,1930.8848510152138,0.3926270578512397,0.011977123018072482,0.9622715828179236,-0.0003096333333333335,32.90636363636362,0.009270944570167777,0.010563564254984269,0.0001666666666666335,4.06364735491532e-06,0.3926092765909773,0.0002044685568054992,0.011870342766583745,16.0,73.47516584935471,33.62977955019461,153.6,153.6,23,0.7931034482758621,0.7695270009853687,1.0102370689655173,0.5372893887143405,0.03126581760204083,11.505412434364983,0.48158331938601934,1.972586811255822,0.04185711048024671,0
204,-32.40833333333333,39.15208333333333,38.1375,8.318649563213704,3.5907572079422034,5.007478781782305,57.0,60.0,46.0,971.125,1173.40625,1142.984375,64.36651563909095,1.3321340583160926,1928.9839133346782,0.3813816776859504,0.010840541998903837,0.9638043510353074,-0.00035235000000000035,32.906859504132214,0.007276482877041573,0.005280176234377435,-0.0001666666666666335,6.561446979606586e-07,0.38138482247840816,9.549174989905447e-05,0.010791963641023434,15.0,67.60409916270176,19.72251801260193,147.69230769230768,147.69230769230768,25,0.8064516129032258,0.27452907120649356,0.9470766129032258,0.22470569838011523,5.4654336734693185e-05,2.1527499461997404,0.04507145213599714,0.9795656883596893,0.020936687150108626,0
205,-26.694791666666667,41.145833333333336,41.52395833333333,0.7942330933656834,0.45366945259982205,0.521864604021537,29.0,42.0,43.0,800.046875,1233.0625,1244.4375,64.27158660677881,0.3205282837170146,1926.1477299687745,0.3681667272727273,0.010480847619655878,0.7631833665889892,-0.00025625,32.90669421487602,0.009035140739646048,0.010557144585061497,0.0,-1.4251663296235171e-06,0.36818320396823234,0.00010256611446552368,0.010463951899716214,13.0,64.19985630371652,19.404944568500756,147.69230769230768,147.69230769230768,23,0.7931034482758621,0.26601861592350473,0.994073275862069,0.21826507955677174,0.0055077602040816374,1.0533283640126896,0.021559790682795205,0.12932537796877144,0.020468252274782064,0
206,-26.472916666666666,41.1125,41.70625,0.7211794689180279,0.42555111326373,0.46228880313068355,29.0,42.0,43.0,793.34375,1232.09375,1249.890625,64.27500741106803,0.32029513548437366,1926.241356288406,0.35730252892561987,0.011454652032746876,0.8981551189132247,-0.00029895833333333326,32.9093388429752,0.01309441475724812,0.010557144585061497,0.0,-8.043347571591708e-08,0.3573031300537236,7.419725931465027e-05,0.011436192279292611,14.0,57.65399351631121,8.26417671625156,73.84615384615384,73.84615384615384,20,0.7407407407407407,0.2324439681241647,1.0619212962962963,0.1495968662562488,0.00048714795918367254,0.9154471011964986,0.012286163824949101,0.0,0.01342094350278783,0
207,-26.246875,41.27395833333333,41.70520833333333,0.7363271924728844,0.5233594987487621,0.4604956097480433,29.0,42.0,43.0,786.59375,1236.921875,1249.84375,64.2857851538964,0.3584022140994105,1926.5574096841951,0.34606770247933877,0.0076375640795024605,0.7049584678140655,-0.00022421666666666654,32.91049586776859,0.015094809992503363,0.010557144585061497,0.0,-3.78251242355789e-07,0.3460672792249273,7.687166234300507e-05,0.007602229692804431,15.0,55.76911219027376,6.669126150928365,71.11111111111111,71.11111111111111,18,0.6923076923076923,0.1930683573892936,1.0907451923076923,0.1258250439444265,0.0011342461734693875,0.9086597758238143,0.0248542538887812,0.0,0.027352651179312626,0
208,-25.905208333333334,41.48645833333333,41.72708333333333,0.7190662045995642,0.5588529531673684,0.46602914042173604,28.0,44.0,43.0,776.40625,1243.265625,1250.515625,64.29827177174596,0.3665112549842809,1926.9449839741592,0.33733194214876033,0.00727428829644479,0.6946817750224785,-0.00020286666666666648,32.91380165289256,0.013921634174707981,0.010557144585061497,0.0001666666666666927,1.5590982819840488e-06,0.3373214824535301,6.382655517477259e-05,0.00723193793703309,15.0,57.717985127720034,10.54943524158593,87.27272727272727,87.27272727272727,19,0.7037037037037037,0.1841140591558563,1.0706018518518519,0.17576975890271568,0.0011126989795918348,0.8914951094755423,0.04870122825985332,0.0,0.05462871051362667,0
209,-24.764583333333334,42.34166666666667,41.536458333333336,1.6049389374850231,1.1537679816824333,0.5191378653728592,28.0,45.0,43.0,742.15625,1268.921875,1244.796875,64.3073465703943,0.34696600486121826,1927.2048355282527,0.32900912396694215,0.007580388774750788,0.7081740563530691,-0.00020286666666666648,32.91561983471074,0.015260415057962846,0.015830908947480935,0.0003333333333333854,-4.866981568157926e-07,0.32900387912288587,5.7136583528730825e-05,0.007527871925993479,14.0,64.93362530814387,21.41773903946101,128.0,128.0,24,0.8275862068965517,0.2845172328762731,1.0016163793103448,0.25071774754553056,3.861734693877503e-05,1.037369467576694,0.028335783971384393,0.17645407862594598,0.02731503563294289,0
210,-23.867708333333333,42.94895833333333,41.340625,1.4216330685508205,1.0137075917626455,0.5377573269685252,28.0,45.0,43.0,715.234375,1287.140625,1238.9375,64.2381585947904,0.3529948307763371,1925.1343491890448,0.3216287024793388,0.005980200642926901,0.5845225424146705,-0.00016015833333333322,32.91694214876033,0.014479565264844662,0.015830908947480935,0.0001666666666666335,3.5909727549415743e-07,0.32162903525999925,6.275321250012462e-05,0.005922574031347798,15.0,71.56082992429918,28.680825253237902,153.6,153.6,29,0.9354838709677419,0.35006044864899166,0.9425403225806451,0.2799979719596355,8.999999999999567e-06,1.7878965347949594,0.023523001011186647,0.8090117660313338,0.013156802171376391,0
211,-23.257291666666667,43.510416666666664,41.04270833333333,0.759282115947177,0.5040418233859391,0.4296909722081932,26.0,45.0,42.0,696.953125,1303.96875,1229.984375,64.18299354478911,0.3470201188569797,1923.4713411252505,0.3151483305785123,0.005069137854204865,0.5282473492839047,-0.0001601500000000001,32.92123966942149,0.01582811850562021,0.015830908947480935,0.0001666666666666927,-3.4703332300678356e-07,0.3151497988962765,7.326317860113463e-05,0.004986772955509918,14.0,70.74763622050976,28.487520541015645,153.6,153.6,27,0.9,0.33413774615444514,0.9453125,0.25607050369885115,5.204591836734761e-05,1.569048888341556,0.07325949122136834,0.5265945768333687,0.046690381520745165,0
212,-23.789583333333333,43.27916666666667,40.91979166666667,0.8059000101680661,0.45090572431742554,0.4118352703819278,27.0,44.0,42.0,712.953125,1297.015625,1226.3125,64.14315079994367,0.3721520151122608,1922.2872190373348,0.3100762479338844,0.004631715692114352,0.4653385013620376,-0.00011744999999999997,32.92322314049587,0.014443670925590794,0.015830908947480935,-0.0003333333333333854,-1.0301712039754861e-07,0.31007909378039,7.126738383705586e-05,0.004564165541416263,16.0,63.12707514669978,24.78574993960197,153.6,153.6,23,0.8214285714285714,0.2779513346692986,1.0329241071428572,0.22766968098013327,0.001165734693877549,2.9754182524622674,0.014141645045858308,0.0,0.0047528259377166825,0
213,-24.252083333333335,43.19479166666667,40.80625,0.7846149754639037,0.4115189828718584,0.4107443700161938,27.0,44.0,41.0,726.78125,1294.484375,1222.921875,64.1867036351304,0.3526586488429316,1923.586131998589,0.30530069421487604,0.0037713248452385557,0.47313991014167667,-0.00012812500000000023,32.92322314049587,0.012998084794274759,0.010550732713102622,0.0,-1.2465180281690951e-06,0.30530391128922874,6.788965545361607e-05,0.0036836514937425855,15.0,59.95061413894064,16.22433179409201,132.41379310344828,132.41379310344828,24,0.8571428571428571,0.2515324846942865,1.0485491071428572,0.1925174688829449,0.0002435829081632662,1.617357000750364,0.03880668922547262,0.0,0.023993892014854152,0
214,-24.610416666666666,43.034375,40.82083333333333,0.6600945586723836,0.2920217332808182,0.3994570968479872,27.0,44.0,41.0,737.53125,1289.6875,1223.34375,64.22261927218516,0.3259071748477271,1924.6642253693694,0.3014992892561983,0.0032853948262369912,0.3693539942186601,-8.541666666666698e-05,32.9197520661157,0.011815580826885493,0.010550732713102622,-0.0001666666666666927,1.8341652612093125e-07,0.3014991443438181,5.4010664778698675e-05,0.0031896406305651466,16.0,59.79604664576203,16.215580025649402,132.41379310344828,132.41379310344828,25,0.8928571428571429,0.2606769532550458,1.05078125,0.1899314538741778,0.0001643890306122475,1.5866905117401893,0.008540316239745382,0.0,0.005382471361966401,0
215,-24.75,43.06458333333333,40.729166666666664,0.9320675941153624,0.5571465932668788,0.8072479826890591,33.0,45.0,42.0,741.59375,1290.578125,1220.6875,64.247314663083,0.31500039597741797,1925.3936381185845,0.2979943801652893,0.0030910958720468578,0.3359605035932753,-8.541666666666698e-05,32.91396694214875,0.009489388492171022,0.010557144585061497,0.0,1.7212452876997974e-06,0.2979856349988151,5.595353535687255e-05,0.0030041167321381524,14.0,61.91905250307429,15.882666210275799,132.41379310344828,132.41379310344828,26,0.896551724137931,0.2573555203202094,1.011853448275862,0.17950141096892117,1.3061224489794458e-06,1.6489809133607733,0.00797381349665775,0.22792541769429964,0.004835600844164042,0
216,-36.56666666666667,34.161458333333336,26.95625,17.5489711632588,14.53601754974853,20.975684397356382,71.0,60.0,42.0,1095.609375,1024.03125,921.171875,64.70454993679014,1.8244202213569063,1939.0927516315846,0.2998262727272728,0.006555189732551762,0.6240654036606659,0.00011744999999999997,32.90429752066115,0.018082750388739178,0.023771645290091053,-0.0005833333333332765,7.239316018462432e-07,0.2998248614807274,0.0001081167289190271,0.006491050954821409,15.0,70.8730108243797,26.5698551125726,153.6,153.6,27,0.8709677419354839,0.2821167200823092,0.9375,0.2640936646526709,0.0013637193877551006,0.929616464265023,0.08366411931687023,0.037681332551413683,0.08999853437731128,0
217,-47.27708333333333,26.490625,14.98125,18.21961785621172,18.012898030098,21.44094754834388,80.0,69.0,42.0,1417.28125,794.703125,643.796875,65.28555013021108,3.9043333868530286,1956.3828781029847,0.30462304132231405,0.008961998523053773,0.7993890666380048,9.609166666666678e-05,32.88413223140496,0.02795123916848423,0.026416959651353836,-0.0007499999999999692,3.312343924825695e-06,0.304607572196486,0.0002079594038032676,0.008792458600623242,15.0,89.31996121580335,32.60729637282937,153.6,153.6,32,0.8421052631578947,0.3201038583835362,0.7680921052631579,0.2835144203555002,0.0019265829081632684,2.5919298187951942,0.057825175143152246,0.3789644986715378,0.022309699407691178,0
218,-48.84375,30.355208333333334,1.2760416666666667,17.66406906512483,23.667353436888487,14.90077769776678,80.0,93.0,57.0,1464.5625,910.546875,357.140625,66.00173056942596,6.837145737872165,1977.8595551317328,0.31609076033057854,0.014434832484650245,1.997310104864889,0.0006192750000000002,32.85165289256199,0.03641694064598469,0.037028818239953985,-0.0011666666666666121,1.0265432492378332e-05,0.3159928111742916,0.0004028910294379218,0.013607217339483169,15.0,99.30114392152635,31.29101708736129,153.6,153.6,39,0.9069767441860465,0.3385531133595971,0.6780523255813954,0.2520162953165068,9.999999999999994e-05,2.3415728772457043,0.03265569994813195,3.8780263187489097,0.01394605321297687,0
219,-38.890625,43.784375,4.333333333333333,16.12656696601527,22.25702991999101,13.190405814665278,80.0,93.0,57.0,1165.515625,1314.109375,336.203125,65.80873925884534,6.8533328019762445,1972.1917657408198,0.32989861983471075,0.017716831591472512,1.7719085067045484,0.00028828333333333345,32.81314049586777,0.03746145253724563,0.026465253984969635,-0.0005833333333333357,-2.3618167719781915e-07,0.32989323612470356,0.0004286298892928849,0.017240042211576632,15.0,99.69992134017062,27.640171081610944,153.6,153.6,40,0.8888888888888888,0.3008112256314732,0.6545138888888888,0.19956066715799287,0.0016286989795918365,1.7830683060299723,0.010089748382746974,4.77557123882901,0.005658643781971509,0
220,-29.84375,55.99583333333333,5.85,7.134610660073424,8.992820245741724,10.667434868170822,72.0,93.0,57.0,894.65625,1678.046875,299.71875,65.34879116161308,5.958893385734145,1958.3657669438815,0.3396085537190083,0.012901879044997372,1.7719085067045484,0.0002455750000000002,32.781570247933885,0.02804978644790818,0.023836882392026915,-0.0007500000000000284,-3.7516395853377075e-06,0.33962773661286894,0.0003912679276850242,0.012279752965766512,16.0,97.62538661157923,21.16715675882623,147.69230769230768,147.69230769230768,36,0.8,0.22937372274848747,0.6458333333333334,0.15105962536914574,0.001353188775510209,0.6044621422151585,0.007377355283813993,5.073767005625874,0.01220482602397293,0
221,-31.161458333333332,55.44479166666667,8.530208333333333,5.894557337629114,9.928760515455284,6.884548214898628,66.0,102.0,43.0,933.703125,1663.625,297.34375,65.2778163337744,6.120102370659397,1955.871641806968,0.3418004628099173,0.007134477047722886,1.3732447012042235,-0.00022422500000000012,32.75644628099174,0.016305933824978625,0.015908227227219147,-0.0003333333333333854,-9.728854431795426e-06,0.34184004829370873,0.00022589849663472812,0.006775610203332078,16.0,98.53676652118918,19.03793064710911,147.69230769230768,147.69230769230768,31,0.6739130434782609,0.255261474059226,0.639266304347826,0.16922443895490694,0.00017273469387754658,2.093533755790374,0.001972667548332122,1.5404005151602784,0.000942266893416953,0
222,-34.00833333333333,52.297916666666666,5.930208333333334,9.981333272107934,16.23950930066512,11.573781611466952,78.0,105.0,58.0,1019.171875,1569.46875,333.546875,65.90225673652087,8.999991594460445,1974.8475612685188,0.33939671900826446,0.004908706412927579,0.8753664043345959,-5.339166666666663e-05,32.743884297520665,0.014280073432369294,0.0106087214874324,-0.0003333333333333854,-8.077130453597348e-07,0.339399841322623,0.00014875051919202052,0.0044555559806455786,15.0,101.95840175351573,25.56412835093208,147.69230769230768,147.69230769230768,27,0.5869565217391305,0.313954946343155,0.6382472826086957,0.21613752963832839,2.089795918367341e-05,3.330376833029427,0.004223947745895505,2.1384207146698078,0.0012683092507742599,0
223,-38.453125,46.83645833333333,2.605208333333333,13.062665095647276,21.74586464418612,13.772987374081094,88.0,108.0,58.0,1152.671875,1407.921875,356.46875,66.38553060473056,10.259440432842725,1989.3533845616632,0.3396402644628099,0.004826623900529937,0.9073277896920116,4.270833333333326e-05,32.730495867768596,0.012717609296972599,0.01061520405640423,-0.0003333333333333262,3.883288797749244e-07,0.33963140893085886,0.00017837255573643004,0.004323728967488512,15.0,107.02410651946721,32.063990066383,147.69230769230768,147.69230769230768,28,0.6086956521739131,0.3591937948958287,0.6358695652173914,0.2662610185469083,6.806249999999826e-05,4.137231092099459,0.009467079793284853,2.0706354920224634,0.0022882646829574934,0
224,-39.427083333333336,42.755208333333336,0.3333333333333333,13.347007148660289,25.154760027476524,15.509181868242509,88.0,108.0,58.0,1181.890625,1341.5625,389.03125,65.93355240245248,9.31771391453155,1976.4503404032812,0.34297571900826446,0.00369844887795706,0.4796418860287313,0.0001388083333333336,32.71132231404958,0.024289648468932515,0.023902478543050255,-0.0001666666666666335,-6.682764697682401e-06,0.34297428798372076,0.00016229641387585013,0.0035511256826012733,15.0,111.28799250370396,32.98686188459376,153.6,153.6,33,0.6875,0.34375,0.6123046875,0.259692800921441,1.0331632653061025e-05,1.6843318805976122,0.012810659079290247,8.553508039804113,0.007605780800601447,2
225,-45.157291666666666,27.13125,-6.336458333333334,14.974744327197394,31.444022062031124,18.972357192942507,92.0,108.0,92.0,1353.078125,1018.25,482.578125,65.68002532934564,8.630789230221929,1968.1897800898091,0.34705244628099174,0.00814264172105881,1.0414356872752215,0.00012812500000000023,32.68586776859504,0.02885327434582363,0.02657863040258751,-0.000833333333333286,-1.0977577003864364e-05,0.34708340280188044,0.0006334215548286483,0.007059374545689162,16.0,109.09212781645651,28.876694345144454,153.6,153.6,33,0.673469387755102,0.29618031386355254,0.6052295918367347,0.22008465635081853,9.367474489795946e-05,0.4508252926430156,0.008347006388028443,5.8232788508630975,0.01851494697445467,2
226,-46.255208333333336,18.569791666666667,-9.360416666666667,14.74726224445057,34.3602441656526,19.8912484900535,92.0,84.0,94.0,1386.296875,966.546875,518.59375,65.4966322805116,8.715498259505653,1962.6914738421788,0.36022502479338847,0.022096584728239745,2.2957979796011725,0.0005018250000000002,32.661735537190076,0.020517184329497718,0.02126940674213469,-0.0006666666666666524,-2.1050157375597155e-06,0.36021136510520646,0.001065693452224604,0.021044751076134707,15.0,107.3871514381264,27.138068281201793,153.6,153.6,33,0.6875,0.30446792074147694,0.6083984375,0.2067585234416897,7.7188775510205e-05,0.9205571944496624,0.013903081071962116,4.03878864139435,0.015102897631769429,2
227,-47.48229166666667,19.5375,-8.736458333333333,14.870612061431675,33.67746294507154,18.66007111785118,92.0,111.0,94.0,1423.453125,938.546875,479.4375,65.7748150852247,9.475558057681665,1971.5547154094943,0.38956680165289254,0.036208246610022816,2.8360875537087904,0.0005338499999999996,32.640578512396694,0.022792543389245207,0.03192367319674737,-0.0009999999999999788,4.8047204132783835e-06,0.38957139461297546,0.001070318107649094,0.03557718226395323,15.0,104.88688596115928,23.33218390227411,153.6,153.6,31,0.6458333333333334,0.2529845946291609,0.6087239583333334,0.1732884099406197,1.3890306122449433e-06,0.7222931256661189,0.00299707071800406,2.2670056178961415,0.004149382863418612,2
228,-42.405208333333334,32.51145833333333,-1.5833333333333333,14.670597506802414,31.700254237254903,16.20665158370339,77.0,111.0,94.0,1270.65625,1184.125,410.53125,65.39971627116269,7.960450886607269,1959.9263995284518,0.4287245371900827,0.04625166903703505,4.030368900028622,0.001398708333333333,32.6205785123967,0.022864947392779826,0.023968436715523078,-0.000500000000000019,1.1357412004901998e-05,0.4287035115979463,0.0009580972169001488,0.04591057254642396,15.0,103.69881729783746,22.376085606177995,153.6,153.6,30,0.6382978723404256,0.22990529639940877,0.6123670212765957,0.16641279104716059,0.0004246543367346952,0.90957090164838,0.002120928587742012,4.853059885761754,0.0023317902803380534,2
229,-39.77708333333333,39.671875,-0.609375,13.762883957455607,24.717479489577986,18.485594493443852,68.0,111.0,57.0,1191.53125,1207.203125,470.78125,65.1863234851708,7.019726762488935,1953.5677965459108,0.4735684214876033,0.04322798664523784,2.9328582052026952,0.0013026083333333332,32.59677685950414,0.02159793669488227,0.021321617673285467,-0.000500000000000019,7.620427954476824e-07,0.47360101485870476,0.00046185857087480906,0.04298508775678024,15.0,99.83053471005867,19.65137126261521,153.6,153.6,30,0.6382978723404256,0.17269136655964923,0.6273271276595744,0.14222197250621357,0.0007780114795918335,0.9980830078369183,0.002354299913492304,1.831752478574327,0.0023588217563132634,2
230,-42.97083333333333,29.744791666666668,-8.667708333333334,13.588336885195169,28.97093503910308,22.401427571658548,81.0,94.0,58.0,1288.25,995.859375,619.640625,65.4045266558686,7.3759164123363785,1960.0972457128305,0.5645692396694215,0.12051361342607181,6.226474846761928,0.002744025,32.572561983471076,0.027014808477159334,0.029348756541651404,-0.0007500000000000284,1.1409505456723047e-06,0.5645812607180634,0.0011827191611168343,0.1203462128438086,14.0,90.42281816615075,18.873344849322883,123.87096774193549,123.87096774193549,29,0.6904761904761905,0.22279577490848693,0.6990327380952381,0.1756570998023001,0.00012416326530612356,1.5561183126512896,0.001394313918963904,0.9616796294169723,0.0008960205066851852,2
231,-41.063541666666666,26.239583333333332,1.5625,12.639847867884482,27.081337666858126,32.12155056059198,81.0,94.0,108.0,1231.015625,890.28125,802.34375,65.19088371942189,7.230414110834007,1953.6884552596143,0.6861947685950414,0.15371430786777388,6.527620932432589,0.004410225000000001,32.54834710743801,0.02679419905881406,0.024019989725396974,-0.0001666666666666927,-1.6135155835355474e-05,0.686243549957737,0.0018548473457566791,0.15339628769326494,15.0,86.63386166251438,23.50981801797232,137.14285714285714,137.14285714285714,32,0.8205128205128205,0.2683203036705238,0.7544070512820513,0.2412570972085268,0.0005623673469387787,3.9300040810283576,0.054825335286250235,2.559624411497809,0.01395045250739388,2
232,-40.58020833333333,19.416666666666668,15.16875,13.744386125127496,23.840383572604047,36.29656007719602,86.0,113.0,108.0,1216.1875,680.859375,1009.671875,65.26296952690087,8.325163673915059,1955.8541492498598,0.9461004545454546,0.3094826018960203,9.993239794458365,0.010059241666666666,32.539090909090916,0.021046976186890776,0.018687951719974973,-0.0001666666666666927,3.853946416535669e-05,0.946053947066805,0.0029642116263683565,0.30881146668804815,15.0,86.55121647395652,25.194036788050507,142.22222222222223,142.22222222222223,32,0.8421052631578947,0.28253740633716046,0.7602796052631579,0.24575644740801272,0.0016868622448979575,2.543568720442489,0.046429827485948434,1.1780863175893619,0.018253812886121403,2
233,-34.65625,33.378125,25.2875,10.8562847821358,22.780696795409373,25.570707728766525,86.0,113.0,108.0,1038.875,1010.5625,839.171875,64.84302907581514,6.377639736322919,1943.3051166361358,1.5018874214876032,0.6946006574975739,11.740955500791536,0.017018333333333337,32.535454545454556,0.018851310321206117,0.018687951719974973,0.0002500000000000095,0.00015325375152451003,1.501352942733566,0.004560062917067243,0.6932188027906965,15.0,86.77407426691542,21.64222269752693,142.22222222222223,142.22222222222223,28,0.7,0.263447903154081,0.7421875,0.21997425275472582,2.5358418367346544e-05,1.716679656075585,0.03306784668924637,1.4691716429098032,0.019262677560262533,2
234,-35.24583333333333,38.922916666666666,19.264583333333334,10.528531836817937,22.0918606767226,22.9453334905609,86.0,113.0,63.0,1056.0625,1177.84375,662.359375,64.93534994779118,6.097157301390183,1946.0021176209525,2.100878776859504,0.6515674537977914,10.38707029741351,0.011593783333333331,32.53090909090909,0.02155139925659851,0.02136094439780623,-0.000416666666666643,0.00010560486529074253,2.1003900108403877,0.005501499614976519,0.6506305931350207,15.0,93.48017145161235,24.870872565604298,153.6,153.6,26,0.6190476190476191,0.3576559494838853,0.6968005952380952,0.23960095182556582,0.000525719387755105,1.4247462175696866,0.005474432591256779,2.939880949792612,0.003842391384337201,2
235,-35.90416666666667,49.88854166666667,11.686458333333333,8.429560050138376,13.667520576410238,10.515594766342536,73.0,91.0,127.0,1075.859375,1495.015625,363.328125,65.17138958210766,5.972888464035979,1952.9778728143185,2.702955710743801,0.43291994746394985,6.263241110946106,0.008820266666666665,32.515371900826445,0.021743862905950824,0.02137408556418586,-0.000416666666666643,-1.4100318890334424e-05,2.70327245279253,0.008669692626132368,0.4304146233753401,14.0,91.18680552802881,26.618462320622022,153.6,153.6,27,0.675,0.39275859621890663,0.724609375,0.2602556468340012,0.00029633163265306193,2.2146991935005884,0.004644110983689834,1.6312425168763538,0.002096948875639079,2
236,-35.36666666666667,49.463541666666664,10.475,10.292742858711451,15.971547747685484,14.004813160719662,79.0,93.0,127.0,1061.140625,1483.375,409.84375,65.5230839640703,8.429700044331042,1963.7396086258102,3.1275993388429755,0.5540579057991037,5.736127409456445,0.004726299999999998,32.49578512396695,0.01990689344932651,0.016035493117043772,-0.000500000000000019,-0.00023114596703431716,3.128188020251995,0.010741171759081658,0.5508152000284043,14.0,92.0904378252284,30.56225488649707,153.6,153.6,31,0.775,0.4189117201115229,0.734375,0.2815102962148987,0.000445511479591838,3.2138951692374973,0.013561761590572822,2.263087290064557,0.004219727426203007,2
237,-32.20104166666667,53.36354166666667,9.726041666666667,9.561435069151347,12.78142059618559,11.150903782426363,79.0,93.0,127.0,965.6875,1601.015625,380.8125,65.48914862940973,8.334888729216225,1962.572593764122,3.393078247933884,0.43238482391083216,4.965494272565837,0.006114325000000002,32.48355371900827,0.016952022923837476,0.021387242909309795,-0.000416666666666643,-5.139467871988463e-05,3.3932370253864015,0.010484463588066989,0.4281158339594692,14.0,84.339146402947,23.55166124121453,153.6,153.6,27,0.7105263157894737,0.27764915260552764,0.7623355263157895,0.19562172543346276,0.00046686862244897805,2.035309379558804,0.011071985949612406,1.0377905929481872,0.005439952304456284,2
238,-30.678125,52.9,6.767708333333333,8.698990639783542,16.240971851052098,13.025343843763354,79.0,93.0,73.0,919.578125,1614.75,381.40625,65.16094999011902,6.964984784755512,1952.5891745137465,3.54543826446281,0.37220170101944017,3.8147171084978337,0.005277491666666667,32.47752066115703,0.013982337839707216,0.013373196849725249,0.0,4.623111218711302e-05,3.545340323867242,0.008475334443873897,0.3692018137768599,15.0,89.51786390113188,22.88651824038258,153.6,153.6,27,0.6585365853658537,0.20457714105105929,0.7122713414634146,0.1750835360342989,0.001110317602040815,1.5637686937758124,0.013614593155401694,0.8149753894440595,0.008706270441140787,2
239,-38.12708333333333,30.483333333333334,-6.7625,12.929556572432105,33.62364825866197,24.41242532844016,81.0,61.0,93.0,1142.515625,1194.6875,611.421875,65.20079515450821,8.437148682257831,1953.945679075911,3.544047363636364,0.25978836905199243,2.5095286332190847,0.004686591666666669,32.47429752066116,0.01589357405784562,0.018728246118032702,-0.0003333333333333262,-0.00010724395714111295,3.544572070197441,0.005691199037943018,0.2572915341661364,14.0,86.70333707004653,19.86537334287286,132.41379310344828,132.41379310344828,26,0.6666666666666666,0.23121499112667962,0.7307692307692307,0.18033386180501668,1.0727040816327239e-06,1.3343313969363948,0.0068343974822741545,1.3253892796461386,0.005121964077264336,2
240,-42.965625,21.673958333333335,-14.070833333333333,13.21212612310026,34.018238811431694,24.902459369284973,81.0,120.0,112.0,1288.15625,986.46875,672.75,65.87619872848697,11.227356074260117,1974.3202325784382,3.638939644628099,0.26461014077542033,2.5095286332190847,0.0053165416666666665,32.460743801652896,0.02584650460746105,0.024086598933289075,-0.0001666666666666927,0.0002723955738251158,3.638045733326423,0.006803492658741616,0.26129886180704226,14.0,96.73110036097573,26.557774344610127,153.6,153.6,29,0.6590909090909091,0.320500777762725,0.6775568181818182,0.22782248848682735,8.359183673469433e-05,0.9246387706863244,0.013545108843648417,4.474007810755362,0.014649081644710177,2
241,-44.967708333333334,15.571875,-17.551041666666666,14.03789510271859,33.34040092716905,25.55572952226038,99.0,120.0,112.0,1347.65625,864.3125,754.390625,66.10386606065066,12.831063225712187,1981.3648334319312,3.8981000743801655,0.40723899139313186,3.4623841155899138,0.004962458333333334,32.44123966942149,0.025537858719750638,0.024086598933289075,-0.0007500000000000284,-6.160183035527921e-05,3.8981748604340973,0.009084423069464448,0.40409996543620863,13.0,100.09707904343381,27.00798821196242,153.6,153.6,31,0.6888888888888889,0.3318661855746091,0.65625,0.22997018224592122,7.531760204081851e-05,1.519813313931194,0.009124952831487383,4.131854478040286,0.0060039958512302476,2
242,-39.41458333333333,35.446875,-4.391666666666667,13.312157500810637,30.57077326032783,22.163425514923354,99.0,120.0,112.0,1181.125,1236.03125,503.453125,65.72368834654797,10.614942225898709,1969.6566499653036,4.053274272727273,0.3523580361338438,3.274582162974478,0.0005207833333333337,32.420909090909085,0.017627926754242476,0.021426812316490285,-0.0001666666666666927,-1.729658805225553e-05,4.053335594921746,0.009251623947649468,0.3489913130242727,15.0,101.19880577171266,26.388459576713764,153.6,153.6,31,0.6888888888888889,0.2782749850948616,0.6399305555555556,0.19201608648531457,5.102040816326115e-07,1.0725082543510767,0.0033956367498571547,2.749727665039894,0.003166070504428604,2
243,-39.177083333333336,37.865625,-0.75,13.879162132241829,28.38040817816712,19.812138535083317,115.0,81.0,93.0,1173.796875,1275.359375,469.90625,65.3433293648967,9.490035081281949,1957.5795295173325,4.117695694214875,0.2842508798430554,2.5254165303405154,0.0017403666666666669,32.41280991735537,0.013436298468034206,0.010720013255917829,0.0,-0.0003297752719525138,4.118628449249641,0.008114035845619275,0.2797838646961496,14.0,89.91225795732778,26.556624682627582,147.69230769230768,147.69230769230768,31,0.775,0.3312012391542455,0.733203125,0.23951110635701087,0.000633960459183672,2.0373526427433966,0.010918279413050678,1.257120700910093,0.005359052323091536,2
244,-42.525,27.938541666666666,-11.2375,13.132156778940262,29.49963583741214,24.750207280276797,115.0,81.0,80.0,1273.84375,982.890625,661.109375,65.4167761059573,9.545646245089317,1960.2355619479986,4.070224925619835,0.19986643025599735,1.5552143117521668,-0.0009051583333333335,32.404710743801644,0.020613498753285206,0.02413866205180886,-0.0003333333333333262,0.00011714077663632587,4.0696799385073845,0.004787002817461711,0.1984566678826953,15.0,85.41498220055006,26.836942255910216,147.69230769230768,147.69230769230768,29,0.7631578947368421,0.33983100803233107,0.7754934210526315,0.24895497695130078,7.224999999999995e-05,3.163294282962501,0.016854577208433308,2.882909334654095,0.005328172373721927,2
245,-43.240625,28.108333333333334,-12.498958333333333,14.057820170378776,28.9705082320318,26.683289069782933,115.0,114.0,127.0,1296.390625,964.359375,709.71875,66.26936194165461,13.165722584777257,1986.0339378341623,4.093569966942149,0.19609520566519453,1.5465400585212254,0.0030216249999999983,32.389752066115705,0.029018740308972214,0.026824881228334742,-0.0005833333333332765,-6.56888951953681e-06,4.093537517057503,0.0037831734523754708,0.19412128957818278,14.0,93.22762440616867,29.223633816795207,147.69230769230768,147.69230769230768,30,0.7317073170731707,0.31559985976608895,0.7206554878048781,0.26384119302634856,0.011122715561224478,3.5163939246166285,0.09162715594381066,5.520186857198783,0.026057136347088936,2
246,-40.427083333333336,33.833333333333336,-9.69375,12.185668487738191,28.208327178729018,26.441995529917303,96.0,114.0,127.0,1211.28125,1112.578125,655.421875,66.13523130811116,11.938293282094376,1981.4274969770254,4.151295181818182,0.18762510518668352,1.5841904576920363,-0.001590891666666668,32.37256198347108,0.028153326524816103,0.026824881228334742,-0.0007499999999999692,5.760248619307739e-05,4.151033800910096,0.0044992516958115535,0.18520732047869126,15.0,100.59507188352532,27.96524049252594,147.69230769230768,147.69230769230768,32,0.7272727272727273,0.2918018184238493,0.65625,0.22782027437164745,0.00041296045918367457,2.14906993735278,0.01825919683638245,2.053400902200446,0.008496325093483971,2
247,-34.00625,52.7125,6.746875,8.717078692859209,12.153730994362734,14.721140220819912,84.0,114.0,127.0,1019.125,1586.921875,361.671875,65.75992077647332,9.828450766624012,1970.8854631289219,4.2235584297520665,0.41388489625146757,3.1166374833331427,0.00964496666666667,32.35702479338843,0.0171355619826541,0.016104867972417676,-0.00024999999999995024,0.00014280056933423885,4.223230660032942,0.00689621853187325,0.41088324982003926,15.0,93.59877771135893,29.393395765745407,147.69230769230768,147.69230769230768,32,0.7804878048780488,0.297244835426118,0.7153201219512195,0.24905767993282543,0.0013374693877551001,1.9543300309125207,0.014040787336503522,1.0933696739527388,0.007184450484009378,2
248,-36.778125,44.534375,3.783333333333333,10.578562275550887,23.742824916720455,13.800699458924376,73.0,61.0,33.0,1102.015625,1419.90625,375.515625,64.90254320556416,2.000387991501908,1944.927832369465,4.379339000000001,0.4621737656930124,3.1166374833331427,0.008504908333333335,32.352892561983474,0.01613158784788468,0.010739895820340519,0.0,-0.00011753994770125646,4.3794027979328884,0.008503071886229091,0.45883048764189915,14.0,80.100197453369,25.604929652110357,132.41379310344828,132.41379310344828,31,0.8857142857142857,0.35770271080864474,0.8308035714285714,0.27257160639407196,0.0003176033163265321,2.6269569333047222,0.055912085491651414,1.0536822515209752,0.021283974922768827,2
249,-43.62083333333333,23.89375,-11.792708333333334,12.38993136807285,31.572719673860323,22.205380095033963,74.0,60.0,65.0,1307.265625,951.1875,642.140625,65.10752879083995,4.146322034841688,1951.1850411359198,4.600397752066116,0.46869003612938404,3.279235208061891,0.005982725000000004,32.34338842975207,0.017653867555950394,0.016114827698580234,-8.333333333337597e-05,5.879193561569184e-05,4.60008591981127,0.0090332932558357,0.4659268489939241,14.0,75.4982280852254,19.592928305632093,128.0,128.0,31,0.8857142857142857,0.31641617858423887,0.8526785714285714,0.23954959463713632,0.0002926543367346943,1.686936288115625,0.07844866892665078,1.451466330741438,0.04650363471301046,2
250,-47.30104166666667,16.661458333333332,-18.379166666666666,12.113697436439349,30.218181853644516,21.14685711807365,85.0,87.0,85.0,1418.03125,775.8125,724.671875,65.46763045612468,8.59334698824016,1962.0819484428275,4.81865288429752,0.331533904045483,2.507731187193335,7.199166666666349e-05,32.32289256198347,0.02910335008204698,0.02687467997336139,-0.0004166666666667022,-0.00015711265427364158,4.818930206345531,0.008584869078221083,0.3281835463611114,13.0,87.23629395344757,25.16180201647304,147.69230769230768,147.69230769230768,33,0.8461538461538461,0.3013960629468614,0.7479967948717948,0.22939908870084563,0.00031253188775510007,1.5402471179139336,0.006472554910826187,1.219998953223277,0.00420228340994556,2
251,-42.69583333333333,27.453125,-12.823958333333334,11.838108631543395,30.872889445828925,22.569597197666834,85.0,87.0,85.0,1279.515625,1015.1875,628.25,65.35314210179492,8.525949649311936,1958.5924753728152,4.921028669421488,0.2557679207442582,1.7513765313775802,-0.003833083333333335,32.29892561983471,0.024756722198975647,0.018821003329546844,-0.0005833333333333357,0.00021190419908809254,4.920491172018098,0.006669856750962346,0.2527672366830382,14.0,89.62544637253252,24.824244605017142,147.69230769230768,147.69230769230768,35,0.8536585365853658,0.3063655713053443,0.7195121951219512,0.1879742230740784,9.298469387755161e-05,1.6408250524921177,0.0038151216367462515,2.6758939104650326,0.002325123955751266,2
252,-35.390625,48.3625,2.296875,9.190264075424691,19.38657852957384,15.145626109024843,85.0,87.0,85.0,1060.390625,1492.109375,347.8125,65.0245150975217,7.629297892478227,1948.6939012002626,4.881900719008264,0.22573900487247126,1.7293455395301809,1.0674999999997029e-05,32.28355371900827,0.014365909148852218,0.016134784153020137,-0.0004999999999999598,-0.00010632825063722063,4.882340941956434,0.005272097154850621,0.22283081107923053,14.0,86.8775073941878,26.65024161173871,147.69230769230768,147.69230769230768,34,0.8717948717948718,0.32654498977230495,0.7548076923076923,0.21929744473602852,0.00033046045918367186,2.053892519834045,0.011486794148826857,1.441600717960966,0.005592694864945996,2
253,-31.270833333333332,55.858333333333334,8.761458333333334,1.9266722534521075,0.9578259526425223,1.7524904773675347,42.0,61.0,20.0,937.09375,1674.046875,262.609375,64.66267065093497,1.1051316461764173,1937.8711067653069,4.73687958677686,0.17110852989855338,1.200110674716014,-0.004812625,32.280743801652896,0.011220206775851036,0.010759852274781568,0.0,-8.115799142964923e-06,4.736925724332826,0.0017913401233513458,0.17041306660847938,13.0,80.29628653121206,25.64956648719792,137.14285714285714,137.14285714285714,29,0.8285714285714286,0.3970157375520152,0.8214285714285714,0.24479189282085367,2.324617346938653e-05,3.851786593467608,0.0036501316979025444,2.1140861695536115,0.0009476463997493895,2
254,-30.819791666666667,55.95625,9.077083333333333,3.072360648849224,2.4285975248072704,2.828849853395467,57.0,71.0,25.0,923.640625,1676.9375,274.78125,64.67717819161611,1.886110504875941,1938.3018631811392,4.639937471074379,0.1527844132706738,1.2724666316060875,-0.002957558333333332,32.282396694214874,0.012130474797954866,0.010759852274781568,0.0001666666666666335,-4.2453983094195096e-05,4.640127285559541,0.0019263366956880647,0.15246203141398626,14.0,79.15542590762435,24.922440190981025,137.14285714285714,137.14285714285714,29,0.8285714285714286,0.3663015359746024,0.8290178571428571,0.23962695550818663,1.0000000000000288e-06,2.563329700348347,0.00297253445683158,0.9355491813255175,0.001159637972605562,2
255,-30.348958333333332,56.161458333333336,9.369791666666666,3.0886382784215045,2.45033457714055,2.7946608243691915,57.0,71.0,25.0,909.5,1683.09375,283.5625,64.67405913157259,1.8925380962751923,1938.2018536207784,4.542638719008265,0.167770023137057,1.43427298046407,-0.00217338333333333,32.27677685950413,0.015545979578217708,0.021533050106192574,-0.0001666666666666927,-2.2009223037788876e-05,4.54265216417482,0.0015076182702361304,0.16734864252745116,14.0,79.4908132756047,21.426385996012513,137.14285714285714,137.14285714285714,28,0.7777777777777778,0.32926036565741884,0.8072916666666666,0.207974952167723,0.0027337959183673438,2.1548872489163213,0.018999651628577002,0.8681288014118448,0.008817004990925536,2
256,-31.728125,51.534375,9.771875,6.508491298632503,20.17132002851346,3.9416367984685836,77.0,97.0,28.0,950.875,1642.90625,295.71875,64.80414040045285,4.812251236001009,1942.099518009655,4.428435438016529,0.20943300719220093,1.8050144163932844,-0.003497349999999999,32.26223140495868,0.024846224693043574,0.026924663959052943,-0.0006666666666666524,2.5980942154992524e-05,4.428334543381838,0.0017489127008536137,0.20903833219303844,15.0,75.24407619017096,15.125953699019703,120.0,120.0,31,0.8857142857142857,0.22270260417895485,0.8276785714285714,0.15506180877577924,2.324617346938756e-05,1.5353762429315818,0.008271388467030152,0.36451212543240225,0.0053872062337223066,2
257,-31.864583333333332,51.427083333333336,10.26875,5.899540574744406,20.0179839933926,3.1159305893264055,77.0,97.0,28.0,954.984375,1639.6875,307.875,64.73433759563981,4.499179857159177,1940.0122694162023,4.220511247933885,0.1813052347476866,1.3321253164019904,-0.005395475000000001,32.23421487603305,0.032543729413794055,0.03504009881496032,-0.0010833333333333548,4.311767513630748e-06,4.220509723019987,0.001116253806906521,0.1811438415962198,14.0,80.74597954146047,18.6838582925234,120.0,120.0,31,0.8157894736842105,0.23177043792354166,0.7841282894736842,0.18680845824377493,0.0014630625,0.7064276874419236,0.015201111307556475,0.4091039254432208,0.02151828358059108,2
258,-32.545833333333334,50.91875,10.772916666666667,5.734942543061981,19.89953052471758,3.0782326898815744,77.0,97.0,28.0,975.390625,1624.453125,323.0,64.70068255053967,4.492680435362753,1939.0015235848055,4.017659900826446,0.18463006779447333,1.3832867644908577,-0.004802308333333338,32.20214876033057,0.03402008671529485,0.03235976287328237,-0.0007500000000000284,-2.0334421150500006e-06,4.017664504157953,0.001059828377637692,0.18449087688581178,14.0,89.20566636413105,22.482567380965722,153.6,153.6,33,0.8048780487804879,0.24304284440968427,0.7191310975609756,0.1972650210500912,1.0331632653060812e-05,1.2393447705096539,0.007835228492364567,1.8823356874166155,0.0063220733074481755,2
259,-31.311458333333334,55.403125,10.621875,1.1609415890835717,0.6669197110909728,0.737210836673155,35.0,57.0,12.0,938.40625,1660.328125,318.328125,64.53534594354774,0.5129154705697437,1934.033500061657,3.8035737024793392,0.17741945375485693,1.4473528202861106,-0.005261425000000001,32.17578512396693,0.024520258654606913,0.02158656504187138,-0.000500000000000019,-1.9169177111648134e-05,3.8036334831468968,0.0003813950678243039,0.1773737544343607,14.0,93.15251048555537,19.283464103422933,153.6,153.6,33,0.8048780487804879,0.20459205790120494,0.6714939024390244,0.1376284653515212,0.00018612755102040952,0.7109605697691614,0.0007078495172326358,0.7463264795779431,0.0009956241560097549,2
260,-31.3375,55.51354166666667,10.253125,2.6356233449919713,2.310263323360324,2.02368543365193,53.0,71.0,28.0,939.15625,1663.703125,307.28125,64.65086672985495,2.3586749977899566,1937.5418567806535,3.6248266446280994,0.15322520856660193,1.2345567010148621,-0.004152733333333333,32.15975206611569,0.016132858001650662,0.02159998536346505,-8.333333333331676e-05,-9.43964046263954e-06,3.624859855191999,0.0004984080720629621,0.15314295162430044,14.0,93.12834653867365,24.08788405417835,153.6,153.6,34,0.8095238095238095,0.36337907235923556,0.7027529761904762,0.267619614011459,0.00022822576530612035,3.796798814856988,0.01639625587934486,3.692883987656878,0.004318442108437723,2
261,-31.140625,55.73020833333333,9.790625,2.5803778036122926,2.286081973580684,1.931351972766314,53.0,71.0,28.0,933.21875,1670.171875,293.40625,64.66449859315374,2.3597132656357167,1937.9084187667293,3.4517990578512396,0.1402779901066166,1.3268945174464222,-0.004387633333333333,32.15099173553718,0.011950653267366048,0.013506284229852148,-0.00024999999999995024,1.3057869317609904e-07,3.451787854886788,0.0004913460552105466,0.14018667015662828,14.0,92.73799520788553,22.40059032289773,142.22222222222223,142.22222222222223,31,0.7380952380952381,0.36560089559901915,0.7023809523809523,0.2668902024670492,0.0006890625000000039,3.717214798651371,0.012329789405405125,2.353740906470117,0.0033169429460676984,2
262,-31.4875,55.64270833333333,9.384375,2.567393701142594,2.300916700997791,1.8866763172419552,53.0,71.0,28.0,943.640625,1667.5,281.1875,64.69499783354107,2.3754309050742566,1938.7833558155467,3.290747504132231,0.15438490652199036,1.3993285714266657,-0.0034800749999999974,32.14206611570248,0.013478930934130844,0.0189146839301653,0.0,5.09879792203842e-06,3.29072674504197,0.00048697371713910323,0.15424356977185544,13.0,95.22189980752911,23.03695742225004,153.6,153.6,31,0.7209302325581395,0.287150813437361,0.6722383720930233,0.18526062097639429,1.0331632653063725e-07,1.0829066333289399,0.0025133715850316493,1.8545133293170455,0.002320949477708293,2
263,-31.241666666666667,55.73854166666667,9.357291666666667,0.9320303404694269,0.6609446824537504,0.8758620505520387,36.0,59.0,13.0,936.3125,1670.40625,280.40625,64.59151212467228,0.6284065416968191,1935.7351756684698,3.1299316611570247,0.13662319287241745,1.3670817827688018,-0.004135708333333332,32.12983471074381,0.015953624478695125,0.016225203294734217,-0.0003333333333333262,3.7341554482750044e-06,3.129931815589311,0.0004083090614091208,0.13651890528015842,15.0,93.25168038423949,24.456160141142707,153.6,153.6,32,0.7619047619047619,0.33115974667843,0.6938244047619048,0.2054316015160068,3.557270408163281e-05,1.0906858395687153,0.016150022188162114,0.7905816543786828,0.01480721725932395,2
264,-30.854166666666668,55.969791666666666,9.183333333333334,1.050586806926914,0.695314645751995,0.8439325934114775,36.0,59.0,13.0,924.65625,1677.34375,275.21875,64.58200935126028,0.6279143946929343,1935.439912940648,2.9836492479338843,0.1150045541510236,1.2083004869480005,-0.0034523666666666656,32.113140495867775,0.021048274221132757,0.021640346636008147,-0.0003333333333333262,8.623955289486798e-07,2.9836449904180595,0.0004065165899302145,0.11494272471663909,15.0,90.56690575838999,27.386495594440778,153.6,153.6,32,0.8,0.3566735842098163,0.728125,0.23180360255235466,0.0024999999999999988,1.9863975342870261,0.03043073814057516,1.3376331008884799,0.015319560971715366,2
265,-30.473958333333332,56.17604166666667,9.182291666666666,0.7980111726017514,0.5601794339886899,0.7978479898643323,34.0,58.0,13.0,913.234375,1683.53125,275.1875,64.57532788658197,0.5817960757540257,1935.231962040924,2.8579199008264458,0.10834330269022112,1.1525671306173801,-0.003164083333333334,32.10008264462811,0.0187412069858619,0.021640346636008147,-0.0003333333333333262,1.1496405882157587e-05,2.857847371267113,0.0003776978678431082,0.10814368441574279,16.0,94.42149168925019,31.44203321433275,153.6,153.6,32,0.8,0.4356574639340066,0.72421875,0.29523705220074853,7.1747448979593485e-06,5.530062375582997,0.006436239893823533,3.167730960196172,0.0011638638873661899,2
266,-30.358333333333334,56.21875,9.34375,0.7435369676231454,0.5021438414438636,0.6008349225591557,33.0,58.0,11.0,909.796875,1684.796875,280.03125,64.57856491422466,0.5068237227460805,1935.330761479696,2.741968347107438,0.09520002669175529,1.0185560609753703,-0.0022422000000000015,32.087190082644625,0.01570508895235653,0.010826912761239788,-0.0003333333333333262,5.923064665422415e-06,2.74195369335886,0.00023563426181132213,0.09521360861948686,15.0,89.03814355723209,32.25599861213659,153.6,153.6,29,0.7631578947368421,0.41443483068527814,0.7804276315789473,0.3216575052503272,0.0006612244897959185,3.9611483345883864,0.031932565731687235,1.8223016073208864,0.008061441540286431,2
267,-30.146875,56.329166666666666,9.5375,0.8625849142982966,0.547706708822239,0.6196857402479636,33.0,58.0,11.0,903.46875,1688.109375,285.828125,64.6061473116155,0.4967607235917654,1936.163049664473,2.6457260743801654,0.07803223498272636,0.9167399420967913,-0.0023169333333333338,32.07462809917356,0.01987736460549092,0.021667338053615055,-0.000500000000000019,2.187603713815998e-06,2.645718498891688,0.00023365195821329525,0.07801475027186887,15.0,92.14332213683853,31.065006323350687,153.6,153.6,31,0.7948717948717948,0.42274216432714634,0.7504006410256411,0.32182573643355394,3.514795918367376e-05,4.236158021729954,0.050018851774916516,2.4997274259022673,0.011807598186455262,2
268,-30.986458333333335,55.690625,9.714583333333334,5.433003309091319,9.331460877556902,3.6251143420664067,98.0,127.0,37.0,928.484375,1675.890625,300.4375,65.12022444090103,6.713490306838198,1951.4441181799868,2.5554934214876033,0.07719219984218119,0.9187028266065923,-0.0021601333333333326,32.05826446280992,0.019356494028493085,0.021667338053615055,-0.000500000000000019,1.6025642668805747e-06,2.5555361933691643,0.0002382751776822708,0.07704274945075262,14.0,84.856726523385,27.30598062449436,147.69230769230768,147.69230769230768,33,0.8918918918918919,0.37197674553491916,0.7880067567567568,0.2715952792877175,0.0008978584183673465,1.2649783703966324,0.03538556830651331,1.2986298264639773,0.02797325957076895,2
269,-30.721875,55.786458333333336,9.93125,5.630343815822885,9.389667634689237,3.908519340811812,98.0,127.0,37.0,920.71875,1678.828125,307.28125,65.14013713058249,6.818940627075128,1952.1844362105885,2.487962173553719,0.06973208118239217,0.9698271824544822,-0.002288249999999999,32.0404958677686,0.021925917328431986,0.018979632170689653,-0.0005833333333333357,-3.6136469927431125e-07,2.487978773676164,0.0003301083850115519,0.06967919418228506,15.0,91.71309945671511,26.350843943921994,147.69230769230768,147.69230769230768,37,0.9024390243902439,0.37520339536126934,0.7206554878048781,0.2542557719032225,7.408290816326512e-05,2.35208928562694,0.011650384154190603,4.343080673537338,0.004953206591851482,2
270,-30.73125,55.748958333333334,9.980208333333334,5.624783560650727,9.38674258808297,3.9113382138679706,98.0,127.0,37.0,921.03125,1677.6875,308.71875,65.11902719537171,6.820603379597165,1951.5479968195662,2.414130619834711,0.05975370762136943,0.7913800636439049,-0.001562216666666664,32.02066115702479,0.02455338380982359,0.021694396886669083,-0.0002500000000000095,-3.3928806839667908e-06,2.4141261100606815,0.0003233274150109152,0.05968643140053243,15.0,89.41314700536071,28.866997587207766,147.69230769230768,147.69230769230768,34,0.8717948717948718,0.42437278359625846,0.7495993589743589,0.2644910557529442,0.0007582155612244922,2.305074133642564,0.01111651278417727,5.914843572459891,0.004822627013132347,2
271,-29.666666666666668,56.485416666666666,9.9125,1.596654488471302,1.129987017501627,1.6515932963858466,37.0,64.0,17.0,889.0,1692.78125,297.390625,64.60487623812065,1.3171811785451693,1936.0808373277687,2.3566603305785128,0.06498457345298132,0.9420109920541447,-0.0011638083333333346,32.00421487603306,0.02173286600184279,0.02712647313504949,-0.0004999999999999894,2.11473782533481e-06,2.3566496272644346,0.000381584050633598,0.06489513810501722,16.0,88.48677078797914,28.95349596109735,147.69230769230768,147.69230769230768,34,0.8717948717948718,0.44599367915039473,0.7652243589743589,0.2908030192022655,0.0006759999999999931,3.822047455743773,0.016357482830000394,6.229280399379263,0.004279769683502587,2
272,-29.826041666666665,56.454166666666666,9.614583333333334,0.9420439647899785,0.5737153523791703,0.7980417656502836,34.0,58.0,12.0,893.859375,1691.875,288.125,64.58044879106869,0.570095557037948,1935.4097618343412,2.288690371900827,0.05200666350568858,0.7046031494506513,-0.0015375083333333335,31.992148760330583,0.008739254234711936,0.008146840964360788,-8.333333333334635e-05,2.331129126842657e-06,2.2886830195807892,0.0003323319293613647,0.051986840860054506,15.0,89.92486749360421,31.847237521650413,147.69230769230768,147.69230769230768,35,0.9210526315789473,0.43681322785648946,0.756578947368421,0.2758675287857664,0.0005674604591836718,1.964971446581242,0.023431539875130702,1.745179715390813,0.011924621050294697,2
273,-29.991666666666667,56.409375,9.428125,1.1840666741737513,0.670910159938224,1.0883093851053263,35.0,59.0,12.0,898.84375,1690.53125,282.53125,64.59849888512491,0.6911525074213819,1935.9596106174545,2.2268830661157026,0.05833931867587996,0.766627923028384,-0.0015481833333333343,31.98553719008265,0.013784073527570143,0.013582316509740408,-0.0004166666666666726,-1.092676260041303e-06,2.2268977252563866,0.000353638239750087,0.05830263897964312,15.0,85.5431846820782,29.421684881483934,147.69230769230768,147.69230769230768,35,0.9459459459459459,0.4165689989698919,0.7871621621621622,0.27702702702702703,4.290816326530674e-06,2.597377219399208,0.027770037208475484,2.143923371730133,0.0106915687875706,2
274,-29.9875,56.40625,9.545833333333333,1.1743127422738233,0.6689252106924959,1.0935337087727208,35.0,59.0,13.0,898.71875,1690.421875,286.046875,64.6111007465922,0.6826983084636065,1936.3214035181877,2.1615920661157024,0.05863823585971383,0.8590086434458556,-0.0017510416666666677,31.977603305785127,0.016314309157505258,0.013582316509740408,-0.0001666666666666631,-4.1200328727821385e-06,2.161604503486341,0.00040937810369617183,0.058554887750009096,15.0,86.13534254212259,28.55536685671706,153.6,153.6,34,0.8947368421052632,0.36872745292955733,0.7717927631578947,0.24862232123321365,0.0003515625000000026,2.8482835046170276,0.020592658571381595,1.7463364807218096,0.007229848622161798,2
275,-29.579166666666666,56.603125,9.744791666666666,1.1492675807757837,0.6273212104190856,1.0937673609733267,35.0,59.0,13.0,886.40625,1696.328125,292.03125,64.62430627315231,0.6415128321447818,1936.6902047333108,2.0998906611570245,0.050687485063788645,0.7275116625457834,-0.0014520833333333354,31.969504132231407,0.016050088935126893,0.0190211956092225,-0.0003333333333333262,-6.5805498970537036e-06,2.099927203182005,0.00036864468510877175,0.0506218288191816,16.0,83.90660144075835,28.2788542404862,153.6,153.6,32,0.8648648648648649,0.39353085833049145,0.8019425675675675,0.28101656167319355,0.0007601836734693905,5.25287602743258,0.018365024655864436,1.9797192233729572,0.003496184672921095,2
276,-29.23125,56.770833333333336,9.879166666666666,0.8130847254950331,0.45136752086175724,0.7011770857319537,33.0,58.0,13.0,876.03125,1701.34375,296.078125,64.62298940758551,0.46600074437461475,1936.6691589634936,2.03878226446281,0.052138186437623996,0.7148567023945887,-0.0013880250000000002,31.96338842975206,0.014633467754638604,0.016306430893243667,-0.0001666666666666631,1.1915427872486315e-06,2.03877442543226,0.0003509803193356126,0.05201382902930424,16.0,84.67349893912257,28.940729486249293,153.6,153.6,31,0.8611111111111112,0.40702193144666227,0.7934027777777778,0.26814347111834563,0.0010562500000000094,4.078389447881965,0.013833104630821108,1.7327829235391135,0.0033918057134060776,2
277,-29.146875,56.8625,9.670833333333333,1.0278875105647505,0.8189487672213283,1.0317780634527087,36.0,65.0,13.0,873.515625,1704.03125,289.8125,64.64224301624417,0.7625349142834901,1937.1945101729339,1.984386801652893,0.04907390802153536,0.7184854472606078,-0.0013732999999999996,31.958264462809915,0.015989546479254574,0.016306430893243667,-0.0001666666666666631,-1.0587228226962839e-06,1.9843882089337657,0.00015313355495130432,0.04901761436175346,16.0,82.86996058223414,25.655307312398033,147.69230769230768,147.69230769230768,34,0.918918918918919,0.38969507365891576,0.7960304054054054,0.24843646273862235,5.4654336734692785e-05,3.3988327061532675,0.005073986670226056,3.4165673478614984,0.001492861552450075,2
278,-29.005208333333332,56.91458333333333,9.547916666666667,1.4123613347619495,1.0221483876565518,1.4331622354275022,36.0,65.0,18.0,869.25,1705.65625,286.140625,64.62116035558566,0.9663122154277491,1936.6142874034979,1.930872438016529,0.04093557014087571,0.6952215902195334,-0.0012878833333333322,31.95066115702479,0.014978526623747372,0.010874354644861051,0.0,4.790234320483305e-06,1.9308483816674313,0.00016098611289184827,0.040949965438225516,16.0,84.03419083499708,25.10619429057447,147.69230769230768,147.69230769230768,34,0.918918918918919,0.3595165029389008,0.7804054054054054,0.23643369343158455,0.00021128698979591966,3.214146005453547,0.0024235913716621816,0.9116754211540551,0.0007540389787987213,2
279,-29.6375,56.639583333333334,9.334375,4.156301691407879,4.3206500081649235,2.054381908516931,69.0,89.0,22.0,888.21875,1697.40625,279.734375,64.82150555905527,3.4482061119807383,1942.624643507586,1.8807464793388433,0.047125081284117666,0.7389037769473057,-0.0013305833333333331,31.947024793388422,0.014468239830756123,0.010874354644861051,0.0001666666666666631,-2.6697442009254486e-06,1.8807466389874274,0.0002584535429999273,0.04706901489993461,14.0,86.91243923116355,25.700638218601398,147.69230769230768,147.69230769230768,34,0.8947368421052632,0.37868578585521767,0.7574013157894737,0.24069699565090955,0.004332460459183672,3.547582400276853,0.029009452791308336,0.5401987214781413,0.008177245661452273,2
280,-29.551041666666666,56.6625,9.3875,4.1167213590749485,4.262805463150607,1.9191605152600795,69.0,89.0,22.0,885.671875,1698.03125,281.3125,64.80231766545603,3.3896656942329537,1942.0101651343512,1.8263788016528926,0.05008917012434706,0.8043161491491989,-0.0013987000000000008,31.942066115702477,0.013231402377645668,0.01631664156355113,0.0,4.15929901965661e-06,1.8263779548039853,0.00030019015978025737,0.050031324209100884,15.0,83.0657405093977,25.218655700926988,137.14285714285714,137.14285714285714,34,0.918918918918919,0.4442451878100213,0.8057432432432432,0.2988916334881442,0.00053064413265306,7.07370967978375,0.004407233933967315,1.2614102291535012,0.0006230442205683014,2
281,-29.686458333333334,56.65416666666667,9.220833333333333,4.060303759974602,4.279211294801362,1.7886165898692643,69.0,89.0,22.0,889.6875,1697.875,276.3125,64.82495835369471,3.424297900068499,1942.7527953120743,1.7699401157024792,0.048699211967624334,0.8215741497055989,-0.0013132833333333335,31.93561983471075,0.017099251444805032,0.0217623405745743,-0.0001666666666666631,-6.32253438982386e-06,1.7699648671817005,0.0002973197664254972,0.048696722550731555,13.0,83.26889012535976,28.99293069761607,147.69230769230768,147.69230769230768,33,0.9166666666666666,0.46394862419545674,0.8203125,0.3103331997683655,0.0001765102040816323,6.644618370847705,0.014168556044227482,0.4291038320680463,0.0021323355614206465,2
282,-28.833333333333332,57.01875,9.602083333333333,1.515659005918621,1.0235062794954737,1.2221888805427017,36.0,63.0,15.0,864.125,1708.796875,287.78125,64.63831341373803,1.194126889142744,1937.1587699954534,1.7191558925619834,0.04214177242068792,0.7493090137656976,-0.0012385500000000012,31.926528925619838,0.015991255037947197,0.01632686502919467,-0.0003333333333333262,2.1674228897488022e-06,1.719167993252059,0.0002463129482090697,0.04211084821269083,15.0,86.01093819887399,30.296692273902504,147.69230769230768,147.69230769230768,34,0.9714285714285714,0.4838187626877201,0.8022321428571428,0.3233807286516395,1.0562500000000169e-05,8.054804578060818,0.0223469482906159,1.028068565905226,0.0027743625651059428,2
283,-28.667708333333334,57.098958333333336,9.559375,1.687885436948814,1.1759743116230144,1.6735116599658535,36.0,63.0,19.0,859.09375,1711.15625,286.46875,64.64352126419779,1.325845729541423,1937.2411915022974,1.672003661157025,0.03815672043783552,0.6838126506052299,-0.0010997416666666667,31.921239669421492,0.013821186750655487,0.01632686502919467,-0.0003333333333333262,-3.0780907750938677e-06,1.6719826948484495,0.00020822756749294693,0.038202403207443635,15.0,77.48153862906031,31.879584174910633,147.69230769230768,147.69230769230768,30,0.9375,0.5647147817953996,0.912109375,0.3666208643193904,0.0003227155612244903,6.922955696561833,0.027280165585395318,0.44553984567594596,0.003940537363101073,2
284,-31.09375,55.296875,8.64375,7.034999000532978,5.362911855299165,4.049712245435882,62.0,66.0,19.0,931.859375,1657.125,272.953125,64.72212794736144,2.2312430687943525,1939.611386150713,1.6307705785123967,0.037936551596325876,0.7530919505359948,-0.0011531333333333318,31.91561983471075,0.013660134552987733,0.01632686502919467,-0.0001666666666666631,-4.488216753662611e-07,1.6307629288177574,0.00025480300319510017,0.037895881710247485,14.0,77.77181352512221,31.203325656507964,147.69230769230768,147.69230769230768,29,0.90625,0.5901978849053715,0.92138671875,0.4167894500385682,0.017329841836734673,14.147715545225848,0.11667552047916903,2.8100612302665375,0.008246951255571521,2
285,-31.46875,55.15,8.377083333333333,6.841894725695507,5.2852388782343604,3.9379954494288363,62.0,66.0,19.0,943.171875,1652.71875,265.015625,64.71372801292698,2.0896746163564837,1939.39823601009,1.5837771322314047,0.04297669565324643,0.7683580010075879,-0.0011531249999999992,31.903057851239673,0.02003480340429942,0.021789637361512362,-0.0003333333333333262,-1.1745686808996215e-06,1.5837730757848538,0.00023127899700294997,0.0429375549068059,14.0,71.20907666265286,26.049482198984183,147.69230769230768,147.69230769230768,26,0.8666666666666667,0.5318597540259896,0.9739583333333334,0.40719707980971026,0.001689797193877543,4.188409590345002,0.04685796799651765,0.520422366729492,0.011187532400014853,2
286,-31.76875,55.00729166666667,8.452083333333333,6.673537800210121,5.202658470909902,3.790585354056665,62.0,66.0,19.0,952.125,1648.40625,267.28125,64.7180959312246,2.0084033551082188,1939.4827858436247,1.538213181818182,0.044522612025838126,0.8790612319228888,-0.0011958416666666657,31.884710743801655,0.021322954695993723,0.016347350442824322,-0.0004999999999999894,-4.379838815071512e-06,1.5382327546881918,0.00021792204345433231,0.044528042979314245,15.0,76.68629267179678,31.412657029839345,147.69230769230768,147.69230769230768,25,0.8064516129032258,0.5806882926572282,0.9380040322580645,0.4307786525160916,0.00035694005102040696,8.431153511228963,0.19246037719028414,0.9605840231211139,0.02282728892718622,2
287,-29.4875,56.690625,9.623958333333333,1.1787396164265174,0.7452038486492583,1.457469610294004,34.0,63.0,22.0,883.734375,1698.9375,288.390625,64.64817853992055,0.8013601794592339,1937.4268914865538,1.4948093801652893,0.03221653502287712,0.6907860053656218,-0.0009929750000000014,31.871487603305788,0.016497490769624992,0.016347350442824322,-0.0004999999999999894,6.579823554050333e-06,1.494790620804907,0.0002761822886476729,0.032172071082980015,16.0,81.70950727304124,31.001865606113565,137.14285714285714,137.14285714285714,27,0.7941176470588235,0.476739053858067,0.8625919117647058,0.376467323289065,0.0004425012755102006,6.6489222849548675,0.06893371879815934,1.0702006580849184,0.010367652958456448,2
288,-33.10625,52.614583333333336,8.413541666666667,10.903227852529115,12.920566447582278,8.314196190247772,91.0,89.0,40.0,991.9375,1579.296875,318.75,65.18723641886957,6.377878414520407,1953.6966087823077,1.4957560330578512,0.07468526432716659,1.7906474277044604,0.0016105833333333339,31.861074380165295,0.013098586946221003,0.016357612439122506,-0.0003333333333333558,-2.3123134629406665e-05,1.4958542073097996,0.0010167747497836581,0.0746799283560981,14.0,90.05882924677297,29.60294557691429,137.14285714285714,137.14285714285714,29,0.7631578947368421,0.40082131684896766,0.7491776315789473,0.2669266522669537,0.00046225000000000096,4.227909839629287,0.00586069553084765,0.9018530858931508,0.0013861921737104803,0
289,-44.829166666666666,34.78854166666667,5.644791666666666,17.956892343579078,26.20691054613771,9.879053701642205,91.0,89.0,40.0,1343.390625,1092.890625,283.90625,65.61524746221036,7.297097628936487,1966.4099642301753,1.5424929752066119,0.10154913002524288,1.7906474277044604,0.0014183999999999993,31.847685950413226,0.02199775835982129,0.021817002711917166,-0.0003333333333333558,-3.635923009024517e-05,1.5426341853901586,0.0019057826937017067,0.10101610199536189,14.0,88.3044561778895,26.807313815296656,137.14285714285714,137.14285714285714,33,0.8461538461538461,0.3124897202256588,0.7447916666666666,0.22351532660789164,7.971938775507455e-07,2.2568385115855523,0.011288809186096725,1.9806135263062572,0.005002045617418023,0
290,-50.50833333333333,21.846875,7.890625,17.148127124817126,28.556896617122838,15.16154385639454,91.0,119.0,64.0,1514.015625,832.484375,369.78125,65.98653483354138,8.708839608610143,1977.614961855002,1.595636181818182,0.08976325637728697,1.7906474277044604,0.001567875,31.82537190082645,0.02568214230894666,0.021830711179195182,-0.000500000000000019,-5.1047181214116345e-05,1.5956066894234606,0.002768170099790556,0.08805914793274905,14.0,93.10741141813118,29.872144074055623,153.6,153.6,36,0.8780487804878049,0.3181807877164726,0.7179878048780488,0.23776639873954367,0.0003304604591836707,3.198819345551579,0.009525512549702443,5.694176063701891,0.0029778213524152422,0
291,-52.840625,7.196875,18.839583333333334,14.601748454986764,21.54868012743182,21.145707204057334,85.0,119.0,67.0,1583.734375,439.421875,632.46875,65.40022119452735,6.809202183337093,1960.0279940105993,1.6311853636363638,0.09996623022445758,4.679349385303787,-0.0004697916666666672,31.7999173553719,0.023159378364478688,0.02184443688443736,-0.0003333333333333262,3.851770914048002e-05,1.6310972041629426,0.008951529002599927,0.08286857545837605,15.0,94.37108355171047,28.665398923457147,153.6,153.6,36,0.8571428571428571,0.27591700283648396,0.6960565476190477,0.2058313973588002,0.0004982461734693855,1.6331913028841127,0.0072093183017821,1.1066612772849531,0.004414252200003086,0
292,-44.05625,6.603125,35.409375,12.124740654442881,20.95286850452005,19.814244550559454,85.0,119.0,67.0,1320.09375,373.75,1081.28125,64.67636095397806,5.829486862844427,1938.258473580499,1.6192834876033058,0.09837182541992495,4.679349385303787,-0.0006833416666666666,31.783719008264463,0.014324009284821707,0.01092908560431808,-0.0001666666666666631,4.548289436555859e-05,1.6190876888048096,0.008806808863087297,0.08150687972095064,15.0,92.0373785661413,29.507264545441085,153.6,153.6,35,0.8536585365853658,0.30663440479359944,0.7240853658536586,0.24259247111553012,0.0018092869897959156,2.4211463127002784,0.005360585393505154,1.331365886958755,0.0022140691644225957,0
293,-40.98020833333333,1.0666666666666667,47.090625,8.303527360300794,4.1590430256116475,11.128282082575684,83.0,21.0,67.0,1227.96875,80.046875,1412.296875,64.01648805660518,3.164860223115676,1918.5000560930152,1.585314355371901,0.10606990572538812,4.679349385303787,-0.001131766666666667,31.780578512396698,0.01208082427412973,0.01092908560431808,0.0001666666666666631,8.893758143173276e-06,1.5853668258911287,0.008582862037163417,0.09165343692555393,14.0,81.53285885808869,27.037715121656607,153.6,153.6,31,0.8378378378378378,0.2866594937632161,0.8078547297297297,0.2362359918510998,7.56250000000007e-06,2.848410344316995,0.01951428097955253,0.3356037851047104,0.006850937407416191,0
294,-38.12083333333333,1.321875,51.05625,1.5013824647822271,0.6068537586395919,1.0873143998709234,42.0,5.0,55.0,1142.375,39.921875,1530.140625,63.75882994062747,0.5497541288119477,1910.7751940431865,1.5306122727272728,0.05806318263227077,1.1527694963187725,-0.0016976666666666676,31.788677685950415,0.017004722181304343,0.016388475877112913,0.0,-3.8795660796759945e-06,1.5306066659124942,0.00027045649710743093,0.05805594998664818,15.0,66.42267612314264,17.220937782068173,120.0,120.0,28,0.9032258064516129,0.34001282910845193,0.9581653225806451,0.22367677299468378,0.0022971479591836724,4.458479739442302,0.0087366555375431,2.4372095753362335,0.001959559322486894,0
295,-38.1125,1.2052083333333334,51.05520833333333,1.3631496921957373,0.5595514929511751,0.978984358028201,42.0,5.0,55.0,1142.203125,36.4375,1530.0625,63.745290976715836,0.5630674564367495,1910.3802285734764,1.4717381239669423,0.0432470344320446,0.8641646890826536,-0.001227866666666666,31.800247933884297,0.01746130597850443,0.016388475877112913,0.0003333333333333262,-1.0506271417364478e-06,1.4717355198123911,0.00019471764400996047,0.043205428190051215,15.0,64.44801956496188,22.871224694933158,147.69230769230768,147.69230769230768,26,0.896551724137931,0.29663994453955217,1.0177801724137931,0.27350212099499954,0.003257147959183667,1.74544933257151,0.11543094139276676,0.0971316044719503,0.06613250768081956,0
296,-38.26354166666667,1.15,50.89479166666667,1.2086166155005023,0.5045625167740201,0.820552378948,46.0,3.0,56.0,1146.6875,34.625,1525.25,63.70063688775675,0.5643079190459503,1909.0113178157255,1.4289696776859504,0.035231707059374825,0.7055870572488883,-0.000950266666666666,31.813801652892558,0.018774705964270097,0.02184443688443736,0.0001666666666666631,3.3036190086139264e-06,1.4289702519208605,0.00025759243394984303,0.03516581066966337,15.0,71.69435710955554,32.37643020977685,153.6,153.6,27,0.9,0.43220510489114483,0.975,0.33154468024687106,0.0001571441326530663,4.844693136328198,0.14774500448057346,1.6885031029217024,0.030496256485823513,0
297,-38.23125,1.2666666666666666,50.88333333333333,1.1294645209862357,0.5624845676895401,0.789866374071519,46.0,3.0,56.0,1145.71875,38.140625,1524.9375,63.67322490405228,0.5319119456980732,1908.2145263764892,1.392152123966942,0.0276340845045773,0.6310551728110567,-0.0008434916666666662,31.823057851239664,0.017193260990342036,0.021830711179195182,0.000666666666666682,-9.797059013890537e-07,1.3921487974415054,0.0002492449875510755,0.02757605888767687,15.0,77.3045392844955,35.87633603760854,153.6,153.6,29,0.90625,0.4563894506286942,0.9267578125,0.35235235706990076,0.0008410000000000003,4.876485107296129,0.10634620941565356,0.23928957562333328,0.02180796353843875,0
298,-38.33541666666667,1.4322916666666667,50.811458333333334,1.1170999625767108,0.5877206663009412,0.7724918812500374,46.0,3.0,56.0,1148.921875,43.109375,1522.71875,63.68203000472456,0.4990535816529929,1908.474127719293,1.359707818181818,0.028876973463812853,0.6307301978606563,-0.0008007833333333344,31.835123966942152,0.015326512570353076,0.01636788732738669,0.0001666666666666927,-1.1959865365655494e-06,1.359705194964126,0.0002194620138912468,0.02882182922175367,15.0,74.10441764223651,33.61333058499446,153.6,153.6,25,0.8064516129032258,0.4165266691891809,0.9400201612903226,0.30389090900084703,0.0012678686224489772,3.237479180477058,0.04366313677874989,0.1188245370884542,0.01348676990482327,0
299,-38.50208333333333,1.6989583333333333,50.73645833333333,1.0093293118314866,0.5041483726019773,0.6537742652709385,49.0,4.0,54.0,1153.875,51.03125,1520.5,63.725632119092964,0.4787772850649687,1909.780471289047,1.3272105371900829,0.029461748251763165,0.6627645795687576,-0.0008434916666666662,31.840413223140498,0.018380581480514177,0.01636788732738669,0.0001666666666666927,-5.295638058633198e-07,1.3272099224869889,9.014949450524037e-05,0.029457880981881807,16.0,66.00303164177518,25.47812126019209,153.6,153.6,21,0.7241379310344828,0.28273417917087523,0.9897629310344828,0.22052374555666351,2.4999999999999385e-05,1.4088698247446296,0.03512855829808411,0.3214336885306061,0.024933856685057102,0
300,-38.340625,1.73125,50.911458333333336,1.0545613350464733,0.4922974414247278,0.6482942027072962,49.0,4.0,55.0,1149.046875,52.015625,1525.734375,63.7692588276854,0.48343758749289456,1911.0857685945473,1.2920554628099175,0.030956811223722295,0.7074456570902089,-0.0008541666666666669,31.852809917355376,0.016920970435795407,0.021817002711917166,0.0,5.723385331591335e-07,1.2920505925034935,7.590566492021978e-05,0.030949922834645007,14.0,58.013582608420656,6.072770989883583,71.11111111111111,71.11111111111111,20,0.7407407407407407,0.18190779178347052,1.0462962962962963,0.1168093034219116,3.8617346938775614e-05,0.5781341986495891,0.00591188336313173,0.0,0.010225797707419416,0
301,-38.503125,1.8239583333333333,50.775,1.2127751513402363,0.4296909722081931,0.766077672302228,49.0,4.0,55.0,1153.9375,54.796875,1521.609375,63.76464355882516,0.480258766335694,1910.930052617286,1.2582134214876035,0.030710859518948596,0.7247317695829475,-0.0008755249999999992,31.861074380165295,0.017618625235651563,0.021817002711917166,0.0001666666666666631,-1.6992587157903315e-06,1.2582163411348635,7.47667811421385e-05,0.03065493859075595,15.0,65.83911480725304,21.270597212121203,128.0,128.0,25,0.8333333333333334,0.20816039877070594,0.9786458333333333,0.2191025185352104,0.00012979719387755208,0.6841833528764587,0.0794071440983066,0.23574381793595625,0.1160612045944429,0
302,-39.81875,1.853125,49.74583333333333,2.396712700937126,0.3822774747592818,1.777751193377621,50.0,3.0,55.0,1193.328125,55.53125,1490.796875,63.815764198888566,0.46245509171345106,1912.468294452232,1.2272409752066114,0.024396471209556594,0.614008371344509,-0.0007260416666666677,31.86719008264463,0.010059586151869497,0.010901651431798862,0.0,9.79297385981556e-07,1.2272324657315414,0.00012753988516447657,0.024379788451559425,15.0,72.70064591631116,28.01234042918486,142.22222222222223,142.22222222222223,27,0.8709677419354839,0.3186376435964004,0.9299395161290323,0.28928026800775203,0.0006834489795918354,2.099998087660952,0.047301565852674796,0.4405873230469877,0.02252457567966686,0
303,-40.721875,1.9322916666666667,49.07604166666667,2.0647691116381512,0.28975377178544004,1.5156987381833356,50.0,3.0,53.0,1220.421875,57.921875,1470.734375,63.85080002120971,0.4273503459136639,1913.54382778867,1.1990851900826445,0.023770633013372424,0.6227846679693595,-0.0007153666666666669,31.867355371900825,0.011190949342023795,0.016357612439122506,0.0,-1.273865851526462e-07,1.199088641317794,0.0001303582204489515,0.023729528763625607,14.0,75.94115276573606,29.177905900760237,142.22222222222223,142.22222222222223,27,0.8181818181818182,0.36062537234599495,0.9024621212121212,0.31455362866707115,0.0010012704081632645,2.8499484982944474,0.020769430721686192,0.7358312806845176,0.00728765124496659,0
304,-41.18541666666667,1.940625,48.75833333333333,1.7202821453826178,0.2653920547196794,1.2853069240025468,50.0,3.0,53.0,1234.328125,58.15625,1461.1875,63.88979033452478,0.3951573658632375,1914.7006853429666,1.1721047024793387,0.025273820651183235,0.6364118453704479,-0.0006406250000000002,31.862066115702483,0.014195643341212982,0.016357612439122506,0.0,1.1457949773430297e-06,1.1721024118959589,0.00015097840785463666,0.025258255197284384,15.0,78.0470816890036,30.00285719930361,147.69230769230768,147.69230769230768,28,0.8235294117647058,0.3841701535945743,0.8745404411764706,0.29982295284385957,2.5358418367348242e-05,2.9107070274827076,0.02044880080396939,0.9096492733566592,0.007025372396085602,0
305,-41.375,1.9958333333333333,46.052083333333336,5.3780998813087635,3.2090340143967864,15.567239767956798,68.0,23.0,76.0,1239.984375,80.6875,1440.65625,64.12859781046949,2.3983555886718757,1921.8695731853904,1.1507470082644629,0.018833086870786112,0.5304746240346938,-0.00035234999999999943,31.859917355371906,0.015238916458335949,0.016357612439122506,0.0,4.195511293966807e-06,1.1507369167814023,0.00023637681958098267,0.018722376601943015,15.0,77.54164481836732,30.21540649160193,147.69230769230768,147.69230769230768,27,0.8181818181818182,0.3636066251212033,0.8792613636363636,0.28855395805288997,0.0015349604591836747,4.57102377496853,0.034759714217206715,0.8361999271497109,0.007604360845278261,0
306,-41.68125,2.0083333333333333,45.78333333333333,5.385789800097413,3.211621691433922,15.523870508206244,68.0,23.0,76.0,1249.140625,81.078125,1432.609375,64.12513571717635,2.3984132088486256,1921.7585943122708,1.1368120330578513,0.012403843692421075,0.40935813324242065,-0.00032031666666666644,31.852644628099178,0.01625054837174362,0.01636788732738669,-0.000500000000000019,2.11960822899574e-06,1.1368047361366382,0.00024881982871292164,0.012190955183548461,16.0,76.86797525676505,28.70646632263072,147.69230769230768,147.69230769230768,28,0.8484848484848485,0.3043994030579417,0.8740530303030303,0.262443045824086,5.3603316326529866e-05,3.372730075369797,0.0316595516393816,1.117359648649018,0.009386921257228195,0
307,-41.93125,2.1947916666666667,45.567708333333336,5.399986738023839,3.228224156807767,15.487279691678069,68.0,23.0,76.0,1256.65625,86.65625,1426.140625,64.13359537071514,2.40456749237424,1922.0217243624372,1.1241900991735536,0.017333059178041905,0.6010777172529548,-0.00033099166666666717,31.84454545454545,0.018181818181819284,0.01636788732738669,-0.0003333333333333558,6.884463244247047e-07,1.1242009048448967,0.00024171099611824986,0.017173009578937106,15.0,75.80648754438198,26.307589896581952,147.69230769230768,147.69230769230768,28,0.875,0.30863282597637165,0.87353515625,0.24814249433441835,0.0017252155612244898,1.6936648143305575,0.0417682063845746,0.061843478170707275,0.024661435976683504,0
308,-41.708333333333336,2.4010416666666665,48.29375,1.1575536944589462,0.512956055555011,0.8223204591277053,58.0,4.0,55.0,1249.9375,71.96875,1447.3125,63.87334391573369,0.33400901545549744,1914.2061854553176,1.1048970991735538,0.022799274798675863,0.6441846747233458,-0.000683333333333334,31.830165289256197,0.019326831050901397,0.021830711179195182,0.0,-3.811510184960165e-07,1.104915990083696,0.00012728095348128575,0.022800079140260134,15.0,67.02102121280562,21.229348012541188,147.69230769230768,147.69230769230768,25,0.8064516129032258,0.285058130950221,0.9627016129032258,0.2269376905686324,3.858418367346861e-06,1.4109385309516904,0.03229495679677737,0.7616939248388397,0.02288898919997184,0
309,-42.958333333333336,-5.746875,35.45729166666667,3.623179619554564,16.87223713879426,26.10252719562349,79.0,45.0,55.0,1287.375,294.765625,1266.25,64.11669382678252,1.9636248935646665,1921.4824089190001,1.0823110578512396,0.01947952415217067,0.5728974825101438,-0.0005338499999999987,31.818760330578513,0.02022886604281961,0.02184443688443736,-0.0001666666666666631,-6.259487321522916e-07,1.0823073934146459,0.00011015470539380187,0.0194650329055442,15.0,69.2001582687603,27.276189779741806,147.69230769230768,147.69230769230768,26,0.8666666666666667,0.3608244756982694,0.9755208333333333,0.2954098531478014,8.556249999999984e-05,2.2345207230301445,0.009525464490856502,0.08793626510476979,0.004262866928322508,0
310,-44.047916666666666,-15.15625,20.6875,4.142236190721411,20.761205872271326,33.22417935404876,79.0,45.0,66.0,1320.15625,536.921875,1083.46875,64.3696184152305,2.5470849503471467,1929.0898984026405,1.0584225289256197,0.01989046706134837,0.6019284972685321,-0.0006085916666666654,31.794462809917352,0.032776488580605966,0.032787291419139934,-0.0008333333333333156,-8.829750172206526e-07,1.05843834666598,0.00010753417630818272,0.01981585988444319,15.0,75.47454840263467,30.751131686255587,147.69230769230768,147.69230769230768,27,0.84375,0.3340125598251774,0.91357421875,0.30965463350347416,0.0029082908163265255,4.284338578431158,0.006717009294445941,0.37417582422667756,0.001567805431685929,0
311,-43.3875,-15.539583333333333,21.227083333333333,4.583695061483329,20.43655058532112,33.675883059340684,79.0,45.0,66.0,1300.34375,525.453125,1099.65625,64.34839777730174,2.5601829675789896,1928.4542571452942,1.0333163223140496,0.025457053500211737,0.6594565518676807,-0.0005979166666666655,31.7703305785124,0.03544134682760453,0.032787291419139934,-0.0010000000000000083,-2.14271627271499e-06,1.0333151757580732,0.00011058616325304722,0.02544216731659433,15.0,85.6562187958338,32.67000237404996,147.69230769230768,147.69230769230768,32,0.9142857142857143,0.3781082884007609,0.8147321428571429,0.31993701548515924,0.0027188775510204044,5.544359000339881,0.01926584544946513,0.3386027742486257,0.003474855334635454,0
312,-41.37083333333333,-7.7375,34.67604166666667,3.426305002801447,16.92784472646572,28.925231361764375,59.0,45.0,66.0,1239.78125,291.125,1299.9375,64.07682308074642,1.7215890562859155,1920.3096249843445,1.0050863719008265,0.025106867728954374,0.7506455936797225,-0.0007260500000000003,31.75,0.017439387357500426,0.016409116287213154,-0.0003333333333333262,-1.2909839559248593e-06,1.005087125036217,0.00010530637051693328,0.025086030572914697,15.0,80.45101803126502,30.45569737881392,147.69230769230768,147.69230769230768,29,0.8285714285714286,0.3199928911204858,0.8486607142857143,0.28351694105881386,6.74744897959184e-05,5.190704568986273,0.06686650532367797,3.6855769522510204,0.012881970922251266,0
313,-39.854166666666664,0.8333333333333334,49.58020833333333,3.135413205978156,2.4569911590308084,3.600032401233433,68.0,13.0,70.0,1194.015625,51.0,1486.328125,63.833494537500854,1.1657330158238461,1912.9714666096722,0.9789424545454547,0.020549962851708792,0.6559809707972117,-0.0005231833333333343,31.745867768595037,0.014974878218718523,0.016419456001174237,0.0,-9.457118761424319e-06,0.9789722378085862,0.00022003418228488307,0.02046643933279637,15.0,75.01140910046406,29.714053592062555,147.69230769230768,147.69230769230768,26,0.8125,0.34297015646526224,0.90576171875,0.2773570742562999,0.0001289846938775536,3.146692119860521,0.03676402343059411,0.22070397246615017,0.011683387516228851,0
314,-43.69375,2.984375,37.27395833333333,8.355509815135958,10.433458080906908,25.436500778047225,88.0,39.0,70.0,1309.40625,183.203125,1304.09375,64.23273399798236,2.690966334071834,1924.9649437761036,0.9705917024793388,0.014695758357877767,0.6795582804243563,-0.000182341666666667,31.747851239669423,0.012005963502369913,0.016419456001174237,0.0,5.6509933467785935e-06,0.9705812732111642,0.0008260677836490353,0.013776974482358564,16.0,83.6433781678098,35.537947243490166,153.6,153.6,29,0.8285714285714286,0.3423161103328068,0.8415178571428571,0.3055280954214141,0.0011055625000000056,2.7979826147780833,0.07083166130738767,0.3602996083168403,0.02531526140772878,0
315,-47.884375,3.828125,32.76875,9.531863538996017,11.48262458315643,24.239101126846677,128.0,63.0,70.0,1435.078125,229.9375,1168.890625,64.57957342653397,4.591154108381371,1935.3765116081768,0.962956132231405,0.015765923689532686,0.7277873940434125,-0.00018233333333333342,31.741074380165298,0.014982174140329811,0.016419456001174237,-0.0003333333333333262,-3.3587899257344343e-07,0.9629557316412726,0.0008424981722040399,0.014841724381820305,16.0,92.81356085461042,35.7425241523375,153.6,153.6,33,0.868421052631579,0.4200410588641981,0.7537006578947368,0.2953439182527876,0.0036128686224489582,5.294879143352793,0.024454872692976148,3.766978707111101,0.004618589401360911,0
316,-52.64791666666667,4.077083333333333,28.036458333333332,7.211030023031076,11.164037120432235,21.586206146285424,128.0,63.0,63.0,1577.59375,211.21875,1027.375,64.78695819283595,4.440468044368691,1941.526122296541,0.95575473553719,0.02133474248431906,0.8232030125809999,-0.00022504166666666622,31.723057851239663,0.026311640738616495,0.027400305492412257,-0.0003333333333333262,1.5430475920246612e-05,0.955721031585605,0.0008211466281063566,0.020666370181266547,16.0,92.82484352902522,35.951991316791606,153.6,153.6,35,0.8974358974358975,0.44669898999714974,0.7652243589743589,0.33678638608969685,0.0002652244897959152,5.304300159338338,0.030251936045121098,2.5229608953973703,0.005703285096312262,0
317,-52.88229166666667,1.6354166666666667,36.31666666666667,4.776210465937463,5.1859581878751095,4.1647995816792385,128.0,63.0,60.0,1584.84375,69.875,1088.390625,64.58364131446565,3.757235184429044,1935.475573007152,0.9358631239669419,0.017452496258768206,0.7472389873918196,-0.00043775833333333327,31.7000826446281,0.025209727486588895,0.027400305492412257,-0.0004999999999999894,-7.098878536926325e-06,0.9358540516976223,0.0002864899874674551,0.017347059633218247,15.0,81.77061487148536,31.72219667341247,153.6,153.6,31,0.9117647058823529,0.42760557962155366,0.8488051470588235,0.3244879084792577,0.00037885841836734834,6.5553746433361235,0.0311908655596084,1.4621720963227864,0.004758059951816106,0
318,-52.81458333333333,0.7208333333333333,36.755208333333336,2.2842294090251873,0.9020713047696889,3.109373255164223,67.0,8.0,46.0,1582.828125,26.140625,1101.453125,64.46482837317726,0.9114244255370361,1931.9337940867592,0.9188785371900825,0.014731587102078897,0.4976833710527755,-0.0004377666666666669,31.67479338842975,0.021821938068846285,0.021941002227316913,-0.000500000000000019,-1.4959326047407331e-06,0.9188904836258339,0.0002518639306284813,0.01466988016613711,15.0,79.07032856869262,30.17583701031731,153.6,153.6,31,0.9117647058823529,0.42452346278450315,0.8745404411764706,0.32868224072527513,0.0009085918367346915,6.425184671013929,0.03500385795144791,2.440546195765168,0.005447914689419209,0
319,-51.121875,1.0447916666666666,38.94375,2.5155227722500015,1.0067863261870527,3.3517660923011916,67.0,8.0,46.0,1532.0625,35.765625,1167.078125,64.41223237462894,0.8907789756556022,1930.3458547523737,0.901226867768595,0.01698890610400252,0.557173032682632,-0.00048047499999999963,31.659421487603307,0.01782826804792688,0.01646094549155403,-0.000500000000000019,-6.06358707025905e-07,0.9012350743571184,0.0002492318397544417,0.016905881023043228,14.0,79.58666840692739,25.812106487215072,132.41379310344828,132.41379310344828,29,0.8285714285714286,0.4041056244331789,0.8375,0.2692167873135488,0.0007290000000000056,3.83929453488982,0.00919068931491692,3.4421138347252547,0.002393848461324334,6
320,-49.297916666666666,1.478125,41.003125,2.9334272889782396,1.001842378341856,3.6868277106081773,67.0,8.0,46.0,1477.40625,48.734375,1228.796875,64.31253869747079,0.9079920812730587,1927.3637483292484,0.8828234214876032,0.018683454500226068,0.6406559020298996,-0.000544533333333333,31.647190082644624,0.012934874410918904,0.010977429123781858,-0.0003333333333333558,-2.4397888110226777e-06,0.8828351595472823,0.0001290002508156189,0.018654916082373078,15.0,83.39432520171584,28.752400063362487,153.6,153.6,28,0.7777777777777778,0.37112018232931343,0.8038194444444444,0.2608705535285699,0.004408011479591831,2.2565186373253976,0.08467725780320758,2.383368024542478,0.03752561862443719,6
321,-46.81666666666667,1.9489583333333333,43.7125,2.3308915795367993,0.4336124401627436,2.2198559450258633,53.0,3.0,48.0,1403.0625,58.40625,1310.0,64.16208548650991,0.396225131874246,1922.8645225008229,0.8634564132231405,0.01548816597814075,0.5279317735298706,-0.00043775833333333327,31.64223140495868,0.013204532361488643,0.01647135064664589,-0.0001666666666666631,-1.2975920197729587e-06,0.8634638958933563,6.512319922872776e-05,0.015463805034376287,16.0,79.1623732329668,29.067729027276915,153.6,153.6,25,0.7352941176470589,0.37004499432092,0.8497242647058824,0.2668391021100553,1.867474489795881e-05,1.556685472103225,0.04366339256587203,0.6963757355194455,0.028048949738625605,6
322,-44.95,2.2239583333333335,45.475,2.0231987873991355,1.9297152635204733,2.0303427461063484,57.0,19.0,54.0,1347.109375,74.140625,1362.828125,64.06902113859364,0.7239281795228069,1920.079075277085,0.8470013388429752,0.013219344649710514,0.45880326957094164,-0.00036301666666666753,31.639256198347102,0.012342581621550093,0.01647135064664589,0.0,1.1925963396929576e-06,0.8470050911897925,5.803259102142619e-05,0.01318069362355254,17.0,78.30350249434616,30.44173376569848,153.6,153.6,27,0.7941176470588235,0.34720841197283364,0.8648897058823529,0.2736116134982029,0.002568317602040822,1.916690416166261,0.18652514957735253,0.2895296378034431,0.09731626349467416,6
323,-44.03541666666667,2.720833333333333,46.33958333333333,1.5641810401577207,2.010696224086462,1.653687745531853,57.0,19.0,54.0,1319.640625,89.03125,1388.765625,64.05144131394498,0.7175994283681542,1919.529856985685,0.8343052644628097,0.009838609550158634,0.34521141187931476,-0.00026692500000000027,31.630330578512396,0.017436253876681407,0.016481768964499398,-0.0003333333333333262,9.464585535556366e-07,0.8343072280196826,4.9028105690477446e-05,0.009802923767708537,17.0,73.33640603448562,26.001712012960873,147.69230769230768,147.69230769230768,26,0.8125,0.3799136249191302,0.9052734375,0.2599032618213382,0.0016839298469387802,3.0671538485166865,0.018393451172796366,0.35097360710335673,0.005996911821587191,6
324,-43.744791666666664,3.029166666666667,46.615625,1.4107009037817178,2.0081042400455438,1.5394688021224505,57.0,19.0,54.0,1310.96875,98.3125,1397.0,64.0599513945662,0.7171429372751272,1919.785159404321,0.8262259173553719,0.005288109450778965,0.25518634928339745,-0.00017083333333333395,31.624545454545455,0.017627926754240818,0.016481768964499398,0.0001666666666666631,-5.303814725155577e-07,0.826228553919425,6.202835142063117e-05,0.005213954837210999,15.0,74.67895185736465,27.19770957541289,147.69230769230768,147.69230769230768,28,0.875,0.454703867763263,0.90478515625,0.2957255547708159,0.0009855114795918407,5.321100840438925,0.020013695401996195,0.2164033759362034,0.003761194535141588,6
325,-45.959375,1.90625,44.15833333333333,4.676338447550783,2.781179774394313,5.292677068890143,87.0,17.0,52.0,1377.296875,88.75,1323.40625,64.19066675522643,1.7407402217065844,1923.707066819466,0.8199360661157024,0.006119307295826271,0.3421328048427217,-0.0001281249999999993,31.61710743801653,0.016436103001197737,0.016481768964499398,-0.0003333333333333262,2.2861236560421842e-06,0.8199395105935066,0.00020167941322942045,0.005827618547167203,15.0,84.02671547958894,28.189033388199782,147.69230769230768,147.69230769230768,31,0.8611111111111112,0.39598113625254566,0.8064236111111112,0.2909980659266845,5.389030612244492e-06,5.2840404370842,0.021732418714715408,2.234322444653256,0.004112841105869286,2
326,-49.11145833333333,-4.135416666666667,32.609375,8.05146686676392,9.418532033163247,22.89792830023512,87.0,32.0,60.0,1471.78125,201.765625,1117.515625,64.51951049345229,2.7369872156503576,1933.5674861975929,0.8096542727272726,0.013634882879603174,0.5129144879458933,-0.00028828333333333345,31.604545454545452,0.024663018120454995,0.027487015464415007,0.0,3.5662772529101705e-06,0.809658534365535,0.0004217149697715116,0.0133133998736002,14.0,81.58047715874808,25.81630508531364,132.41379310344828,132.41379310344828,29,0.8285714285714286,0.38401577846049195,0.8290178571428571,0.31734948927300444,0.0032939400510203784,4.054084121527291,0.10192140247458725,1.1993848146577308,0.02514042615282253,0
327,-53.380208333333336,-7.134375,10.847916666666666,9.229381522611932,10.324508948421792,32.64429180310685,87.0,32.0,100.0,1600.484375,288.265625,910.59375,65.24101827856376,4.3657226178619135,1955.2574939354495,0.7874494214876033,0.026476738401398064,0.988816918041294,-0.0006406249999999993,31.588016528925618,0.026771757497815858,0.027487015464415007,-0.0008333333333333156,-8.346724921349395e-07,0.7874654689156512,0.0006773771410860943,0.02601268048244483,14.0,89.30462998173422,27.371862004242068,153.6,153.6,35,0.875,0.33797412980858726,0.748046875,0.27679164897691433,0.0002805625000000027,2.576954453060034,0.02007785193479197,1.4680920138104974,0.007791310362878279,0
328,-53.50416666666667,-2.198958333333333,2.65,12.423347615366087,23.241866833688952,28.225918939868016,96.0,79.0,100.0,1603.4375,552.65625,687.625,65.67288686065858,7.269947710986039,1968.1352749388564,0.762459694214876,0.026964855074475873,1.5555578469002556,-0.0005979250000000001,31.566033057851243,0.019686776148276262,0.022010501833499983,-0.0004999999999999894,-8.96179050380611e-06,0.7624813902026356,0.000992952806053152,0.025633826285143792,14.0,89.84001175150253,27.376306310746845,153.6,153.6,36,0.9230769230769231,0.3115940816359103,0.7299679487179487,0.21722651483729224,8.229081632653031e-05,1.4561564549784465,0.014443388042093986,1.3314529429719486,0.00991884353684218,0
329,-54.401041666666664,11.609375,2.622916666666667,11.158824934325771,23.96856699462948,23.91367931038054,96.0,79.0,100.0,1630.5,682.15625,590.84375,65.74673189565793,7.0266275723475875,1970.3003153758139,0.7431031983471075,0.01563515140576897,1.2772579615455046,-0.00033099166666666625,31.549504132231398,0.021736636995711208,0.0275218533116013,-0.0004999999999999894,-6.459673060738962e-06,0.7431097069039045,0.0009408863718290241,0.013355549909057003,14.0,93.76359019015598,29.497263437482705,153.6,153.6,38,0.926829268292683,0.2743622754737338,0.7019817073170732,0.20821742264327214,0.00025031760204081494,1.5737642197106068,0.008536453569821387,0.9305382297971623,0.005424226490160719,0
330,-46.715625,4.911458333333333,-7.501041666666667,13.595088176471739,29.274339480847907,31.54963019722414,96.0,79.0,79.0,1400.546875,823.96875,817.6875,65.27413584186517,6.262379614097681,1956.3372091745189,0.7436008595041322,0.013868979507052332,1.0334863779094658,0.0001281249999999993,31.534462809917347,0.014879705699076574,0.016523574364353096,-0.0003333333333333262,4.855225560554588e-07,0.7435915498409157,0.0008019522024452901,0.01182116847181135,15.0,86.10234218919807,30.560069710193808,153.6,153.6,33,0.9166666666666666,0.5079446943319715,0.8051215277777778,0.3674457224256609,6.514795918367462e-05,3.15726023528986,0.08196931688086315,3.9025384686142814,0.025962166806733862,0
331,-42.68541666666667,-10.282291666666667,-26.284375,10.232657881820778,26.794715332473004,28.01244823037385,68.0,37.0,55.0,1279.109375,852.53125,1064.015625,64.98756111609785,1.6176835850827576,1947.5688149958214,0.7514684132231405,0.012513997438022471,0.4315917923671698,0.00016015833333333322,31.535785123966942,0.017895567857756308,0.016523574364353096,0.0001666666666666631,3.436839413155943e-06,0.7514627428329,0.0002809622838348884,0.012409637848952536,15.0,78.41313073824122,33.1815567772099,153.6,153.6,28,0.875,0.5979596629945438,0.91015625,0.4043865012371364,0.0025035727040816106,6.615065710611901,0.06573103693437767,0.6678734130158559,0.009936565985872493,0
332,-36.66041666666667,-30.03125,-43.86770833333333,3.2276952292705015,3.3083011910697206,4.081742754624617,50.0,36.0,55.0,1098.59375,900.09375,1314.703125,64.85784674275422,1.3119352982287944,1943.7314914281528,0.7575994297520661,0.005378029576839702,0.28032946224639893,2.1358333333333183e-05,31.549008264462813,0.022832663230797866,0.02202445462298639,0.0001666666666666631,9.176536142990892e-06,0.7575480329355794,0.0002200115442261228,0.005353216143043812,16.0,73.60640819466492,28.69243780799293,153.6,153.6,29,0.9354838709677419,0.6104424411509518,0.9490927419354839,0.40039137351298015,0.0007251479591836733,6.060281143349131,0.04698794781187056,3.673340548176858,0.00775342706063028,0
333,-38.3,-32.42604166666667,-41.045833333333334,0.9396364545219958,0.8796003817627766,1.078184881589836,50.0,36.0,47.0,1147.796875,971.765625,1230.125,64.84737882705664,0.8574191469400421,1943.4107597902696,0.7534062066115703,0.007383350334632857,0.2953341887429807,-0.0001281249999999993,31.56619834710743,0.017498816883128283,0.02202445462298639,0.0006666666666666524,9.490712584116404e-07,0.7534043988923661,4.9020512735581994e-05,0.007332238639796135,15.0,76.54830576298265,25.510847720783314,153.6,153.6,30,0.8823529411764706,0.3962567512090966,0.8662683823529411,0.2668976642331636,0.0038263061224489844,3.536257966193352,0.03331996984317977,1.3929224271775662,0.00942238099191826,0
334,-38.33958333333333,-33.203125,-40.348958333333336,0.8261959975628598,0.8847025306329429,1.1556468960127433,44.0,35.0,43.0,1148.984375,995.046875,1209.203125,64.82865295438747,0.6754056457095305,1942.822104253895,0.7448926776859504,0.007694986675585341,0.3135667169710602,-0.00022421666666666654,31.574793388429747,0.01286286046832615,0.011005246499915675,0.0003333333333333262,3.7600904866327776e-07,0.7448984654824634,7.016257395672452e-05,0.007644771754745674,15.0,79.33504068296085,24.717669739408944,153.6,153.6,32,0.8888888888888888,0.29310339167994237,0.8207465277777778,0.2215374887663844,6.984183673469386e-05,2.557734582682246,0.019609347076461777,0.7343149112093634,0.007666685671465504,0
335,-38.565625,-33.846875,-39.577083333333334,0.8814439059719003,0.8129746209907169,1.1329790346937385,44.0,36.0,43.0,1155.796875,1014.34375,1186.09375,64.81811455439423,0.7729439048820815,1942.5455039379108,0.7363156528925621,0.00729776558095406,0.3173981547260682,-0.00022422500000000012,31.578925619834706,0.010586257495276412,0.011005246499915675,0.0001666666666666631,-8.206449763159802e-08,0.7363137796548898,7.581378726975423e-05,0.007245616514597242,14.0,78.57673937503947,24.838819085133743,153.6,153.6,30,0.8571428571428571,0.3417072492786169,0.8294642857142858,0.21841081575502508,0.0018891441326530603,2.1826093772278616,0.013264828036830472,1.6511845240572458,0.00607750895566946,0
336,-39.41770833333333,-34.18541666666667,-38.485416666666666,1.9038062090447185,0.7938538864649815,1.9109868287673313,47.0,36.0,43.0,1181.203125,1024.53125,1153.40625,64.88885321733646,0.9322123178930368,1944.6181848850583,0.7275904297520661,0.007859178349402054,0.3681895603435996,-0.00025625000000000046,31.584049586776857,0.01276478319094705,0.010998278947247041,0.0,1.6820956776169517e-06,0.7275903194676927,0.00010736773635690319,0.00782811325004294,14.0,78.2358548462655,26.261873949060895,153.6,153.6,31,0.8857142857142857,0.3834824944236852,0.8424107142857142,0.23576585610105044,0.0003343673469387775,3.3552331679402454,0.007645098555446598,1.8739846353185299,0.0022785595434906456,0
337,-45.467708333333334,-25.888541666666665,-33.77291666666667,9.27625771786575,15.011005475092729,7.317252432417664,72.0,36.0,43.0,1362.484375,816.859375,1012.3125,65.09569009543817,2.3688705463449216,1950.8627171724083,0.7124801239669422,0.01818093941720477,0.8107774176795045,-0.0005338583333333332,31.58685950413222,0.012598901818287008,0.010998278947247041,-0.0001666666666666631,-6.580236469085893e-06,0.7125052215742956,0.00020567944979420788,0.018047720173002237,15.0,70.24183494972725,23.18667975312081,120.0,120.0,28,0.9032258064516129,0.48085921633831663,0.9475806451612904,0.30722740433132656,0.0005472257653061205,2.186314473092381,0.0656783468595144,1.5680061445142282,0.030040667830651648,0
338,-50.317708333333336,-23.795833333333334,-26.214583333333334,9.222035372678342,15.32332043995542,12.543582183453639,72.0,47.0,47.0,1507.953125,754.109375,794.984375,65.21761117967132,3.0286246081694292,1954.5198652696208,0.6917047438016529,0.024302513433775215,0.940339711916619,-0.0005979166666666665,31.58239669421488,0.01995966152632157,0.0275218533116013,-0.0004999999999999894,-1.5021843723639117e-06,0.6917076900821327,0.0004757797261094972,0.024051910858635672,15.0,69.20815219132015,24.98448549953501,123.87096774193549,123.87096774193549,26,0.8666666666666667,0.5097629155447219,0.9864583333333333,0.3715495190938738,0.0043042971938775515,8.961791181468929,0.24180347701277066,3.920751684423318,0.026981601346923664,0
339,-56.590625,-19.989583333333332,-18.020833333333332,6.619582346546369,13.861739002005566,10.783165087559198,72.0,47.0,47.0,1696.078125,639.71875,549.28125,65.34220344759092,3.0777411002720143,1958.2278117523992,0.6645654462809918,0.024744165916934846,1.0303784069889006,-0.0005872416666666667,31.55644628099173,0.03610955561662461,0.033036704060715835,-0.0008333333333333452,-1.3107565550926214e-06,0.6645791662060134,0.00048525777331227306,0.02449152638716718,16.0,73.37977279926137,26.55501894880198,142.22222222222223,142.22222222222223,25,0.8333333333333334,0.47469293046427247,0.9302083333333333,0.34687812811402347,0.008125734693877566,5.643398252488999,0.2620695316661958,0.10299428892484502,0.046438248718422635,0
340,-57.641666666666666,-25.102083333333333,-12.225,5.235170855749494,7.023027290733596,9.149305529200928,69.0,47.0,47.0,1727.390625,752.5,375.578125,65.25152228884842,2.19214635792946,1955.5318343590316,0.6436736033057852,0.01791197387661905,1.1321310301096073,-0.00042708333333333346,31.5200826446281,0.04074707042693842,0.044076921165839174,-0.0010000000000000083,1.0648965441315582e-05,0.6436344531702807,0.00045372374885223815,0.017572731697735593,16.0,76.86259676159389,27.897647988941596,153.6,153.6,26,0.7878787878787878,0.4328805367327471,0.8825757575757576,0.3225220863053089,0.00013472576530612312,6.2596481157484,0.0328790588941877,1.9179734760000298,0.00525254108317504,0
341,-57.075,-22.928125,-15.621875,7.479736514967177,3.3973090799005905,12.826475736448742,69.0,29.0,58.0,1710.34375,687.28125,474.453125,65.23381952961738,1.9628948631999452,1954.9734582185688,0.6281185785123967,0.009573065749651024,0.564832120957696,-0.00023489999999999994,31.483388429752065,0.027500675243649502,0.02759179460649337,-0.000500000000000019,4.3472140178990204e-06,0.62814342012184,0.000326867076045747,0.009354467385930595,15.0,80.09043228695423,27.840779106758166,153.6,153.6,28,0.7777777777777778,0.3603151522328355,0.828125,0.24746435454592916,0.002514306122448988,5.147723061871926,0.05973892137463566,1.67705781227804,0.011604921371374649,0
342,-57.235416666666666,-23.104166666666668,-12.205208333333333,7.744809809998923,3.365508773656006,14.917501395115197,70.0,35.0,58.0,1715.265625,692.375,412.703125,65.16430520506285,2.4731462030012605,1952.9720706363978,0.6277373966942148,0.014405765438729432,1.4790454807039546,-0.00016015833333333322,31.45859504132231,0.02253760072602863,0.02208044312839272,-0.0003333333333333262,-2.7760934928636086e-06,0.6277366822269207,0.0010407021330795106,0.01224591656044307,14.0,85.06921052090435,30.251814353222002,153.6,153.6,30,0.8108108108108109,0.3503160775166716,0.7863175675675675,0.24536599557798383,3.448979591836225e-06,4.4089869416976555,0.01932799625917756,0.4248147394462191,0.004383772625041032,0
343,-57.725,-21.570833333333333,-12.980208333333334,7.971132813680458,3.6155312157720645,14.755035297255777,70.0,35.0,58.0,1729.890625,646.40625,435.875,65.2218817043408,2.5279481689652057,1954.6330297519805,0.6249525289256199,0.01427416032068904,1.4790454807039546,-2.1350000000000536e-05,31.444049586776863,0.018656464210938396,0.02209448476078272,0.0,-1.8870234471849362e-06,0.624963390045191,0.0010405558289942021,0.012081074538764447,14.0,81.44482212219184,25.95474175613644,147.69230769230768,147.69230769230768,27,0.75,0.3237484487000892,0.8038194444444444,0.22505920217361627,0.00025371938775510256,3.0500509217807847,0.010206065173252656,0.35193394050069576,0.003346195009522596,0
344,-60.18125,-21.16875,-9.335416666666667,3.415720778620524,4.001648423358388,9.22202954848094,70.0,35.0,54.0,1803.53125,634.390625,320.390625,65.29795740344085,2.43962270411339,1956.8711446246518,0.6223264876033059,0.015718812673136354,1.4790454807039546,-0.00018150833333333377,31.433140495867768,0.016862744786587208,0.02210854426355672,-0.0003333333333333262,3.3150845755562392e-06,0.622308331693844,0.0010226422232178067,0.013793444049514613,14.0,79.68041106591154,26.383393862377666,147.69230769230768,147.69230769230768,27,0.7714285714285715,0.26500251455521745,0.8232142857142857,0.22096365362767198,1.1479591836733663e-06,3.107425088673863,0.015878522629575897,0.22218383056282542,0.005109864977099827,0
345,-50.405208333333334,-18.16875,-0.29270833333333335,21.88557777487107,14.225441648826466,26.58780165473628,83.0,51.0,86.0,1572.96875,655.8125,586.625,65.10583755668193,4.511873156049313,1951.1697768756085,0.6199439917355372,0.02118393349347873,2.234055900353191,0.0002776000000000001,31.426363636363636,0.018362736251567025,0.02210854426355672,-0.0001666666666666631,2.953562600923466e-05,0.619995609927053,0.0015147254836248428,0.016241895096819697,14.0,74.10816482257516,22.692963739822,128.0,128.0,23,0.696969696969697,0.29598705613986526,0.8778409090909091,0.2351613873474418,0.00041586862244898174,2.2188452748570615,0.08593600730262875,0.28516862000037096,0.03873005850223818,0
346,-48.66354166666667,-19.459375,3.9072916666666666,22.198872061209116,15.057542947286418,29.547397462917054,99.0,63.0,119.0,1522.21875,694.6875,678.53125,65.51928729835645,7.865475208069832,1963.4958265489931,0.6229935702479339,0.02353046030178033,2.234055900353191,7.473333333333406e-05,31.426528925619834,0.01679781291360295,0.016586681624906032,-0.0003333333333333262,-6.249865798263679e-06,0.6229859466962656,0.0018082492931947565,0.018174155412006933,14.0,87.95692417895422,28.82904990804613,147.69230769230768,147.69230769230768,32,0.8205128205128205,0.2867920703433798,0.7624198717948718,0.25939332957659056,0.002175556122448977,2.11072073461251,0.016241084634596985,1.0668042227029773,0.007694568195720384,0
347,-47.825,-17.190625,11.678125,22.566305080805762,20.309996400197655,27.659867524707614,99.0,110.0,119.0,1497.625,728.828125,678.546875,65.62727722164594,9.949354307687457,1966.848018130538,0.6330423884297521,0.02392872125601984,2.234055900353191,0.00040573333333333297,31.417603305785125,0.021087178094303105,0.022122621670853333,-0.0003333333333333262,1.184607843169583e-05,0.6330291555369602,0.0018537662651815774,0.0183782335708299,15.0,96.7025915555241,28.269741053041095,147.69230769230768,147.69230769230768,36,0.8571428571428571,0.28831736938277736,0.6837797619047619,0.23270260279243093,0.002057270408163276,2.508611979637948,0.05180807948219823,0.8976380988182413,0.02065208964268574,0
348,-55.12083333333333,-20.511458333333334,6.270833333333333,12.127705167874462,18.833809192688484,21.34023936070592,99.0,110.0,119.0,1655.578125,773.75,488.59375,66.02484698012078,9.811653254419955,1978.361690448679,0.6440018842975207,0.018884583353874215,1.2735702444053327,1.0683333333333377e-05,31.402727272727276,0.029429843738615093,0.022122621670853333,-0.0004999999999999894,-8.414625681711112e-05,0.6440958801197448,0.0012530168485215705,0.017311859607884755,15.0,97.8232559422708,31.246169851964407,153.6,153.6,39,0.9069767441860465,0.38284666392742295,0.6925872093023255,0.2691333994990829,0.001237531887755098,1.2714297549135352,0.01702976203584786,5.036402184935328,0.013394182391937166,0
349,-53.1125,-11.055208333333333,14.551041666666666,11.910510501933436,25.753520672714448,19.385333237998875,85.0,110.0,81.0,1594.046875,776.3125,566.375,65.37456525653005,7.870803698036693,1959.3342674777184,0.6654231900826447,0.03220770867234344,1.7779510898848103,0.0002882833333333325,31.380743801652894,0.019248925665252794,0.022136717016895468,-0.0004999999999999894,-5.984845423845232e-06,0.6654522447855763,0.0009811478724225282,0.031431912793119056,15.0,86.62151496024187,32.316733845596296,147.69230769230768,147.69230769230768,29,0.8055555555555556,0.49508606529932897,0.8190104166666666,0.37415586052393957,0.00021128698979592148,5.3186939649932174,0.03229586310980645,1.5594161980810912,0.006072141642736467,0
350,-49.532291666666666,5.334375,21.034375,10.675175591761034,30.704025008013335,16.47466064474091,83.0,52.0,81.0,1486.171875,893.703125,685.0625,65.03680574474967,4.7616460934949965,1949.1346743304557,0.6715753057851239,0.027519236286023634,1.7779510898848103,0.00016015833333333414,31.373471074380166,0.012511861730760436,0.01107541066614282,-0.0001666666666666631,6.459301545566758e-06,0.6714939358002874,0.0008974961898521852,0.026897154127983124,15.0,76.7098893443143,25.394969165426335,147.69230769230768,147.69230769230768,27,0.8181818181818182,0.4921254921257382,0.8821022727272727,0.34020405314887947,0.0002207346938775519,7.633569725958732,0.037719947059199205,4.877921657465805,0.0049413247554324,0
351,-42.059375,29.0875,24.998958333333334,13.106757784035494,25.162651100722012,15.410528021937813,78.0,102.0,88.0,1262.796875,1064.28125,784.078125,65.10775388694589,6.590331336906864,1950.9471813706275,0.6783733966942148,0.03572911448305794,3.6299888412929078,0.0006940083333333338,31.36438016528926,0.02401420247757248,0.027715051076982845,-0.0003333333333333558,1.0636990457292804e-05,0.6785911804941119,0.0023424980371258473,0.02956629569548574,14.0,83.75309982852782,26.779969837168615,153.6,153.6,30,0.8108108108108109,0.3618948492925044,0.8019425675675675,0.30777796516324757,0.0003240000000000022,3.5816281560405705,0.04196727128366348,0.7590534877857114,0.01171737250637922,0
352,-34.342708333333334,49.2125,18.888541666666665,14.330556258042831,18.036151485742923,17.12116970419751,85.0,102.0,88.0,1034.078125,1474.78125,648.21875,68.06921804543359,12.18410390699921,2039.687804653032,0.6944685123966942,0.04727162506689105,3.6299888412929078,0.0003950583333333341,31.331652892561983,0.05029412839623791,0.04438662939687597,-0.0008333333333333452,1.1217556676879297e-06,0.6944699165838698,0.00238832490339679,0.042014730983305375,14.0,85.16211662714578,23.467546838244736,153.6,153.6,31,0.7948717948717948,0.24062393198669338,0.7524038461538461,0.18247604440057028,4e-06,1.8482926885562572,0.0038696633179317232,0.5839152403594767,0.0020936420632353438,0
353,-29.060416666666665,58.18541666666667,12.54375,13.058781202434457,16.439693954766582,16.971488422375725,85.0,102.0,88.0,876.125,1744.25,479.390625,70.11363948461732,14.152755028183599,2101.5643377217093,0.7046974297520661,0.041621020444880544,3.6299888412929078,7.473333333333314e-05,31.291983471074378,0.04486195234401823,0.04438662939687597,-0.0008333333333333452,-1.1489223208302164e-05,0.7047383524485246,0.002383547272514878,0.03549632772948695,15.0,88.74229728367462,26.00290074491375,153.6,153.6,29,0.725,0.2360649543245596,0.7296875,0.19188237974407654,2.938775510204016e-06,2.159351188375424,0.005911051104665969,0.5194504440260166,0.002737419988229481,0
354,-27.846875,61.954166666666666,9.217708333333333,11.654688372826977,11.51023020210958,11.41661339517681,85.0,100.0,65.0,837.71875,1857.015625,358.953125,70.12353320502523,13.419376817760938,2101.754191727422,0.7024102066115703,0.03562747132908002,1.9473905309015904,-0.0006299500000000004,31.266198347107434,0.021252367815464582,0.027768213030131477,-0.0003333333333333262,3.068373269780307e-05,0.7024898444450951,0.0009790252887377708,0.03514845135326452,15.0,80.73003328656101,22.903354365625066,153.6,153.6,24,0.6666666666666666,0.2446982471184809,0.7977430555555556,0.20258824797026995,0.00010875510204081559,1.6169869108243533,0.03536273712193101,0.32325397951958124,0.02186952589733877,0
355,-31.529166666666665,45.77916666666667,17.202083333333334,12.897318169767784,27.831434254074814,17.182076290708356,73.0,94.0,62.0,955.546875,1448.734375,556.8125,67.27664083482145,9.784631554080205,2015.8093138424615,0.6791040661157025,0.012480883025774523,0.6506239077764417,-0.00038438333333333334,31.263223140495864,0.013978429429332577,0.01667157831989327,0.0,-8.126191560362966e-06,0.6791080431893083,0.0006523852331109944,0.01192908430286077,16.0,83.3535792323964,25.305165071923025,153.6,153.6,25,0.6578947368421053,0.24749323888526514,0.7791940789473685,0.20605088613921785,0.0007860012755102122,2.8398692051832897,0.025746520971139348,2.5474025958874975,0.009066093932828723,0
356,-38.880208333333336,25.185416666666665,20.627083333333335,15.691598865526649,31.134235507873356,23.071638790798012,88.0,94.0,62.0,1176.4375,928.359375,782.5625,65.37816911478475,6.709306586024536,1959.541767646323,0.6855738347107437,0.04077116248529628,3.2095893305391594,0.0002669333333333329,31.260247933884294,0.01783592854243428,0.02223588961721256,-0.0003333333333333262,2.814201842478987e-07,0.6855790362864628,0.002836729335044753,0.03577613106245994,15.0,84.06557738343118,25.010034665083346,142.22222222222223,142.22222222222223,31,0.8157894736842105,0.3148035872797341,0.7767269736842105,0.22073546484464956,0.0004395012755101998,2.2433311211454656,0.006752326121323532,0.30920888389009715,0.0030099551767800254,0
357,-48.47083333333333,1.8822916666666667,6.2375,13.359967538841136,22.326500018623545,34.79583083862203,88.0,83.0,62.0,1463.96875,460.78125,989.734375,65.19220629960292,5.436775648919178,1953.7666965814901,0.7003558925619834,0.041453552841146754,3.2095893305391594,0.0004911500000000004,31.241735537190078,0.027654231244117596,0.027803767780989988,-0.0006666666666666524,-1.6580285730212843e-05,0.7003949820270919,0.00283130846305633,0.036496474954472495,16.0,82.76327229518893,27.07906387282137,142.22222222222223,142.22222222222223,30,0.8108108108108109,0.36650350003539456,0.8053209459459459,0.2594699891849127,0.0017430625000000141,2.746548133151326,0.008815154718256089,1.0402984339211099,0.003209539498636706,0
358,-56.280208333333334,-5.326041666666667,-11.735416666666667,7.425576854579305,10.098006659646442,28.256393005118724,88.0,45.0,60.0,1686.703125,270.671875,866.25,65.3610659360714,4.124598125942298,1958.8205410077585,0.7129566611570247,0.036609296290945594,3.2095893305391594,0.0004164083333333327,31.234628099173552,0.023250035894899355,0.02225012971578797,0.0001666666666666631,6.886896022834097e-06,0.7129567610216421,0.002772386877442848,0.031121014203796423,16.0,83.19619578060922,28.964104927559216,147.69230769230768,147.69230769230768,31,0.8857142857142857,0.3727047558301106,0.8120535714285714,0.27791890724652407,0.003612868622448979,4.447980657281293,0.040645999211365164,0.6032769123016897,0.009138079129194983,0
359,-59.942708333333336,-6.808333333333334,-23.752083333333335,4.069173871716947,3.794559336149002,7.556247128020775,82.0,15.0,40.0,1796.40625,204.046875,711.78125,65.48171827436201,1.959960927438523,1962.393449859037,0.7099176776859505,0.008832306625912074,0.3929030948432438,-0.0001494833333333334,31.23677685950413,0.023503644030218925,0.02225012971578797,0.0003333333333333262,-3.3792245124516796e-07,0.7099187410190898,0.00025143063262291474,0.008691911920982068,16.0,80.32684824162989,34.186773959415454,147.69230769230768,147.69230769230768,30,0.9090909090909091,0.417530436063124,0.8768939393939394,0.32349862582434374,9.436734693877429e-05,5.240906919600384,0.01663257977532474,0.9793903127737738,0.003173607169614255,0
360,-62.452083333333334,-4.152083333333334,-18.915625,2.214016860758342,1.7193130390911624,3.846557663596765,82.0,13.0,40.0,1871.703125,124.328125,566.734375,65.52944967934165,1.961763591592149,1963.844506918991,0.6980052396694214,0.014249391328177858,0.6718388019891373,-0.0004164083333333337,31.26140495867769,0.022683805164341538,0.02778597903165013,0.0008333333333333156,-7.185151842857961e-06,0.6980350168228571,0.0002498157264254684,0.014157934477710606,14.0,77.68942102749028,34.27007852074606,147.69230769230768,147.69230769230768,30,0.9090909090909091,0.4057614249585278,0.9024621212121212,0.3097423377584116,0.000535591836734698,3.529311629680713,0.08900254507602275,1.1060350250967257,0.02521810324923746,0
361,-63.2,-4.008333333333334,-16.847916666666666,0.6673954350058642,0.7443770699196893,1.6868967543161086,67.0,7.0,25.0,1894.015625,120.125,504.953125,65.55640975541918,0.6010878856271556,1964.645242774444,0.682206652892562,0.015278823751679582,0.6337404782064608,-0.00040572499999999936,31.28685950413223,0.02943077205164258,0.027750469732825203,0.0003333333333333262,-1.0094972357726614e-06,0.6822096152457007,0.00012047876915522627,0.01523879600829661,14.0,74.15382627722316,34.309539027474024,147.69230769230768,147.69230769230768,27,0.8709677419354839,0.4164289686579213,0.9480846774193549,0.3130385253187967,0.0005273584183673436,3.7588228419898897,0.051295384612383164,1.3417446103939195,0.013646661938775442,0
362,-63.534375,-4.1,-15.397916666666667,0.7309138294229128,0.6819090848492928,2.278064747336115,67.0,7.0,25.0,1904.046875,122.875,461.4375,65.54656109322379,0.5998226284622811,1964.3456088896073,0.6672550991735536,0.01192992374737843,0.6458286590888135,-0.0003523416666666668,31.315289256198348,0.028490229735049145,0.027750469732825203,0.0008333333333333452,1.1721209795668166e-06,0.6672574542665956,0.00011081872652223233,0.011867209045570263,15.0,71.27341672828089,29.76388194928911,147.69230769230768,147.69230769230768,25,0.8333333333333334,0.4034427209590323,0.9552083333333333,0.29055031895907846,0.0005126989795918342,5.028539485345075,0.07669181990417968,0.06888549465086086,0.015251311067097416,0
363,-64.14791666666666,-3.957291666666667,-12.096875,0.6414467967458841,0.7577715123508904,3.5186986563749674,68.0,6.0,16.0,1922.421875,118.71875,362.5625,65.49896564188161,0.44962930317916383,1962.9163312567107,0.655077826446281,0.00890123127584479,0.42439246429579447,-0.00023489999999999994,31.333636363636362,0.016861124537266042,0.016639640410839013,0.0001666666666666631,2.329958684564941e-06,0.6550653287906524,8.834442291601599e-05,0.008816357025398694,15.0,76.85623089317693,30.0428301672446,147.69230769230768,147.69230769230768,28,0.8484848484848485,0.40600578597131776,0.8863636363636364,0.29087773934398586,0.001160862244897964,3.405925384974352,0.03397217524121224,0.5232831950302957,0.009974433201350963,0
364,-64.578125,-3.4010416666666665,-9.4875,0.5792781292623317,0.5724572021242189,3.3382021733262355,68.0,6.0,16.0,1935.34375,102.046875,284.296875,65.44918745731952,0.3531210981852464,1961.442728630068,0.645738438016529,0.007913552417593046,0.396637928782438,-0.00023490000000000086,31.336446280991733,0.01413392286045215,0.011089550996401496,0.0,6.202062693668261e-07,0.6457345919955995,8.703890700065328e-05,0.007841091281277907,15.0,74.96962870724643,32.66631063220855,153.6,153.6,28,0.9032258064516129,0.4314216898571126,0.9233870967741935,0.3042860734088952,0.0014960318877551033,4.579631236171754,0.026091518555300886,0.8208638138141481,0.005697296836745209,0
365,-64.91145833333333,-3.0614583333333334,-7.444791666666666,0.4126564833658728,0.3642543158251144,2.1235470420809035,68.0,6.0,16.0,1945.328125,91.859375,223.03125,65.44454232082452,0.3452131000933445,1961.2913636200537,0.6364414462809916,0.007942834712614111,0.40304064017527447,-0.0002455749999999997,31.32504132231405,0.0187688843498786,0.016639640410839013,-0.0001666666666666927,-2.240631667934541e-06,0.6364443218071522,9.383803606433926e-05,0.007846647631723,14.0,71.60223600688124,31.608900760882545,153.6,153.6,26,0.8666666666666667,0.3733462998216498,0.9598958333333333,0.2942782078721974,0.004765929846938787,2.4427805655098123,0.024325165388427883,0.40974740094897194,0.009957982199416746,0
366,-64.97916666666667,-3.01875,-6.480208333333334,1.163500167120267,1.1122717462472917,3.1114077665793913,78.0,24.0,32.0,1947.484375,90.703125,210.15625,65.45968420967016,0.8363819922298132,1961.7796186105534,0.6269326446280991,0.009256663102831963,0.47896575752804127,-0.00017083333333333303,31.31314049586777,0.01762947653021285,0.016639640410839013,-0.0003333333333333262,1.786309279635124e-06,0.62688987039697,8.538831716703584e-05,0.00923131965833368,15.0,66.62956913054946,29.01071969386906,153.6,153.6,25,0.8620689655172413,0.3321001766692544,1.011853448275862,0.27037322956234305,0.0014196747448979613,3.5848096177247486,0.02446171731638968,0.20084307553705366,0.006823714485545078,0
367,-61.23645833333333,-2.95625,7.617708333333334,5.6510806450268625,2.2173939518046852,19.85464625929148,78.0,30.0,51.0,1835.234375,90.21875,490.5625,65.15943687177858,1.4067823402019854,1952.7539635483345,0.6234277272727272,0.007125254445217436,0.4270300936925696,-9.609166666666631e-05,31.2997520661157,0.016686848878180092,0.016650272775438704,-0.0003333333333333262,-3.4688710028269396e-06,0.6234478481735103,0.00012476828260685232,0.006963523993848593,14.0,71.09114420072628,23.53955382081332,142.22222222222223,142.22222222222223,27,0.8709677419354839,0.26797368496427654,0.9238911290322581,0.25324699418242846,4.041326530612297e-05,2.4282293861470956,0.01558397995815995,0.22610559852120268,0.006417836818492367,0
368,-56.50625,-1.8552083333333333,22.814583333333335,6.785091078054886,4.454266910120814,20.61595750851887,78.0,30.0,51.0,1693.25,98.46875,806.546875,64.8410641935587,1.8534704152305033,1943.1902487985685,0.6200710661157026,0.007005843042734425,0.4635891615156017,-0.0001067749999999997,31.272809917355367,0.03737730651266716,0.03333252432744866,-0.0009999999999999788,3.625109409390517e-05,0.6200340654996853,0.0004308985558056892,0.0069046352679862375,15.0,85.3864608098248,30.358271589685653,153.6,153.6,34,0.918918918918919,0.34987054277459384,0.7901182432432432,0.26000210489328895,0.0018062499999999873,3.5713622705961807,0.021970022552102227,1.0577870773939273,0.006151720516562071,0
369,-49.58645833333333,-3.1552083333333334,35.0875,13.157650814510818,13.331739772935258,11.29217326661849,93.0,41.0,83.0,1500.421875,264.78125,1052.328125,64.49380440057598,4.338925820243915,1933.1338801838967,0.6187898181818182,0.020089517917281148,2.0501037718438346,-0.00042708333333333346,31.231487603305787,0.047423904371382254,0.03892530680150666,-0.0009999999999999788,1.2284840508077318e-06,0.6188096329151445,0.0010851896002978861,0.01793781464959345,15.0,96.42285032176183,31.526293975268853,153.6,153.6,35,0.8536585365853658,0.35236020610129914,0.6977896341463414,0.24428026661560895,0.00010875510204081598,1.4071618643305603,0.008833536749776662,2.7690319467189606,0.006277555534792088,0
370,-50.309375,-9.264583333333333,26.666666666666668,14.934757963981482,18.60031350075554,18.690776840166087,93.0,53.0,83.0,1521.46875,466.734375,844.3125,64.89011276146502,5.9677374945915025,1944.6472285693228,0.6096092644628099,0.02213017464902108,2.1090780507421134,-0.00016015833333333322,31.19347107438017,0.027655219159854243,0.03339660495489607,-0.0008333333333333156,5.120278028703587e-06,0.6095923707491313,0.0012048138179194573,0.01902694396708467,16.0,99.42365604257651,31.70061091667895,153.6,153.6,39,0.8863636363636364,0.39606674702116845,0.67578125,0.23983056300733394,0.003786644132653067,2.243715540859484,0.023860854632188847,4.750255278440192,0.010634527504787277,0
371,-54.965625,-9.808333333333334,16.455208333333335,16.316206974233985,17.990527986199353,17.40994908206025,93.0,53.0,83.0,1661.15625,441.34375,538.078125,65.16906438816572,5.845878614127265,1953.0345830526767,0.6040395454545454,0.021544889106120766,2.1090780507421134,-0.00011744166666666685,31.175289256198354,0.01083874136248269,0.016714353402885282,-0.0003333333333333262,-1.602165008308051e-05,0.6040339360223675,0.0011498412155500164,0.018349602791790966,16.0,97.11509138490602,30.64842172442973,153.6,153.6,37,0.8604651162790697,0.38817685222227055,0.6936773255813954,0.2574767575768075,0.0008409999999999993,2.924350930765395,0.03283104599483373,3.6546645174962475,0.011226780496635133,0
372,-58.9875,-10.222916666666666,0.6854166666666667,9.149331145863432,13.468725186880986,21.724913593837886,90.0,53.0,64.0,1768.25,331.59375,511.40625,65.55166154100588,4.956948242626351,1964.8239810029309,0.5947425206611571,0.013493509687534582,1.3211842571525239,0.0,31.1802479338843,0.016686848878180303,0.022278664700203295,0.0003333333333333262,5.218058687461925e-06,0.5947067149726458,0.0005990692372362267,0.011422615822111112,15.0,92.25186202706446,33.36361888872209,153.6,153.6,34,0.8717948717948718,0.4562829498736445,0.7604166666666666,0.3320098425099839,0.002047562500000005,10.879788231250352,0.06584172802372595,8.628554481037558,0.006051747205391988,0
373,-59.6375,-7.640625,-11.442708333333334,6.149682410498935,6.1406276505507424,21.668353675308698,85.0,25.0,64.0,1787.234375,235.46875,632.53125,65.45078718428528,2.6803060069200497,1961.480745459183,0.5855725454545454,0.014206288093250466,0.6673578761393337,-0.00028828333333333345,31.187024793388428,0.01619328644172475,0.016703639067174807,0.0001666666666666631,-1.838318990180512e-06,0.5855715260102491,0.00030857937445537086,0.014038285762453518,15.0,84.06206459625379,34.96191489241275,153.6,153.6,29,0.8529411764705882,0.6116168939011601,0.8639705882352942,0.3922490030388199,0.0012934298469387813,9.113749855604219,0.07624978108121114,1.7043381586499877,0.008366455332798462,0
374,-56.62291666666667,-11.975,-24.522916666666667,4.995570520610122,4.532682244911211,17.390655292226786,85.0,25.0,64.0,1696.796875,365.515625,865.890625,65.51104150846844,2.6773165313534713,1963.2840721200096,0.5722093388429752,0.012522947516659964,0.7302410280234244,-0.00032031666666666644,31.196942148760325,0.01447956526484318,0.016703639067174807,0.0001666666666666631,-1.9207348561391797e-06,0.5722188360113027,0.00030815700944453113,0.012307440465282864,15.0,79.10931324469003,34.638703903483346,153.6,153.6,28,0.875,0.5950815396317415,0.91455078125,0.3864421433230444,0.0002663890306122494,7.392155071566735,0.020419330917466838,1.080818814222049,0.0027622974247399077,0
375,-58.73020833333333,-10.653125,-21.102083333333333,4.112370053460318,5.965132247852935,15.017975196179263,72.0,19.0,37.0,1759.953125,321.15625,707.078125,65.45932646782731,1.0653223510916154,1961.7524542805622,0.5599368099173555,0.009909554851786365,0.5756260216013905,-0.00023489166666666728,31.19760330578512,0.010986452468022156,0.011132189461095824,-0.0001666666666666631,-2.015851261680174e-06,0.5599397845530671,0.00019190206493740905,0.009824239013635338,15.0,81.81753446541394,32.841634124581255,153.6,153.6,30,0.8823529411764706,0.48258466785397075,0.8552389705882353,0.3286346886893861,0.002950817602040797,2.1970605659776643,0.05869572027590519,1.107261792916423,0.026715567692958127,0
376,-60.771875,-7.263541666666667,-12.763541666666667,4.58019293455072,6.999875293408011,17.464706194396665,72.0,21.0,35.0,1821.3125,219.5,539.171875,65.4342090879169,1.4981619979520842,1960.9826841298213,0.5485537933884298,0.010999014999412983,0.7161164912845354,-0.0003737,31.19462809917356,0.012267091117539885,0.016703639067174807,0.0,3.2742389655999937e-07,0.5485550901745128,0.0001340643886409036,0.010949091298803112,15.0,79.47901973320951,31.201443490902214,147.69230769230768,147.69230769230768,28,0.8484848484848485,0.39003862238645676,0.8683712121212122,0.305921048571583,4.318367346938799e-05,2.647863327075424,0.06420507002110631,2.034800561058964,0.024247879172835208,0
377,-61.69479166666667,-6.005208333333333,-10.934375,4.191207806022494,6.253913271432313,16.318473223907162,72.0,21.0,40.0,1849.046875,181.671875,484.1875,65.43679961353872,1.692891413404132,1961.056696000784,0.5326705041322314,0.015880380101475484,0.8393352798953134,-0.00027760833333333363,31.19198347107438,0.011896234192030545,0.011139327769856131,0.0,-1.767075516307851e-05,0.5326792852280092,0.0003699686582250703,0.015875437736491242,15.0,83.4292621405451,31.006258051981565,147.69230769230768,147.69230769230768,28,0.8,0.421236240284091,0.828125,0.31479071136913445,0.0004158686224489857,5.18595390368173,0.04864772323622556,1.9662498122782521,0.009380670198724378,0
378,-62.239583333333336,-7.522916666666666,-11.586458333333333,3.791011275775312,5.009521749600676,13.517535831526294,74.0,21.0,40.0,1865.15625,225.671875,435.828125,65.45034591072266,1.7461658474351274,1961.4592884067915,0.533644694214876,0.018086711514780463,1.3255185018901834,-3.2033333333332985e-05,31.186859504132233,0.014547332711198747,0.016714353402885282,-0.0001666666666666631,-7.371628761694605e-07,0.5336415750421116,0.000557963557255951,0.017620842096494255,15.0,86.23572718974117,31.269413336362824,147.69230769230768,147.69230769230768,28,0.8,0.43575676861875456,0.803125,0.31328472900633286,0.00027461224489796235,4.8001456553536945,0.0033833871936571522,1.5201355336923381,0.0007048509434049351,0
379,-61.734375,-9.371875,-15.846875,3.838031399824872,2.6105236992555727,11.064700375565607,74.0,20.0,41.0,1850.15625,280.953125,480.453125,65.5112811003607,1.5275820511039175,1963.294252889696,0.5323316446280991,0.017871029451337447,1.3255185018901834,2.1358333333333183e-05,31.18520661157025,0.01889943693917168,0.016714353402885282,0.0001666666666666631,-2.325566782481317e-06,0.532336813363988,0.000563975130267949,0.01738741559176392,15.0,82.92083844394864,31.785790142627068,147.69230769230768,147.69230769230768,31,0.8857142857142857,0.4218409572321415,0.840625,0.3220374936578481,0.0015715561224489798,3.573462184900875,0.08445313282571826,1.4641870924637974,0.023633420043609868,0
380,-62.38229166666667,-9.215625,-14.820833333333333,2.9644945743915985,1.508436561269648,9.400752592508516,74.0,15.0,41.0,1869.59375,276.171875,449.71875,65.52167967251516,1.5755664248071584,1963.6164197098683,0.5341529504132232,0.015679971620848016,1.151037364097329,-5.3383333333333524e-05,31.176280991735542,0.018005152219697954,0.016714353402885282,-0.0001666666666666631,2.0800272838060496e-06,0.534221516160296,0.00048792611496447996,0.015051450455233945,16.0,77.90674260181568,32.38609071444155,147.69230769230768,147.69230769230768,30,0.9090909090909091,0.4358576875863554,0.9057765151515151,0.34969220199207757,0.012336862244897962,2.7333089373537245,0.10942869786610648,1.5655401844179253,0.04003524679213568,0
381,-61.63229166666667,-9.370833333333334,-18.6625,2.4505949444159927,1.2665501591155226,7.236240535204267,69.0,15.0,41.0,1847.015625,280.828125,559.453125,65.52264501029387,1.181749771176846,1963.6484610066962,0.5208004297520661,0.009854826938974194,0.5533508219385642,-0.00026692500000000027,31.166859504132233,0.01924324751596679,0.022292959656347918,-0.0001666666666666927,-7.487343370799988e-07,0.5207979458863758,0.00013945153328063424,0.00976464427047667,16.0,71.04793994065419,31.310667827664513,153.6,153.6,27,0.9,0.4513192318416892,0.98125,0.3357109216523446,0.0002975624999999993,3.3294505017235907,0.05268066236783471,0.104816328236476,0.015822629692366044,0
382,-61.45,-9.647916666666667,-20.167708333333334,1.688687853532045,1.0170401465636556,3.6463450533738424,69.0,14.0,39.0,1841.6875,289.125,604.125,65.51426178487097,0.9922841243284853,1963.3772303613955,0.5113657438016529,0.005984009120083161,0.41290580691525935,-0.00017083333333333303,31.155123966942146,0.015540706477413553,0.022292959656347918,-0.000666666666666682,1.3077861502396974e-06,0.5113595963042612,9.202622420134201e-05,0.005903796030705769,15.0,71.01200347088692,31.566372147773887,153.6,153.6,28,0.9333333333333333,0.4015707809759329,0.975,0.32276374067058194,0.0028203686224489762,4.23332890451478,0.07494753632550814,0.2553234328984765,0.017704160960793233,0
383,-61.83541666666667,-10.102083333333333,-18.65,1.3501527048407853,1.7260250074633592,3.320140559273558,66.0,17.0,39.0,1853.125,302.75,558.9375,65.49017548951547,0.5963760160059945,1962.6623422733082,0.5045782892561984,0.005739315663755708,0.35253920807459255,-0.00016015833333333322,31.14454545454545,0.014083575804391263,0.011153631886492248,-0.0003333333333333558,-8.450878636268634e-07,0.504584663972916,8.297832073523704e-05,0.005641373162520133,15.0,76.95683470344231,32.1601704465426,153.6,153.6,30,0.9090909090909091,0.35995834109549224,0.8939393939393939,0.2891554563823642,0.0003844400510204068,3.374425756034192,0.037830281855828284,0.16849398590668477,0.011210879892135626,0
384,-62.17916666666667,-10.658333333333333,-17.045833333333334,1.456731262869793,1.5981543173993626,3.8721741488327828,66.0,17.0,39.0,1863.421875,319.421875,510.84375,65.49606013763811,0.5875994499290507,1962.8290451068551,0.4989131900826446,0.004933371625163435,0.31243340742124254,-0.00013880833333333313,31.134297520661157,0.015038597519067038,0.016735823362729697,-0.0001666666666666631,8.038151106107739e-08,0.49891306111563,7.10472593716469e-05,0.004829436767283487,15.0,76.43909195743979,33.279156117638806,147.69230769230768,147.69230769230768,28,0.9032258064516129,0.35687536485678956,0.9117943548387096,0.3072017691422039,0.0008368622448979608,4.378952820260616,0.07364265567102787,0.5227431167451816,0.016817412448541746,0
385,-62.37083333333333,-11.6875,-14.9125,2.188031681418002,3.062585032833102,4.914121869673156,85.0,29.0,32.0,1869.21875,350.3125,455.90625,65.4555333708095,1.7291089640359254,1961.6058777093594,0.49284575206611575,0.005491799580533114,0.43012771336135625,-0.00019219166666666667,31.12685950413223,0.01259890181828741,0.016735823362729697,-0.0001666666666666631,3.670293685173485e-07,0.492836653255589,9.348614530508808e-05,0.005369598031687103,14.0,75.36881920736074,32.752352999368874,147.69230769230768,147.69230769230768,27,0.8709677419354839,0.3810599765511548,0.9289314516129032,0.3200902481715207,0.000936797193877544,2.466651768427941,0.0561992651528322,0.20566852976891362,0.02278362348190292,0
386,-62.915625,-11.608333333333333,-12.708333333333334,1.8714315000488262,2.813422688154452,3.4653543189052907,85.0,29.0,24.0,1885.5,347.90625,390.015625,65.38501047502187,1.6904723742036938,1959.5072227890992,0.48656647933884306,0.006701546673703098,0.4112375842211885,-0.00017083333333333303,31.11363636363636,0.0172487872372817,0.01675734855081656,-0.0001666666666666631,-1.7421675638186473e-07,0.4865722758471775,8.073516493934089e-05,0.006620882528199389,15.0,68.31525200194673,29.039984942514664,147.69230769230768,147.69230769230768,23,0.7931034482758621,0.36821901085543796,0.9956896551724138,0.29000085207345405,5.22448979591813e-06,1.9991921352904893,0.0921554353529832,0.25240232976602583,0.046096337478634945,0
387,-63.188541666666666,-11.666666666666666,-11.267708333333333,1.9334969286926444,2.8072327220156783,3.461725087524603,85.0,29.0,24.0,1893.671875,349.65625,346.859375,65.39556047205659,1.6992166466513223,1959.8195222425466,0.48740559504132225,0.01981091131465184,1.2552346067480145,0.0003944833333333337,31.103884297520658,0.018334445783618845,0.01675734855081656,-0.0003333333333333262,2.0766542277054523e-06,0.4873992782988497,0.0005802601812812644,0.019236404149604997,15.0,76.5104103073298,34.095007234460766,147.69230769230768,147.69230769230768,24,0.75,0.3784597625041233,0.9140625,0.30363399598138713,0.00045765433673470164,2.2323747501863918,0.09205908006254473,0.4274034660713026,0.04123818371214702,0
388,-63.677083333333336,-11.104166666666666,-10.310416666666667,0.47422725887021255,0.5454196905951314,1.1589757660921511,64.0,16.0,13.0,1908.328125,332.796875,308.96875,65.46847245547505,0.35052010884325985,1962.0126259016365,0.5036473388429752,0.03003960904174775,1.2552346067480145,0.0004371916666666665,31.094297520661154,0.013163086771612643,0.01675734855081656,-0.0001666666666666631,-1.6026609278173237e-07,0.5036494113545469,0.0005780082717977642,0.029666370251420018,15.0,72.65236876067836,33.62956748314139,147.69230769230768,147.69230769230768,22,0.7096774193548387,0.34229093756262374,0.9576612903225806,0.29832238291271773,7.781760204081793e-05,1.932933202752244,0.0730000510650379,0.3736312125805535,0.03776646340447532,0
389,-63.93020833333333,-11.072916666666666,-9.701041666666667,0.2667785409858813,0.3548706239212006,0.7167628024183144,64.0,16.0,12.0,1915.921875,331.84375,290.703125,65.60831776771468,0.22521772556482958,1966.2089689768227,0.5208949834710744,0.025686686543548266,1.2552346067480145,0.0004585416666666666,31.094297520661154,0.012116953922717926,0.011175157074578347,-0.0001666666666666631,6.459330675980885e-07,0.520892598655499,0.0005780867748349283,0.025247411064108844,16.0,79.07910629903972,37.92039331701957,153.6,153.6,25,0.78125,0.40569712689414167,0.91552734375,0.3411402034537641,0.0033268176020408097,4.685052655418044,0.049995072028200915,0.8498722603143477,0.010671186794535586,0
390,-63.65416666666667,-12.015625,-8.659375,1.9672271447112784,3.437350849036944,4.020729570120536,73.0,33.0,29.0,1907.625,360.125,271.671875,65.57890508945256,1.5721929276992266,1965.3276471039603,0.5306637107438016,0.005425824700141114,0.40092063486459917,-0.00018151666666666732,31.09413223140496,0.012835218947647446,0.011175157074578347,-0.0001666666666666631,-5.646613846422712e-06,0.5306621664508138,7.93402019195286e-05,0.0054055407842075005,16.0,80.71309703272108,35.28368556721097,153.6,153.6,28,0.8484848484848485,0.40771221228566973,0.8858901515151515,0.34926881925497577,0.003951020408163264,6.142788741568634,0.043568043663897604,0.14809673046770067,0.007092551200576041,0
391,-62.60625,-12.882291666666667,-11.148958333333333,3.441650902909823,4.040639769673101,7.843634558136759,74.0,33.0,44.0,1876.21875,386.109375,350.5625,65.52552769710465,2.427921611029893,1963.7213016777719,0.5228596363636364,0.008692389794935999,0.47170612713793414,-0.00022422500000000012,31.08239669421488,0.02139841630767856,0.022364710490752508,-0.0003333333333333262,-1.510886320054074e-07,0.5228591227905721,9.084564210923392e-05,0.008646932594268639,16.0,90.41668649189171,36.078380418661965,153.6,153.6,30,0.8333333333333334,0.46732670823754857,0.7964409722222222,0.35383114681538946,0.003536001275510222,8.105211117966975,0.09315000096914203,0.6381970848110576,0.011492606375502626,0
392,-62.235416666666666,-12.95,-12.692708333333334,3.369717445086787,4.033143934947028,8.003797858824932,74.0,33.0,44.0,1865.0625,388.171875,396.953125,65.48034337942764,2.4619279529632174,1962.3570550964569,0.5127790082644629,0.010779735968259437,0.698371450457451,-0.00032031666666666687,31.057107438016526,0.036532291083141155,0.039176115038332994,-0.0008333333333333452,-7.520497416790354e-07,0.512776461827954,9.46815581799803e-05,0.010726887080981852,16.0,86.5815605961462,34.876431434667005,153.6,153.6,33,0.9166666666666666,0.4270842407075146,0.8181423611111112,0.33035273807890664,0.0003150625000000018,4.09139734513958,0.03626679989763514,0.7159691334395466,0.008864159806115797,0
393,-62.567708333333336,-11.802083333333334,-13.958333333333334,2.9053827484396186,2.6105546651472786,6.175922108389069,74.0,26.0,44.0,1875.03125,353.734375,423.015625,65.56382218358542,1.9041653497512752,1964.8757591019812,0.5012688677685951,0.01009462052217156,0.5760167601989595,-0.0002455749999999997,31.03066115702479,0.029534558471659332,0.028000957963754246,-0.0003333333333333262,9.877121287176148e-08,0.5012757556711587,9.208428801482677e-05,0.010053573718009561,16.0,83.76430904419071,36.688481920728535,153.6,153.6,31,0.8857142857142857,0.4284365145116739,0.8486607142857143,0.31300787811204384,0.005282174744897977,4.2155844915047265,0.08287009285738367,0.8073506289057144,0.019658031531424414,0
394,-63.4375,-10.965625,-12.128125,0.7501735910218825,0.8574827652544006,2.321825930392213,69.0,14.0,18.0,1901.140625,328.625,363.421875,65.5598754186391,0.4943700629987824,1964.7368517366333,0.4918023966942149,0.007858599996739208,0.45107115177868423,-0.00021354166666666627,31.012975206611564,0.022217729057252292,0.028000957963754246,-0.000666666666666682,6.044018255990094e-07,0.49180059405182375,5.8233524505999644e-05,0.007810136205581375,16.0,80.54861179994374,33.45080572013599,153.6,153.6,30,0.8823529411764706,0.3861964879083279,0.8584558823529411,0.2871856591702395,0.006128653061224491,3.9395798087648637,0.09934848345211893,0.557180268286763,0.02521804057150619,0
395,-63.41041666666667,-11.197916666666666,-11.819791666666667,0.7102639131962771,1.1069834354627393,1.8573681980867143,65.0,14.0,17.0,1900.328125,335.5625,354.21875,65.50575587172108,0.39674425996277324,1963.1174104715321,0.4848984545454546,0.004529980033889547,0.29740065598253246,-9.609166666666631e-05,31.0007438016529,0.01958939202125363,0.016811404547579893,-0.0001666666666666631,7.990364696449892e-07,0.4848984634456392,5.2590476743357956e-05,0.004465256959146587,16.0,79.02872007522042,28.48044903432981,153.6,153.6,30,0.8571428571428571,0.3888285899140633,0.8495535714285715,0.26804532080434096,0.0011976543367346957,5.245564395662948,0.013389756403884765,5.480009656203692,0.002552586412809166,0
396,-62.182291666666664,-12.217708333333333,-15.266666666666667,2.180189918699108,1.5855792048745325,5.272939302598588,68.0,22.0,37.0,1863.53125,366.140625,457.5,65.44537561760538,0.9771865757768591,1961.3114739631328,0.48138300826446284,0.0025736129522581403,0.20753874837053915,-6.405833333333332e-05,30.985537190082642,0.022487844768948814,0.022422444560578663,-0.000500000000000019,-2.914230749400537e-07,0.4813789216484377,7.306647028872968e-05,0.0024506394800508607,16.0,83.22644587655599,26.56782027129195,142.22222222222223,142.22222222222223,32,0.8648648648648649,0.36179176803810625,0.7934966216216216,0.2420924000058936,0.0011779604591836755,2.8730282430865213,0.022014168874697065,2.151860907370554,0.007662357280221873,0
397,-60.93020833333333,-13.388541666666667,-18.959375,2.1612891500052824,1.5485456746887456,5.155237590002521,68.0,22.0,37.0,1825.984375,401.28125,568.25,65.4514939609664,0.9740704684868675,1961.5084229601532,0.4792758677685951,0.0016331796950731327,0.11620905570217363,-4.270833333333372e-05,30.968181818181815,0.020082474576704045,0.028037111619734923,-0.0001666666666666631,-1.4367379892429837e-07,0.47927925175458164,7.348994749896159e-05,0.0014529194930787013,17.0,82.53216008930353,29.778861855517633,142.22222222222223,142.22222222222223,32,0.9142857142857143,0.40244970228296484,0.8214285714285714,0.2791410442348646,0.0012450816326530605,1.0861702658852168,0.009438383698580912,2.861936775877298,0.00868959867069159,0
398,-59.37708333333333,-14.267708333333333,-23.088541666666668,2.2275490626221655,1.1384377811708561,4.368623204923631,68.0,22.0,41.0,1779.40625,427.59375,692.0625,65.47066343553166,1.1051678506019529,1962.0688075197238,0.47751813223140493,0.002265261716374491,0.163124191660449,-5.3383333333333524e-05,30.955785123966937,0.01614766908009197,0.016833124722079512,-0.0003333333333333262,-1.3501587550684712e-06,0.47752275992812465,6.864238303488534e-05,0.002133897265804037,15.0,83.0335024654098,32.21997033863075,147.69230769230768,147.69230769230768,33,0.9428571428571428,0.4199558061701605,0.8308035714285714,0.29373303793841543,0.0017252155612244916,1.7230658461053372,0.0333584992780323,1.4005652496784913,0.019359967788481702,0
399,-58.975,-14.76875,-23.895833333333332,1.4058656882267713,0.5779476079196106,2.775184553422629,60.0,17.0,41.0,1767.375,442.59375,716.171875,65.39684092611304,0.6654173261949942,1959.8485430884787,0.47527326446280993,0.0024530853831453876,0.18719841993374825,-6.406666666666644e-05,30.948512396694216,0.014122320240193964,0.016833124722079512,-0.0003333333333333262,-1.1140619193937472e-06,0.4752783312238612,4.848035587460535e-05,0.0023305898075197977,15.0,82.48003997585332,35.74833711664986,147.69230769230768,147.69230769230768,31,0.9117647058823529,0.4602849933407529,0.8630514705882353,0.3255117141167874,2.6817602040816144e-05,5.703843053620865,0.07838060820956327,0.37004098661946316,0.013741718955574411,0
400,-58.92916666666667,-14.9,-23.920833333333334,1.3878878336842964,0.4941322360124531,2.754160363079019,60.0,17.0,41.0,1766.0,446.546875,716.9375,65.39227423015114,0.6849970866437267,1959.720341237905,0.47258370247933884,0.002508958885342872,0.18872384581541365,-7.47416666666667e-05,30.933966942148757,0.02098717982711846,0.02246594110672146,-0.0004999999999999894,-3.1099504715346845e-07,0.47259151943094707,6.19098334170491e-05,0.0023681942429444706,14.0,82.03177881682014,34.746963360409815,147.69230769230768,147.69230769230768,31,0.9117647058823529,0.4334481609588814,0.8547794117647058,0.30287401989782115,0.005566225765306106,5.6681985729916535,0.024966977462206476,1.690587563870794,0.0044047464358731876,0
401,-59.546875,-15.010416666666666,-22.554166666666667,0.5081529307616622,0.15102370582866195,0.8435930924062592,60.0,16.0,25.0,1784.546875,449.84375,675.90625,65.42707820187256,0.3513966885441578,1960.7642215823485,0.46979884297520663,0.002900468263728631,0.23718906674662382,-8.541666666666652e-05,30.918925619834717,0.022847017379259364,0.02809151749382771,-0.0001666666666666631,2.755074793199229e-07,0.46980227799776875,6.892044696192487e-05,0.0027787530401807113,15.0,75.51200598945927,34.67494439868955,147.69230769230768,147.69230769230768,27,0.8709677419354839,0.41125720295110535,0.9294354838709677,0.3035479612668845,0.0016489400510204199,3.2218585712565018,0.08569302043794531,0.6901217237663406,0.02659738735972065,0
402,-59.85520833333333,-14.95,-21.786458333333332,0.35483851716504633,0.21794494717703367,0.7591277603916368,61.0,15.0,23.0,1793.796875,448.046875,652.90625,65.43286676642418,0.2964176007759517,1960.9521104949847,0.466802214876033,0.002831945166295187,0.21436805782314255,-8.541666666666698e-05,30.904380165289258,0.014135855704611467,0.016865810421672917,-0.0001666666666666631,9.710144542775827e-07,0.46680199136195205,6.617776249297258e-05,0.00270992782143213,15.0,66.31167390427879,32.40058647187838,147.69230769230768,147.69230769230768,25,0.8928571428571429,0.35908553156801165,1.0385044642857142,0.28505248671247024,3.773469387755071e-05,2.0228578890665307,0.07621383529686136,0.0,0.03767631710996319,0
403,-60.01354166666667,-14.885416666666666,-21.25,0.12426432820358742,0.31851843440459704,0.44017042154147523,61.0,15.0,22.0,1798.53125,446.109375,636.828125,65.3837529835818,0.19698760186773087,1959.4698517579168,0.4637208181818182,0.0028589481450120376,0.21612733670494047,-6.405833333333332e-05,30.90057851239669,0.01235143252381422,0.016865810421672917,0.0,7.321027703618187e-07,0.4637261029408233,5.0249016185255975e-05,0.0027643442013993635,16.0,62.0619740405692,27.4769561719122,147.69230769230768,147.69230769230768,23,0.8518518518518519,0.37044002388791214,1.0769675925925926,0.2608304326085435,3.600000000000013e-05,2.519351293616239,0.032452683450298614,0.0,0.012881364949989375,0
404,-57.364583333333336,-14.878125,-25.623958333333334,4.924893805256672,0.6363475080816037,8.435987454447593,63.0,18.0,47.0,1719.203125,445.875,767.796875,65.30047875352491,0.5604830301687539,1956.9728022904028,0.460703,0.002900282619457507,0.21732937413193612,-6.40666666666669e-05,30.89892561983471,0.01119339038237134,0.011240234034567325,-0.0001666666666666631,-3.046623114990085e-07,0.46069671748259033,4.9644410663270934e-05,0.002774789541566903,15.0,67.63807818975411,27.47347290771454,147.69230769230768,147.69230769230768,26,0.896551724137931,0.36640303741357394,0.9973060344827587,0.2877619263874917,0.0012985727040816333,1.8959974355534621,0.042889991699815735,1.6208082779196942,0.022621334235768988,0
405,-55.809375,-14.922916666666667,-29.070833333333333,4.740134011049512,1.3502684275316847,8.17842584520735,65.0,22.0,47.0,1672.453125,447.234375,871.359375,65.36908091585649,0.745073966936699,1959.035777559357,0.4575580991735537,0.0029048676828088735,0.24318500100914553,-5.338333333333306e-05,30.895123966942144,0.012204571862462373,0.016865810421672917,-0.0003333333333333262,1.012862570462323e-06,0.4575509738614655,4.223633950955378e-05,0.0027997740130119553,15.0,77.86537534565527,31.325091992299562,147.69230769230768,147.69230769230768,27,0.8181818181818182,0.36578230123193667,0.8839962121212122,0.29456161810502735,0.0042203584183673265,2.190683949119324,0.06844613943085345,0.8107547313410162,0.031244187213025167,0
406,-55.032291666666666,-14.927083333333334,-31.160416666666666,4.144273026108507,1.3497283034209349,6.486467952056463,65.0,22.0,47.0,1649.125,447.34375,934.078125,65.44332493462433,0.7646980893427184,1961.258785684976,0.45457207438016534,0.002784558166846259,0.1956312564159291,-7.474166666666624e-05,30.8901652892562,0.01246373059273286,0.011247511624190434,-0.0001666666666666631,-5.460472927220673e-07,0.4545683638044663,4.3322816353712985e-05,0.00264496334177737,14.0,80.6153128001504,29.153965939052835,147.69230769230768,147.69230769230768,30,0.8823529411764706,0.383842634535458,0.8419117647058824,0.28595343860979916,0.000564062499999999,3.1376873773282,0.07222544206147385,4.4682358638041055,0.023018686496095474,0
407,-57.280208333333334,-15.097916666666666,-27.583333333333332,1.9524621097298036,1.3105325862878123,3.623610844938451,65.0,22.0,39.0,1716.6875,452.46875,826.546875,65.48404699132911,0.556220553439005,1962.4835641988589,0.45139545454545454,0.0028974186373961477,0.22227329459346953,-9.609166666666678e-05,30.884214876033056,0.01371203646410294,0.016876733880888742,-0.0001666666666666631,5.656363603894548e-07,0.4513964253556505,3.385581642014125e-05,0.002767568130398211,15.0,75.54047561583587,28.713639529673745,147.69230769230768,147.69230769230768,27,0.8181818181818182,0.33071891388307384,0.8934659090909091,0.27487661190689905,3.0250000000000674e-05,2.487816686647813,0.046638807209712446,1.2454187754827328,0.018746882541637547,0
408,-58.5375,-15.396875,-24.723958333333332,0.7321842322803734,0.6420918166755178,2.0630299718934175,60.0,17.0,29.0,1754.296875,461.421875,740.96875,65.42235282097027,0.31145042700631576,1960.633365022527,0.4484517190082644,0.0028655588329636315,0.22290702224208747,-9.609166666666678e-05,30.873471074380166,0.018484335284554287,0.022509606735934877,-0.0001666666666666631,-9.016198990638227e-07,0.4484542312779121,4.437697308527692e-05,0.002731990737343879,14.0,62.826312847813824,18.65137268227551,116.36363636363636,116.36363636363636,26,0.896551724137931,0.3315615112076275,1.0237068965517242,0.2422221085413771,0.0003475561224489777,1.3795339704315492,0.023040432605624675,0.11525049436326479,0.016701605831726717,0
409,-57.06979166666667,-16.757291666666667,-25.46875,5.417018317912283,2.7466739276678904,6.70952855553205,61.0,25.0,52.0,1710.5,502.15625,763.078125,65.32970380682993,0.6008747888458773,1957.9143713539381,0.4456879834710744,0.0024090074976416656,0.2248305801818573,-5.3383333333333524e-05,30.859752066115707,0.018915331571464893,0.016887671498848598,-0.0003333333333333558,1.5845392896185443e-06,0.44568092163143996,6.40665777164713e-05,0.002305496515346782,15.0,56.21814777995401,14.75946687902159,116.36363636363636,116.36363636363636,21,0.8076923076923077,0.21778806355032407,1.1165865384615385,0.19860119541127386,0.000711746173469388,1.3174295035017265,0.02587920731177174,0.0,0.019643713187677086,0
410,-56.08645833333333,-16.873958333333334,-27.359375,5.5897808504982756,2.8496617047637818,7.257970878698926,61.0,25.0,52.0,1680.765625,505.734375,820.0,65.34760077084077,0.8319345896619944,1958.3807400971762,0.4420452561983471,0.0037586519728980863,0.251639642398404,-6.406666666666644e-05,30.83512396694215,0.027637431273617247,0.028182664692738377,-0.0008333333333333452,-2.2781260315241822e-07,0.4420418414830434,7.394868270553463e-05,0.0036720153096807973,15.0,57.36753638025636,19.184291617173344,116.36363636363636,116.36363636363636,21,0.8076923076923077,0.29889118003045856,1.1237980769230769,0.2442211867820334,0.00017273469387755173,2.9980004681288146,0.014740718722761507,0.0,0.004916850040374358,0
411,-55.66875,-16.578125,-28.775,5.392381054552803,2.975269705036559,6.609762350745549,61.0,25.0,52.0,1668.234375,496.859375,862.484375,65.4426904650515,0.8472345378495256,1961.2388277936245,0.43863561157024794,0.003702884900271613,0.25308648414049123,-8.541666666666652e-05,30.798429752066117,0.04640832542263913,0.05079482100545539,-0.0013333333333333346,1.1782788610364265e-06,0.4386373051518696,7.558894484707185e-05,0.00362192271345155,16.0,67.32959584586568,33.79989039431971,153.6,153.6,21,0.7777777777777778,0.42288651883513617,1.0445601851851851,0.3247512765677344,0.00048557270408162615,5.2808928258214864,0.037768210105093396,0.0,0.00715186074605069,0
412,-56.975,-15.58125,-28.108333333333334,2.2966007489330837,1.4490163689551614,3.097837507394831,63.0,22.0,43.0,1707.640625,466.84375,842.234375,65.53708685207941,0.9301865097922127,1964.1072595462465,0.4340823636363636,0.0037550830079632344,0.3585488027908535,-0.0001494833333333334,30.737603305785125,0.06362369735487572,0.06216343125375736,-0.0014999999999999976,6.108213095213695e-07,0.43408722329207233,7.171885343639505e-05,0.0036630798908821914,16.0,83.62416022866458,42.35055653235388,153.6,153.6,26,0.8125,0.49286108222395464,0.89697265625,0.37070002499280075,0.0017640000000000084,8.882164763312362,0.1865972918716145,0.6827290577614595,0.021008087199907797,0
413,-57.55625,-15.301041666666666,-27.304166666666667,1.1415278960673716,1.100188884509029,1.4962394991741423,63.0,20.0,39.0,1724.875,458.5625,818.28125,65.54814136945701,0.7447849866535545,1964.3907570017172,0.43090577685950415,0.0037046344807765744,0.23217659583121542,-8.541666666666652e-05,30.677272727272726,0.05651007370152777,0.050927186117268985,-0.0011666666666666713,2.7172744230910683e-07,0.43090809009359493,6.981955822392209e-05,0.003627803656287518,15.0,87.76215281514489,41.89107384960662,153.6,153.6,27,0.7941176470588235,0.4744991503209495,0.8483455882352942,0.359625260763292,0.0030367971938775637,8.64427891771725,0.06716238410211478,0.768256975302386,0.007769576241282458,0
414,-57.028125,-15.263541666666667,-28.203125,1.9176376050690598,1.4076886930700347,2.8027870476322314,63.0,20.0,42.0,1709.046875,457.46875,845.265625,65.5200385167879,1.1126969152900044,1963.574657633075,0.4280573553719008,0.00238251232723218,0.18166543035272253,-7.47416666666667e-05,30.637603305785127,0.023035179469759717,0.022671176689760267,-0.000500000000000019,9.395169087313456e-07,0.42805843183781356,0.00010631134841396145,0.002226433695053108,15.0,85.6547304546447,38.24257160410876,153.6,153.6,26,0.7428571428571429,0.3988292840227729,0.8428571428571429,0.3343466872430594,0.0043089846938775675,6.150032305846678,0.14057667118884679,0.7791209070261033,0.022857875243225006,0
415,-54.85104166666667,-13.160416666666666,-17.425,7.439876998194519,7.095428093243485,26.085767990739058,76.0,34.0,76.0,1644.109375,433.53125,905.03125,65.3078045766489,2.5531914104188975,1957.3613315776483,0.42782439669421485,0.003080206010281484,0.33538974060650567,-2.1350000000000072e-05,30.621900826446282,0.015551250891026545,0.01702003739510255,-0.0003333333333333262,4.342712853735772e-07,0.4278239966472199,0.00015201002417649314,0.002889649636763909,15.0,82.04871167742536,31.213807181934314,153.6,153.6,25,0.7352941176470589,0.4089634757854485,0.8391544117647058,0.29814283776149564,1.1511479591836146e-05,4.083780085637889,0.019252190332076386,2.0703400350295307,0.0047143063358832124,0
416,-53.571875,-13.978125,-3.1635416666666667,9.672827093687502,9.63503484603844,31.609421788288543,76.0,36.0,76.0,1605.3125,481.140625,864.265625,65.18065172300493,3.518157561992088,1953.3705954470388,0.4296032975206612,0.007375925586568028,1.0927271506246363,0.0,30.61181818181818,0.021203461435800642,0.022700802566899478,-0.0003333333333333262,-1.6317377541147947e-06,0.429610339408567,0.0003755173153756727,0.006379434173431559,15.0,88.8143289401005,30.620230096854314,153.6,153.6,30,0.7894736842105263,0.3844014355884125,0.7606907894736842,0.26334414667164874,0.002674367346938779,2.2763741679922873,0.007005222725811351,1.5203953350486124,0.003077359963186459,0
417,-54.829166666666666,-15.015625,8.921875,10.494541405204687,10.969501547140068,26.549347540339074,78.0,36.0,76.0,1643.0,522.6875,691.046875,65.04312918522976,4.003864274278849,1949.2834416384328,0.43053513223140494,0.00785859387138739,1.0927271506246363,0.00021354166666666673,30.60371900826446,0.01763412504091417,0.022700802566899478,-0.0001666666666666631,7.111617651224541e-06,0.4304839214375848,0.0004196176748465875,0.006510935345176756,16.0,91.10128555219907,29.362221214650702,153.6,153.6,34,0.85,0.3919129408492761,0.73828125,0.26557329459997947,3.2653061224495663e-07,4.371871510676887,0.0031498876986578725,0.956369341977193,0.0007204895411416568,0
418,-54.38125,-9.404166666666667,12.776041666666666,10.952095618533468,24.359443397559165,18.64254902988315,82.0,79.0,63.0,1629.859375,710.078125,533.046875,65.14733404284202,5.0681678586735,1952.3704720056837,0.4338494710743802,0.010840036230211772,1.1624591746804627,2.1350000000000072e-05,30.601404958677687,0.014276246533347916,0.017031161609676018,0.0,-5.960423536381529e-06,0.43385779496489124,0.000659198321640766,0.009295615536487112,16.0,96.64284429626629,28.540017100703498,153.6,153.6,36,0.8571428571428571,0.3275528548393597,0.6819196428571429,0.22259120626212883,0.00031379591836734594,1.4723391019543113,0.007790292532503732,0.949037764759673,0.005291099395623791,0
419,-55.49375,-12.977083333333333,11.271875,9.075147066071896,25.30529209789372,12.32866074036599,82.0,79.0,53.0,1663.109375,794.234375,411.71875,65.02942748953085,4.571836106407442,1948.887144739596,0.43169991735537194,0.009729901913656079,1.1360400635751717,9.609999999999988e-05,30.609504132231404,0.0137180125099147,0.011350396437879683,0.0003333333333333262,2.078425035921439e-06,0.4316799305342439,0.0005664436582337287,0.008694585921709474,16.0,88.84045829512422,28.58794303610374,153.6,153.6,32,0.8421052631578947,0.3948086770444573,0.7606907894736842,0.2933504698118795,0.004935062500000015,3.021502635220451,0.016195214393313947,1.5352249210710205,0.005359986850427596,0
420,-51.6875,-17.775,7.704166666666667,10.079488764317365,28.56781770337618,17.816190650797257,82.0,79.0,69.0,1548.9375,959.625,473.6875,65.17082322329202,5.899086121179236,1953.0352793600132,0.43539547107438015,0.016197824314198066,1.9748587820721628,-0.00016015833333333368,30.613801652892565,0.011870945038661216,0.011350396437879683,0.0001666666666666631,-2.5942504020036316e-05,0.43549652048253196,0.001567463448277912,0.013014812482974175,15.0,82.75681030758288,26.66359082738555,153.6,153.6,28,0.7777777777777778,0.4261031507619789,0.8198784722222222,0.33843119413704603,7.531760204081653e-05,6.682330943736861,0.01178398425644963,1.0672909893851783,0.0017634541532987658,0
421,-54.31666666666667,-24.370833333333334,5.217708333333333,9.466483272871482,15.884084780230669,19.4952851927912,92.0,66.0,69.0,1627.6875,807.34375,486.875,65.29866450562318,5.434269848109149,1956.9560443405194,0.4357872892561983,0.015669266676812225,1.9748587820721628,8.541666666666652e-05,30.621239669421488,0.014291547980969802,0.01702003739510255,0.0,-4.8963795052300185e-06,0.43581193151726993,0.0015501823399147851,0.012349302388424901,15.0,83.2685300368862,23.833328982918218,132.41379310344828,132.41379310344828,27,0.75,0.40729604339385095,0.8055555555555556,0.3294130729160953,0.003548755102040809,6.41472239663406,0.06668581839654387,1.2454279087744626,0.010395745017981656,0
422,-51.186458333333334,-21.945833333333333,4.652083333333334,13.459183046898893,18.054754202302384,26.409708517760198,92.0,66.0,81.0,1534.421875,771.609375,631.625,65.43598433127327,6.785529672080976,1960.754960410651,0.4454973553719008,0.019227036491073782,2.039249376859506,0.00025625,30.624214876033058,0.013712036464102939,0.011342985141984622,-0.0001666666666666631,2.427010645961209e-05,0.4454707995334628,0.0017290419400498584,0.015209578786466301,16.0,88.96464505100869,23.61788023809889,137.14285714285714,137.14285714285714,29,0.7631578947368421,0.35985206290787614,0.7368421052631579,0.2546727755417662,0.0009543686224489774,2.022147217040632,0.009975796687249494,1.9036456576972896,0.004933269251211518,0
423,-50.778125,-3.128125,16.347916666666666,13.380245880315814,25.242763827501964,25.552270688265434,101.0,57.0,81.0,1522.703125,672.203125,767.671875,65.42519679792468,6.644380378898559,1960.680855440878,0.4487163719008264,0.014247965203791966,1.6686799350129875,0.0001708333333333335,30.623388429752065,0.018070281479294095,0.022700802566899478,0.0,1.3065810415157372e-05,0.4486535910342994,0.0009550521694614852,0.012057158923870577,15.0,92.8489961202997,27.364050616272493,147.69230769230768,147.69230769230768,33,0.8048780487804879,0.3583630453403713,0.7202743902439024,0.2740178918343835,1.5154336734693465e-05,2.819069553039009,0.01202448510791586,3.7411991148890857,0.0042654091648619465,0
424,-44.540625,14.952083333333333,19.932291666666668,15.60863862126915,30.494531542443074,23.269181132596767,102.0,79.0,81.0,1345.46875,918.375,804.9375,65.33038014928937,7.188226221816017,1957.9141317096796,0.4512365785123967,0.012284354300263988,1.6686799350129875,4.270833333333372e-05,30.61347107438016,0.018484335284554013,0.022700802566899478,-0.0001666666666666631,2.928026532767431e-06,0.4512447701141407,0.0008372134884616945,0.01028193904773274,15.0,90.40454262437378,29.54111888049984,153.6,153.6,33,0.8461538461538461,0.331988919515277,0.7435897435897436,0.2588748737892912,0.00011403188775510354,3.1359516730796284,0.014032120863856815,2.056941194960457,0.004474597291888978,0
425,-47.619791666666664,28.597916666666666,16.39375,15.890452582916906,17.889615115844602,21.255910023743983,126.0,83.0,68.0,1437.15625,875.78125,715.078125,65.6977206550947,7.899902471453543,1968.2439108967083,0.4481128181818182,0.005255848988987537,0.5887507907977264,-0.00019219166666666667,30.589669421487603,0.03302725857161302,0.039765424240534586,-0.0008333333333333156,-2.0567718464555202e-05,0.44826792564501694,0.00033144525787094013,0.005828209842271576,14.0,94.39028967395944,32.19706071288911,153.6,153.6,34,0.8292682926829268,0.3600198019727526,0.7214176829268293,0.26412782960772935,2.089795918367341e-05,4.944190339673839,0.013500419787114188,1.553196645460949,0.0027305623084091842,0
426,-52.9875,25.378125,4.096875,16.72541261324615,16.40629136899546,18.61053662761255,126.0,83.0,68.0,1599.03125,762.390625,454.25,65.70408300632222,6.836676309800412,1969.1009501684289,0.44607976033057856,0.0032649749952209585,0.2993628113618949,-6.405833333333332e-05,30.551652892561982,0.046963096245759235,0.04549085167798157,-0.0009999999999999788,3.4534746664824863e-06,0.44605316174553694,0.00012686679750371376,0.0030358335707035304,14.0,91.18473696757853,32.83813123901768,153.6,153.6,34,0.8717948717948718,0.37511990955700103,0.75,0.2648106861877571,0.004711841836734696,4.412433608168588,0.06103170419545277,1.6604922227960643,0.013831755809870283,0
427,-61.453125,16.140625,-3.8229166666666665,8.631814374802188,9.340102583807186,11.990790556077702,126.0,83.0,68.0,1842.875,485.140625,268.59375,65.78747145592311,5.399484491082058,1971.61025594755,0.444173652892562,0.002222547271799679,0.2993628113618949,3.2033333333332985e-05,30.532644628099177,0.03251874462728276,0.03414045524010184,-0.0001666666666666631,1.778174145092481e-06,0.44416311300105665,7.622114360955239e-05,0.0019597956236546603,14.0,87.85137789478333,35.93579813985349,153.6,153.6,33,0.9166666666666666,0.4249392682448029,0.7973090277777778,0.28953101368808354,0.0023211747448979776,4.93547634193474,0.022750217483450498,0.639408973260944,0.004609528221248095,0
428,-63.79895833333333,14.122916666666667,-4.804166666666666,1.0945884682978146,1.1463237586834802,2.1921221009687293,74.0,28.0,13.0,1911.984375,423.234375,145.21875,65.569978955452,0.859836097704661,1965.0499315381335,0.4433052975206612,0.0013404595341602512,0.1003553573536661,-4.270833333333326e-05,30.54487603305785,0.041741346457656106,0.03981750749322097,0.0008333333333333156,-9.231581653218556e-09,0.4433077971999715,7.206221791246028e-05,0.001049298267135746,15.0,75.86053713479247,34.431462761274766,153.6,153.6,27,0.84375,0.4183036559590529,0.92431640625,0.3073578240682856,1.3270408163264426e-05,5.77975751444666,0.008300832294547932,0.9778265440080653,0.0014361904065697873,0
429,-63.95520833333333,13.9875,-4.340625,0.21182234678433295,0.18777757232072914,0.5511499578532748,65.0,16.0,5.0,1916.65625,419.1875,130.09375,65.61324732903212,0.21336574059992555,1966.3460778257731,0.44205576033057853,0.0014104711892188408,0.12598585002276402,-2.1358333333333183e-05,30.588842975206607,0.0382508052666186,0.039765424240534586,0.0011666666666666418,-9.165180474248135e-08,0.44204799856176175,6.0698444357083864e-05,0.0011180477774993215,15.0,69.27732718904683,31.912087666275042,153.6,153.6,25,0.8620689655172413,0.3997483688153533,1.0032327586206897,0.3110521229538775,0.003544501275510202,4.451808601504892,0.04251844063128128,0.26473555300243107,0.009550824044166751,4
430,-63.97604166666667,13.983333333333333,-4.613541666666666,0.1529193630552463,0.12801909579781015,0.48693766534388727,64.0,14.0,5.0,1917.28125,419.0625,138.265625,65.6506292915078,0.15504933307690064,1967.466703159459,0.44128278512396696,0.0013871151179777783,0.12598585002276402,-4.270833333333326e-05,30.623884297520657,0.026825789393280106,0.034028994114675123,0.0010000000000000083,-3.933363008336803e-07,0.4412773738250495,5.236457790413681e-05,0.001110338215518924,14.0,69.81082720125946,32.00609822892597,142.22222222222223,142.22222222222223,25,0.8620689655172413,0.4055196044010344,0.9978448275862069,0.31533530945176313,0.0007601836734693767,3.5293103361429314,0.17609927751201798,0.03619750839000863,0.04989622921753919,4
431,-63.98020833333333,13.967708333333333,-4.823958333333334,0.13928372696486202,0.17677362623014653,0.38358093226491613,64.0,14.0,6.0,1917.40625,418.59375,144.5625,65.66591284837436,0.14206145279717086,1967.9241391648593,0.4407110082644628,0.0010928133190737253,0.10093836281908652,1.0674999999999805e-05,30.642727272727264,0.014545454545454617,0.022671176689760267,0.0003333333333333262,8.441439576413587e-07,0.4407037753493518,3.702593708779856e-05,0.0007100949473655098,14.0,76.36976463261358,37.26287067923139,153.6,153.6,29,0.9354838709677419,0.449428166766763,0.9440524193548387,0.33941024778964846,0.0032571479591836767,4.154182191197884,0.07252084050932227,0.9222650625014445,0.017457308604081817,4
432,-63.971875,13.8875,-4.958333333333333,0.224166569857476,0.43041888511851645,0.33281209246193094,65.0,16.0,6.0,1917.15625,416.15625,148.578125,65.65165205740166,0.23531638391069887,1967.487907631259,0.44083804132231397,0.0010325667720725584,0.10093836281908652,1.0674999999999805e-05,30.652479338842973,0.012215759482250076,0.016997832504998395,0.0001666666666666927,-8.410515621400155e-07,0.44085016619657497,3.851252371058075e-05,0.0006519974766504635,14.0,78.7493653548041,38.94508013705222,153.6,153.6,31,0.96875,0.502066985132944,0.92236328125,0.33909049907346217,0.002715154336734692,3.6807770234438073,0.0729182505408759,0.17895089452242408,0.019810559041322246,4
433,-63.89895833333333,14.034375,-4.88125,0.3494027021416533,0.7865176578066552,0.5831510131746893,65.0,18.0,7.0,1914.96875,420.59375,146.296875,65.61143307118374,0.296254978431053,1966.2908165497374,0.44127211570247943,0.0010497130516218078,0.10093836281908652,1.0675000000000268e-05,30.656115702479333,0.014046669604781507,0.016997832504998395,-0.000500000000000019,3.454512577668929e-07,0.4412779655605567,4.7290250685834954e-05,0.000716301717993543,14.0,89.26054707613622,39.616459729573194,153.6,153.6,33,0.9166666666666666,0.468444841146136,0.8090277777777778,0.3225828060562393,0.0004395012755102017,2.4852801878512434,0.030158589465652176,1.0906775976627165,0.012134885077777524,4
434,-63.890625,14.05,-4.628125,0.35869500885153116,0.7903058479685782,0.683313484213749,65.0,18.0,7.0,1914.71875,421.0625,138.6875,65.5893334946239,0.3057750769344888,1965.6267585523456,0.4417485867768595,0.0010395239666215071,0.10064601579978996,0.0,30.655950413223135,0.014691230441845077,0.016997832504998395,0.0,-1.5920443339232843e-06,0.44175012701240096,6.117650022882727e-05,0.0006560748349403307,15.0,80.96004605930646,37.15948883759721,153.6,153.6,27,0.84375,0.38584780448488554,0.88134765625,0.3200708733990225,0.0006466122448979592,1.9649765030384052,0.019282789720033628,0.40524811070763217,0.009813241883664779,4
435,-63.89895833333333,14.09375,-4.6,0.31490567095119487,0.6993765825123591,0.6360686545753794,65.0,18.0,7.0,1914.984375,422.359375,137.828125,65.60337378041096,0.2467595881762883,1966.0583644852984,0.44224628099173563,0.0009801488268097486,0.10064601579978996,1.0683333333333377e-05,30.65512396694215,0.01596047299778399,0.016997832504998395,-0.0003333333333333558,8.407845727610925e-07,0.44223029054170115,6.659036027443607e-05,0.0006238122418539156,16.0,77.52899759039866,33.28149158998765,153.6,153.6,28,0.875,0.2713449597792092,0.89404296875,0.2947791556319625,0.005005562500000001,0.8908741050869479,0.037738705673344086,0.2317248830320301,0.04236143519926516,4
436,-63.969791666666666,13.847916666666666,-4.715625,0.17116012950028855,0.38970586308422694,0.4534194445635667,64.0,15.0,6.0,1917.09375,415.0,141.328125,65.62385004201289,0.18226993737914038,1966.6633256746122,0.44259576859504146,0.0010124130144071597,0.10064601579978996,2.1358333333333183e-05,30.6496694214876,0.014767279235830433,0.011335583518256972,0.0001666666666666631,-8.381289263237415e-07,0.44260088374662004,6.5712147106977e-05,0.0006839996715953696,17.0,57.981049254429365,10.285744374187319,96.0,96.0,22,0.7857142857142857,0.16868890354897548,1.0613839285714286,0.15439346668239945,7.78176020408167e-05,0.6243542250340424,0.04164001433111658,0.0,0.0666929327319699,4
437,-63.97604166666667,13.651041666666666,-4.972916666666666,0.1529193630552463,0.4766407608782064,0.17468970506459602,64.0,14.0,6.0,1917.28125,409.109375,149.03125,65.60689758832117,0.17556243582399297,1966.156896825586,0.44339001652892557,0.0012617971178715427,0.12562148124066042,2.1358333333333183e-05,30.649834710743797,0.014430424188904863,0.011335583518256972,0.0001666666666666927,-9.621403669010948e-08,0.44338319804203713,6.746782993839856e-05,0.0010583182512808038,16.0,56.35294416166922,10.69495742653906,96.0,96.0,20,0.7407407407407407,0.15061971344058211,1.0954861111111112,0.16771228716296283,0.00020002040816326458,0.41935425468492893,0.08204635412271773,0.0,0.1956492707683654,4
438,-63.98229166666667,13.409375,-5.0125,0.13188915142607024,0.49171852657287585,0.11110243021644485,64.0,14.0,6.0,1917.46875,401.859375,150.21875,65.56612305691,0.15866301648892278,1964.933660883251,0.44460780991735543,0.0015854291090226554,0.10008578597761397,3.203333333333345e-05,30.647685950413223,0.013158935033055355,0.011335583518256972,0.0001666666666666631,-2.5958348672180923e-07,0.4446083568494432,6.270849924578039e-05,0.001401735249387523,14.0,55.194746701075005,13.432159497327419,116.36363636363636,116.36363636363636,16,0.6153846153846154,0.18432202628823285,1.1256009615384615,0.16775440646522083,0.002067001275510203,1.4805056330312454,0.07392320504775693,0.0,0.049931052877119866,4
439,-63.98645833333333,13.242708333333333,-5.046875,0.11557806855349137,0.42872018644319615,0.21137108216357317,64.0,14.0,6.0,1917.59375,396.875,151.25,65.53875992849784,0.14108638509619306,1964.1159824932083,0.4459527355371901,0.0013450500606284664,0.14968019681685163,3.203333333333345e-05,30.649008264462804,0.013073533840189217,0.017008927703017006,-0.0003333333333333262,6.953210512505402e-07,0.445945589331169,6.321373800529149e-05,0.0011665989034703558,15.0,53.258222862631236,13.827365850571786,116.36363636363636,116.36363636363636,17,0.68,0.22211877746395808,1.16875,0.17024798089845294,5.2244897959183625e-06,0.9811105698936774,0.026244306159443204,0.0,0.026749590683022902,4
440,-63.989583333333336,13.178125,-5.057291666666667,0.10152910775842672,0.382617935250035,0.23239907830544904,64.0,14.0,6.0,1917.6875,394.9375,151.5625,65.52938863730807,0.12606144257736152,1963.834843757516,0.4470540661157024,0.001110559822610048,0.09949314603945318,2.1358333333333647e-05,30.64900826446281,0.01381129964248028,0.017008927703017006,-0.0001666666666666927,1.2298079658163136e-07,0.44705609260782836,5.0797130668816264e-05,0.0008842338244961938,16.0,63.315162723580656,26.765592896679156,147.69230769230768,147.69230769230768,19,0.7037037037037037,0.33619595379921147,1.0561342592592593,0.26639863032369404,0.005251072704081639,2.555522357404807,0.10482851215256875,0.0,0.041020385460068746,4
441,-63.98645833333333,13.242708333333333,-5.092708333333333,0.11557806855349137,0.4287201864431962,0.2900232719350102,64.0,14.0,6.0,1917.59375,396.875,152.625,65.5425925980581,0.14724308125709318,1964.2309625800167,0.4481553388429752,0.0013159725910489365,0.09920909894119673,2.1350000000000072e-05,30.644876033057848,0.01349108689415697,0.017008927703017006,-0.0001666666666666631,1.6130982119577714e-08,0.4481593859809524,4.171481976148231e-05,0.001175593485805251,16.0,61.03791917776754,24.706518337599356,147.69230769230768,147.69230769230768,19,0.7037037037037037,0.30228186170901694,1.078125,0.24650332429581734,0.0003596441326530623,1.5414353497898479,0.062090366085519585,0.0,0.040280875934228896,4
442,-63.9875,13.227083333333333,-5.127083333333333,0.11110243021644486,0.4189468857212756,0.33306629928922893,64.0,14.0,6.0,1917.625,396.40625,153.640625,65.54327984544803,0.14189350920140437,1964.250268780573,0.44924590082644633,0.0013557384460013905,0.12384971903030953,1.0674999999999805e-05,30.639752066115697,0.014571726836716998,0.017008927703017006,0.0,1.1370808814431338e-06,0.4492413818461492,5.112227535413575e-05,0.0012091791233198714,17.0,68.3394531491606,28.215855655895318,147.69230769230768,147.69230769230768,25,0.8333333333333334,0.3844555914951642,0.9869791666666666,0.27743604196007454,0.00019700127551020762,2.8523181582993162,0.028958887183954923,1.3161228730763994,0.010152754909088244,4
443,-63.990625,13.220833333333333,-5.24375,0.09636964965693294,0.4148083560178389,0.42934361238988983,64.0,14.0,6.0,1917.71875,396.21875,157.15625,65.55482182131811,0.13587117146225403,1964.5978392778168,0.4504741570247934,0.0013905023529376071,0.12347822613891543,4.270833333333326e-05,30.636280991735536,0.012864984279199755,0.011342985141984622,-0.0001666666666666631,-6.068552978191913e-07,0.45047900827049425,6.413619836767298e-05,0.0011874877347512443,15.0,61.091658955967766,20.701179453328027,128.0,128.0,21,0.75,0.29915063501613287,1.0558035714285714,0.2310564378831391,4.440051020408334e-06,1.6831771580628239,0.01447599441449826,0.0,0.008600398564794418,4
444,-63.96875,13.261458333333334,-5.442708333333333,0.17399263633843817,0.44179317174128235,0.496706819895354,64.0,15.0,6.0,1917.0625,397.421875,163.109375,65.55859187828445,0.18311454485269543,1964.706414303343,0.4518401570247934,0.001735182782704107,0.1475419574519792,3.2033333333332985e-05,30.630991735537194,0.016232044558268637,0.01702003739510255,-0.0003333333333333262,-2.9305695207613213e-07,0.451835615777359,7.274845622895756e-05,0.0015695817427554615,15.0,68.74849515084779,28.246700290743043,153.6,153.6,24,0.8275862068965517,0.39431294791428945,0.9811422413793104,0.28248588941746494,0.0012551836734693935,3.3186952060672597,0.029014639435576296,0.05423992066863404,0.008742785231536643,4
445,-63.95625,13.385416666666666,-5.609375,0.20453835214941965,0.4888292064264936,0.48789046862487484,64.0,15.0,6.0,1916.6875,401.15625,168.125,65.58590439862594,0.21060044546801884,1965.5303165970518,0.4529732396694215,0.0015661162049324243,0.1475419574519792,4.270833333333326e-05,30.627685950413223,0.015890135750815614,0.01702003739510255,0.0001666666666666631,-1.4284999998625498e-06,0.4529893183033682,6.541527051061281e-05,0.0013575487064912425,14.0,66.95665542107513,27.82954084220832,153.6,153.6,25,0.8620689655172413,0.37046175036316886,1.0,0.2708506017925367,0.0010516122448979612,3.797339152130081,0.055371775476219846,0.05560405452341965,0.014581730326921043,4
446,-63.95,13.470833333333333,-5.691666666666666,0.21794494717703367,0.501231123224495,0.4618050334165803,64.0,15.0,6.0,1916.5,403.71875,170.59375,65.60428015465112,0.22658785650635366,1966.0815892778069,0.4540321239669422,0.001187849202733182,0.12245303968795392,2.1350000000000072e-05,30.615123966942146,0.017539363166786153,0.01702003739510255,-0.0003333333333333262,-2.045354447643671e-07,0.4540316904910219,6.520766007375542e-05,0.0008837950268939613,15.0,71.404821757505,27.810774983967267,153.6,153.6,27,0.8709677419354839,0.3973893484617238,0.9334677419354839,0.25836459525326805,0.0014795012755102073,6.452709325443682,0.012304595574465933,0.8494707174324013,0.0019068882470728496,4
447,-63.97604166666667,13.328125,-5.572916666666667,0.1529193630552463,0.4695306000411475,0.49465458627432357,64.0,14.0,6.0,1917.28125,399.421875,167.03125,65.59030225014672,0.17607025415920455,1965.659036680352,0.45486854545454547,0.0013613771163393958,0.12245303968795392,2.1350000000000072e-05,30.605867768595036,0.017423714318154256,0.017031161609676018,0.0,1.2635572746287706e-06,0.45486393196081326,6.197003009124557e-05,0.0011374379793510133,16.0,64.22699404219999,22.19001515698829,147.69230769230768,147.69230769230768,22,0.7586206896551724,0.2884283584683552,1.0080818965517242,0.23192399049307225,0.002348786989795918,1.8391661002074404,0.0647920743724045,0.14900591407389538,0.03522904992925684,4
448,-63.86666666666667,13.615625,-5.619791666666667,0.33993463423951903,0.7494203489197502,0.4854379018960326,64.0,16.0,6.0,1914.0,408.046875,168.4375,65.54968677934197,0.26422174430138673,1964.4405725562096,0.45587443801652894,0.0013237486584019092,0.12208965192006538,2.1350000000000072e-05,30.596115702479334,0.014958449384130282,0.017031161609676018,-0.0004999999999999894,1.6365992219596821e-06,0.4558657965642643,6.0720318268776745e-05,0.0010722766036311915,17.0,64.20706305335158,20.00281839620041,132.41379310344828,132.41379310344828,19,0.6551724137931034,0.21771118134386863,0.9983836206896551,0.21910934261347986,0.004527367346938782,0.5903194348199152,0.14768987322977872,0.12488145996857013,0.2501863643958012,4
449,-63.859375,13.620833333333334,-5.55,0.3476343040826092,0.7485982270587845,0.49749371855331,64.0,16.0,6.0,1913.796875,408.203125,166.328125,65.53782370476206,0.26793477476639677,1964.0985827200648,0.4567003801652893,0.001042334960328936,0.07305530135283733,3.2033333333332985e-05,30.588016528925618,0.016545446289245525,0.017031161609676018,0.0,1.0414684231543902e-06,0.4566995881293729,5.851011320665659e-05,0.000774027519900295,17.0,61.075373533675574,20.390230547521305,132.41379310344828,132.41379310344828,17,0.6071428571428571,0.24785684385607812,1.0518973214285714,0.22140660330794332,0.0005897959183673482,1.394804081232978,0.05401253194342266,0.0,0.03872409944174862,4
450,-63.85625,13.751041666666667,-5.53125,0.3508360550171547,0.7155264366864597,0.4990224819584785,64.0,16.0,6.0,1913.6875,412.109375,165.765625,65.55999035139067,0.27980372685904537,1964.7483684965296,0.45757937190082637,0.0011898934262453884,0.09726486741697304,2.1358333333333183e-05,30.578264462809916,0.01830312649760815,0.022715644559993253,-0.0001666666666666631,-6.156851569629409e-08,0.4575846014440046,5.6921704361900456e-05,0.0009565673333342895,17.0,65.0696410226419,23.443413990267373,132.41379310344828,132.41379310344828,21,0.7241379310344828,0.3449906588409315,1.0113146551724137,0.2647168982690592,0.00013389795918367463,2.581483865847673,0.092199197515733,0.26274541759963066,0.03571558154420534,4
451,-63.975,13.45625,-5.397916666666666,0.15612494995995993,0.49808225977241954,0.489468071538436,64.0,14.0,6.0,1917.25,403.265625,161.765625,65.60097597438367,0.18106502055409998,1965.9779412879348,0.45836298347107435,0.0012331702675696067,0.09726486741697304,2.1358333333333183e-05,30.566859504132232,0.01454733271119845,0.011365248122112818,-0.0001666666666666631,-2.129974254385615e-06,0.4583741244316215,5.857268700745268e-05,0.00103435616805147,15.0,60.74385722089793,20.59426062713763,123.87096774193549,123.87096774193549,20,0.7407407407407407,0.3345440128210682,1.0694444444444444,0.2588610947168861,3.5829081632648453e-06,2.9030942975227876,0.07086047354300161,0.0,0.024408602091729126,4
452,-63.98020833333333,13.453125,-5.497916666666667,0.139283726964862,0.4977978850648122,0.499995659703384,64.0,14.0,6.0,1917.40625,403.171875,164.765625,65.61377036661229,0.17622413041003915,1966.3617730547928,0.4594429917355372,0.0010832163653428546,0.12108751085855696,2.1350000000000072e-05,30.558429752066118,0.015588100169060603,0.017053453720337283,-0.0001666666666666631,-2.1753684234318113e-06,0.45944764025963425,5.6895953730974306e-05,0.0008483421851984866,15.0,60.26003670859445,19.12612311308282,123.87096774193549,123.87096774193549,22,0.8148148148148148,0.3218259858125673,1.0746527777777777,0.2661294683125508,0.0026229030612245,1.8240046264939753,0.0852544303928695,0.0,0.04674024898541073,4
453,-63.97708333333333,13.430208333333333,-5.664583333333334,0.1496378730654628,0.4951051638428839,0.47213591940127675,64.0,14.0,6.0,1917.3125,402.484375,169.765625,65.61999655868732,0.17797931864237382,1966.5485547154294,0.46030057024793386,0.0012087093302631665,0.12108751085855696,2.1350000000000072e-05,30.55446280991736,0.013962784847565239,0.017053453720337283,-0.0003333333333333262,8.135343577736876e-07,0.4603025944458187,6.257494587660014e-05,0.0009597601729573108,14.0,57.126424845134764,13.912024673483677,106.66666666666667,106.66666666666667,21,0.7777777777777778,0.22518021628840376,1.1030092592592593,0.2277123701632769,0.0001057959183673485,1.3405544638319917,0.06549028349962742,0.0,0.04885313149636802,4
454,-63.975,13.353125,-5.730208333333334,0.15612494995995993,0.4779411411199082,0.44385146531682074,64.0,14.0,6.0,1917.25,400.15625,171.71875,65.6076115965472,0.1815688940100827,1966.1724873709913,0.4612005950413222,0.0010837705497952518,0.07244596906077977,3.203333333333345e-05,30.548016528925622,0.015725950270765014,0.02274538684543155,0.0,2.9985324939831323e-07,0.46119906769006674,6.557487687889281e-05,0.0008277054649607742,14.0,56.095646832168306,13.452998230671906,106.66666666666667,106.66666666666667,21,0.8076923076923077,0.19929073454378154,1.1171875,0.2083395932553111,0.000746460459183673,0.6406546959039444,0.08781637164352923,0.0,0.1370728603177145,4
455,-63.979166666666664,13.238541666666666,-5.746875,0.1428261375083551,0.4261919050504778,0.43480194844894615,64.0,14.0,6.0,1917.375,396.75,172.234375,65.58951662564613,0.16039164803166567,1965.6373721865161,0.4619630661157024,0.001051240437977266,0.07224516293583005,2.1358333333333647e-05,30.547685950413225,0.016300906559919167,0.02274538684543155,-0.0001666666666666631,1.3962207754844115e-06,0.4619527164152913,6.875050486299968e-05,0.0007264791357473547,14.0,56.65500008771921,17.285229550810552,132.41379310344828,132.41379310344828,16,0.6153846153846154,0.22758926820041406,1.1183894230769231,0.21053304694150712,0.000447020408163263,1.1179471127060565,0.08852765789501965,0.0,0.07918769760112647,4
456,-63.979166666666664,13.226041666666667,-5.8,0.1428261375083551,0.4182664600433822,0.39999999999999997,64.0,14.0,6.0,1917.375,396.375,173.828125,65.59139994846774,0.15982636457756377,1965.6938718711644,0.46296909090909094,0.0013578607871779025,0.09618774289306228,3.203333333333345e-05,30.53842975206612,0.016006623859406904,0.01706462167363555,0.0001666666666666631,2.3101734502810787e-08,0.4629572372171305,6.14951288635156e-05,0.0011658178631269783,14.0,58.33468155992062,17.84820399952721,132.41379310344828,132.41379310344828,16,0.6153846153846154,0.2596948329289591,1.0931490384615385,0.2297410802739066,8.622448979591844e-05,0.9178619464740804,0.08674792005659408,0.0,0.09451085796707422,4
457,-63.98020833333333,13.2,-5.907291666666667,0.139283726964862,0.4,0.2900232719350102,64.0,14.0,6.0,1917.40625,395.578125,177.03125,65.59606455940194,0.15159480677221684,1965.8292876173416,0.46415503305785133,0.0015652223401529212,0.14389437784367037,4.270833333333326e-05,30.535123966942148,0.015960472997782547,0.01706462167363555,-0.0003333333333333262,1.1124909637960904e-06,0.46414229412303076,5.1085315546962945e-05,0.0013711362852075783,16.0,59.17010265447574,17.727528180128875,132.41379310344828,132.41379310344828,18,0.6666666666666666,0.2635132402070588,1.0775462962962963,0.23016989535346127,0.00040429719387755206,1.149704946366653,0.09086270648462338,0.0,0.07903132605610823,4
458,-63.984375,13.171875,-5.977083333333334,0.12401959270615269,0.37727176461405115,0.14963787306546275,64.0,14.0,6.0,1917.53125,394.75,179.125,65.60019879867612,0.13447765926088215,1965.9565261562748,0.46572218181818187,0.0015989703763556009,0.11940413532293681,3.2033333333332985e-05,30.525041322314042,0.012928536374893058,0.01138013872332045,-0.0001666666666666631,2.750930990108492e-07,0.4657146578363223,3.156503679125013e-05,0.0014617694332227195,16.0,56.72161475205515,9.974287215582006,73.84615384615384,73.84615384615384,17,0.6296296296296297,0.18543534730154915,1.0902777777777777,0.18746784703740402,0.00030375510204081596,0.4471496041243582,0.04631944177878404,0.0,0.10358824284210255,4
459,-63.9875,13.063541666666667,-5.982291666666667,0.11110243021644486,0.24393467007354425,0.13188915142607024,64.0,14.0,6.0,1917.625,391.5,179.28125,65.58139956856905,0.11560259956290513,1965.392549253063,0.46700347107438017,0.0014846947098291622,0.09539537538374886,3.203333333333345e-05,30.519256198347108,0.014780224070154536,0.017075804263848457,-0.0003333333333333262,5.599119863552385e-07,0.46699880964905477,3.057429013741371e-05,0.0013146512433518842,16.0,55.34343229214904,7.908823104849547,71.11111111111111,71.11111111111111,15,0.5769230769230769,0.14657549249448218,1.1045673076923077,0.1439751340324938,4.8005102040816184e-05,0.26902717748214006,0.05353464964076207,0.0,0.19899346282334648,4
460,-63.99166666666667,13.033333333333333,-5.996875,0.09090593428863095,0.17950549357115014,0.10699797992641417,64.0,14.0,7.0,1917.75,390.578125,179.703125,65.58053467800241,0.0953747730080499,1965.361848537441,0.4683165454545455,0.0012199109234518086,0.09513421375939081,2.1350000000000072e-05,30.51148760330578,0.014354494042443985,0.011387598665623461,-0.0001666666666666927,2.88800958445723e-07,0.46831197352318565,3.916521483331294e-05,0.0010362987028083078,16.0,56.37688781290415,6.612002344241039,69.81818181818181,69.81818181818181,15,0.5555555555555556,0.12420873357051954,1.0787037037037037,0.12409113170474374,0.00033567474489795907,0.26754706655500565,0.017437175962800897,0.0,0.06517423714386324,4
461,-63.98020833333333,13.048958333333333,-6.039583333333334,0.13928372696486202,0.2157809420003434,0.20024941045828046,64.0,14.0,7.0,1917.40625,391.0625,181.0,65.57671195161177,0.1408886629232187,1965.2519207443445,0.46892011570247927,0.0009949136528843087,0.09487447819694905,2.1350000000000072e-05,30.505206611570248,0.014776526703225695,0.011387598665623461,-0.0003333333333333558,4.269971124917207e-09,0.46891575380232314,4.415425783562344e-05,0.0007225289736659439,16.0,57.06578351143536,8.020702288980548,75.29411764705883,75.29411764705883,16,0.5925925925925926,0.16986919635470202,1.0729166666666667,0.15555400544862583,0.0004395012755102029,0.4987127757937831,0.01589588047225915,0.0,0.03187381844581433,4
462,-63.91458333333333,13.209375,-6.20625,0.6081014112702657,0.9719587316556536,0.5674894455699889,70.0,17.0,11.0,1915.453125,395.84375,186.015625,65.56966009113266,0.579051408189713,1965.0501802420345,0.46933300826446284,0.0010725593358212496,0.14269382197607988,0.0,30.502231404958675,0.013204532361489756,0.011387598665623461,-0.0001666666666666927,6.514744383616695e-07,0.46932303046258883,7.103187463379617e-05,0.0007397230731010477,15.0,61.47965856983168,11.591146982222865,98.46153846153847,98.46153846153847,21,0.7241379310344828,0.2048135516996408,1.0091594827586208,0.18334647192633927,7.65625000000004e-05,0.6485203222857209,0.026040530298061637,0.007392434073218638,0.04015376142151004,4
463,-63.91875,12.614583333333334,-6.746875,0.6120853188077623,1.3751499286946456,0.8788549753561923,70.0,17.0,11.0,1915.578125,378.046875,202.203125,65.52059417997397,0.5868957628883102,1963.5845481357246,0.46946004958677684,0.0011718390071584841,0.14269382197607988,-1.0674999999999805e-05,30.497272727272726,0.013111095547143048,0.017087001519765478,0.0,-2.731227500150401e-07,0.46946643581586456,6.978317474919185e-05,0.0008252730120563881,15.0,61.13003319495808,12.826549674888978,98.46153846153847,98.46153846153847,23,0.8214285714285714,0.23730803645613577,1.0223214285714286,0.2009858415760439,0.0001102500000000015,1.2645223101613035,0.016237376047219015,0.0,0.012840719310952894,4
464,-63.93125,12.135416666666666,-7.125,0.6033435484862667,1.449998503351718,0.7859442304218114,70.0,17.0,11.0,1915.9375,363.671875,213.546875,65.48271059654623,0.5809729732436708,1962.4333105987553,0.4698517603305785,0.0012004802966140557,0.14269382197607988,0.0,30.49198347107438,0.014861333416853225,0.017087001519765478,0.0,-1.450056494924519e-06,0.4698514106267456,7.102370584988435e-05,0.000862326161950774,15.0,61.56754650538828,12.611001262503006,98.46153846153847,98.46153846153847,24,0.8275862068965517,0.19629218580937305,1.0113146551724137,0.18336388773152423,0.0009855114795918347,0.8992115117169758,0.00827159577015887,0.018814104418379007,0.009198720948717492,4
465,-64.00416666666666,11.696875,-6.997916666666667,0.10197698542100347,0.7032592464435383,0.7772787957926609,65.0,15.0,8.0,1918.140625,350.46875,209.75,65.44775416184152,0.14725319856878982,1961.391680169397,0.4703705867768596,0.0011170918610127196,0.09461595594132384,3.203333333333345e-05,30.48537190082645,0.013301421182632459,0.01139506839467019,0.0,2.3621819796027787e-06,0.4703658827232524,5.812690975881267e-05,0.0007793298607525435,15.0,73.13035652746402,28.542015319753368,153.6,153.6,27,0.84375,0.32950219815459453,0.91259765625,0.24984307132173106,0.000832734693877553,1.266897238939764,0.0121196075701831,0.211088271926657,0.009566369866214019,4
466,-64.00104166666667,11.998958333333333,-6.479166666666667,0.07216126567549165,0.6381932165083096,0.65318397527462,65.0,13.0,8.0,1918.03125,359.59375,194.15625,65.44395637073337,0.12513144640160223,1961.2716386073125,0.47117534710743797,0.001287035466776108,0.11810519924961718,2.1350000000000072e-05,30.479421487603307,0.011229942315016958,0.01139506839467019,0.0,1.9176410650087277e-06,0.4711748716410642,8.700075526407811e-05,0.000981120316124669,15.0,72.30149229620584,30.80463773837673,153.6,153.6,26,0.8387096774193549,0.35869500885153116,0.9455645161290323,0.28712147920617165,0.0008000816326530616,1.082974343503634,0.03118876918463766,0.6159351164627834,0.02879917642714959,4
467,-63.9625,11.895833333333334,-6.963541666666667,1.112734057775412,1.4118484239542937,2.2513246004513037,80.0,34.0,21.0,1916.875,357.125,209.078125,65.48507117268997,1.0993536772707304,1962.4992456704088,0.46945995041322314,0.004663826639484044,0.5321485141077982,-4.270833333333326e-05,30.474628099173557,0.01449088184747349,0.0228051056847995,-0.0004999999999999894,-1.7673378631069417e-06,0.4694728960708933,0.0003010351062172489,0.004309181422141374,15.0,86.95566556457536,35.798729979223204,153.6,153.6,29,0.8285714285714286,0.3934639483821492,0.8102678571428571,0.30875304675023213,0.002310862244897951,2.9073877963937322,0.04939971019519661,3.112776242822365,0.016991097732635137,4
468,-59.432291666666664,3.9291666666666667,-2.1020833333333333,11.279387494375033,14.14821776663839,20.135944121389546,99.0,38.0,75.0,1781.21875,404.15625,419.5625,65.38547129422435,3.1060320827110734,1959.5223536397057,0.45179772727272727,0.027827053096457378,1.7341003693448735,-0.0005445333333333334,30.459586776859503,0.02152825144484574,0.022820084424970136,-0.0006666666666666524,1.828367218246252e-05,0.45174635243734607,0.0005880695648049427,0.027730415723287407,14.0,86.6558834877485,31.39062344903068,153.6,153.6,30,0.8108108108108109,0.3154268320411689,0.7896959459459459,0.28741356741386553,0.0002594400510204094,2.49653477378806,0.060456035014946785,1.379801435743127,0.0242159795448053,4
469,-54.52291666666667,-5.502083333333333,-9.520833333333334,12.511890004833623,15.281320154349304,28.317536956902792,99.0,38.0,75.0,1633.796875,444.859375,691.265625,65.36122234325866,3.6779451412131117,1958.7875899330625,0.42715738842975204,0.03188465141553918,1.7969842713107869,-0.0007260416666666667,30.43727272727273,0.029204324371288486,0.02853448570875619,-0.0008333333333333156,3.621947251169467e-07,0.42716656310671264,0.000692805296922525,0.03159121525245594,14.0,96.69580665446327,29.637082219388752,153.6,153.6,35,0.813953488372093,0.36061026059257223,0.6856831395348837,0.22763340285761816,0.0029819400510204116,3.2958090691331643,0.022711772045134318,2.488782008139526,0.006891106726369855,0
470,-52.434375,-19.084375,-4.963541666666667,11.19523083100009,11.987500678875545,29.160649211850505,99.0,38.0,75.0,1571.109375,625.171875,653.84375,65.15396494896956,3.5428062928202326,1952.571425561906,0.4017123305785124,0.0194362295145421,1.736586273907066,-0.0006619833333333334,30.41247933884297,0.021446878126688596,0.022835082854613616,-0.0003333333333333262,2.528804209972517e-06,0.40170895237396287,0.0006370507747219512,0.018975629745423595,15.0,93.73929271692532,28.330078386768125,153.6,153.6,37,0.8809523809523809,0.3880632462360592,0.7098214285714286,0.2558409658531516,0.0001598418367346899,2.4299849836889775,0.009149782363919778,3.9862670797765762,0.0037653658048657688,0
471,-55.30833333333333,-24.204166666666666,-7.113541666666666,6.7107449081471,6.73779632413711,21.37932763106916,66.0,32.0,70.0,1657.546875,727.40625,401.421875,65.1055648957012,2.0564438427307925,1951.140532056161,0.38999047933884295,0.007870065856150866,0.8617758198686829,-0.00020286666666666694,30.391157024793387,0.01823583261461158,0.022865138937813473,-0.0003333333333333262,-2.0857156874907504e-05,0.3900465937518479,0.0003882818733532126,0.007438630428386955,14.0,97.39552696067835,31.65253486527969,153.6,153.6,37,0.9024390243902439,0.40656538238793766,0.6970274390243902,0.2738890663476417,0.00018808163265306288,2.4826617625689957,0.017268495849890333,3.1125034999639563,0.006955637739400042,0
472,-58.740625,-26.952083333333334,0.029166666666666667,1.2510061055173418,2.315661315129846,6.831085758420025,65.0,32.0,18.0,1760.421875,807.71875,154.578125,65.03793890687565,0.7308974475566239,1949.1063558618998,0.38348891735537194,0.004752513677795434,0.46458226462150976,-9.609166666666678e-05,30.380413223140497,0.015014961916265156,0.017154494657114452,-0.0003333333333333262,-6.17650950370238e-07,0.3834956678423747,0.00012006429521706975,0.004612211236173882,15.0,93.458768275985,30.365265013632225,153.6,153.6,35,0.8974358974358975,0.3384003584980059,0.7199519230769231,0.2638725329285378,0.0025937193877550763,2.874932632822759,0.09141184646213452,3.161610526760498,0.03179616990620806,0
473,-58.78333333333333,-24.75,-8.263541666666667,1.5542057635833022,2.05851888502389,10.316265674002256,69.0,29.0,31.0,1761.734375,741.71875,303.453125,65.18177903713905,0.8619589434812917,1953.400629663858,0.3798463966942149,0.0036890017317043897,0.3220572268452466,-3.202499999999988e-05,30.370495867768597,0.014650261028866352,0.01716579538558725,-0.0003333333333333262,1.744070807762142e-06,0.3798468680623021,7.806248990379657e-05,0.003559640550276412,16.0,86.40883056032663,31.491588718389202,153.6,153.6,33,0.8918918918918919,0.3763448829466649,0.7913851351351351,0.28891617041805706,0.001177960459183674,1.7791713405216791,0.034766272351049024,2.0471227914584786,0.019540710643897313,0
474,-55.81979166666667,-24.598958333333332,-19.298958333333335,4.46978559775864,4.226478902695547,11.351358167561443,69.0,39.0,37.0,1672.96875,736.984375,594.171875,65.26222420330822,0.9722227302075432,1955.8482572133528,0.3772415702479339,0.005134312027636355,0.5370686565414632,-0.00013880000000000004,30.369834710743806,0.01531938064229222,0.01716579538558725,0.0001666666666666631,7.4615229481322086e-06,0.37722688922561565,0.00019442141582265893,0.004895947417948384,17.0,76.94495941190394,27.925083020903724,147.69230769230768,147.69230769230768,29,0.8787878787878788,0.37050734918592537,0.8745265151515151,0.28252250137924073,7.656249999999981e-05,2.4390975507381816,0.12748037863103862,0.09691326329001418,0.05226538749647683,0
475,-49.82083333333333,-27.288541666666667,-29.047916666666666,8.949463632282974,5.920574468742924,9.527252349255209,102.0,46.0,56.0,1493.296875,817.71875,870.9375,65.29436547446782,3.6224134155687233,1956.808507913476,0.3717988429752066,0.008142695960446318,0.5988322002071526,-0.00011744999999999997,30.37495867768595,0.019460660336453616,0.022880196669373788,0.0001666666666666631,-7.973192677530599e-06,0.371818894250181,0.00023712918614723588,0.007982839083252794,16.0,73.15121326251392,22.77359186018941,142.22222222222223,142.22222222222223,29,0.8787878787878788,0.27680680858198514,0.884469696969697,0.2159225889587179,0.0002617461734693923,2.3434404520100345,0.020883690558737338,0.9066335246594597,0.00891155162096174,0
476,-46.125,-25.835416666666667,-15.1625,11.157256607248934,13.96901317176899,30.366899640068628,102.0,51.0,88.0,1383.359375,816.796875,920.421875,65.17383919982927,4.36150974871433,1953.1944857217745,0.3695116198347107,0.009618272496785296,1.1318656112727705,-9.609999999999988e-05,30.38206611570248,0.017148710544585336,0.017154494657114452,0.0003333333333333262,-4.415281174736129e-07,0.3695121059654729,0.00045054713532617755,0.008953822614847737,15.0,85.16151514149276,30.67297351252564,153.6,153.6,34,0.918918918918919,0.30342732632561475,0.7880067567567568,0.24313691252332142,0.00028899999999999944,2.509356800155713,0.01758638140710099,0.6994505793631473,0.007008322374087934,0
477,-43.64791666666667,-16.489583333333332,3.3,14.46975998394775,22.10311761176966,38.59376568825592,102.0,61.0,89.0,1309.859375,707.3125,1017.40625,65.76180920725432,7.121934413393765,1970.8762751637046,0.36589014049586777,0.009412431951664971,1.3834574580917596,0.00026692500000000027,30.386033057851236,0.01301488904795313,0.011432564517337889,0.0,-5.679130765016359e-06,0.3658808148412886,0.00046600446525910593,0.008274393440561323,14.0,92.27392260029576,31.517584804474495,153.6,153.6,38,0.95,0.3909533876078468,0.733203125,0.2600609223809094,0.0016634744897959252,4.330036210721165,0.026072556652166075,1.5959817815300537,0.006021325315388923,0
478,-48.864583333333336,-11.303125,17.128125,15.360813096742488,20.752178365199196,30.271845428566817,86.0,61.0,89.0,1466.09375,589.5,832.15625,65.91768718711828,6.836039245636975,1975.5490107557375,0.37016809090909086,0.01177369281825003,1.3834574580917596,6.406666666666644e-05,30.386198347107435,0.012678881924472528,0.011432564517337889,0.0003333333333333262,6.408264787509025e-06,0.3701821157615828,0.0006089935505973088,0.010428350908127795,15.0,94.10166802483538,33.578606886995026,153.6,153.6,38,0.95,0.40397073875769257,0.730078125,0.277755800861313,0.00014144005102040624,4.9829557306691825,0.01079753885578811,3.3005491001554588,0.002166894397502115,0
479,-48.40208333333333,-8.486458333333333,20.927083333333332,15.94387277273171,19.49449238348951,30.76552615877695,91.0,61.0,89.0,1453.21875,547.59375,937.8125,66.15023482684389,7.591495725705903,1982.4706481407043,0.3668854876033058,0.011608511645771459,1.3103987700656805,-9.609166666666678e-05,30.39876033057851,0.02298293466555367,0.022850101012578623,0.0004999999999999894,4.534764764686399e-06,0.3668791250352159,0.0005418285756996629,0.010532595266565942,15.0,94.2187875407044,31.192210113237167,153.6,153.6,35,0.875,0.3926390386391317,0.7234375,0.2779362069904711,0.00013974617346938377,6.945837545995332,0.004717702355972866,9.938530076472354,0.000679212884656781,0
480,-51.18958333333333,-10.535416666666666,16.930208333333333,16.603322202490748,15.793814580178392,27.995280925957214,91.0,48.0,79.0,1537.84375,502.671875,787.46875,65.55374309396494,5.4367093022444095,1964.6664281463095,0.36249112396694216,0.013341129291396445,1.3103987700656805,-0.0004377666666666669,30.42322314049586,0.03112796505265101,0.034252648942308006,0.0004999999999999894,4.066223652393993e-06,0.36251212569055585,0.0005034074300925343,0.012777284863994301,15.0,97.80062700965664,31.82491149788891,153.6,153.6,36,0.8372093023255814,0.367974239482357,0.6918604651162791,0.2571498836323074,0.0006760000000000066,2.2264361650096927,0.007119103814952217,5.050018205817566,0.003197533316622722,0
481,-47.57083333333333,-4.979166666666667,27.858333333333334,16.3631694965316,14.354644404241514,27.43379783932383,104.0,60.0,79.0,1429.75,341.5,1024.703125,65.25822978174433,5.625732167435902,1955.8025761881943,0.3566036776859504,0.00744762743319757,0.8331301698068783,-1.0683333333332915e-05,30.448347107438014,0.025139186342842634,0.02853448570875619,0.0006666666666666524,-6.009732244767093e-06,0.35666848313665656,0.0002785039018526689,0.0071877824994040825,15.0,98.88281097100263,29.923600503245623,153.6,153.6,36,0.8372093023255814,0.33628771197177915,0.6736918604651163,0.23605765417909808,0.0017911033163265312,3.690319232317539,0.02683244909213472,2.4962220475400807,0.007271037382661285,0
482,-45.89375,-0.978125,33.31458333333333,13.724793657374233,9.00280862570352,26.549462404972637,104.0,60.0,79.0,1379.734375,176.9375,1163.609375,64.62950664106482,3.7915471335445354,1936.900716584451,0.35813908264462807,0.007494546099187021,0.5642102825373225,4.270833333333326e-05,30.47694214876033,0.028367219330997992,0.034185244408118994,0.0008333333333333452,-4.082769997405855e-06,0.35814847100393565,6.786386680894728e-05,0.0074312802873470465,15.0,94.0384862958199,32.94785972250799,153.6,153.6,35,0.8536585365853658,0.3637555707262433,0.7225609756097561,0.256205855986414,2.756249999999972e-05,4.769379442976219,0.020009168635523492,3.370555657612242,0.00419534005938459,0
483,-40.89479166666667,1.5333333333333334,46.76354166666667,7.4393641892254845,5.007175406909125,13.788178963273717,104.0,60.0,54.0,1225.296875,92.828125,1435.25,64.19726132383965,3.287155079797924,1923.906784247243,0.3624593553719008,0.005227334508503689,0.5642102825373225,0.00017084166666666659,30.507851239669424,0.03897883747869535,0.03984360031569094,0.0010000000000000083,-3.1995873725865145e-07,0.36245963558413324,6.891480338384526e-05,0.0051522661086710105,16.0,90.24572064061988,33.81539531442443,153.6,153.6,32,0.8421052631578947,0.3959851830595467,0.7619243421052632,0.2697158433137282,2.7938775510204928e-05,5.658979107908439,0.005230243755736094,1.344428837830987,0.0009242380394065803,0
484,-36.43541666666667,2.732291666666667,52.2125,3.3871687773698094,0.7417595623002706,2.23202309202511,46.0,10.0,60.0,1092.0,81.875,1564.703125,63.85761852898001,0.5998034182978188,1913.7333336414017,0.3643336033057851,0.001228931057917016,0.15309918283274032,-2.1350000000000072e-05,30.547355371900824,0.037256506338237134,0.03981750749322097,0.0008333333333333452,8.962965910013421e-07,0.36433149387222546,8.971762798511273e-05,0.0009739334040094166,16.0,89.6780278834644,33.88060958346211,153.6,153.6,31,0.8157894736842105,0.42854770511278256,0.7689144736842105,0.2753436356359981,0.002047562500000003,6.475576413635363,0.00943550909887434,5.0394436224824695,0.0014570917700864998,0
485,-32.885416666666664,3.428125,54.420833333333334,3.2418802146885204,0.7367161264976263,1.7266246375193681,46.0,10.0,60.0,985.5,102.75,1630.953125,63.78450811572623,0.6325077877160775,1911.540021243788,0.36344408264462813,0.001500817279207083,0.18403585300427167,-1.0674999999999805e-05,30.579917355371897,0.02864706489136723,0.028403850158217628,0.0004999999999999894,-6.125190072928284e-08,0.363438560495817,0.00010002422087684844,0.0012774597828836864,15.0,86.41519699250901,32.12462254829666,153.6,153.6,30,0.8108108108108109,0.3769120812787631,0.7880067567567568,0.26277888330001004,0.0028929030612244977,4.0648195348700185,0.03979552012681577,1.177526592085223,0.009790230485124923,0
486,-30.519791666666666,3.934375,55.665625,2.5567769339405726,0.6573824554308804,1.259822087720458,46.0,10.0,62.0,914.59375,117.921875,1668.265625,63.66869433614746,0.6727331295235972,1908.0799741713013,0.36261807438016536,0.0013516620449371903,0.18403585300427167,-4.2716666666666366e-05,30.606859504132235,0.023567489087784957,0.028366745127932826,0.0008333333333333452,4.865428307324426e-07,0.3626096194546039,9.202819463205684e-05,0.0011320495570183435,14.0,83.75615510976621,29.319073515884302,153.6,153.6,31,0.8378378378378378,0.35662824096942247,0.7972972972972973,0.2412829524325896,5.102040816326464e-07,3.2128978877682153,0.014628930149398488,2.1978632814024155,0.0045531886354347306,0
487,-29.008333333333333,4.157291666666667,56.436458333333334,1.4411848905983191,0.41489074657941244,0.7932816586374323,35.0,7.0,62.0,869.34375,124.59375,1691.3125,63.612034022848,0.47736513909942546,1906.3585807674904,0.3616543884297521,0.001071443541370932,0.12311485180242573,-1.0683333333333377e-05,30.63429752066116,0.02900061117284213,0.028348228942878938,0.000666666666666682,1.5291337371012456e-06,0.3616499255321214,7.05844915068032e-05,0.0008434074780108522,14.0,84.2745627847633,31.122905637149263,153.6,153.6,33,0.9166666666666666,0.4352621336620037,0.8098958333333334,0.28044106273892716,0.0029005918367347025,4.997686546420601,0.027336079880417932,1.8772693895206287,0.005469746777135581,0
488,-28.546875,4.142708333333333,56.71458333333333,1.244107203730852,0.40498065583089543,0.7498582041885579,38.0,6.0,63.0,855.515625,124.15625,1699.671875,63.64458743341978,0.520247149393333,1907.3560301558487,0.3612096198347107,0.001085680487038974,0.12355258606023126,-2.1358333333333647e-05,30.662066115702483,0.027869748858595934,0.028329736914685717,0.0008333333333333452,1.0138123533630383e-06,0.36120647730877553,6.172980291091071e-05,0.0007852707641034168,15.0,83.2026206886959,30.611137127631768,147.69230769230768,147.69230769230768,33,0.9166666666666666,0.4518995127712102,0.82421875,0.29406046592017004,0.0005589846938775517,5.73145132093197,0.037898095926465154,0.46235446192056606,0.006612303551817079,0
489,-31.113541666666666,2.2177083333333334,54.329166666666666,7.8943956887104765,5.822504737218387,7.710111281442196,71.0,27.0,63.0,932.265625,152.125,1628.25,63.853999991010156,1.7218019092627317,1913.6123308391304,0.3600766446280992,0.0023333707461524584,0.24888803891334,-7.47333333333336e-05,30.690826446280994,0.02362191085613193,0.028292825140034273,0.0003333333333333262,-5.210956672475715e-07,0.3600820972125741,8.412741747828752e-05,0.002122322118999154,14.0,82.18883177801611,32.42525503441406,153.6,153.6,33,0.9428571428571428,0.46815219233046806,0.8428571428571429,0.30613934902329715,1.543367346938781e-05,5.2463903420191045,0.07852132030138784,1.4895608361901802,0.014966732397416018,0
490,-35.50729166666667,1.4770833333333333,51.43958333333333,9.138970410551211,5.709777417703971,8.129709906246484,71.0,27.0,66.0,1064.109375,131.65625,1541.546875,63.936823312298024,1.810363609513044,1916.1064134016194,0.35927198347107436,0.002549774133518141,0.3404185576327473,-3.202499999999988e-05,30.707520661157027,0.01933954932664918,0.02262688257900035,0.0001666666666666631,-1.3357447897161796e-06,0.35927719300651256,0.00010247267473646515,0.0023099726710557058,14.0,86.16528293880037,32.30557549946192,153.6,153.6,33,0.8918918918918919,0.38537267485423193,0.796875,0.28405136395529745,7.408290816326512e-05,2.0291510424730514,0.05712162730903813,2.4845282468704695,0.028150505365741766,0
491,-39.79270833333333,0.8135416666666667,48.71145833333333,7.618080805880871,5.482702340689053,7.151418416878143,71.0,27.0,66.0,1192.703125,111.75,1459.671875,63.976457160229636,1.782850028830276,1917.2915187617864,0.35823433884297523,0.0026271819253063725,0.3404185576327473,-3.2033333333332985e-05,30.71264462809917,0.014303013324154363,0.016964633592258912,0.0,9.051689471155831e-07,0.35824188677795304,0.00013961569461514475,0.0023056737137186222,14.0,82.77871759918878,32.57884289051178,153.6,153.6,31,0.8857142857142857,0.3931535807435443,0.8348214285714286,0.2994900267921441,0.00028416326530612205,2.201582302845456,0.020576891309606424,4.082836484462879,0.009346410208245054,0
492,-42.409375,1.6625,44.74166666666667,5.611383113164554,2.7689968851553446,16.29608635702314,79.0,17.0,81.0,1270.9375,76.515625,1413.25,64.0494305999652,2.3502265465781704,1919.4169543495127,0.3572284049586777,0.005466965244518097,1.3472115149383472,1.0675000000000268e-05,30.709999999999997,0.012596733145955203,0.01131343649111276,0.0,1.2993734813837595e-06,0.35723374098426025,0.0004966475649205528,0.0032051715869132504,15.0,79.62146505418492,31.579347061960892,147.69230769230768,147.69230769230768,30,0.8823529411764706,0.35402389613427354,0.8676470588235294,0.3047107196591105,0.006394286989795942,2.7472879707035953,0.04964199112179125,0.6312751309330893,0.0180694530938006,0
493,-42.85520833333333,0.8416666666666667,43.385416666666664,7.034651877664634,4.918495422608649,17.90232165557647,79.0,25.0,81.0,1284.171875,105.34375,1378.875,64.06530032206051,3.0626790523211667,1919.9865380887804,0.35455998347107437,0.006504206219453792,1.4777262232093966,-0.00010677500000000016,30.71396694214876,0.016786424013035105,0.016964633592258912,0.0004999999999999894,-7.803364258953022e-07,0.3545697843465297,0.0005080335530165601,0.004629317749569291,14.0,73.33347693658503,26.111302983227304,128.0,128.0,28,0.875,0.28894327859628044,0.9208984375,0.30305395178560385,2.0572704081632917e-05,1.1667547685958448,0.07790216330212989,0.6066239465087466,0.06676824076398065,0
494,-44.43333333333333,5.073958333333334,33.485416666666666,13.039272943262171,17.19416534268521,24.629077408483163,79.0,81.0,81.0,1338.359375,267.734375,1156.640625,64.58765765548655,4.693312999470875,1935.6206080424101,0.3518810165289256,0.007771486822850783,1.510657205456794,-0.00013880000000000004,30.735289256198346,0.02778531570575029,0.02825600942750881,0.0004999999999999894,-1.9281586592241864e-06,0.35187985176048203,0.0005674618281862674,0.005868220357523321,15.0,82.48320850147111,27.011624448627682,142.22222222222223,142.22222222222223,29,0.8055555555555556,0.3129238197457741,0.8138020833333334,0.27832621369231214,3.600000000000019e-05,3.6118041360601603,0.08363330876725353,1.9393354490618628,0.023155549309072633,0
495,-49.04270833333333,4.364583333333333,30.215625,13.87328251225825,17.185701294769892,19.352389108136194,76.0,81.0,74.0,1476.625,242.5625,985.9375,64.67200825894913,4.133210748044194,1938.1580804633777,0.34498770247933885,0.009004006279708775,0.8909581699762512,-0.0001708333333333335,30.74173553719008,0.024075558950125933,0.022597449202582776,0.0,-6.277308231835542e-08,0.344985999426151,0.0003106609824446698,0.008513979846503598,15.0,87.2799528012094,26.32775449855524,147.69230769230768,147.69230769230768,28,0.7368421052631579,0.30640164474983717,0.7528782894736842,0.22619654153050964,0.0005355918367346954,3.335374820665869,0.013752256684176345,0.49435501866573517,0.004123151796604037,0
496,-53.721875,3.521875,24.857291666666665,13.248692570125867,17.24406723536267,15.695787948733164,93.0,81.0,61.0,1616.703125,227.453125,819.625,64.94143372224731,4.264042811576799,1946.2131395490248,0.3399368512396695,0.009456631759025207,0.9920785457458848,-4.270833333333326e-05,30.737768595041327,0.026394577558133833,0.02825600942750881,-0.0003333333333333262,-7.227104096266792e-06,0.3400107360571808,0.00047237536781218374,0.008751629583204258,16.0,85.28415727399802,27.953076759285363,147.69230769230768,147.69230769230768,27,0.7297297297297297,0.3005754391464072,0.7778716216216216,0.23610384705319035,1.487755102040791e-05,2.746828878210331,0.011874193373258107,1.8445857357769448,0.004322873356783193,0
497,-56.74583333333333,-0.6,24.403125,9.195672857684508,11.859261500335226,13.451184529043344,93.0,76.0,62.0,1701.875,148.71875,764.109375,64.8620720555265,3.8743472994844907,1943.8574203399648,0.34059338842975206,0.028815581301757792,4.891697723700566,8.541666666666652e-05,30.72090909090909,0.015640591394622625,0.022612156312716215,-0.0004999999999999894,7.732067076717161e-06,0.34054022751967383,0.002759493776972395,0.02203629353865087,15.0,87.43563825565455,30.937169965000624,147.69230769230768,147.69230769230768,27,0.7105263157894737,0.2907779857438373,0.7742598684210527,0.2631633557204757,9.436734693877603e-05,4.03088033288341,0.029452536379672795,1.830679451960846,0.007306725565480756,0
498,-44.0875,-11.338541666666666,25.63125,22.189821474796354,26.80797793953504,15.287912657962826,93.0,81.0,62.0,1334.21875,558.46875,801.625,64.44188236644942,4.609890317064125,1931.345254955546,0.3515528429752066,0.03482182297552757,4.891697723700566,0.0003096333333333335,30.71082644628099,0.013941244881956426,0.01131343649111276,-0.0001666666666666631,5.0553820437779104e-05,0.3515141017929459,0.0030405103266093582,0.02810376725891974,14.0,91.19572857782649,31.691151703707106,147.69230769230768,147.69230769230768,32,0.8,0.3017377554714078,0.7453125,0.2650775608784154,0.0015658979591836712,3.968196429265911,0.023321740984778763,1.4799023739014623,0.0058771639460129055,0
499,-29.722916666666666,-24.66875,26.776041666666668,26.31504433132732,31.269904702511756,14.978138546948925,81.0,81.0,62.0,923.15625,954.90625,836.375,63.90579352177612,4.431489142352087,1915.219262137566,0.4019275537190083,0.14949276938560505,12.095722405418723,0.00035234999999999986,30.70586776859504,0.012835218947647446,0.01131343649111276,0.0001666666666666631,-1.2926894644358255e-05,0.4019273063409954,0.009748421028477191,0.13784280710823585,14.0,96.98031009017458,32.151209927837364,153.6,153.6,36,0.8571428571428571,0.38544584870846044,0.7046130952380952,0.2755458581571539,0.0009922499999999966,4.123830865692992,0.011050959360754814,1.8537820252237103,0.0026797799717466707,0
500,-20.621875,-33.99375,33.084375,23.42940950638125,27.096854877842066,8.663871682223927,76.0,81.0,57.0,657.875,1107.1875,993.140625,63.40580157096069,3.6546423186532624,1900.2377979485336,0.41374474380165294,0.1440048246705833,11.794696814102508,0.0003737,30.70900826446281,0.01851534805281342,0.016964633592258912,0.0003333333333333262,-1.6343982375410324e-05,0.4138119335560012,0.009357687145636496,0.1330999271576266,15.0,91.69225894296427,29.414067066766467,153.6,153.6,35,0.8974358974358975,0.3632071850786589,0.7287660256410257,0.24456960688476517,0.002362654336734689,2.3882861515944187,0.006654210926193935,2.1783012045571337,0.002786186622466318,3
501,-30.584375,-24.29375,35.9875,24.771353701255578,24.471436634114887,5.847528858415322,75.0,58.0,55.0,943.953125,730.09375,1078.34375,63.71480294747535,2.7891026689099374,1909.5325757280023,0.42147467768595037,0.14100292027514627,11.535599523117398,0.00013880833333333313,30.726363636363637,0.026222191094283,0.022612156312716215,0.0006666666666666524,-6.069259716398671e-06,0.4214613253994616,0.009281938189164254,0.1301840407480348,16.0,82.76338950521996,28.77551647582364,153.6,153.6,29,0.8285714285714286,0.37850688664183396,0.8165178571428572,0.27718648979982957,3.265306122448836e-05,3.2088754755377753,0.012228899308094246,1.3975700975632313,0.0038109610052863784,3
502,-42.84583333333333,-11.4625,38.64479166666667,18.069114513599043,17.733227110427478,3.8359421319840785,75.0,55.0,55.0,1293.015625,344.484375,1158.1875,64.12723713885788,1.986558650032947,1921.8263676799038,0.3884763388429752,0.007428081950523824,0.8000301637385392,6.405833333333332e-05,30.755785123966945,0.032057594505521717,0.033896197702360756,0.0006666666666666524,7.318662758949984e-06,0.3884678677135479,0.00014759223022411385,0.007299147073552182,16.0,77.8759339641118,27.918839024409074,153.6,153.6,27,0.8181818181818182,0.48407563833848577,0.8754734848484849,0.32651990280765814,0.0015772244897959086,4.0598882632800235,0.041228187504829615,2.959720674229015,0.010155005465968406,3
503,-49.99375,-3.996875,40.346875,1.0113741168166541,0.8434741061279436,1.3857498816074278,53.0,6.0,44.0,1498.25,119.796875,1209.140625,64.39506698214774,0.3877478107032448,1929.8381697864772,0.3887622644628099,0.002371154120664391,0.22843204215755092,-6.405833333333332e-05,30.787024793388426,0.03238825999166767,0.03950703852383102,0.0006666666666666524,-1.927467694646258e-06,0.38876696371660263,9.260687442735239e-05,0.0022033351488269836,15.0,81.9087682367644,30.83239152353517,153.6,153.6,28,0.8,0.49073007258168866,0.8482142857142857,0.3392064052043131,0.00032528698979591617,4.96516142648201,0.03487380359037699,1.2806077843753423,0.00702369985482754,3
504,-47.936458333333334,-6.414583333333334,40.07395833333333,8.762082369882014,10.572714283777316,4.257805205141559,73.0,81.0,50.0,1439.703125,192.34375,1200.875,64.37679780167453,2.6993032685579204,1929.2723247883403,0.38679273553719,0.0024445363662179195,0.348400811902165,-2.1358333333333183e-05,30.81826446280992,0.026180482476990216,0.022553442436041578,0.000666666666666682,-1.1968204450195473e-06,0.3867884971367805,8.658194796966987e-05,0.0022461746459464327,14.0,82.8299436001747,33.61220701684588,153.6,153.6,30,0.8823529411764706,0.55769862654416,0.8671875,0.3878809871033253,0.0003596441326530573,7.099140782484422,0.039220053726965416,2.0900576190842983,0.0055246197995864966,3
505,-46.465625,-6.109375,41.65625,8.613510803346973,10.667586986257717,4.647867174396589,73.0,81.0,50.0,1395.59375,183.96875,1248.359375,64.29281593916073,2.765574433374122,1926.776589768459,0.38542676033057854,0.003958083620999312,0.4333659263908465,4.270833333333326e-05,30.83413223140496,0.017040031694361305,0.016909589321248853,0.0003333333333333558,-1.4170466805992803e-06,0.385428075154301,0.00012784514061695365,0.0037883234826914004,15.0,81.7211267573776,34.19432043654854,153.6,153.6,29,0.8529411764705882,0.49664475559254195,0.8699448529411765,0.3578877591559326,0.000713653061224486,7.077387387318467,0.019535054512299595,1.4076964587854461,0.002760207042969451,3
506,-45.47083333333333,-6.434375,42.489583333333336,8.46273592318439,10.59214850849636,4.851749666500622,73.0,81.0,50.0,1365.75,193.71875,1273.375,64.14061788771066,2.7739283785558375,1922.2195220281046,0.3925106611570249,0.012643314150961215,0.926388502365121,0.00014947499999999985,30.842396694214873,0.012130474797957527,0.01689862330309444,0.0001666666666666927,2.2574415178338907e-06,0.39250190565033444,0.0001306818574200593,0.01259637503490757,15.0,81.45920013381202,33.804688752987325,153.6,153.6,30,0.8823529411764706,0.5303579855183009,0.8690257352941176,0.3542435496156737,0.00044702040816326725,9.127162780699933,0.019719202120955955,7.163937477762164,0.002160496377105674,3
507,-46.27395833333333,-4.080208333333333,44.03125,1.4996350105710907,1.092981376753765,1.3628487703459007,55.0,7.0,47.0,1386.796875,123.125,1319.546875,64.04243496403569,0.7387087003177889,1919.2816129148937,0.39798509090909084,0.011837943862536348,0.896798076032177,0.00011744999999999997,30.84289256198347,0.01741273479685774,0.022524199690199753,-0.0001666666666666927,1.80362433379233e-06,0.39797670188974377,0.00012860094443708256,0.011810398778808422,15.0,85.38840359224858,35.39150555031353,153.6,153.6,32,0.9142857142857143,0.49772575612361425,0.825,0.3179173297752555,0.0011559999999999828,8.803387874557105,0.009607617646560738,8.839143067954222,0.0010913545766088482,3
508,-46.463541666666664,-4.310416666666667,43.8375,0.9098557339475428,0.5604089218795703,0.8383080678764023,50.0,6.0,47.0,1392.484375,129.15625,1313.75,64.03760335924082,0.44363762000310486,1919.1439419267242,0.4023688512396694,0.006408047139586257,0.5495587786791334,-2.1350000000000072e-05,30.843388429752064,0.016542143475302678,0.022524199690199753,0.0,3.476552615461022e-06,0.4023533065917736,8.156239357074234e-05,0.006382358923559094,15.0,82.68833735234803,32.00059815692555,147.69230769230768,147.69230769230768,33,0.9166666666666666,0.43986129357933473,0.8311631944444444,0.2821604535448875,8.294005102040623e-05,5.673978849808365,0.005108095823618722,1.7971126473358723,0.0009002669835103887,3
509,-46.684375,-4.430208333333334,43.63125,0.5821705300353726,0.5116598381058999,0.5453042919630592,50.0,6.0,46.0,1399.109375,132.765625,1307.5625,64.05830507975092,0.4185892691203214,1919.76609534023,0.3966826611570248,0.00459307287361909,0.3646369823144349,-8.541666666666652e-05,30.847520661157027,0.017547149787888905,0.022524199690199753,-0.0001666666666666927,-1.2750116618790206e-06,0.39668398927473264,5.364554331750433e-05,0.00454664758060599,15.0,77.98216399853061,32.0277309921967,147.69230769230768,147.69230769230768,31,0.9393939393939394,0.4367669640201454,0.890625,0.3048301191075966,0.005132698979591854,6.221325764523628,0.014959571932202905,1.6913165672115114,0.0024045633516746687,3
510,-46.8875,-4.441666666666666,43.45520833333333,0.9967917284969814,0.7293928220711312,0.9298711594967816,54.0,8.0,46.0,1405.09375,133.171875,1302.34375,64.09848411697394,0.543867851020459,1920.932752045379,0.39334717355371895,0.0026196983287232675,0.2540608724527522,-8.541666666666652e-05,30.850991735537196,0.013811299642480457,0.011262095111742889,0.0001666666666666927,-2.0980205039007646e-05,0.3933795036305976,0.00022192534818609843,0.002514554237587024,15.0,77.57528096821987,32.1082945459325,147.69230769230768,147.69230769230768,30,0.9090909090909091,0.42167602367850193,0.9053030303030303,0.3408742353814349,0.0005725765306122472,4.125274313952297,0.1065818290692683,1.8709062576250353,0.025836301045191724,3
511,-32.896875,-19.04375,39.49270833333333,22.683437207965383,22.334067832293783,6.287218263927528,67.0,64.0,50.0,1054.046875,570.390625,1183.625,63.66811893949304,1.9471682104790766,1908.0642597277717,0.39116584297520657,0.011834983172541962,2.332154099339312,-0.00013880833333333313,30.85528925619835,0.011432473696390742,0.011262095111742889,0.0,1.0834634613132063e-07,0.3911660997128936,0.0011002668326252356,0.009069283755530674,15.0,80.885042626604,33.58100879031473,153.6,153.6,28,0.8235294117647058,0.3620311100184791,0.8704044117647058,0.3375002002434367,0.0023384132653061196,5.065026758366759,0.0732143563740738,1.188355158713862,0.01445488047089451,3
512,-15.047916666666667,-35.364583333333336,35.44583333333333,25.681376922971285,23.614225846433943,6.224546781805795,67.0,64.0,50.0,655.765625,1060.015625,1062.21875,63.1308283084327,1.9771023640314906,1891.9455407959613,0.3849925289256198,0.01453311702448963,2.4518750182747726,-0.00021354166666666673,30.85231404958678,0.012646518521249307,0.011262095111742889,0.0001666666666666927,4.676707938798155e-07,0.38498774065823405,0.001100179958467959,0.01237647668697826,15.0,94.60871741146786,35.121067556709214,153.6,153.6,32,0.8,0.35727858427121845,0.73828125,0.30986683600328624,0.000144858418367348,5.592892370911499,0.03845156507694671,2.706203708666913,0.0068750768881111314,3
513,2.909375,-51.73125,31.504166666666666,12.37012174998189,8.908952806259931,2.9456859934864443,67.0,64.0,50.0,252.984375,1551.078125,944.109375,62.56867022482227,1.8240425700732812,1875.0858543386898,0.3761508181818182,0.015608965716128428,2.66544736766545,-0.00022422500000000012,30.84867768595042,0.011422910772345368,0.011262095111742889,0.0,-5.338149048257912e-07,0.37617377632595056,0.001112652014743001,0.01362620408406249,16.0,98.62968830060275,31.209030247365398,153.6,153.6,35,0.7954545454545454,0.312318261107048,0.6754261363636364,0.22435651246667365,0.00016714795918367558,1.4338042108880842,0.010559492257684294,1.3029449292972641,0.007364668186560736,3
514,-6.977083333333334,-53.209375,24.029166666666665,19.56707203849677,0.8132468522584845,10.857465909328116,40.0,57.0,34.0,481.984375,1594.625,720.765625,62.91167551809103,0.9249099990947799,1885.3779604609845,0.3863584958677686,0.02520089623131592,1.5773989504670738,0.0003737,30.844876033057847,0.012472495523910979,0.011262095111742889,-0.0001666666666666927,6.543119500491135e-06,0.3863489721845164,0.00042876311699974293,0.025066387854770257,16.0,98.09414599015483,31.81227399646715,153.6,153.6,32,0.7441860465116279,0.2883426929133936,0.6816860465116279,0.2243121565684079,2.8317602040816282e-05,1.5194559626326964,0.007948579081524363,1.3755533889343845,0.005231200690905316,3
515,-11.179166666666667,-53.219791666666666,22.444791666666667,19.632805860911024,0.9479275411464153,11.333443962006013,47.0,57.0,39.0,525.640625,1594.921875,673.046875,63.04551193826796,1.0698945937393785,1889.4170019137264,0.3939295206611571,0.026078083947354634,1.5773989504670738,0.000341666666666667,30.849173553719005,0.018789252108828924,0.016887671498848598,0.0001666666666666631,-8.122466174666159e-07,0.3939328986994269,0.0006014101554342496,0.02578595213395267,15.0,95.82684667135031,32.00636574292434,153.6,153.6,32,0.7804878048780488,0.33495495849255613,0.7065548780487805,0.2533246962181333,5.951020408163287e-05,2.4087880745701034,0.016644226518279678,2.850881739414463,0.006909792809917566,3
516,-12.05,-53.22604166666667,22.648958333333333,18.838391651093783,0.9364988867748619,11.500846841932868,47.0,57.0,41.0,498.171875,1595.125,679.328125,63.071908038793346,1.074825418069566,1890.245273862637,0.4080232727272728,0.016827089964136902,1.5465720769729168,0.0003737,30.86173553719008,0.025541335350531807,0.022509606735934877,0.0001666666666666631,3.991282584322266e-08,0.40805991973502004,0.0005650526484653575,0.01624375095566691,15.0,91.96233306995387,36.59731140905579,153.6,153.6,28,0.7567567567567568,0.41304579054483237,0.7702702702702703,0.31014451937754267,0.0027300625000000033,4.305065115344615,0.023226740456324935,3.7846447874867324,0.005395212344997403,3
517,0.55,-53.41354166666667,30.378125,10.351207659012545,0.7751504950205189,6.1452675410466595,47.0,57.0,41.0,186.4375,1600.75,910.78125,62.617815298283055,0.8131977640411052,1876.561499418991,0.4022946776859504,0.012747208066520094,1.189331486634412,-0.0001708333333333335,30.876446280991736,0.022299964945762085,0.022509606735934877,0.000500000000000019,-4.270880624788737e-06,0.4023002456956141,0.00043103562709352963,0.012364662245250247,14.0,84.15920158915442,34.55542743954769,153.6,153.6,31,0.8857142857142857,0.49168756706158556,0.8366071428571429,0.3204424356913996,0.0004000000000000028,4.409550791838959,0.01731968908405275,4.222180346376712,0.003927767226563626,3
518,4.09375,-53.46041666666667,31.9875,2.216313215868491,0.663400200775436,1.5987788308581024,17.0,57.0,41.0,123.9375,1602.125,958.671875,62.4949825614593,0.5103802271163715,1872.9070769807881,0.40459243801652894,0.004064434834900152,0.3026498654890763,-4.270833333333372e-05,30.885867768595038,0.014064163561112194,0.011247511624190434,0.0,3.4712938364496725e-07,0.40459212749818363,0.00010901587402135187,0.0039512103614402746,15.0,78.26644676230875,35.82457611984059,153.6,153.6,31,0.9393939393939394,0.5488941519446736,0.9076704545454546,0.3271509631175381,0.0006538979591836768,6.380122567402115,0.03055342110599877,2.3002135921107927,0.004788845478001473,3
519,3.705208333333333,-53.659375,31.559375,4.038818664733195,0.8351743985789236,1.9209957338252992,17.0,58.0,38.0,145.15625,1608.09375,945.8125,62.52559737114328,0.5483749158636053,1873.812861891513,0.4030464545454545,0.0037344972666626423,0.3588423079266398,-6.405833333333332e-05,30.88388429752066,0.012816047586763447,0.011247511624190434,0.0,8.914037743535099e-08,0.4030512266624046,0.00012228116905216733,0.0035710272411742707,14.0,78.97019541317303,35.09102355665666,153.6,153.6,31,0.9393939393939394,0.5175081025747025,0.8896780303030303,0.3119535799017933,0.00026638903061224474,5.850361847131035,0.022082056698372012,0.7211049276345212,0.0037744770794307116,3
520,-3.0229166666666667,-52.657291666666666,29.103125,14.579076610896484,7.267095430656177,6.9742674813231575,89.0,58.0,36.0,280.359375,1578.78125,874.078125,62.75619818894502,2.1401920949268134,1880.6783492906338,0.40044168595041313,0.006075491998623631,0.8544409934788295,-0.00012812499999999977,30.88652892561983,0.012511861730760436,0.011247511624190434,0.0001666666666666631,-7.84895942700764e-06,0.4005101966897998,0.00029835139634332955,0.00541297483233019,14.0,78.78041803813366,35.67960590626839,153.6,153.6,30,0.9090909090909091,0.4697905118241534,0.8929924242424242,0.30739488216131955,0.00232461734693879,6.777600258429152,0.04314208039912682,2.974096196302832,0.00636539169530867,3
521,-23.144791666666666,-36.00833333333333,29.483333333333334,26.530149397241065,23.96546850273442,7.206748380665321,89.0,58.0,43.0,786.390625,1079.640625,885.359375,63.45390723807798,2.2977774525385275,1901.6264724835817,0.39553905785123966,0.007707087843648276,0.8000301637385392,-0.00017083333333333303,30.89198347107438,0.01674405456149263,0.016865810421672917,0.0004999999999999894,9.809706832497587e-07,0.3955406012089841,0.0003397196730823685,0.007278568846319527,14.0,84.99470074802677,37.47569014378542,153.6,153.6,31,0.9117647058823529,0.4380407913065687,0.8391544117647058,0.3207667916304449,0.0032327346938775463,5.557920005408753,0.022269315555653105,0.2690593025384902,0.004006771514160238,3
522,-42.24583333333333,-19.564583333333335,30.6125,20.601273811075103,22.795741466183014,7.48051984044781,89.0,58.0,43.0,1267.03125,586.34375,919.25,64.02932444138423,2.2069462113872285,1918.8960866553323,0.38867756198347103,0.006035854067884898,0.6346787907726809,-0.00013880000000000004,30.90735537190083,0.019403015657294378,0.022480477480828414,0.0003333333333333262,3.310327639055338e-08,0.38868112083179884,0.00033548684793779677,0.00552545479500126,15.0,84.44346170507356,35.03359853982805,153.6,153.6,32,0.9142857142857143,0.43916274106916486,0.834375,0.31572443624600416,0.00022392984693878052,5.642718133900848,0.024182896055858816,0.2097600994205871,0.004285682091857567,3
523,-54.71458333333333,-4.371875,33.71041666666667,1.1309084812908405,1.039952234980851,1.5829481439355142,66.0,6.0,43.0,1639.625,131.34375,1010.359375,64.44997895516296,0.5074488602002255,1931.441582966978,0.38328778512396694,0.0046599278808426535,0.4911650041791954,-6.405833333333332e-05,30.920909090909092,0.018895099718932804,0.01685490109372249,0.0003333333333333262,4.426101576416984e-07,0.38323200539350205,0.00021879213400241625,0.00441576155284154,16.0,88.60572424460393,35.506700970710824,153.6,153.6,32,0.8888888888888888,0.45651441701925316,0.79296875,0.30323449393436747,0.008274501275510233,5.7439132825520565,0.05558047623818903,1.0781848569925108,0.00967641283983561,3
524,-54.364583333333336,-4.716666666666667,34.182291666666664,0.48776257173843185,0.5428832491634111,0.4777322279239933,56.0,6.0,36.0,1629.21875,141.34375,1024.421875,64.39550173038889,0.4051525122085028,1929.8464778195694,0.37782393388429747,0.004967025745449611,0.3845071355139271,-0.00012812500000000023,30.934462809917353,0.016760363179911534,0.016844005869635605,0.0001666666666666631,-1.2304326684601856e-06,0.37782211835064594,7.667494986680566e-05,0.004915073879945134,15.0,78.50372372745096,31.619168014307384,147.69230769230768,147.69230769230768,30,0.9090909090909091,0.3969507340387548,0.8707386363636364,0.27567798890018336,0.00024581760204081223,3.9461170451739607,0.01049518866426091,0.8660437334779235,0.0026596242696593,3
525,-54.395833333333336,-4.739583333333333,34.186458333333334,0.49115439414596385,0.5542410664342928,0.4000311945301544,56.0,7.0,35.0,1630.171875,142.015625,1024.53125,64.42535503798749,0.407843796807017,1930.7450868335777,0.3722118016528925,0.005402465243244059,0.44827903625597876,-0.0001494833333333334,30.946363636363632,0.019241827716832978,0.022451423519562107,0.0006666666666666524,8.633362432473984e-07,0.37221230523522536,7.48681491536853e-05,0.005345170506500456,15.0,76.8193965551513,32.99506696966783,153.6,153.6,28,0.8484848484848485,0.38899072191799283,0.8934659090909091,0.272199022818628,1.9929846938775058e-05,3.4268336301551585,0.0441839033751928,0.7141773391480066,0.012893506993274214,3
526,-51.82083333333333,-3.533333333333333,37.26770833333333,4.189170479409444,2.8352199601128345,4.997311668780581,62.0,17.0,50.0,1553.09375,112.28125,1116.78125,64.31522610923264,0.9368736227195784,1927.4619240864663,0.3702422809917355,0.0035291990457488663,0.3309834080219364,-1.0683333333333377e-05,30.956446280991738,0.01650742403139984,0.016833124722079512,0.0001666666666666631,1.0588943828542464e-06,0.370237044812981,7.293210370539404e-05,0.0033897638777327776,15.0,74.95638859285069,32.88737034508953,153.6,153.6,27,0.84375,0.3952348953215527,0.91455078125,0.27167356197601084,0.0009324298469387722,3.373744489252214,0.018780408263315524,1.3522823813691869,0.005566636217752867,3
527,-48.990625,-1.9239583333333334,40.75833333333333,4.341288646171203,3.058704954431514,5.249993386239221,62.0,17.0,50.0,1468.1875,68.9375,1221.515625,64.18631294517888,0.9522677338307689,1923.6057597311378,0.3704117024793388,0.003493552244261171,0.3013929816889911,3.203333333333345e-05,30.961735537190087,0.01598954647925457,0.016833124722079512,0.0001666666666666631,3.203530939174177e-07,0.37039193135176524,7.77904420122146e-05,0.0033525504698765805,16.0,85.78382141760154,33.11948084652167,153.6,153.6,26,0.7222222222222222,0.35936529490001035,0.7981770833333334,0.26629752994998895,9.000000000000632e-06,2.9643518053166065,0.004327103252912781,2.1271632370888724,0.0014597131302539936,3
528,-45.56041666666667,-0.3625,44.84166666666667,2.280464095980368,2.2527413855123277,2.5625372626017016,62.0,17.0,50.0,1365.265625,22.265625,1344.0,64.05164123290571,0.9419423396004837,1919.5383967993998,0.3712905702479339,0.002513039192014802,0.27078346417142923,3.203333333333345e-05,30.961900826446275,0.013745866371101718,0.016833124722079512,-0.0003333333333333262,-1.5267889491173606e-06,0.3712983677520784,7.560534963878107e-05,0.0023127593116770502,15.0,86.9423626456649,35.45280492736265,153.6,153.6,27,0.75,0.44467176648705087,0.8072916666666666,0.3046095876167649,0.00012178698979591845,3.579294938922198,0.012469052106284996,3.4019691094263886,0.003483661536436473,3
529,-44.473958333333336,-0.12708333333333333,45.97083333333333,1.2563791220264244,0.5347271825166756,1.1379730396142471,48.0,2.0,48.0,1332.828125,8.921875,1377.6875,63.98629057193304,0.4250417753811095,1917.5882618302544,0.3693846198347107,0.0028387403860588066,0.27078346417142923,-9.609166666666678e-05,30.962727272727275,0.0131110955471415,0.016833124722079512,0.0,-1.539403358670696e-06,0.3693877425346078,4.7187654392316384e-05,0.002710962809644723,15.0,85.10515460296355,33.726499746112694,153.6,153.6,29,0.8055555555555556,0.40129185918730026,0.8190104166666666,0.3030555252213487,0.00011943367346938687,4.007121696391129,0.04063513623204407,1.7542467869120304,0.010140729259268727,3
530,-43.665625,-0.315625,46.740625,0.7770575006876904,0.499338755463997,0.6161165550242909,47.0,2.0,49.0,1308.59375,10.078125,1400.78125,63.97283681965933,0.42586098503158554,1917.195262526474,0.36663150413223133,0.002278325937268238,0.2419545410868193,-7.47416666666667e-05,30.96206611570248,0.012191133166668021,0.016833124722079512,0.0,1.0067918552448715e-06,0.36662700097201273,3.31249965228223e-05,0.0021508510154044347,16.0,76.71574758103647,33.001515955134636,153.6,153.6,28,0.875,0.36520084992547636,0.90380859375,0.2947888611209576,0.0034431747448979535,4.420581289175866,0.09367088457028956,0.24797999193079007,0.021189721089316906,3
531,-43.52291666666667,-0.4583333333333333,46.889583333333334,0.6467030434356165,0.5247353830477055,0.4658055671510259,47.0,2.0,49.0,1304.3125,14.15625,1405.21875,63.98308825754839,0.4029065567091268,1917.4804777224513,0.3647678595041322,0.0016727672984627432,0.1525615210275364,-4.270833333333326e-05,30.966363636363642,0.012856486930664227,0.016833124722079512,0.0001666666666666631,-1.06875058203443e-06,0.36477264015347344,4.387334890295674e-05,0.0015041206098548616,16.0,78.16212452260834,32.472924997837104,153.6,153.6,31,0.9393939393939394,0.41030503253867423,0.8816287878787878,0.28636009773146326,0.00041441326530612476,4.847770596331854,0.01748829789061144,1.4313945063390339,0.0036074928759715344,3
532,-43.49166666666667,-0.6583333333333333,46.905208333333334,0.6486631551806291,0.5040805711612204,0.47255286116711026,47.0,2.0,49.0,1303.390625,20.1875,1405.6875,63.97494231627964,0.40244746492713074,1917.2469553064234,0.3636241818181818,0.0010997697429931878,0.15309918283274032,-3.203333333333345e-05,30.968677685950418,0.01252713740264199,0.016833124722079512,0.0,-2.112209819647153e-07,0.36362751851743175,5.452600799624412e-05,0.0008398833410459996,16.0,81.04700862716558,36.030734859169726,153.6,153.6,29,0.8787878787878788,0.3970660373140484,0.868844696969697,0.300379026710899,0.0018153686224489885,3.7573759130975235,0.06679916487081847,1.950030232451199,0.017778142622879127,3
533,-45.29270833333333,-1.4541666666666666,44.170833333333334,5.271656618015242,2.4533105467691794,8.10850783471013,72.0,16.0,50.0,1357.171875,44.34375,1324.0,64.05807333589897,0.8525151959091112,1919.7212048128872,0.36208873553719007,0.0021759211054935236,0.2471180159884953,-5.338333333333306e-05,30.97264462809918,0.00993936950636204,0.011218457662923596,0.0,-2.2705452546968796e-07,0.3620865229028697,7.648121481491537e-05,0.0020032563042656024,15.0,81.87167056658254,33.674543847234524,153.6,153.6,30,0.8823529411764706,0.3400824494783314,0.8423713235294118,0.27887497113747,0.003795440051020413,2.7121791634169834,0.023878034729806395,0.3970300722545567,0.008804003456660754,3
534,-50.677083333333336,-3.042708333333333,36.534375,8.301725211849375,2.8905825822713584,11.978751396787633,72.0,16.0,50.0,1518.703125,92.0,1094.90625,64.28120188903478,0.9365274695118444,1926.4257082962795,0.35933557851239667,0.0037753472890486145,0.37336451693691014,-0.00010677500000000016,30.967520661157028,0.012215759482248916,0.011218457662923596,-0.0001666666666666631,-2.060472835354375e-07,0.35933363265944,7.300815405556078e-05,0.0036814647063287036,16.0,84.01537806553293,32.70818468667986,153.6,153.6,29,0.8055555555555556,0.30015806847630894,0.8198784722222222,0.28296846986167973,0.00030875510204081646,2.118273427468583,0.0679914797690785,0.4820165158024039,0.03209759367577532,3
535,-55.94583333333333,-4.645833333333333,29.4,6.794543102536197,2.5810978230633226,9.79032260278826,72.0,16.0,50.0,1676.78125,140.109375,880.859375,64.52721728470854,0.8925036836585082,1933.8053212006353,0.35509996694214874,0.004197382551054756,0.3760585664612658,-8.541666666666652e-05,30.960413223140492,0.013136077015738911,0.016833124722079512,-0.0003333333333333262,-4.774134893752985e-07,0.3550995214305763,7.017455154687945e-05,0.004095991309427987,16.0,93.22606449373087,34.891989031168386,153.6,153.6,33,0.8461538461538461,0.35452425671873805,0.7471955128205128,0.2938094890592805,0.0004365114795918394,4.396572857492265,0.07577904763852332,3.718489707310205,0.01723593582883248,3
536,-55.653125,-7.388541666666667,26.711458333333333,8.299315397531794,7.304256318973472,14.359632146168085,77.0,45.0,67.0,1667.609375,225.3125,855.34375,64.70129911918004,2.7449226990440363,1938.926675220638,0.3522727933884297,0.0031632703547874283,0.4126133696544473,-3.203333333333345e-05,30.949008264462808,0.015609117841755747,0.016844005869635605,-0.0001666666666666631,-3.1278178470246606e-07,0.35225542593780007,0.00016291983424423042,0.002819010485312854,16.0,95.35568796675959,36.290473073153905,153.6,153.6,34,0.8717948717948718,0.4050859461477865,0.7419871794871795,0.3145141779075551,0.001158429846938775,5.653827845705163,0.0419784236173318,3.797677718713702,0.007424779240354835,3
537,-54.87708333333333,-10.263541666666667,21.480208333333334,8.865634485268885,10.345305092485056,21.276787624621907,77.0,45.0,67.0,1644.46875,337.46875,809.515625,64.84243285716722,3.466888782529296,1943.2675023832776,0.3485349090909091,0.01218958273375838,2.0048643733574663,0.0005018250000000002,30.942231404958676,0.015927916306309218,0.016844005869635605,-0.0001666666666666631,2.118764438255755e-05,0.34847000078672374,0.000590214534703855,0.011287401698197832,15.0,94.50107594995859,34.656745394304984,153.6,153.6,36,0.9230769230769231,0.3734892815343603,0.7355769230769231,0.29279596112663675,0.0033062500000000106,5.740994396585255,0.05296948954561115,4.225110752998961,0.009226535663772363,0
538,-52.677083333333336,-17.65,16.010416666666668,9.463080444181776,13.105517285988116,25.00649698564466,89.0,45.0,67.0,1578.59375,560.703125,768.828125,64.91246226301291,3.9664416823635613,1945.358791751955,0.34273225619834713,0.016118097126131863,2.039093392600399,-0.00021354166666666673,30.933966942148757,0.01736717426322435,0.02246594110672146,0.0,-3.951441589657339e-07,0.34272696670183805,0.0007333664802294542,0.015500445031180352,16.0,90.58278681301178,32.24848376474337,147.69230769230768,147.69230769230768,34,0.918918918918919,0.4663421956061641,0.765625,0.3111457141041885,0.005051147959183666,5.430959111593376,0.03859323599122833,1.745404039283883,0.007106154769024869,0
539,-53.396875,-25.253125,13.022916666666667,6.676902867426009,11.898682114743142,18.950359930435507,89.0,39.0,62.0,1600.09375,784.796875,624.6875,64.77135767300732,2.9137562003977826,1941.0563795335206,0.33345640495867773,0.0166891109714636,2.1774017176700995,-0.00027760833333333363,30.932148760330577,0.014949314452356727,0.02246594110672146,0.0,-7.1950801107641355e-06,0.3334693333967223,0.0007197750226541305,0.01613502906343172,16.0,86.66770375931021,29.45208587073855,142.22222222222223,142.22222222222223,31,0.8378378378378378,0.42065957891958855,0.7820945945945946,0.28624842205012585,5.0511479591835576e-05,3.2941077527254743,0.024949409054609344,2.555735874045767,0.007573950498117961,0
540,-50.342708333333334,-32.271875,18.083333333333332,4.774307209595674,5.740394206937505,14.078771450505032,89.0,38.0,62.0,1508.59375,969.59375,665.09375,64.4423467999218,2.00275366731476,1931.2445870656716,0.3259806694214877,0.012508422998413786,2.24737690652638,-0.0007794250000000003,30.933140495867768,0.01454733271119845,0.02246594110672146,0.0001666666666666631,2.701724881188992e-06,0.32599286765385715,0.0005084447640052668,0.012198862573921415,15.0,79.74015445264955,27.895344225661766,153.6,153.6,27,0.7714285714285715,0.42739612977461966,0.8415178571428571,0.2784368951698692,0.00046996045918367546,4.1335186542760765,0.017361469267386503,1.459870982532937,0.004200167150431574,0
541,-48.514583333333334,-35.003125,23.135416666666668,1.5040901988873168,0.9481289826328131,1.293572183163953,52.0,37.0,26.0,1453.890625,1049.0,693.34375,64.17677017286582,0.5547929155641794,1923.275840524939,0.3198708925619835,0.0030371441805717827,0.3130836837937926,-7.47416666666667e-05,30.943057851239665,0.014929197927374406,0.016844005869635605,0.0001666666666666631,7.539182032577457e-07,0.31987002642174944,5.0792422467280435e-05,0.0029341566072417003,15.0,73.6839936520126,19.603455667449698,153.6,153.6,24,0.7058823529411765,0.22965577110266047,0.8561580882352942,0.16878826719929105,0.00026872576530612017,0.9913108633141946,0.016735248189402595,0.706665434687614,0.01688193765319243,0
542,-46.485416666666666,-36.940625,23.484375,3.2586097229322952,2.7071694213775515,3.443860119987696,59.0,48.0,32.0,1393.109375,1107.0625,703.796875,64.07734536327672,0.9596324966839794,1920.3214308447282,0.31714954545454543,0.0030249234181959728,0.3514198230301676,-8.541666666666652e-05,30.950991735537183,0.014960275701136555,0.016833124722079512,0.0003333333333333262,8.258506143576351e-07,0.3171462568454995,0.00010676099470695091,0.002861820575249027,15.0,71.24393055868111,26.476601817449186,153.6,153.6,24,0.75,0.28221440834625333,0.9287109375,0.25984454569462506,0.00487503188775513,3.2367437800982404,0.015855400801417643,0.18179404043921943,0.004898565310886735,0
543,-44.28958333333333,-33.11145833333333,25.504166666666666,9.820339004317631,13.831240075999352,12.33735787377328,78.0,48.0,79.0,1328.421875,1033.734375,770.6875,64.34933269823709,2.7412447826237503,1928.4856194749282,0.31510589256198346,0.0038771867533932977,0.4920192656485229,6.405833333333332e-05,30.960909090909087,0.015850541612874837,0.016833124722079512,0.0003333333333333262,-1.0282215805385515e-07,0.31508729705217436,0.00015867045176179477,0.0035719738312513954,16.0,73.96326274803623,27.640980667164403,153.6,153.6,27,0.8181818181818182,0.3064726351148154,0.9067234848484849,0.280762541810812,0.0010354604591836696,4.039107587134599,0.014864181973179189,0.3573418139311665,0.0036800658691352297,0
544,-46.303125,-23.655208333333334,23.25,14.51611140196902,18.05959099868905,20.02768916608537,78.0,48.0,79.0,1388.28125,754.265625,771.515625,64.59217421302671,3.15221304810995,1935.7192356350993,0.3143222892561983,0.004475510286133805,0.4920192656485229,3.203333333333345e-05,30.97297520661157,0.021460886123871512,0.022436924682948556,0.0001666666666666631,2.729923711383405e-06,0.31430925417454997,0.00019164643200726426,0.004130210600789467,16.0,76.01358347663418,27.815956107161327,153.6,153.6,29,0.8787878787878788,0.3417801335185659,0.8910984848484849,0.30257645345779677,0.0005306441326530647,4.041587691800814,0.04962936598959665,0.8162460031300771,0.012279670707202508,0
545,-50.41979166666667,-14.140625,22.908333333333335,15.788109448461434,14.994027131140419,21.95582528371204,83.0,48.0,79.0,1511.890625,470.953125,784.078125,64.88043184254376,3.684763301991165,1944.4166266525722,0.32485821487603306,0.01998773388906166,1.965566503392964,0.0005872416666666667,30.980909090909094,0.016057747029687288,0.016822257623792466,-0.0001666666666666631,-3.6353187987515443e-06,0.32497393986610446,0.0005013728955886204,0.019695759520777636,16.0,90.04842085151813,29.7583846214234,147.69230769230768,147.69230769230768,30,0.7692307692307693,0.2941574022570766,0.7463942307692307,0.2588203043632596,0.0019234489795918314,1.9154793169225066,0.010033277819743964,1.9301392992711954,0.0052379985161436615,0
546,-57.41041666666667,-8.878125,14.139583333333333,12.39179398471917,7.470270286344508,21.560749828327452,83.0,33.0,78.0,1720.765625,277.921875,591.875,65.09187097004475,3.461303986319637,1950.6874838177637,0.33698247933884296,0.021796312230010044,2.1290418538453872,0.00012812500000000023,30.98371900826447,0.014552965754086367,0.016822257623792466,-0.0003333333333333262,-1.1998886529201563e-06,0.3369887218257596,0.0006073997405052097,0.02096073174543294,15.0,93.32406738080898,28.924760290753685,153.6,153.6,31,0.7380952380952381,0.28132409254404733,0.7090773809523809,0.22796166845765484,4.746173469387645e-06,1.3459504165671836,0.002965394138330547,1.2925138756751753,0.0022031971622652477,0
547,-58.00625,-9.290625,11.507291666666667,11.875568517092843,9.995098570935072,21.757708139835497,83.0,48.0,94.0,1738.53125,310.65625,566.734375,65.36995054261766,4.955508657617504,1958.9355999694317,0.34638541322314054,0.015355857706274904,1.9156127282508228,0.00011744999999999997,30.961074380165293,0.02885706161030708,0.022451423519562107,-0.0003333333333333262,-4.671267363137375e-06,0.34639353827235164,0.0006068914972715282,0.014068518028313956,15.0,97.26460569157075,30.483073937504944,153.6,153.6,30,0.7142857142857143,0.30609869022177766,0.6852678571428571,0.23154470213305325,0.00029510331632653025,1.904598579036802,0.01962413143663485,2.3846020195379234,0.010303552492703849,0
548,-55.702083333333334,-12.077083333333333,13.128125,13.398958130879265,13.55314753700122,23.356058292964914,125.0,49.0,94.0,1669.421875,425.5,609.671875,65.50685138556734,6.205115890606775,1963.1515047045448,0.3522834297520661,0.014598843101920327,1.537491008621271,-0.00021354166666666673,30.93561983471075,0.036292944058072436,0.033698935143752204,-0.0006666666666666524,-2.683919926084309e-05,0.35216279329327504,0.0008290425673138288,0.01344518699171316,14.0,88.78967305340117,30.10760138367296,153.6,153.6,32,0.8205128205128205,0.36907671186817115,0.7580128205128205,0.25812788583298935,0.00030375510204082263,5.533791768867506,0.026390578159586772,1.9692671364538863,0.004768986485551773,0
549,-51.20729166666667,-12.141666666666667,17.455208333333335,16.072483893233922,19.196265189411776,26.890791367553017,125.0,62.0,94.0,1536.390625,566.953125,796.03125,65.84880022578855,9.389493711458712,1973.0567377061855,0.3607657190082644,0.06763065189289715,10.154804743009633,0.000908133333333333,30.910826446280996,0.01770216295601984,0.022480477480828414,-0.0004999999999999894,0.00017112402244027946,0.35986609094282246,0.0038740731620292763,0.037627685877324436,14.0,87.007275080191,28.216205169888884,147.69230769230768,147.69230769230768,30,0.8108108108108109,0.3477708339573474,0.7652027027027027,0.2479457005033578,0.0011031887755102057,2.4649578255380264,0.04831435189940824,1.2998674072770515,0.01960047810913871,0
550,-47.619791666666664,-4.98125,23.386458333333334,14.661394316023648,27.51771517472881,24.346235676655724,125.0,77.0,81.0,1429.859375,679.109375,884.09375,65.72236247890596,9.212775741217255,1969.397226335604,0.38038689256198344,0.06886008169761113,10.154804743009633,0.0004911499999999999,30.89727272727272,0.016262312563634484,0.016865810421672917,-0.0003333333333333262,-6.02988511681997e-06,0.3804051112976837,0.00453701249524195,0.04347441031519674,13.0,94.38249447523414,30.286467914949636,153.6,153.6,31,0.7560975609756098,0.2980548102646139,0.7054115853658537,0.22811928282829658,0.0004730624999999998,2.5742040716805366,0.012725961595443371,2.614919055479703,0.0049436490818443105,0
551,-44.203125,2.466666666666667,30.075,15.383344301582854,24.136524305615243,25.76570314067391,123.0,77.0,81.0,1327.796875,511.109375,1067.15625,65.3929465789497,8.44745007221881,1959.7481914005439,0.39014983471074377,0.06735331337519564,9.955267114557165,0.0003096416666666666,30.89280991735537,0.015060382075419699,0.016865810421672917,-0.0001666666666666631,4.6461468084425226e-07,0.3902225511137232,0.004506778117815024,0.04105238149646853,14.0,95.75575254076543,29.036255230533587,153.6,153.6,33,0.7674418604651163,0.2870799532422482,0.6900436046511628,0.22145673379819505,0.0020832704081632705,4.045894368118788,0.01120875160480897,1.4117522236426594,0.0027704014452608365,0
552,-37.053125,6.476041666666666,43.715625,12.405404174567431,18.196423897703927,18.76464332708481,86.0,77.0,61.0,1111.171875,327.125,1341.984375,64.39129745630991,4.099463813681375,1929.7275709392927,0.3956772231404958,0.01297936943131313,2.1354519208715876,-0.00047036666666666664,30.89297520661157,0.017564268203351996,0.016865810421672917,0.0003333333333333262,-4.079538952191471e-05,0.3976315294361938,0.002786407796047739,0.025430173630146238,14.0,94.24139908608053,30.706156835326247,153.6,153.6,31,0.7560975609756098,0.2763350936532944,0.711890243902439,0.24287308990738354,0.0007661033163265356,3.68381430259514,0.001032443677788114,1.445563351743107,0.000280264854029365,0
553,-31.913541666666667,3.625,53.479166666666664,9.529221721802042,3.992310316930119,9.384361067163224,86.0,26.0,61.0,956.28125,140.875,1602.734375,63.88849436570099,2.1695996597973086,1914.6412406772652,0.39180119834710747,0.0043912771417737965,0.5712522789000394,-4.270833333333326e-05,30.918925619834717,0.03699009590233149,0.033698935143752204,0.0008333333333333156,6.171274351809338e-06,0.39179579073831444,0.00035489036858568596,0.0038974330061916436,16.0,88.51783957344695,31.51723464083187,153.6,153.6,32,0.8205128205128205,0.29122700454171846,0.7644230769230769,0.255728259683573,0.0003844400510204131,3.4874172677195396,0.04374757667002383,1.3678823299840115,0.012544405590625194,0
554,-27.814583333333335,4.021875,57.015625,1.3704454238393524,0.2339440482430218,0.6380027633495537,37.0,6.0,59.0,833.546875,120.53125,1708.6875,63.58320435128564,0.352194675311157,1905.4999304777332,0.3908906033057852,0.002607470775029643,0.2836949904574276,-3.2033333333332985e-05,30.95363636363636,0.04177863742936722,0.039302735104621164,0.0009999999999999788,-8.33283072483959e-06,0.39091600484103894,0.00015102326777070241,0.0023848530605648155,16.0,82.9353593897185,36.11073392177838,153.6,153.6,28,0.8,0.35217980933979964,0.8415178571428571,0.2869497562772114,0.0040277155612244925,2.0887033993974717,0.09063394523775209,1.2361328048490876,0.04339244397452375,7
555,-27.65,3.6666666666666665,56.98125,3.1708962981045805,2.835293439644103,2.4357712886954994,55.0,27.0,67.0,828.40625,126.5625,1707.796875,63.62186534234922,1.0556989911821337,1906.6747297520042,0.38915405785123963,0.003835267271813008,0.4879175331778615,-0.0001067749999999997,30.990165289256193,0.028225288206462352,0.028037111619734923,0.000666666666666682,2.4799442629784505e-06,0.38914094900579155,0.00016038601921721974,0.00369111109612945,15.0,85.56784604982596,37.23413308628719,153.6,153.6,29,0.8285714285714286,0.5319321420711315,0.8424107142857142,0.3687797246753577,0.0002877869897959187,3.690482579623636,0.06725008061340652,3.7193527292777713,0.018222570940916036,7
556,-30.791666666666668,0.48125,54.920833333333334,6.220792866579701,5.417531581587688,4.161077501347725,55.0,27.0,67.0,922.703125,143.890625,1645.953125,63.61765498517366,1.677117821564582,1906.5385822941053,0.3940142975206612,0.015275883924131775,1.2362210604908122,0.0003843750000000002,31.01545454545455,0.02270908363054021,0.028000957963754246,0.0003333333333333558,2.680970888295271e-06,0.3940244053253525,0.00021533562412356138,0.015207402784020992,15.0,83.9337451249342,36.49911622347303,153.6,153.6,30,0.8823529411764706,0.5879212001575526,0.8579963235294118,0.37306808670944025,0.0005339400510204077,5.695786791816128,0.017861564756216884,2.4658318195606674,0.003135925800783291,7
557,-33.2625,-3.0864583333333333,53.54479166666667,5.78898469077264,5.462163791935441,3.917385655416618,55.0,27.0,67.0,996.921875,171.0,1604.59375,63.70885475427031,1.6852771975620666,1909.2606981306,0.41139057024793385,0.026122935569926283,1.513424330112252,0.0004484333333333331,31.02933884297521,0.01704323802267778,0.022393540313828886,0.0003333333333333558,-2.8129905481940942e-06,0.41139291834543734,0.00022997959925926886,0.026107648634842263,14.0,93.82335968793743,37.42886893497735,153.6,153.6,30,0.7894736842105263,0.4891061444345682,0.7693256578947368,0.3650586420306712,0.0059125114795918424,7.13982580943629,0.033910371081099684,7.620533167785947,0.004749467562119279,7
558,-35.86666666666667,-6.583333333333333,52.10208333333333,2.6807440923909334,2.025702895841891,2.058517830800166,55.0,14.0,59.0,1074.875,199.078125,1561.4375,63.70199326214268,1.4030518272423966,1909.0731504610123,0.43161530578512397,0.02247237689004689,1.7096078293620087,0.00046979166666666626,31.03479338842975,0.013852778075872079,0.01678974035296074,0.0003333333333333262,7.225984983061518e-06,0.4316071066004819,0.0003375279013909109,0.022366968005209965,15.0,99.35530792879145,35.722706737400024,153.6,153.6,36,0.8372093023255814,0.42996811724270684,0.6954941860465116,0.26861924070666615,0.0024644132653061242,3.4342914959239073,0.030652079256325678,3.012855525677147,0.0089252992335409,7
559,-35.05,-7.280208333333333,52.56875,2.3738154940938436,1.012229366265648,1.9646518192375293,48.0,17.0,59.0,1050.40625,218.015625,1575.703125,63.67194225465135,1.175008306499474,1908.3606157124882,0.4420135702479339,0.008768387727283413,1.0012309603960374,-0.00020286666666666694,31.034628099173553,0.014260928667849608,0.01678974035296074,0.0,-5.232499326473555e-06,0.4420243073857253,0.00039094241215260894,0.00834662482676133,15.0,97.07585182983115,31.56690260191249,153.6,153.6,34,0.8095238095238095,0.37741378891612376,0.6919642857142857,0.24319432890467363,0.000143144132653061,2.8623340782886517,0.006870790931010343,2.0466413312444205,0.002400415445257281,7
560,-40.49270833333333,-11.73125,42.271875,10.118153495817829,11.419859460788764,18.29298706201482,81.0,56.0,79.0,1213.546875,370.15625,1294.8125,64.1898466270313,3.3586093349577184,1923.6908253201375,0.4258761570247934,0.026772105755406114,2.1330965716688075,-0.0003096333333333335,31.035123966942148,0.015326512570351582,0.01678974035296074,0.0001666666666666631,3.7478829785563e-07,0.4259114307903451,0.0008452806575036768,0.025897215777566734,16.0,91.65204684142714,28.584017675162894,153.6,153.6,34,0.8292682926829268,0.3046674672901588,0.7198932926829268,0.22213705764413194,0.001001270408163266,2.9118647073850337,0.012726160214293519,3.212846957273794,0.004370450379105044,7
561,-47.03333333333333,-15.708333333333334,29.675,13.456524646265676,14.568957199775449,22.933295482042404,89.0,56.0,79.0,1409.734375,514.953125,959.515625,65.00388449663212,5.766750992992128,1948.0647619532347,0.41053285123966937,0.02316639242012002,2.035558696616693,-0.0003203083333333333,31.02685950413223,0.022269315428891764,0.028000957963754246,-0.000666666666666682,3.477146525381449e-08,0.4105193266105993,0.0009211855918184297,0.02207005096486847,15.0,89.3379373586035,28.561336077018716,153.6,153.6,32,0.8205128205128205,0.2912159738425292,0.7407852564102564,0.22837452185948773,0.0002491887755102024,2.391293164899112,0.01765209365416757,2.3898032790526447,0.007381819140068638,0
562,-55.309375,-18.15625,17.438541666666666,11.555532388256358,13.993471785234952,17.391520142680566,89.0,56.0,79.0,1658.390625,588.09375,599.265625,65.49510779189735,5.9230500584085615,1963.2470354197703,0.3946919090909091,0.012772255130710744,1.912080470477778,-0.0001067749999999997,31.014958677685954,0.02170896782903149,0.028000957963754246,-0.0001666666666666631,-9.960488212240173e-06,0.39465937308659255,0.0009418570940072981,0.010606649338374043,14.0,93.22194611626222,29.36336137342757,153.6,153.6,32,0.7804878048780488,0.2900005893043581,0.711890243902439,0.22682317269871533,0.00022607270408163554,2.778828190503484,0.030861772735707865,1.443545343651408,0.011106038452170789,0
563,-52.54375,-12.260416666666666,25.251041666666666,12.96221120298668,13.355277352407258,19.87912690273219,92.0,52.0,76.0,1575.71875,429.375,806.078125,65.24948831754436,5.7310469635697965,1955.4387106277482,0.39177998347107446,0.009481019524442887,1.13683218541234,-0.00014947499999999985,31.003388429752068,0.015296178910757179,0.022407983116244194,-0.0003333333333333262,-1.6741654744509533e-05,0.39178279733390514,0.0006331834639834606,0.00863583385538677,14.0,89.67180321131913,30.38591125401158,147.69230769230768,147.69230769230768,32,0.8205128205128205,0.33407243135500925,0.7540064102564102,0.26506393300617775,0.00084722576530611,4.316910117563482,0.0548458367864136,2.207099894923449,0.012704882726946672,0
564,-47.94166666666667,-5.229166666666667,36.65416666666667,11.252718807273004,9.616261364942662,16.817995797326414,92.0,35.0,76.0,1437.703125,227.0,1105.03125,64.4991070553867,3.3289421329352606,1932.939582635091,0.3876927438016529,0.00470618366826948,0.489558368828409,-8.541666666666652e-05,30.995619834710745,0.016708119567349636,0.016811404547579893,0.0001666666666666631,-6.452012848801115e-06,0.38772241002377894,0.00038937415302758914,0.0041281115420587,14.0,94.23837703698626,31.958783579947376,147.69230769230768,147.69230769230768,36,0.8780487804878049,0.35802225020328693,0.7244664634146342,0.27334234183851003,3.6429846938772776e-05,5.793839360921706,0.008189737248645523,4.183667947265967,0.001413525080430029,0
565,-41.74270833333333,0.4,47.62291666666667,6.352447769555493,5.867317672213315,5.358550005339339,92.0,35.0,76.0,1252.046875,95.875,1427.578125,64.08534514004528,2.6678636799145297,1920.8044480604785,0.3870257355371901,0.0034603989183128988,0.4614966267030097,-7.47333333333336e-05,30.989008264462814,0.017971739002474757,0.016811404547579893,-0.0001666666666666927,1.0787170354590103e-05,0.38697754266715856,0.0002621454871742996,0.002960837933253074,15.0,87.0482157573129,31.580505404910205,147.69230769230768,147.69230769230768,33,0.8918918918918919,0.37952099687101926,0.792652027027027,0.2993131708921941,0.00012496045918367304,6.5860507744921675,0.01036365593815507,1.409614594640519,0.0015735766839656933,0
566,-38.702083333333334,0.23020833333333332,49.221875,11.578841867520929,6.764962117898165,2.1736443632085574,104.0,46.0,75.0,1192.765625,86.28125,1475.078125,63.970493729345456,3.6100113606155237,1917.108024461461,0.3887411404958678,0.002479722796110519,0.2864798718238603,4.270833333333326e-05,30.978099173553723,0.016176406121864058,0.016822257623792466,-0.000500000000000019,-5.802333446912308e-07,0.3887430009000739,7.49735940264337e-05,0.0022964658604232033,14.0,90.96967399918431,32.296026744285946,153.6,153.6,31,0.8157894736842105,0.3424229606096862,0.7549342105263158,0.28202800978506387,1.0795918367347217e-05,4.444642200649092,0.04344201558910893,1.5201341309778182,0.009774018611163952,0
567,-37.626041666666666,0.06770833333333333,49.971875,11.465925467732522,6.732276032783951,2.3465934140881046,104.0,46.0,75.0,1160.46875,81.421875,1497.609375,63.89178174903906,3.612423000308754,1914.7625076771874,0.3893340661157024,0.0026125606473581765,0.2864798718238603,2.1350000000000072e-05,30.978099173553723,0.014218719449657196,0.016822257623792466,0.0,6.707550968617528e-07,0.38933251899876475,6.178211428207431e-05,0.002480223870896547,14.0,86.85272575788746,35.4533560911065,153.6,153.6,30,0.8108108108108109,0.3674828894590045,0.8002533783783784,0.28382211472951235,3.0644132653060825e-05,2.4226349939386402,0.03235658820171538,6.1457530681250185,0.013355948495200717,0
568,-36.49583333333333,-0.12916666666666668,50.817708333333336,11.162062950259488,6.686739312915443,1.9867002998935752,104.0,46.0,75.0,1126.5625,75.5,1522.984375,63.83257596459002,3.613221654540978,1912.986771467239,0.3897787272727272,0.002401219855279482,0.2864798718238603,1.0675000000000268e-05,30.980743801652892,0.014325916482658086,0.016822257623792466,0.0,-1.2286931127723962e-06,0.3897800156093808,6.321000468127899e-05,0.0022558354189649702,14.0,87.44976488272118,36.0426026048815,153.6,153.6,31,0.8378378378378378,0.37205877811845806,0.7930743243243243,0.27239255949665375,0.00022714795918367194,2.69716096579062,0.022697569787770388,2.3331602334692008,0.008415356026449477,0
569,-38.09791666666667,1.296875,50.998958333333334,0.63639269301448,0.46141835793742175,0.43660498729464314,42.0,2.0,52.0,1141.75,38.875,1528.359375,63.6767736212239,0.3223629291208738,1908.3028819611561,0.38904810743801654,0.0018628348511534614,0.20020993978604132,-5.339166666666663e-05,30.99,0.012060453783111262,0.016822257623792466,0.0003333333333333262,4.6461281209328645e-07,0.38905013438559655,5.662491600915212e-05,0.0017646304390782311,16.0,82.58714139433641,39.705432748098154,153.6,153.6,30,0.8823529411764706,0.3807754435976271,0.8708639705882353,0.3124381561859116,0.004751147959183684,3.493330321008494,0.15902948078328702,0.2606294880220865,0.045523745586525756,0
570,-38.3125,1.4,50.891666666666666,0.5684866606467854,0.4920196473041838,0.3365470084384779,42.0,2.0,52.0,1148.1875,41.953125,1525.15625,63.72086087928015,0.31592003749599795,1909.637702493172,0.3871950082644628,0.0017931864868973367,0.1149669472408358,-3.203333333333345e-05,30.996611570247936,0.014857656234212173,0.016811404547579893,0.0,1.063402138961694e-07,0.38719345415947914,5.301015868998741e-05,0.001683832745513376,17.0,73.46482169371815,34.95373956375616,153.6,153.6,26,0.8387096774193549,0.3762024990779567,0.9511088709677419,0.29456448980001754,6.797193877550327e-06,4.1773829469866275,0.091471531677506,0.36042124341209447,0.02189685093234973,0
571,-38.364583333333336,1.4458333333333333,50.92395833333333,0.5537710053703506,0.49914858064063,0.2912776423458477,42.0,2.0,52.0,1149.734375,43.328125,1526.140625,63.77849870607812,0.3535219919494175,1911.3697894157408,0.3866656363636363,0.0013560305099081145,0.1149669472408358,-1.0675000000000268e-05,31.00371900826446,0.013854750141948962,0.011203986897655265,0.0001666666666666927,1.0297798053972049e-06,0.38665986721942397,4.867835667178292e-05,0.0011786338754412626,17.0,71.4387377331094,34.93092972163549,153.6,153.6,24,0.8275862068965517,0.3614072970693868,0.9800646551724138,0.2995960977541868,0.0001306122448979593,3.1109326891283007,0.18654141639413443,0.6961132706703974,0.05996317986757994,0
572,-38.478125,1.8927083333333334,50.81666666666667,1.6756654850262727,2.3966010998072296,1.5281161241505463,47.0,18.0,65.0,1153.140625,68.5625,1522.921875,63.839879388091546,1.355931308704056,1913.2086261560228,0.38228179338842977,0.008756826158991583,0.6828624772764575,-0.00018150833333333328,31.010826446280984,0.014635334625573605,0.011203986897655265,0.0003333333333333558,1.53151846253398e-06,0.3822756809847965,6.63415807284701e-05,0.008722658123053452,16.0,74.73775570593962,32.224062160817375,153.6,153.6,25,0.8064516129032258,0.33499747356012505,0.922883064516129,0.29336409437838074,0.0001940051020408133,2.907142097714501,0.08930424124029278,1.039385499823398,0.030718911645392505,0
573,-38.371875,3.2666666666666666,50.78854166666667,1.7941573651833516,2.9114954156851347,1.6291849823139244,47.0,18.0,65.0,1149.96875,109.765625,1522.0625,63.835280241326,1.3981820975972032,1913.0661641050847,0.3759920578512397,0.011093382768325772,0.6828624772764575,-0.00013880000000000004,31.01628099173553,0.012340367904086123,0.016800565466320163,0.0001666666666666927,-2.6584370506385004e-06,0.37598099942146385,0.00017129418723964938,0.011012383522919523,15.0,73.93774818909397,29.75670152457928,153.6,153.6,27,0.8709677419354839,0.33968956032800496,0.9254032258064516,0.2992058772240288,0.0006667461734693826,2.68001073889791,0.10213016254884073,0.1304481194322198,0.03810811690659094,0
574,-39.00416666666667,3.45625,47.35729166666667,5.94873790302522,4.279330469925562,16.55591689794308,82.0,24.0,72.0,1169.046875,138.0,1488.609375,64.00655443412347,2.6350106523989467,1918.2015353213674,0.36901393388429754,0.009095197041228364,1.0330615330338042,-0.00011744999999999997,31.019421487603303,0.012080824274129943,0.016800565466320163,-0.0001666666666666927,-4.048130061963886e-07,0.3690223462134512,0.00039828619198945106,0.008467027509364273,15.0,77.61690758499002,27.900343679743763,153.6,153.6,27,0.7941176470588235,0.29875055470976775,0.8704044117647058,0.28370379265323625,5.102040816326476e-05,1.6459547984969667,0.14037303700252204,0.07843107218074913,0.08528365246160236,0
575,-38.00208333333333,2.115625,47.703125,6.9126993516562605,7.122745668587009,17.147837285433646,82.0,30.0,82.0,1138.78125,158.625,1499.265625,64.07800880171521,3.286087543058078,1920.3596991186942,0.3669279338842975,0.0068350066348254615,0.9275224875899547,-0.00019219166666666667,31.016942148760332,0.013037959532506006,0.016800565466320163,-0.0001666666666666631,-5.016298852384761e-06,0.36697762067066525,0.00040010214113031577,0.005751835695424077,16.0,76.48130112180682,29.516521907082737,153.6,153.6,28,0.8484848484848485,0.35596205468420367,0.8920454545454546,0.2901925249422685,0.0036516122448979576,3.3817620381866442,0.140868124758378,1.1027719014823465,0.04165524456413668,0
576,-37.55625,-8.084375,38.66875,9.48578775172802,20.405273154898996,26.18131216671222,89.0,73.0,82.0,1125.609375,375.40625,1295.484375,64.32491115979155,5.022301526019471,1927.7549467079325,0.36510663636363644,0.009409962007107503,1.272463621004101,0.0,31.019256198347108,0.015220977762937434,0.016800565466320163,0.0,3.607728942265639e-06,0.36509711334499517,0.0004303253462958617,0.007975588848805162,16.0,89.11102276865009,35.27124735192792,153.6,153.6,31,0.8378378378378378,0.37238672774415577,0.7867398648648649,0.3004917540274529,0.001316653061224498,3.9290867961781037,0.029503575567203122,2.4363279408511866,0.007509015987099547,0
577,-40.85625,-8.842708333333333,28.838541666666668,12.989264898529349,27.72163056167988,26.664934330938525,94.0,128.0,82.0,1225.15625,619.234375,1005.96875,64.67276343263431,6.6895692427228886,1938.6740598146403,0.36249113223140494,0.00956746793704147,1.272463621004101,-0.0001494833333333334,31.02586776859504,0.01973667230978422,0.022393540313828886,0.000500000000000019,-4.93813668737171e-07,0.36245835946410626,0.0003855599234834267,0.00856910755272702,15.0,93.19467404673273,37.72732967819424,153.6,153.6,34,0.918918918918919,0.49444889442832096,0.7681587837837838,0.3252369181269402,0.0013902244897959141,3.9532373685891296,0.009779949087640261,7.594636417706544,0.002473908894352738,0
578,-45.140625,-4.686458333333333,17.83125,20.244083899813997,31.972361501093367,23.56579138152377,99.0,128.0,82.0,1378.015625,715.953125,701.265625,65.48554767581007,8.75424443337102,1962.523177688776,0.3717457933884298,0.02637688001741638,3.209498038655145,0.0006192750000000002,31.03760330578513,0.018587509953241522,0.01678974035296074,0.0001666666666666631,2.034868290999518e-06,0.3718046961190472,0.001213413341178838,0.02420935134557611,14.0,90.62726625155122,33.48155407256864,153.6,153.6,36,0.9230769230769231,0.4775288143173032,0.7652243589743589,0.29662158506614655,0.004174082908163269,3.5571328221539877,0.04136365947346409,3.2686855842896763,0.011628370809166672,0
579,-54.32083333333333,2.972916666666667,13.211458333333333,19.54970117347634,24.59436113881369,16.112044988349467,99.0,128.0,82.0,1653.703125,481.8125,496.15625,65.71457637628664,7.899345543684188,1969.4233686207695,0.3892915537190082,0.02942862049401906,3.0799564088745877,0.00036302500000000016,31.044214876033063,0.015941632490815507,0.01678974035296074,0.0001666666666666631,-3.5231047887110365e-06,0.38928743410658,0.0011942640730479937,0.027814973018733882,15.0,83.25478596282399,28.580842744086056,147.69230769230768,147.69230769230768,32,0.8888888888888888,0.42729651328773693,0.8081597222222222,0.2716736540689962,0.0015857461734693815,3.14197415942557,0.014097983926165063,0.93481269393217,0.004486982772876312,0
580,-58.890625,1.3666666666666667,12.729166666666666,17.86889510040772,15.609790375131743,12.040105867705465,99.0,124.0,82.0,1791.203125,247.890625,405.90625,65.58680196981845,6.188998225761959,1966.0069860683934,0.4070173636363636,0.02000844510626071,3.0799564088745877,0.00046979166666666675,31.04900826446282,0.015395875731827794,0.016778929180522033,0.0003333333333333262,5.570561917080018e-06,0.40698950090446195,0.001156370406010002,0.017712873950014283,15.0,85.07308898664095,30.705681194254804,153.6,153.6,32,0.8648648648648649,0.4271150902827272,0.7964527027027027,0.26569917700590323,0.000635760204081635,1.7569977163610047,0.008615503941531197,1.3487934241201052,0.0049035373588163485,0
581,-63.65208333333333,-4.001041666666667,11.744791666666666,1.825112962637899,2.971916987669276,4.073858986259902,71.0,13.0,37.0,1907.5625,140.4375,351.9375,65.05976173265528,1.2341947267182711,1949.744708394599,0.40950572727272727,0.00544732850590449,0.6370864689986743,-9.609166666666678e-05,31.058595041322313,0.01921198769724956,0.016778929180522033,0.0004999999999999894,1.8209340111395061e-06,0.40948992485853847,0.00019557610416341814,0.005240336375671313,13.0,91.6208907577284,33.787685875735825,153.6,153.6,35,0.9210526315789473,0.46873592321205704,0.7541118421052632,0.2859773621042063,0.0002469387755102052,2.236756749391512,0.008755687235196949,4.191031562010837,0.003914456606682353,4
582,-63.23854166666667,-4.675,13.43125,1.5290158730145857,1.2960677708617967,3.789440165886425,70.0,13.0,37.0,1895.171875,140.984375,402.5625,64.95327803968021,0.9035837352809482,1946.5728743759619,0.4055984214876033,0.005696405979809636,0.583514743437996,-8.541666666666652e-05,31.072975206611567,0.022513343264768337,0.022364710490752508,0.0006666666666666524,7.782417579214125e-07,0.4055910079099365,0.00019108588664775968,0.005489830738401853,14.0,95.89480435219187,30.662597702302666,153.6,153.6,40,0.9523809523809523,0.4395571734885507,0.6986607142857143,0.24386267128186692,9.928698979591736e-05,0.6770594236842828,0.0008629291693662779,10.000413239155517,0.0012745250109223313,4
583,-62.88125,-4.342708333333333,15.189583333333333,1.3988322883152697,1.2756734162514147,2.653122341642432,70.0,13.0,37.0,1884.453125,131.015625,455.3125,64.91119177117758,0.8913329972987948,1945.3090758185683,0.4020511074380165,0.003196957158158632,0.529589448074413,-8.541666666666652e-05,31.091818181818184,0.01799908170292992,0.02235032339832456,0.0001666666666666631,-8.107599380320935e-07,0.4020454390904663,0.00018866595052933232,0.0028023107715964848,15.0,95.24830957260303,30.80867074219735,153.6,153.6,41,0.9761904761904762,0.4352826540860211,0.7027529761904762,0.2418569675942382,0.0011632971938775449,0.8618163998254709,0.010479168887975784,3.6163596713921735,0.012159398324397113,4
584,-63.02916666666667,-4.03125,14.988541666666666,0.6268168038235378,0.4070504933870817,1.4137987975417705,67.0,6.0,27.0,1888.90625,120.8125,449.1875,64.93032500636598,0.4399085901468811,1945.8821091662908,0.40139455371900823,0.0009907633917106314,0.11092909271159027,-2.1358333333333183e-05,31.10818181818182,0.018541889140337005,0.022335954804278198,0.0003333333333333262,2.404492092800926e-07,0.40138766364189005,5.854886129058108e-05,0.0006114344973849981,15.0,90.26770722700246,29.888778394939674,153.6,153.6,37,0.9487179487179487,0.3907401146171873,0.7431891025641025,0.25396975590904974,0.00037193877551020536,2.1800156800560586,0.012681109814534897,1.0635283580945423,0.005816981010984657,4
585,-63.03125,-4.019791666666666,15.021875,0.628376297160653,0.4064889788549692,1.4136759946000121,67.0,6.0,27.0,1888.96875,120.46875,450.1875,64.93933907436455,0.4412942155866156,1946.1525312062477,0.40143690082644623,0.0008529793231385,0.08333474572217661,-1.0683333333333377e-05,31.113966942148757,0.015771055129753797,0.016746579039932243,0.0,-7.952629626690252e-07,0.4014351578587045,5.2761705420066577e-05,0.0005419037390939204,15.0,87.78219505122152,32.64358333672616,153.6,153.6,35,0.9210526315789473,0.4239734472260058,0.7808388157894737,0.277095755092071,0.0008660408163265326,2.777601302349508,0.006403800856690648,3.058994590760034,0.002305514780423606,4
586,-63.030208333333334,-3.9833333333333334,15.061458333333333,0.6275978993463003,0.3815174380753199,1.396190486023984,67.0,6.0,27.0,1888.9375,119.375,451.359375,64.94474194421859,0.4369330217785635,1946.3108915545158,0.40152161157024785,0.0008510243742020428,0.0830691502621421,0.0,31.112148760330577,0.01796261551986363,0.022335954804278198,-0.0001666666666666631,-1.3259010067236632e-06,0.4015258582193716,5.116132749168354e-05,0.0005427285207029903,15.0,84.01252940980181,27.295283338993997,132.41379310344828,132.41379310344828,33,0.8918918918918919,0.3971418203035633,0.799831081081081,0.275749464323155,0.00029510331632653274,2.712917301119687,0.005070505347526543,0.8965999109499991,0.001869023189698345,4
587,-63.02708333333333,-3.9229166666666666,15.003125,0.162326296048696,0.27819326565457253,0.1962954432524267,64.0,5.0,16.0,1888.84375,117.5625,449.625,64.90771523330687,0.16445321100503174,1945.2038159745175,0.4016593140495867,0.0009058182824810957,0.0830691502621421,1.0683333333333377e-05,31.10123966942149,0.016442750565878513,0.01675734855081656,-0.0003333333333333262,-1.6688340198477884e-06,0.40166641423706395,5.669462350080168e-05,0.00048701092741945624,15.0,82.56840869935759,27.32156316923897,147.69230769230768,147.69230769230768,30,0.8333333333333334,0.3851853392014217,0.8125,0.27305280478579397,7.971938775509785e-05,5.668880458364296,0.011550008843161623,4.82742013135498,0.002037440889429916,4
588,-62.96145833333333,-3.95,15.1875,0.6321045851733891,0.439696865275764,1.3425139664077987,65.0,9.0,29.0,1886.96875,118.3125,454.953125,64.90537149109045,0.30963947349125925,1945.1472021575064,0.4016593305785124,0.000963873267521114,0.0830691502621421,-1.0675000000000268e-05,31.095619834710742,0.013660134552987733,0.01675734855081656,-0.0001666666666666631,-1.2183363498778724e-06,0.40165906361894604,6.129099054625149e-05,0.0005097443376308728,16.0,83.90247495548783,26.133422479136478,147.69230769230768,147.69230769230768,30,0.8108108108108109,0.33674402537902914,0.7905405405405406,0.2581918906753631,0.00017367474489796202,3.476443123186683,0.0048531681498748475,1.3694552069220156,0.0013960154036480221,4
589,-59.041666666666664,7.098958333333333,15.116666666666667,7.225124950861097,19.45576175793683,5.455972772007653,89.0,51.0,47.0,1769.546875,385.84375,455.765625,64.93765255216792,2.902626284462713,1946.103622631399,0.3937177107438016,0.013772467391150286,0.8992205163938259,-0.00029895833333333326,31.092644628099166,0.00993936950636204,0.011175157074578347,0.0,-3.141068327277566e-07,0.3937225613124246,0.00012549145432484514,0.013736302397915123,16.0,82.57925746827667,26.76308805446944,147.69230769230768,147.69230769230768,30,0.8333333333333334,0.34085632708560026,0.8107638888888888,0.27960014197140903,0.00011943367346938531,3.545655128616761,0.01696095135990798,0.8318431897774954,0.004783587445664752,4
590,-53.6125,22.951041666666665,13.8125,8.235078045572287,23.140258456096173,5.793876976314449,89.0,51.0,47.0,1606.65625,785.34375,416.65625,64.96322876508972,2.910604189502924,1946.862501453297,0.38058750413223136,0.018173727185244695,1.0223353681962517,-0.00035235000000000035,31.081735537190085,0.020836938194140942,0.022364710490752508,-0.0003333333333333262,2.5068359448078536e-07,0.3805792849392272,0.00012765044521212166,0.01813500638070802,16.0,84.25656328444983,28.046236910038175,147.69230769230768,147.69230769230768,32,0.8888888888888888,0.3662388010233214,0.8033854166666666,0.29237207758117384,0.000143144132653061,2.773562105417492,0.01843125022215267,0.46590549579146595,0.006645335320291411,4
591,-48.264583333333334,38.909375,12.280208333333333,5.118878033943463,13.504131914937801,5.575955071249877,89.0,51.0,47.0,1446.296875,1182.671875,370.453125,65.00327053341906,2.905782159614554,1948.0514276013428,0.36646195041322316,0.012036476054028187,1.0569712671235914,-0.0003523416666666663,31.06338842975207,0.027977373355058507,0.027964897427538663,-0.0004999999999999894,5.599930210349496e-08,0.36646099879781735,0.00012816367796357925,0.011976481302102684,15.0,82.10236111845515,29.696647251500323,147.69230769230768,147.69230769230768,32,0.9142857142857143,0.39428433049267736,0.8415178571428571,0.3237084324429839,0.00015269897959183792,2.299975025943174,0.07265829120560349,0.48591138285186924,0.03159090441680242,4
592,-46.75208333333333,43.809375,11.020833333333334,0.43180318787099703,0.3927939782825087,0.16950704672339995,47.0,44.0,12.0,1401.109375,1312.90625,330.28125,65.01298025004283,0.39909147765799435,1948.3595108642653,0.3594520495867769,0.002429680878447795,0.2471180159884953,-7.47416666666667e-05,31.035289256198343,0.028022257392367855,0.03359033372810045,-0.0008333333333333452,1.2584162136140732e-06,0.35944059455945004,6.531878047527306e-05,0.002284192408805573,16.0,79.71903422963857,30.957840078725805,153.6,153.6,32,0.9411764705882353,0.3718001898268787,0.8694852941176471,0.3195411343605748,0.004697144132653059,1.1697731305523558,0.1032398678648673,0.3849254056312196,0.088256316689475,4
593,-46.771875,43.840625,11.003125,0.41962362227953753,0.3660254217605657,0.11632669960790028,47.0,44.0,12.0,1401.6875,1313.84375,329.75,65.0450342015727,0.38022017687633086,1949.30994407308,0.35672014049586775,0.00243721467940025,0.2497832946040632,-6.405833333333332e-05,31.00504132231405,0.03255317244552471,0.03361199797675401,-0.000666666666666682,2.0781161399228782e-06,0.35672275239671314,7.001070922774506e-05,0.002289153673024306,15.0,76.77494016138215,29.830055360811844,153.6,153.6,30,0.9375,0.3054007109586228,0.89453125,0.3078511634981871,5.7257653061227076e-06,1.585215262480987,0.10961076629136583,0.27277471039569956,0.06914566676567088,4
594,-46.780208333333334,43.865625,10.998958333333333,0.4141054092022411,0.3410547747430022,0.08538490263051321,47.0,44.0,12.0,1401.953125,1314.59375,329.625,65.06697161899676,0.3772655996363143,1949.979251932883,0.3544435289256198,0.0026036240035079384,0.2825285169905198,-7.47416666666667e-05,30.976115702479337,0.030079011677826534,0.03925198898588059,-0.0010000000000000083,1.432486635137123e-06,0.3544466943889895,6.78281746917284e-05,0.002454354834621218,16.0,73.48985979268082,32.60426754396195,153.6,153.6,29,0.9354838709677419,0.4040908165509745,0.9425403225806451,0.3022874376262933,0.0006965829081632597,4.3727376767531965,0.08555908107862759,0.9963140606514509,0.01956647926389129,4
595,-46.61145833333333,43.971875,11.13125,0.6073113204366897,0.4356994197551794,0.4323657065108964,47.0,46.0,15.0,1396.875,1317.796875,333.59375,65.04334212832013,0.4096479524672096,1949.2696418401229,0.35189162809917357,0.0020434755118363635,0.22132298625964983,-6.405833333333332e-05,30.95082644628099,0.01981679631768678,0.022451423519562107,-0.0004999999999999894,-1.3268579600747179e-07,0.35189375774579185,7.638495930534105e-05,0.0018154246200901478,14.0,74.04205708778228,32.12726551802751,153.6,153.6,29,0.9354838709677419,0.42298272780437896,0.9334677419354839,0.30112795507953927,0.00030750127551020217,4.964572107541873,0.05861751040872552,1.0590647695177235,0.011807162659532612,4
596,-46.33541666666667,44.061458333333334,11.2375,0.6072443163358733,0.4175498452447191,0.5019233839276004,47.0,46.0,15.0,1388.625,1320.46875,336.765625,64.92529599050518,0.4065901441151617,1945.7373906438925,0.35008096694214874,0.0018079119362278335,0.19077273163347955,-4.270833333333326e-05,30.94107438016529,0.0147598770903837,0.016844005869635605,-0.0001666666666666631,4.561700144769427e-07,0.35008246566879303,6.436581576013876e-05,0.0015905140062686014,14.0,73.96402988955926,32.30530746123062,153.6,153.6,28,0.9032258064516129,0.4741443087508626,0.9420362903225806,0.3214248131015515,0.0015857461734693915,4.879715673391514,0.026340682079596858,0.08803114005626181,0.005397995260918446,4
597,-46.0625,44.153125,11.311458333333333,0.46351240544347894,0.4088737389158174,0.5302062868329857,47.0,46.0,15.0,1380.421875,1323.21875,338.984375,64.80533873180211,0.3642186015595526,1942.127487545719,0.3482384710743802,0.0017716390229602964,0.22379172490457488,-3.203333333333345e-05,30.94272727272727,0.016262312563634487,0.016844005869635605,0.0003333333333333262,-9.00688254429783e-07,0.3482484593822361,5.6983339969270766e-05,0.001561579257150582,15.0,73.71543974046442,31.672118779834435,153.6,153.6,29,0.9354838709677419,0.435804004350962,0.9435483870967742,0.32402336148450955,0.00011633163265306448,5.192873369206654,0.03278605248811537,0.3912164346892679,0.006313663006406853,4
598,-45.96875,44.223958333333336,11.304166666666667,0.1798798789007079,0.41689446897732874,0.4600535898735663,47.0,45.0,12.0,1377.625,1325.328125,338.765625,64.78412152486442,0.32257802921439155,1941.4914789803975,0.3465124628099173,0.0018638739362601268,0.19286573123086426,-4.270833333333372e-05,30.947024793388422,0.013523449367988313,0.011225707072154945,0.0001666666666666631,1.7748823877255e-07,0.3465104474558462,5.2769522381902094e-05,0.001740889979959527,15.0,73.2312486011123,32.97561976828416,153.6,153.6,27,0.8709677419354839,0.4501970777938998,0.952116935483871,0.31809347621789247,0.0005880625000000017,3.3642047261081407,0.11279270595138477,0.22759381397840706,0.03352730143800384,4
599,-45.96458333333333,44.31041666666667,11.28125,0.18483053424390924,0.46266419757986704,0.4496092053105675,46.0,45.0,12.0,1377.5,1327.9375,338.078125,64.8362941331383,0.3576027794118179,1943.0673349228855,0.3447123553719008,0.0017381175428373876,0.19360753182040968,-4.270833333333326e-05,30.945537190082643,0.017531573087269398,0.022451423519562107,-0.0001666666666666631,-1.262726969358676e-06,0.3447191138397342,5.754047778505173e-05,0.0015771297096172686,15.0,78.87925422813065,33.97457815514651,153.6,153.6,29,0.8787878787878788,0.3881071195307666,0.8873106060606061,0.3113795627885041,0.0005208176020408158,5.54574557670967,0.08789775404155968,0.9913087261147521,0.015849582860544793,4
600,-45.822916666666664,44.530208333333334,11.392708333333333,0.40811537550332777,0.6013214253601997,0.4883528419738016,46.0,46.0,12.0,1373.265625,1334.5,341.421875,64.90830797027387,0.3887669860135308,1945.2170432654254,0.34335703305785126,0.0014216040464991916,0.16222478715345034,-2.1350000000000072e-05,30.937603305785125,0.015049493738961712,0.022451423519562107,-0.0001666666666666631,-7.465127232473561e-07,0.34336071933952045,6.689184306615902e-05,0.0011767219561195114,14.0,84.2665443062969,32.893886770820885,153.6,153.6,33,0.9428571428571428,0.37087963056448253,0.8214285714285714,0.29839333803500623,0.0015377602040816355,5.452330560715874,0.07657777361059243,1.1164295746027144,0.014044961646738088,4
601,-45.6125,44.74270833333333,11.309375,0.5081112903029544,0.5732300279386587,0.4644840607688635,46.0,46.0,12.0,1366.953125,1340.890625,338.921875,64.89204772891439,0.36976327782936513,1944.7401840387938,0.3422875702479338,0.001225071459048799,0.1300263484598465,-2.1358333333333183e-05,30.928512396694217,0.01588497689485449,0.022451423519562107,-0.0003333333333333262,-6.091670476597592e-07,0.34228878654126704,6.143705434896705e-05,0.0009150827540888957,14.0,82.44153446716537,28.481944700811386,153.6,153.6,35,0.9722222222222222,0.34743359141917834,0.8198784722222222,0.28296846986167973,0.000120215561224489,5.510974963999881,0.017674093909308054,1.8547950962036515,0.003207072074317708,4
602,-45.436458333333334,44.958333333333336,11.23125,0.5165227874262234,0.43819389417116356,0.4314009397687183,46.0,46.0,12.0,1361.671875,1347.359375,336.59375,64.9028409168616,0.3614082463875322,1945.0667581125995,0.3414403636363636,0.0012995296606245492,0.1628329502516545,0.0,30.925371900826452,0.01330142118263159,0.011232965856636225,0.0,2.7507659956807574e-06,0.3414289144646301,5.547205469311552e-05,0.0009697783828376552,14.0,82.09950459172823,30.881715496631127,153.6,153.6,34,0.9714285714285714,0.41556418175104043,0.8299107142857143,0.28312301492749165,0.005667938775510211,4.332853512979222,0.07915847065250099,0.7698236334767574,0.018269362307167525,4
603,-45.446875,45.02291666666667,10.884375,0.49716972391226727,0.1496378730654628,0.5225793649851985,46.0,46.0,12.0,1361.984375,1349.28125,326.1875,64.89519365957705,0.3280089724279631,1944.826371348945,0.3407520082644628,0.001123689786137117,0.13051470827104886,-2.1358333333333183e-05,30.923553719008268,0.012911619735164886,0.011232965856636225,-0.0001666666666666631,6.600530963912124e-07,0.34075052389291616,6.721448793084285e-05,0.0007217893863166872,15.0,77.39634325144615,32.933289864758464,153.6,153.6,31,0.96875,0.505124320971676,0.904296875,0.32918703684168577,0.0067709387755102235,10.176492536261696,0.056094094070958375,1.9774916737607269,0.005512124523363957,4
604,-45.56041666666667,45.03541666666667,10.5,0.4963364044565831,0.18483053424390922,0.5916079783099616,46.0,46.0,12.0,1365.390625,1349.65625,314.65625,64.92082993171174,0.3266103352555989,1945.595459512986,0.3404025289256198,0.0010427345333374842,0.13051470827104886,-1.0674999999999805e-05,30.926363636363643,0.012856486930664227,0.011232965856636225,0.0001666666666666631,1.843567401523201e-07,0.3404027814636111,6.962006390205311e-05,0.0005633003393267683,14.0,80.18955173051808,33.83497179213128,153.6,153.6,28,0.8484848484848485,0.4873115370886344,0.8735795454545454,0.32284862208528803,0.00044100000000000037,6.187208045433522,0.03307499331281561,0.46495601883835597,0.0053457056995564675,4
605,-45.672916666666666,45.04895833333333,10.114583333333334,0.4691479792015403,0.21578094200034337,0.5277663558705584,46.0,46.0,12.0,1368.765625,1350.046875,303.109375,64.94751487167468,0.3070347324489122,1946.3879272399672,0.34016960330578516,0.0010343983157814725,0.1310067503970499,-3.203333333333345e-05,30.92735537190083,0.012315990750543312,0.011232965856636225,0.0,-1.4646091948872255e-06,0.34016315389039614,7.232925666604946e-05,0.0005988848375819505,14.0,78.65751491873806,29.784153933178967,147.69230769230768,147.69230769230768,29,0.8529411764705882,0.4495433815483656,0.8708639705882353,0.3072002071120324,0.0017341275510204023,6.556733948614075,0.03128342704735446,1.3262218178983285,0.004771190548911471,4
606,-45.760416666666664,45.0625,9.665625,0.42682919267808084,0.24206145913796356,0.4717715118306743,46.0,46.0,10.0,1371.375,1350.46875,289.671875,64.94958890390306,0.28843176083879896,1946.4548564983475,0.33936494214876034,0.0014126021255995186,0.16408891410989246,-2.1350000000000072e-05,30.927685950413228,0.01315893503305436,0.011232965856636225,0.0001666666666666631,-1.3383399105928825e-06,0.3393684692076621,6.527686876215334e-05,0.0011846237099956362,14.0,80.67174600244456,30.160327219474485,147.69230769230768,147.69230769230768,30,0.8571428571428571,0.3987842709548979,0.84375,0.2828328475316422,0.00016622576530612364,4.484612218017109,0.030663203957719574,1.068160448984055,0.006837425950571362,4
607,-45.82083333333333,45.05625,9.458333333333334,0.38349181506548774,0.2304038573895845,0.4982608642958916,46.0,46.0,10.0,1373.1875,1350.28125,283.453125,64.95723891384156,0.2828946036512324,1946.684356796503,0.33847559504132235,0.0013170029686677047,0.16408891410989246,-2.1350000000000072e-05,30.925371900826452,0.014260928667849606,0.011232965856636225,0.0,-8.962059394722818e-08,0.33847581109316727,6.939109173984569e-05,0.0011235055376825219,15.0,79.93167275551964,32.8424639267532,147.69230769230768,147.69230769230768,30,0.8823529411764706,0.45161222136347073,0.8717830882352942,0.31430497598813795,0.002954698979591865,7.0953694705234485,0.02420737118558721,0.7495063926778014,0.003411713975734847,4
608,-45.865625,45.041666666666664,9.225,0.3410547747430022,0.19982631347136331,0.41758232721225164,46.0,46.0,10.0,1374.546875,1349.828125,276.453125,64.94437340829968,0.25865859739597374,1946.298391630246,0.3371837520661158,0.0013423657313528913,0.1320024408918338,-1.0674999999999805e-05,30.921735537190088,0.014005765397893824,0.01685490109372249,-0.0003333333333333262,7.480630975638038e-07,0.3371743180506728,7.145806546300159e-05,0.0010998858873867295,15.0,80.29517907130932,35.90019656816791,153.6,153.6,28,0.875,0.4687920008064998,0.88427734375,0.3281449811392071,1.225765306122313e-06,7.136501011694902,0.06703946481561535,0.19366164989046072,0.009393884300689482,4
609,-45.903125,45.026041666666664,9.18125,0.2957874817753449,0.15925921720229852,0.38522517765587444,46.0,46.0,10.0,1375.65625,1349.375,275.15625,64.95340128954571,0.23146832593560837,1946.5715099682784,0.3363577272727273,0.0013588378663797283,0.16531238813608495,-1.0683333333333377e-05,30.91264462809918,0.017044840960656515,0.022480477480828414,-0.0004999999999999894,1.0305830669510127e-06,0.3363546475939352,6.0612131352716696e-05,0.0011433571138730948,14.0,80.96505322203184,36.64932757356086,153.6,153.6,26,0.7878787878787878,0.5094175356089908,0.8835227272727273,0.3399212328749539,0.00011787755102040873,8.332579595707243,0.03141393045251296,1.063612759048991,0.003770012646347442,4
610,-45.94583333333333,45.009375,9.070833333333333,0.22634628092568448,0.09636964965693294,0.25654623798103576,46.0,46.0,10.0,1376.9375,1348.875,271.84375,64.95568907923698,0.16807114018630068,1946.6401436590165,0.3354681404958678,0.001045165393260399,0.1325057863442784,-2.1358333333333183e-05,30.90520661157025,0.017253538314974694,0.016865810421672917,-0.0003333333333333262,1.2278333320127643e-06,0.3354580939597991,5.342852854782615e-05,0.0007455756973609572,12.0,79.06132669231154,36.54624260052145,153.6,153.6,29,0.8787878787878788,0.47676257326842597,0.9005681818181818,0.32614205530351853,2.5829081632655596e-06,5.390127236826646,0.019323311991164032,1.413308014885068,0.0035849454274738666,4
611,-45.975,45.00416666666667,9.017708333333333,0.15612494995995993,0.06441510347391795,0.14683805681959822,46.0,46.0,10.0,1377.8125,1348.71875,270.25,64.96484213680404,0.11864993383822275,1946.9147353860285,0.3346846280991736,0.0013020800087909666,0.16660664620507037,-3.203333333333345e-05,30.89363636363636,0.017439387357500426,0.02249503267836905,-0.0003333333333333262,1.2527066484007502e-06,0.334684630703023,5.453549286959502e-05,0.0011154726630980122,11.0,75.24256806712785,35.04937117667382,153.6,153.6,26,0.8387096774193549,0.4473773400329972,0.9440524193548387,0.3329208420492169,0.003112045918367341,3.819699784832031,0.02099252168539145,2.215785166392581,0.005495856446297803,4
612,-45.978125,45.005208333333336,9.0125,0.1462753717308556,0.07198059875565237,0.13635890143294643,46.0,46.0,10.0,1377.90625,1348.75,270.09375,64.9670229604462,0.11406572750697268,1946.9801600952933,0.33381642975206616,0.0013419841842772793,0.13352448249222848,-2.1350000000000072e-05,30.876776859504133,0.025266018600531733,0.022509606735934877,-0.0001666666666666631,1.7794784597189425e-06,0.33380630691872604,5.4690355074890016e-05,0.0011238271454979975,13.0,64.42439393734848,26.76053837762301,153.6,153.6,23,0.8214285714285714,0.3156095293238149,1.0362723214285714,0.2682074299981604,4.041326530612241e-05,1.2348537556106023,0.16622199642243987,0.0,0.13460864954024254,4
613,-45.990625,45.003125,9.008333333333333,0.09636964965693294,0.05581428468591173,0.12047360245667467,46.0,46.0,10.0,1378.28125,1348.6875,269.96875,64.97376250597367,0.07758318546868623,1947.182346461117,0.3326834958677686,0.0013578848654558912,0.1672222184352756,-2.1350000000000072e-05,30.85545454545454,0.025324342322153793,0.022509606735934877,-0.000500000000000019,7.937939177181155e-07,0.3326821365915109,6.815503440245795e-05,0.0010578778959906682,13.0,62.64353449983897,25.34572965897449,147.69230769230768,147.69230769230768,21,0.7777777777777778,0.3230927068746321,1.0584490740740742,0.2657983024185578,1.2001275510204895e-05,2.629559774898048,0.021180529149332064,0.0,0.008054781394027549,4
614,-46.25416666666667,44.98020833333333,7.8375,0.5123305953082335,0.16015603827899286,1.876568788152107,48.0,46.0,10.0,1386.171875,1348.0,234.90625,65.02198861817307,0.21005032295894865,1948.6246908362073,0.3317516198347108,0.0014000373327737769,0.16786850414853463,-1.0674999999999805e-05,30.836942148760325,0.016606429861298767,0.022524199690199753,-0.0001666666666666927,1.1441295944052066e-06,0.3317478160670921,6.307712902253976e-05,0.0011013013351471783,14.0,71.43615192458509,33.999650802873305,153.6,153.6,24,0.8,0.32594978921025075,0.98125,0.3170348052002072,0.005560897959183697,2.776407981460375,0.030341636188302122,0.4891288050616718,0.010928378102537578,4
615,-46.44895833333333,45.02916666666667,6.748958333333333,0.6369678811346945,0.290802290606904,2.044428138852172,48.0,46.0,10.0,1392.03125,1349.453125,202.1875,65.07906472955956,0.25560501912125266,1950.3305301135617,0.33068205785123966,0.0013899139238318014,0.16851980497193778,-3.203333333333345e-05,30.833471074380164,0.011692389543027497,0.011269401046396909,0.0,-5.186551001486336e-07,0.33067354096714247,6.79558187725733e-05,0.0010546937420707985,14.0,76.25403044456813,33.08990803151042,153.6,153.6,26,0.8125,0.3489006532332849,0.9111328125,0.30756447961143424,2.8176020408164713e-06,2.6890883334850573,0.030340896221530793,0.7914200243568354,0.011282967481476893,4
616,-46.317708333333336,45.19895833333333,6.622916666666667,0.7998039853180001,0.4643532221601952,1.9304295272612835,48.0,46.0,10.0,1388.09375,1354.546875,198.40625,65.08924670048967,0.33286227802180823,1950.635989241465,0.3296337768595042,0.0014047579332521218,0.1692028474341793,-5.339166666666663e-05,30.83595041322314,0.012764783190948599,0.011269401046396909,0.0,3.604418968509278e-07,0.3296351202238735,6.092746373207157e-05,0.0011192571358861977,14.0,77.24722342993465,30.75450160071933,153.6,153.6,29,0.8529411764705882,0.3439543985972471,0.8782169117647058,0.275700442037599,4.6045918367361696e-07,3.149232906753031,0.052128914397867224,0.5683689929458473,0.016552892701611567,4
617,-45.958333333333336,45.37708333333333,7.5625,0.7190367785370153,0.4952859373354166,1.6368955627447137,48.0,46.0,10.0,1377.296875,1359.90625,226.671875,65.05195054973062,0.3535246461036597,1949.525594839676,0.3284267190082644,0.0015147286706988187,0.20343186667711283,-5.339166666666663e-05,30.839917355371902,0.01124452981930389,0.011262095111742889,0.0,-1.5911336320679339e-06,0.3284269384400315,6.462039671463718e-05,0.001276547702787544,14.0,77.05418590081678,28.130152325385648,147.69230769230768,147.69230769230768,25,0.7575757575757576,0.3447141131781795,0.8650568181818182,0.24677783203023465,0.002321174744897968,3.17438605503902,0.03807102748674715,0.22997347614921146,0.011993193904790882,4
618,-45.715625,45.4375,8.372916666666667,0.45341944456356664,0.49607837082461076,0.49423323750589204,47.0,46.0,10.0,1370.046875,1361.703125,250.90625,65.00108504442609,0.38131532964444,1948.00178677078,0.32749499173553726,0.0011933383308318295,0.16983820570357128,-2.134999999999961e-05,30.8394214876033,0.011229942315018315,0.011262095111742889,0.0,3.91202904751966e-06,0.3274913648337615,6.540371965191302e-05,0.0009603674176401642,15.0,78.84493489479436,31.890276705554296,147.69230769230768,147.69230769230768,28,0.8235294117647058,0.4077768510193691,0.8708639705882353,0.2864187233414707,0.0014008979591836792,3.346652134659143,0.027250287872886594,0.47415452610520237,0.008142551653538391,4
619,-44.91770833333333,44.084375,9.861458333333333,6.4075556765637165,8.15629649571677,7.446795588703275,68.0,65.0,46.0,1345.96875,1321.5625,302.15625,64.95303031917034,1.5561364626124847,1946.5671364933698,0.3337000330578513,0.036122351024484786,5.7536099375441765,0.0,30.835454545454542,0.014316377952749919,0.01689862330309444,-0.0001666666666666631,-3.2538921212938306e-06,0.3337015019377008,0.00309213615628021,0.028182789943317743,15.0,84.93833536931338,34.31995934521629,153.6,153.6,32,0.8888888888888888,0.4195621122926003,0.8216145833333334,0.29990628509487716,0.0014223673469387738,3.752664049077543,0.028869142905054358,3.3760727123631966,0.007692972919371984,0
620,-44.68958333333333,29.7,17.716666666666665,13.027274906635522,24.37475640903925,18.279568892314963,93.0,69.0,102.0,1345.515625,1062.421875,574.328125,65.29822257532614,5.2203970318200055,1957.0626542829111,0.33349881818181826,0.0362541540999667,5.823052881583658,-1.0675000000000268e-05,30.82504132231405,0.018944196736389973,0.016909589321248853,-0.0003333333333333262,-2.8636719279120804e-07,0.3335131564370976,0.0030968680746661214,0.028325923130813828,15.0,90.32124626400545,32.89406379599948,153.6,153.6,33,0.8461538461538461,0.38703946529697514,0.7576121794871795,0.2726349668625565,0.0016229387755102,3.138224601910721,0.010487249177888564,5.311879178241693,0.0033417777591518974,0
621,-44.526041666666664,15.3375,29.9375,13.456463323062659,23.637775425858784,20.131139073998437,93.0,69.0,102.0,1340.21875,632.140625,941.0625,65.04047871677557,5.374097129689038,1949.2060379929567,0.3333081570247934,0.03629610965470338,5.823052881583658,-1.0683333333333377e-05,30.805537190082646,0.026283590494726065,0.028200965156500217,-0.000500000000000019,-1.4580881211028828e-06,0.33330320411189124,0.0030969111752905377,0.02838422490226094,14.0,92.99883197713362,29.655516442243353,153.6,153.6,34,0.85,0.3132902667910793,0.71875,0.24867814602915955,0.0013296441326530576,4.87081137483899,0.019363670566669183,6.014287533170968,0.003975450715807953,0
622,-45.46875,2.185416666666667,40.35520833333333,11.870528215044462,12.447430952866897,14.880071752960866,93.0,69.0,102.0,1368.390625,238.0,1246.28125,64.73871581154832,5.185489376286918,1940.1557548542078,0.32600178512396694,0.00290383956198723,0.5404907610175457,0.0,30.790495867768595,0.020644621482308313,0.022568092301453003,-0.0003333333333333262,1.3811363632815006e-05,0.32599616188121383,0.0002368842336909066,0.0025718628312319815,14.0,94.45463514817962,33.864988048657416,153.6,153.6,36,0.8780487804878049,0.34451264830735895,0.7271341463414634,0.2763611676087582,0.00320841326530614,2.8465821827382802,0.0603742084739562,1.3291411849733512,0.021209367795550174,0
623,-45.78854166666667,2.071875,44.56979166666667,3.461405356200073,1.1180529136442219,2.4073074426138197,66.0,19.0,69.0,1372.640625,62.421875,1335.546875,64.0694916974533,1.2150206980254434,1920.1615585033328,0.32577938016528935,0.0012026865330570064,0.1705049112464445,1.0675000000000268e-05,30.790495867768595,0.020158513968147183,0.022568092301453003,0.0001666666666666631,1.1417606378936143e-06,0.3257729168428569,8.88582781087224e-05,0.0009382380375336602,15.0,85.84408263876279,34.213714750117305,153.6,153.6,34,0.9444444444444444,0.3962892893996217,0.8168402777777778,0.3162880461456693,0.0024080051020408267,4.881770056026422,0.07277986044273943,0.777296286573771,0.014908498271624762,0
624,-45.82395833333333,2.0083333333333333,44.651041666666664,0.6901456355465047,0.19346977943739832,0.7651926216737122,49.0,3.0,47.0,1373.28125,60.1875,1338.125,64.01995117206437,0.35942351040141335,1918.5864836979708,0.3256840826446281,0.0010417266149414274,0.13667593239340242,1.0683333333333377e-05,30.807520661157024,0.02487260073517574,0.03383018741319654,0.0003333333333333262,4.311028065785454e-07,0.32568659294176566,8.792709982488233e-05,0.0006902270494437841,14.0,81.44787327006372,34.171519079394606,153.6,153.6,31,0.9117647058823529,0.43144655435101537,0.8630514705882353,0.3201512511884707,0.0009280727040816271,4.932386478225334,0.10304527411323541,1.9110964121814098,0.02089156528348747,0
625,-45.384375,1.9958333333333333,45.06875,1.0057986177038623,0.23713422125220326,0.9658019659847458,49.0,3.0,47.0,1360.125,59.8125,1350.640625,64.0061010826939,0.3697736135881592,1918.181963610135,0.32645718181818184,0.001293738921380282,0.1705049112464445,2.1358333333333183e-05,30.828181818181818,0.02211913647381258,0.028182664692738377,0.000666666666666682,7.835515590949475e-07,0.3264509083944275,7.556637403143994e-05,0.001041754995098754,15.0,77.02181280492194,28.28173073353026,137.14285714285714,137.14285714285714,28,0.8484848484848485,0.4123916021163546,0.8830492424242424,0.2973884418723676,0.002935317602040816,2.6445100164970485,0.1128789261330419,1.3952448629708938,0.04268424979632437,0
626,-44.630208333333336,2.0052083333333335,45.79479166666667,1.1271848960709843,0.2304297577655475,1.08999902443254,49.0,3.0,48.0,1337.5,60.09375,1372.40625,63.99541785262012,0.37085783693690183,1917.8501229837282,0.32790785950413215,0.0021109349160811,0.23779630816303665,4.270833333333326e-05,30.8407438016529,0.016472631409324808,0.01689862330309444,0.0003333333333333558,-5.954173345833427e-07,0.3279152640129506,6.40763387767069e-05,0.0019499824900249137,15.0,84.0977986026802,28.609661947332444,142.22222222222223,142.22222222222223,30,0.8333333333333334,0.3772255388263859,0.8012152777777778,0.2718982247601124,0.00034755612244897956,2.8577372152107374,0.011698599381176285,2.130044715074266,0.004093658198839532,0
627,-42.889583333333334,2.034375,47.259375,2.391455238912538,0.28843259069494903,1.9590643028518318,48.0,3.0,56.0,1285.4375,60.96875,1416.25,63.926298095484945,0.41492385710935015,1915.792918233707,0.33015276859504145,0.0023874857924732554,0.23595097581308055,4.270833333333326e-05,30.84966942148761,0.011778526777732971,0.011262095111742889,0.0001666666666666927,7.763153641912114e-07,0.33014902454388395,5.4862642877474824e-05,0.002255791259303236,16.0,86.30453626361145,33.42694293357862,153.6,153.6,32,0.8648648648648649,0.38410354857031137,0.8023648648648649,0.2876343742649086,0.000723225765306126,4.809153546879751,0.016253739526074628,5.106443635748171,0.003379750587631017,0
628,-40.873958333333334,2.263541666666667,48.91979166666667,2.541683529657175,0.45907964806108414,1.933483459957844,47.0,4.0,56.0,1224.921875,67.828125,1466.09375,63.868397697666595,0.43260898360585887,1914.0649150814857,0.33170934710743805,0.0015974194515874093,0.20182975221618893,4.270833333333326e-05,30.853140495867773,0.012598901818287654,0.016887671498848598,0.0001666666666666631,3.5123670587875007e-07,0.3317114887265172,4.6979698024377786e-05,0.0013855166234340163,15.0,90.11391804599657,34.142693148890196,153.6,153.6,31,0.8378378378378378,0.45036274923974096,0.7753378378378378,0.302355427906486,0.00038865306122449697,7.164581630474023,0.00246545868930312,9.293479441907383,0.00034411760748408144,0
629,-39.33229166666667,2.533333333333333,50.110416666666666,1.9372980965588533,0.6028865749228641,1.4039734659371437,47.0,6.0,56.0,1178.65625,75.921875,1501.8125,63.797577403904526,0.6765050328540099,1911.9314269225001,0.33187882644628103,0.002246509581652748,0.269133668952865,-3.202499999999988e-05,30.858429752066122,0.011134657714445577,0.011254798643803493,0.0001666666666666631,-1.359644521424065e-06,0.3318826615421254,7.839502088196739e-05,0.0020747499818828214,15.0,82.83593944556462,34.439589210340756,153.6,153.6,29,0.8285714285714286,0.4570852547906778,0.8455357142857143,0.3072953058126495,5.2045918367346593e-05,5.573785557249927,0.00624866169970162,0.6511615696103045,0.00112108039240474,0
630,-39.35208333333333,2.8135416666666666,50.12291666666667,1.7317488250481234,0.5160183684688193,1.298835950529892,47.0,6.0,56.0,1179.34375,84.328125,1502.125,63.82272973958461,0.6485575697470409,1912.6955084681695,0.3296021404958678,0.003488190191914951,0.30336268819579953,-6.40666666666669e-05,30.8604132231405,0.011237238434236806,0.011254798643803493,0.0001666666666666631,-4.030926553624387e-09,0.32960589582649324,8.768615042954152e-05,0.0033870667129722023,14.0,71.99040247385723,30.265549229364822,153.6,153.6,22,0.7333333333333333,0.4139887906091178,0.959375,0.31549605451838325,0.0033144693877551206,5.272363466621806,0.019378766839091573,0.9112205507084131,0.0036755369696672767,0
631,-40.54895833333333,2.935416666666667,49.259375,1.9889535979832602,0.42327570966084127,1.4735217256768447,47.0,6.0,56.0,1215.21875,87.96875,1476.234375,63.915774946268634,0.6330847899558986,1915.4807105836794,0.3271030578512397,0.003435637947178263,0.3722280692260172,-7.47416666666667e-05,30.864710743801655,0.01021054228858193,0.011254798643803493,0.0,3.0912892339522994e-06,0.32709753248091106,9.272905932480779e-05,0.003320253589597657,15.0,70.5202339067325,31.801526128502285,153.6,153.6,22,0.7333333333333333,0.37375196415698864,0.9828125,0.30849912842597027,0.000527358418367353,4.84786494234778,0.08243069649770442,0.15044780885516412,0.01700350514669741,0
632,-40.78333333333333,-8.464583333333334,35.63645833333333,6.4283659579156565,22.43246335840959,23.981810032952,74.0,55.0,68.0,1222.359375,398.46875,1184.328125,64.16805000155607,2.6484871149018203,1923.0317688537148,0.3216815371900827,0.006851971076781243,0.8668714619988628,-0.0001708333333333335,30.861570247933887,0.012264863774604435,0.016887671498848598,-0.0001666666666666631,-5.444831613101982e-07,0.3216729077963904,0.00019544879117202847,0.006517512353618134,15.0,78.91999569459962,35.52390167630221,153.6,153.6,25,0.7575757575757576,0.33658413419906064,0.9057765151515151,0.3374834462236289,0.005148062500000007,3.6866824683851007,0.15117280419287005,0.18142717019418508,0.04100510567135693,0
633,-39.01145833333333,-27.016666666666666,15.721875,7.0359844400006,27.694684608342364,28.56528962717471,74.0,55.0,68.0,1169.125,895.390625,791.34375,64.22108220188468,2.6646796215377377,1924.6272531814216,0.31902378512396695,0.008376959621442786,0.8668714619988628,4.270833333333326e-05,30.844710743801656,0.026816621839538774,0.02816438796505067,-0.000500000000000019,-7.32296951267437e-07,0.3190250359310787,0.0002537120305208928,0.008049481964160672,15.0,82.5618447309462,35.5543518060062,153.6,153.6,28,0.8235294117647058,0.3858419285726954,0.8625919117647058,0.33517846473934093,0.004815368622448988,4.366372351321264,0.05672244959387239,0.4216085088252955,0.012990749535299752,0
634,-36.936458333333334,-44.97083333333333,-3.972916666666667,7.093800400579642,18.557320639185917,18.298716252596947,78.0,55.0,68.0,1106.640625,1374.40625,433.484375,64.20164111851061,3.1859565842354893,1923.7395206993451,0.3206015289256198,0.009745135787760505,0.8668714619988628,-8.541666666666652e-05,30.82586776859504,0.023972071266496798,0.022538811577944903,-0.0001666666666666631,5.249641839233344e-06,0.3206061249581847,0.00026549407126076076,0.009430440422686441,16.0,88.59172185341993,34.83522726565291,153.6,153.6,33,0.8918918918918919,0.39409053010715556,0.7922297297297297,0.3140557739477607,0.002692868622448974,4.309868255785645,0.08852050992216731,0.6879845939280917,0.02053902919267562,0
635,-40.31666666666667,-34.146875,3.3802083333333335,10.788290977825088,25.61913125122919,24.109779826658112,88.0,55.0,81.0,1209.03125,1083.796875,577.046875,64.3983642263453,3.118937047185085,1929.9221498723782,0.32032623140495875,0.009431911518276688,0.8439215712599863,8.541666666666652e-05,30.817272727272726,0.01705605730844926,0.016909589321248853,-0.0003333333333333558,0.00013885072744973629,0.32016816391391184,0.0013445183270235867,0.009572931788570944,16.0,85.02085263656443,33.01790279093004,153.6,153.6,32,0.8888888888888888,0.3819756706210862,0.8103298611111112,0.2911815342642945,0.0035021033163265287,3.101726391277969,0.07562242261902552,0.6142845075046406,0.024380752226139352,0
636,-38.21875,-4.010416666666667,11.275,14.719603655358162,41.174980973398426,28.27947208960356,88.0,86.0,81.0,1148.0625,996.3125,757.296875,65.43050496219445,5.874118690684433,1960.641483043889,0.3777221570247934,0.18100890330748556,14.593923788392349,0.00026692500000000027,30.81413223140496,0.01939879102851383,0.022553442436041578,-0.0001666666666666631,3.319316828048386e-05,0.3776742441689887,0.015105867825076578,0.15837442884852995,16.0,88.09303447896413,30.720235356786233,153.6,153.6,34,0.8717948717948718,0.34950512770596537,0.7616185897435898,0.24421691465010428,2.817602040816293e-06,1.9899740714464262,0.021877589287716014,2.3787721058387987,0.010993906705434679,0
637,-37.088541666666664,32.16875,17.882291666666667,16.748615426553837,31.082227345716927,24.60008678334822,88.0,94.0,81.0,1113.9375,1065.390625,742.8125,67.09144778459422,8.982629579753727,2010.2156355018176,0.3831966363636364,0.17975650405000926,14.593923788392349,0.00018150833333333328,30.80305785123967,0.026059149983492676,0.028200965156500217,-0.000666666666666682,-3.4221941057654875e-06,0.38324058573580083,0.015109505614513132,0.15691868788057514,15.0,88.50572155353424,28.87897723618033,153.6,153.6,33,0.8461538461538461,0.3431607539372228,0.7524038461538461,0.23887345522977688,6.250000000001846e-08,1.495244703407265,0.01622666543901346,3.487581833698897,0.010852180517367629,0
638,-30.780208333333334,52.688541666666666,10.257291666666667,13.492151420607362,23.25662705638826,18.99801110638332,82.0,96.0,73.0,924.515625,1642.40625,484.140625,69.17820685122828,11.266084287897227,2073.424082095253,0.3894122644628099,0.1775425251213325,14.196945268378911,0.00011744166666666685,30.785041322314047,0.02012867560776274,0.022568092301453003,-0.0001666666666666631,-7.310123063186638e-05,0.3894141213174171,0.015066276514581282,0.15439053262195016,15.0,88.38816251099483,30.953900236651073,153.6,153.6,34,0.8947368421052632,0.33780563613423337,0.7639802631578947,0.2544017678375646,1.5433673469388546e-05,2.683093033358692,0.036964465577981095,1.671974158160955,0.01377681098583042,0
639,-32.34166666666667,56.25833333333333,13.152083333333334,13.657260482574419,14.747384419693622,14.424003281326657,93.0,96.0,87.0,974.875,1685.9375,440.15625,69.62410295821294,12.186182226774879,2086.5935076179594,0.33954500000000004,0.0196999354200393,4.057963511078861,-0.00021354166666666673,30.775289256198345,0.01601003714953194,0.01693156411010188,0.0001666666666666631,-9.044619632906435e-06,0.33946842606607996,0.0011155205198387017,0.012007157224701893,16.0,86.36446736692277,29.445140167515085,153.6,153.6,32,0.8421052631578947,0.33304507877049205,0.7763157894736842,0.24923055065996919,3.448979591836563e-06,2.904864685549393,0.013183178465731485,1.1893971406240675,0.004538310693545496,0
640,-33.84166666666667,47.92395833333333,14.517708333333333,14.385247555124739,28.09677192605817,14.151696709167558,95.0,96.0,87.0,1019.296875,1591.875,472.265625,68.65280824582341,11.668522612661915,2057.325553024949,0.331338652892562,0.019791899456036644,4.197943694074775,-0.0001708333333333335,30.769999999999996,0.015427784316797071,0.01693156411010188,0.0,-2.359897047553503e-06,0.33135136090621986,0.0010795747653501945,0.012040567253948215,16.0,91.7545860617116,30.975098713462334,153.6,153.6,33,0.825,0.30198661139450944,0.733984375,0.24731190325221786,2.5000000000000035e-05,3.277850796040028,0.015015592628660502,1.043471718153795,0.004580926211406829,0
641,-41.065625,17.042708333333334,17.778125,16.15532889460033,42.36452979004485,15.788898414741976,128.0,111.0,128.0,1241.796875,1278.328125,591.625,66.84232911136938,11.403577536635035,2002.8629657464835,0.32491122314049586,0.021463658652519178,4.41222275591093,6.406666666666644e-05,30.763223140495867,0.016171338589930247,0.01693156411010188,-0.0003333333333333262,-1.574059773797729e-05,0.3251945291735984,0.0012161576177182269,0.014596049981780495,15.0,90.01215620504001,28.95160791047672,147.69230769230768,147.69230769230768,31,0.8157894736842105,0.2871702353793614,0.7401315789473685,0.23719306507819984,0.00040861734693877784,2.0146356950797504,0.004909668040987097,1.178770903859121,0.0024370004229438344,0
642,-47.93541666666667,-10.182291666666666,14.483333333333333,13.39262840743826,38.35523512396881,11.139818470493834,128.0,111.0,128.0,1442.640625,1125.96875,476.96875,65.57480372815883,9.261609346118744,1965.2740616116857,0.3145659173553719,0.013253770801397606,3.058205525523943,-0.0003096333333333335,30.76388429752066,0.017409596518954448,0.01693156411010188,-0.0001666666666666631,-2.1235912668887414e-06,0.3148189979001304,0.0008707942575277267,0.01077525361523703,15.0,86.89333563298628,31.303162633212423,147.69230769230768,147.69230769230768,30,0.8108108108108109,0.35454942552328145,0.7850506756756757,0.2740829834319816,0.0005932704081632687,4.666225890968633,0.017059204015868273,0.5626900657263725,0.0036558890234795424,0
643,-47.665625,-8.251041666666667,13.570833333333333,12.161657029069202,39.57240856642749,10.385044501857253,128.0,111.0,128.0,1434.578125,1153.109375,436.609375,65.3613958613481,8.595202987101578,1958.8276171720092,0.30841380165289256,0.01233358343135437,3.095684424698828,-8.541666666666652e-05,30.780082644628102,0.028181697001750453,0.022568092301453003,0.0004999999999999894,5.053752816996432e-07,0.308408668785838,0.0008346355847529346,0.008878889896360173,15.0,83.68850558422182,34.727656770078,153.6,153.6,30,0.8571428571428571,0.4223343087914513,0.834375,0.2948876147910299,0.0003886530612244931,9.261059192221628,0.021344130366267682,0.9353339836479584,0.0023047180590525366,0
644,-41.108333333333334,19.571875,11.090625,12.231224273237011,43.25702063231326,5.305374203834102,91.0,102.0,39.0,1232.515625,1375.578125,334.21875,64.94989221201331,5.136779306905498,1946.8569414285207,0.3081385289256198,0.01246959167190487,3.095684424698828,-0.00017083333333333303,30.802231404958675,0.024578684688186057,0.022568092301453003,0.0006666666666666524,3.697147588164387e-05,0.30786780886284665,0.0006815215458424764,0.00858301435469423,15.0,83.54493276692602,34.51504276309501,153.6,153.6,31,0.8857142857142857,0.46947707092964236,0.84375,0.326494674261968,0.000473062499999996,6.991665228307168,0.00790996263583324,2.771783060285421,0.0011313417301229126,0
645,-33.45520833333333,49.31041666666667,9.907291666666667,8.268292470230106,22.401625123185198,5.378269253666142,76.0,102.0,36.0,1002.328125,1602.609375,299.765625,64.98095036371633,5.051922719279064,1947.3832475390254,0.30965274380165286,0.005465934763166209,0.7894734738674215,9.609166666666678e-05,30.815454545454546,0.010909090909090676,0.011276716466201908,0.0003333333333333262,9.514131296285991e-07,0.30965755863848327,0.00018435427585833532,0.00525460046842268,15.0,86.61521135897358,32.6752156693939,153.6,153.6,34,0.918918918918919,0.43597825625890513,0.7956081081081081,0.2956026785215646,0.0008327346938775519,6.30585318705031,0.014891090079027244,3.6311090558082233,0.0023614711026903644,0
