,ACC_X_mean_W,ACC_Y_mean_W,ACC_Z_mean_W,ACC_X_std_W,ACC_Y_std_W,ACC_Z_std_W,ACC_X_max_W,ACC_Y_max_W,ACC_Z_max_W,ACC_X_iabs_W,ACC_Y_iabs_W,ACC_Z_iabs_W,ACC_3D_mean_W,ACC_3D_std_W,ACC_3D_iabs_W,EDA_W_mean,EDA_W_std,EDA_W_dynamic_range,EDA_W_slope,Temp_W_mean,Temp_W_std,Temp_W_dynamic_range,Temp_W_slope,SCR_mean_W,SCL_mean_W,SCR_std_W,SCL_std_W,SCR_peaks_W,HR_mean_BVP_W,HR_std_BVP_W,HR_max_BVP_W,HR_min_BVP_W,HR_NN50_BVP_W,HR_pNN50_BVP_W,HR_rmssd_BVP_W,HR_rr_mean_BVP_W,HR_rr_std_BVP_W,HR_ULF_BVP_W,HR_HF_BVP_W,HR_LF_BVP_W,HR_UHF_BVP_W,HR_rate_L_H_BVP_W,Target
0,-26.5625,29.294791666666665,22.695833333333333,13.131793876567917,38.873319550473994,28.326540546024248,128.0,128.0,128.0,796.765625,1296.328125,783.09375,66.17247910565347,13.639170331995638,1981.1323974603179,0.8034744876033058,0.3098984815022871,17.913578109370658,0.005778183333333334,32.53198347107438,0.01463720125839909,0.016025631184557017,0.0,-2.949365584109725e-05,0.80348195368469,0.0011623234500505663,0.30976742893531395,14.0,82.79012479068517,27.019298791075435,147.69230769230768,147.69230769230768,31,0.8857142857142857,0.35958473739018815,0.8008928571428572,0.24627081518780355,0.00012496045918367133,2.96495872021012,0.044827926288415296,2.620878444763068,0.015119241284154688,0
1,-29.023958333333333,37.68125,11.34375,16.057009403941443,35.68917410696835,16.95928219601781,76.0,73.0,62.0,882.578125,1447.34375,424.28125,64.77774497609894,3.7353889772671347,1941.315668674973,0.9556238677685951,0.10188961109483584,3.4029942239320956,-0.0012999166666666665,32.52537190082644,0.018499109753609324,0.016025631184557017,0.0,1.583153135795898e-05,0.9555310191878981,0.0007625687947338028,0.10150761002863046,15.0,84.06290666040967,30.429924533998125,147.69230769230768,147.69230769230768,29,0.8055555555555556,0.41408987443204026,0.8094618055555556,0.28266473475448495,0.00015624999999999962,3.278434328975636,0.05308412399846674,3.713497583418802,0.016191913173094777,0
2,-37.06458333333333,16.967708333333334,-3.7666666666666666,18.54858473468319,40.42438928314107,23.93297353489997,76.0,71.0,62.0,1124.28125,1153.375,574.515625,64.92521961109773,3.3997892264175578,1945.8070281887744,0.8534179090909091,0.07154167604877433,3.011433628112745,-0.0022492166666666672,32.52900826446282,0.021335763584452844,0.02136094439780623,0.0003333333333333262,-7.2861700629598914e-06,0.8534096941238253,0.0006825396424424543,0.07140833051103151,15.0,82.32489378557182,31.20409460659509,147.69230769230768,147.69230769230768,30,0.8823529411764706,0.5329323850952702,0.8478860294117647,0.34900126723134883,0.003080250000000029,8.169357507200516,0.012008695584147248,4.974472450826347,0.0014699681796962267,0
3,-46.134375,-13.058333333333334,2.621875,14.818824796837804,28.379473460388386,29.841346816417456,76.0,71.0,62.0,1396.21875,833.953125,801.6875,64.86878563876611,3.648776016485436,1944.0867828952446,0.7758111322314049,0.08262082845802234,3.171165153115358,-0.0018654583333333336,32.53793388429752,0.021278062865128414,0.02136094439780623,0.0,1.1830154631620498e-05,0.7757557086343227,0.0006900530765174301,0.08240752292740287,16.0,77.15531177687136,29.127623755892955,137.14285714285714,137.14285714285714,27,0.84375,0.6222532890599838,0.9111328125,0.3866287280796201,0.00011100127551020466,4.231481090234523,0.08744423909805006,1.2036238029860837,0.020665161259932185,0
4,-46.96041666666667,-27.380208333333332,7.873958333333333,8.761331700131107,8.01666389195638,31.665533131439048,73.0,40.0,52.0,1407.09375,820.6875,929.703125,64.46206927736009,2.308940842499654,1931.8014716340645,0.6888484214876033,0.07209034508305705,3.1214227045633653,-0.0019294250000000005,32.54719008264463,0.012413212135879316,0.010673905660390432,0.0,5.208679786001958e-06,0.6888457112926315,0.0006083267719653146,0.07196492233866876,15.0,72.43944723043208,26.072000078544722,137.14285714285714,137.14285714285714,23,0.7666666666666667,0.5397160736850122,0.9432291666666667,0.35690918850150877,0.0004276033163265277,3.2628783840171196,0.10200505329433032,0.6629037864628509,0.03126229092508988,0
5,-47.28958333333333,-29.071875,26.963541666666668,8.29454488362013,6.459169888696354,14.260877571989177,72.0,40.0,52.0,1417.453125,871.515625,877.515625,64.17568595737796,1.971166803359851,1923.3155433264667,0.6193712809917356,0.055923474594730696,3.372490750816444,-0.002004033333333333,32.53892561983471,0.018443644469301353,0.018687951719974973,-0.0003333333333333262,-9.903320319550005e-07,0.6193686070779036,0.0005242587681222745,0.05576436162626682,15.0,69.10192121530437,19.748938918491056,123.87096774193549,123.87096774193549,21,0.6774193548387096,0.39447065334973486,0.9349798387096774,0.2514479482160687,0.006201562500000011,2.480992724183234,0.0734204022026528,0.8708223309962262,0.029593154984694076,0
6,-47.94583333333333,-29.539583333333333,25.752083333333335,7.083665433391262,5.758733931434544,14.135025786784245,72.0,40.0,38.0,1437.046875,885.125,847.0625,64.15114591092191,1.526590421693892,1922.5279190979668,0.5820309669421487,0.027848925815429356,2.095048266481148,-0.0007041249999999999,32.52595041322313,0.01905097608816604,0.018687951719974973,-0.0002500000000000095,6.198531325620857e-07,0.5820328493059277,0.000492227350132638,0.027378038516334545,15.0,71.63902413885972,21.03602791137914,123.87096774193549,123.87096774193549,23,0.71875,0.3387303031114396,0.90576171875,0.2438039671014187,5.465433673469443e-05,2.0266740091716033,0.037034045200202675,0.3518974944149492,0.018273311362659764,0
7,-49.313541666666666,-29.880208333333332,24.602083333333333,5.406653304642089,5.019049540493753,11.928956184835378,72.0,36.0,38.0,1477.59375,895.59375,786.984375,64.22470953299657,1.3506240787941988,1924.7025181992162,0.5468573140495868,0.039046774202068514,2.314729887855042,-0.0011518333333333335,32.511157024793384,0.01611888080546786,0.010687038737415493,-0.0003333333333333262,3.681711659143255e-06,0.5468687876289939,0.00037322854407346626,0.0387937566071758,16.0,72.31694523123772,21.04095168683285,123.87096774193549,123.87096774193549,24,0.7272727272727273,0.352342883868115,0.8963068181818182,0.23783177402862576,0.0014062499999999967,2.152029167569131,0.04072246037632217,0.6997941435314325,0.01892281990876595,0
8,-49.28125,-33.028125,20.591666666666665,5.069112194211132,2.8354601010021283,12.417726464838704,63.0,36.0,38.0,1476.859375,989.96875,657.84375,64.26898830175341,0.9737475729103172,1926.070724045021,0.5071589504132231,0.05561062736502282,2.9654490643243356,-0.0006614833333333338,32.50181818181819,0.014714921869307914,0.016035493117043772,-0.0002500000000000095,-4.536679650130294e-06,0.5072412057010479,0.0003095456192516992,0.05542873203109031,16.0,69.1715210137662,18.70401965100452,112.94117647058823,112.94117647058823,22,0.6875,0.31035047013741757,0.9248046875,0.2184511595726888,4.899999999999942e-05,1.3908760402755436,0.010031750294201721,0.38230242961600336,0.007212540876190773,0
9,-51.02708333333333,-34.15,15.516666666666667,4.358097806733524,1.16476034731041,11.069276800626538,58.0,36.0,38.0,1529.296875,1023.484375,477.9375,64.44377776649075,0.7942022306390062,1931.3157876185064,0.45316823140495865,0.043509759073196534,2.8450440603157574,-0.0011832333333333333,32.491983471074384,0.01223866213119585,0.016035493117043772,-0.0002500000000000095,5.2341511845622365e-06,0.45315036263094177,0.0002311603474467389,0.04347015381253163,15.0,65.34351122730759,14.2353027197924,98.46153846153847,98.46153846153847,22,0.7096774193548387,0.29588651223906776,0.9571572580645161,0.18376521214116737,0.000857653061224496,1.0725381361169233,0.05377759282322199,0.7928211018769802,0.050140494787366145,0
10,-52.994791666666664,-34.1375,11.152083333333334,2.7600147113008697,1.4964715444449097,8.52873792889207,65.0,39.0,28.0,1588.140625,1023.046875,348.421875,64.64533903858732,1.3275662894047404,1937.3055103343058,0.41414809917355366,0.026581001656531773,2.2295627188528906,-0.0008314583333333334,32.482892561983476,0.01332604586495688,0.013373196849725249,-0.0001666666666666927,-4.019901031668914e-06,0.4141466197358206,0.0002465371826639911,0.0264987566809321,14.0,68.2977585366628,17.658175433239013,109.71428571428571,109.71428571428571,27,0.84375,0.3248928754902989,0.92919921875,0.20131345044835156,0.0005880625000000064,1.4305565549432728,0.03211161270931574,0.6675883085916878,0.02244693689204695,0
11,-53.09791666666667,-34.32395833333333,10.422916666666667,2.7806616106703013,1.5639989338009652,8.35665252915637,65.0,39.0,28.0,1591.375,1028.625,330.140625,64.68244833966796,1.5338682427723063,1938.4751655567702,0.38090014876033057,0.029498799521633753,2.479677118268856,-0.0008847666666666666,32.47347107438017,0.0133429489722273,0.013373196849725249,-0.0002500000000000095,-2.70297136487929e-06,0.38088510362489597,0.00024848004749477865,0.02950723334908409,14.0,72.30458844532717,20.785495513426923,132.41379310344828,132.41379310344828,29,0.8787878787878788,0.315512820411073,0.8896780303030303,0.21742494357663314,0.0022090000000000026,0.9658361857988108,0.015201441986162998,1.333551021799246,0.01573915143134795,0
12,-51.44583333333333,-35.68958333333333,12.551041666666666,3.87152846287986,2.6135655389503607,8.763887726437236,65.0,44.0,36.0,1541.8125,1069.5625,388.4375,64.595511948676,1.9984480032737009,1935.9015434199064,0.3513733884297521,0.03129832619567339,2.587221614764177,-0.0008634499999999999,32.468512396694216,0.01237573986600601,0.010700204171894719,0.0001666666666666927,-5.097424926302631e-06,0.3513878231630638,0.00021554728952857761,0.031256048852986724,14.0,71.26210400172424,19.946020616297833,132.41379310344828,132.41379310344828,29,0.90625,0.3015991902717589,0.8984375,0.2109375,0.0014440000000000047,1.382910351477294,0.01325346372837326,0.3639533015774367,0.009583747575694438,0
13,-49.965625,-37.23020833333333,12.838541666666666,4.305987307541481,2.678254242959498,10.117640018301232,69.0,44.0,36.0,1497.5,1115.765625,402.265625,64.58374575659495,2.1216131553225765,1935.5170458131602,0.3219523966942149,0.021335128256244493,1.9747568602548247,-0.0005329916666666666,32.46355371900826,0.014818990727068953,0.0160552534402007,-0.0001666666666666335,2.2594343634380305e-06,0.3219352430134924,0.0002077817353317799,0.02121739909785864,15.0,69.95153353732579,19.028412046248402,132.41379310344828,132.41379310344828,30,0.9375,0.2914941045785185,0.91162109375,0.20844920432931008,0.0009765625000000048,1.6571369247433008,0.04092960090059255,0.2681146069257665,0.024698985514991622,0
14,-48.655208333333334,-38.344791666666666,13.785416666666666,4.140611111087817,2.1753529307365023,10.804888738886774,69.0,44.0,36.0,1458.0625,1149.1875,432.359375,64.50978892854458,2.1908063343498414,1933.3131732490306,0.29917042148760337,0.019325853670111092,2.26680573134478,-0.0004903500000000001,32.458264462809915,0.016796186400608204,0.0160552534402007,-0.0001666666666666335,2.979571107382807e-07,0.29918313981025507,0.00017850773883417982,0.019277164586308848,15.0,65.87544354829564,14.112833674117038,98.46153846153847,98.46153846153847,27,0.9,0.3124191705810508,0.9494791666666667,0.18446693211830376,5.308163265306216e-05,1.5843057223785846,0.02124390616128409,0.35684407544513497,0.013408968901147263,0
15,-48.61354166666667,-38.68020833333333,12.967708333333333,4.657165621197499,1.873839629369926,11.18471794823621,69.0,44.0,35.0,1456.875,1159.265625,419.515625,64.58705161438888,2.5313149600422,1935.641014739129,0.2775513719008264,0.020015627946303113,2.099186062281512,-0.0004370499999999999,32.45462809917355,0.01378952305098402,0.0160552534402007,-0.0003333333333333262,1.537533706672252e-06,0.27755079123785786,0.0001373850520922663,0.01995182662286694,15.0,69.61916771465948,16.001819175202353,116.36363636363636,116.36363636363636,28,0.875,0.31184406967316625,0.90380859375,0.18872117687723525,0.000904290816326535,1.0857527898172894,0.00935580546311628,1.0662739473488978,0.00861688365055058,0
16,-49.3375,-38.005208333333336,13.163541666666667,4.202262535428583,1.7508848829274555,9.871218894168907,67.0,43.0,35.0,1478.6875,1138.984375,418.734375,64.53645723487405,2.252743713327997,1934.115090133218,0.25824743801652894,0.01720855806354278,2.2393758504558874,-0.0005436499999999999,32.45710743801652,0.014962101795217085,0.0160552534402007,0.0001666666666666335,-2.744396671504457e-06,0.25825619248771803,0.000119930370185347,0.01714512636357377,15.0,68.70373152344465,14.766067655207632,116.36363636363636,116.36363636363636,26,0.8125,0.2969147893539437,0.9111328125,0.18248658431399783,0.0011608622448979582,0.7782382981743429,0.008243453525064708,0.25568099578551995,0.010592454193532878,0
17,-50.00625,-37.20104166666667,12.878125,4.6104458501862915,2.111525652602218,9.795871825300102,67.0,43.0,35.0,1498.609375,1114.828125,405.921875,64.55422895424982,2.194088449059004,1934.6416144554232,0.24234764462809918,0.011566215501298221,1.4725029455675473,-0.0003091333333333333,32.46371900826446,0.013854750141946714,0.010700204171894719,0.0001666666666666335,1.0684369179959958e-06,0.24235549125637124,0.00011564004520723742,0.01147633824682316,13.0,70.31865400144365,19.094896641623837,116.36363636363636,116.36363636363636,28,0.9032258064516129,0.6247525551835169,0.9425403225806451,0.3862433100306649,0.0004144132653061246,2.336485858063366,0.08792578722722136,2.105588422551609,0.03763163681208842,0
18,-51.99270833333333,-35.05833333333333,11.348958333333334,4.555325290060402,4.884790738154047,8.290688737871172,63.0,42.0,33.0,1558.0,1051.0,343.09375,64.58761167250131,1.7074596458402316,1935.5918693920164,0.23066584297520662,0.010849409804573457,1.6598967822176638,-0.0003304500000000002,32.470826446281,0.014635334625572443,0.010700204171894719,0.0003333333333333262,-1.456716536007756e-06,0.23067941771605,0.00011582132147980403,0.010719164276101678,15.0,67.77348448627895,17.81696820327145,101.05263157894737,101.05263157894737,27,0.9,0.6380968829294736,0.9729166666666667,0.38575998222844327,0.00032015433673469304,3.1369068054004803,0.06976948907276935,1.0866018057537583,0.022241492464058737,0
19,-54.427083333333336,-28.398958333333333,11.1375,6.555920974690657,10.708651047086365,12.20757321296907,77.0,42.0,53.0,1631.296875,851.46875,364.625,64.75371594833453,2.5472657005251937,1940.7534414951715,0.22150021487603308,0.008108370101684706,1.5258877312073476,-0.00023451666666666666,32.477768595041326,0.012951760677131018,0.013373196849725249,0.0001666666666666927,-4.4064312922672265e-06,0.2215412274945033,0.00018056448870728425,0.007770647005751199,15.0,65.15477292371091,18.84006720858794,101.05263157894737,101.05263157894737,25,0.8928571428571429,0.6435752414715665,1.0223214285714286,0.4040641005500443,0.0017520204081632595,10.774041466786262,0.0639157045448209,0.0,0.0059323796684705,0
20,-56.478125,-24.134375,8.895833333333334,6.793343910356298,10.567721373410716,14.83168003426749,80.0,42.0,53.0,1692.75,725.234375,378.3125,64.94558295314819,3.3554068122581007,1946.3105365577603,0.21652093388429747,0.004873804220771039,1.04642461442968,-8.527499999999993e-05,32.485950413223144,0.010568823041872871,0.008021447057458062,0.0002500000000000095,3.6279637093099834e-06,0.21651649010171148,0.00018337348769740361,0.004303798499061846,16.0,70.92789021926171,21.408252744216238,128.0,128.0,26,0.8125,0.35211370319804186,0.9169921875,0.24979964811179647,0.002362654336734702,1.6634793192657942,0.07129227677774788,0.6227354586759424,0.04285732678012131,0
21,-54.860416666666666,-19.80625,11.773958333333333,9.783452006307499,9.93855929888734,22.19595376410448,80.0,40.0,68.0,1644.171875,600.65625,596.859375,64.90949221446986,3.8063143318712136,1945.1974783124028,0.21430093388429752,0.005031979016458138,1.04642461442968,4.264166666666676e-05,32.492975206611575,0.010495542391000104,0.016035493117043772,0.0003333333333333262,-6.851213397578784e-07,0.21431121755948357,0.0002242449194462247,0.004510344294366599,14.0,77.11720574214068,25.662555496870972,137.14285714285714,137.14285714285714,28,0.8235294117647058,0.37004499432092,0.8667279411764706,0.2839999166169038,0.001914062499999996,3.081608555656671,0.06470408475221441,0.0913315767228753,0.020996853942867634,0
22,-50.371875,-13.595833333333333,21.883333333333333,11.050746610570783,14.166391541446098,25.925995105727807,80.0,40.0,68.0,1509.734375,488.1875,872.671875,64.67524214978954,3.623351744736622,1938.2599552123538,0.2149669173553719,0.0040551052275363975,0.9359366146643443,0.0001279166666666667,32.5096694214876,0.021891312450885516,0.016025631184557017,0.0004999999999999598,3.872989296173125e-06,0.21498505847878233,0.0001739436004239212,0.003543216863843855,14.0,78.6320711096987,24.404348274109996,137.14285714285714,137.14285714285714,31,0.8857142857142857,0.3341747957546276,0.8388392857142857,0.2610229337410326,0.0009346122448979603,3.8953946375944626,0.018782123797874112,1.481796822515669,0.004821622850893666,0
23,-44.36770833333333,-8.764583333333333,33.545833333333334,13.720923763177556,15.058247872613054,24.27884846196147,75.0,41.0,76.0,1331.515625,405.734375,1141.1875,64.5016635456298,3.827121395997974,1932.9776222919,0.21491400826446283,0.005136762529154279,1.0031070765932333,-8.528333333333327e-05,32.53628099173554,0.03350421785227231,0.02669298240322758,0.0007500000000000284,1.061210365315372e-06,0.21487296697408495,0.00020454425341691725,0.004606964484946949,14.0,76.81015034386225,24.91344513782769,147.69230769230768,147.69230769230768,28,0.8484848484848485,0.2592143468959979,0.8555871212121212,0.2453108504284405,0.0007041441326530652,3.2347720569125755,0.018263138334999398,1.7192267668544885,0.0056458810740533695,0
24,-38.98854166666667,-4.141666666666667,44.28854166666667,14.789878082884835,14.279163627078754,14.545727965280065,78.0,41.0,76.0,1170.84375,312.125,1327.296875,64.20080452946932,3.3473294483120886,1923.9942374718553,0.21480823140495867,0.006558108358033435,1.0031070765932333,-2.1325000000000047e-05,32.56884297520663,0.03018373714175283,0.034674256180010625,0.000500000000000019,-5.852773101557648e-07,0.21481623304663588,0.00018465471903363555,0.006109305098191956,15.0,64.56098987992317,24.21200191108006,147.69230769230768,147.69230769230768,21,0.7777777777777778,0.5725022175175394,1.0804398148148149,0.5206371801411575,0.02773414413265307,20.94617927228429,0.5135443172368371,0.0,0.024517326552072064,0
25,-37.02708333333333,-9.596875,43.66770833333333,15.5240839716784,16.539441200789554,15.549819095890813,78.0,43.0,76.0,1111.703125,433.59375,1311.21875,64.13672579819429,3.5778816666528432,1922.201806200557,0.21519938016528928,0.007513853748443276,1.2488972528923492,5.329999999999987e-05,32.59314049586778,0.02151428730940916,0.026660210120427536,0.000500000000000019,4.546061793364728e-06,0.2151826553377274,0.00027053167966528305,0.006874915071925339,15.0,73.52708183967512,32.97787961707475,147.69230769230768,147.69230769230768,22,0.7586206896551724,0.7224405445445221,1.009698275862069,0.548518371227996,0.00013722448979591994,11.223961150881166,0.3332607916539,3.1004826372900802,0.029691905306330865,0
26,-41.59166666666667,-5.996875,37.47083333333333,18.616075415857363,15.941200244472654,19.96124326385731,82.0,43.0,71.0,1255.203125,378.15625,1142.015625,64.41280921257933,4.473697316223822,1930.061422357384,0.2177260413223141,0.008425946399890619,1.4406116210937903,7.462499999999992e-05,32.614297520661154,0.021000843992522757,0.018636398710100657,0.0004999999999999598,-8.364048362110228e-07,0.21776812348347468,0.000252459342848478,0.00805313986715826,13.0,74.70851516568267,29.69583726544224,147.69230769230768,147.69230769230768,25,0.8333333333333334,0.7312387174932731,0.975,0.5401009020312779,0.0006557257653061169,15.017638141269597,0.19923480410263794,1.05799408552197,0.013266720254440393,0
27,-46.58229166666667,-6.051041666666666,32.276041666666664,15.92775025173352,17.046031397804313,20.104566462993688,82.0,50.0,71.0,1405.703125,428.15625,1002.140625,64.61468138936351,4.654548737637287,1936.4432556865281,0.21717635537190083,0.0074476274250354765,1.4406116210937903,-9.593333333333328e-05,32.63719008264462,0.027036037795182506,0.023953747904672706,0.0007499999999999692,1.5832920074240917e-06,0.21718523630150627,0.00023736740150538243,0.007124802512366771,14.0,80.2662616807255,24.74193529504597,147.69230769230768,147.69230769230768,24,0.6857142857142857,0.33224609182515336,0.8209821428571429,0.25680859350687546,0.00043950127551020695,2.615165589925354,0.054176384150790305,0.8412174812174154,0.02071623470402755,0
28,-46.759375,-16.495833333333334,14.252083333333333,15.066706384477056,25.01378751753165,26.61181198878402,128.0,54.0,71.0,1410.734375,708.21875,756.828125,64.77745299276332,5.141874700632595,1941.454595690578,0.21252484297520663,0.009013272403607038,1.496747930949792,-0.00020253333333333326,32.68867768595042,0.05970924245302926,0.05310863160181421,0.0016666666666666904,2.6951680822425124e-06,0.21254534253708002,0.0001372438541974877,0.008932001707624945,14.0,75.08234664635476,17.236991649207944,116.36363636363636,116.36363636363636,23,0.6571428571428571,0.3080216798197338,0.8410714285714286,0.1901408413277282,0.000999011479591836,2.0053869583890758,0.012274227312897349,1.2800494205969124,0.0061206278726162735,1
29,-43.03854166666667,-27.520833333333332,0.3927083333333333,12.025561922003085,20.595245793764043,31.921272768561884,128.0,59.0,64.0,1290.234375,921.8125,816.0,64.64804493358727,4.271157485375781,1937.447595530883,0.2045854710743802,0.005739541612235667,0.9830623173552765,-0.0001705583333333332,32.74785123966942,0.06519147400992993,0.04775394236494725,0.001333333333333364,2.3937397788940794e-06,0.20456333979189933,0.0001244568454258189,0.005542108153449283,15.0,78.56152146304981,23.453127961025704,147.69230769230768,147.69230769230768,27,0.75,0.29800068537193475,0.82421875,0.2147885029976355,0.0045900625000000065,2.652346493195342,0.03552449286942899,0.699357160310895,0.013393609379682453,1
30,-43.97604166666667,-31.740625,-19.667708333333334,14.117824466430037,14.835150250088752,22.110352942643498,128.0,59.0,64.0,1317.40625,951.6875,776.4375,64.94073783439681,4.375065087989273,1946.1805791996333,0.19947933057851241,0.004802514450550113,0.8847881443413658,-0.0001279166666666667,32.80041322314049,0.03607606047226062,0.04242201174050586,0.001249999999999988,-3.951133008960362e-07,0.19948789101523445,0.00010745854532514256,0.0046115768194189615,15.0,77.63598803422259,22.999563503014986,147.69230769230768,147.69230769230768,32,0.9142857142857143,0.32238501854742496,0.8339285714285715,0.2172488580557574,0.0019675561224489903,1.4670039175291198,0.02889998626361034,1.226023318839414,0.019700006195134567,1
31,-52.05104166666667,-18.789583333333333,-19.982291666666665,14.486721612621581,12.704309301429532,20.877088192919302,76.0,59.0,64.0,1559.875,563.0,745.234375,65.25903049703078,3.1666525839768376,1955.8549114804696,0.19521895041322318,0.004184981052617116,0.9679421460781172,-9.594166666666662e-05,32.82231404958677,0.012580999091736903,0.013234635560759217,0.0002500000000000095,-2.8082407789124857e-06,0.1952196250807003,0.00010185925784413825,0.00391655623769081,15.0,76.45134949548697,21.817311863850986,147.69230769230768,147.69230769230768,32,0.9142857142857143,0.3156436548068929,0.8410714285714286,0.20868040817264577,0.00022822576530612265,1.357112102657921,0.011723227569253354,1.8493168963356679,0.00863836343828433,1
32,-59.73229166666667,-10.842708333333333,-18.40625,9.422391270174673,9.191325675055287,9.536747048697125,75.0,44.0,54.0,1790.765625,324.5,551.265625,65.45594905740076,2.0077930657709104,1961.68634350914,0.1913074380165289,0.00363559881023305,0.8827968028675349,-0.00011725833333333333,32.83826446280991,0.02122985913580831,0.021152861932139732,0.0004999999999999598,-4.138561923899149e-06,0.19132654983494904,9.067097398242783e-05,0.0033487262297948496,15.0,72.1447672525321,15.398096053516909,120.0,120.0,23,0.6764705882352942,0.26248703521374733,0.8658088235294118,0.16760734662518095,0.0015405625000000005,1.590233042083549,0.011147871575874501,0.5687625468472244,0.00701021251656825,1
33,-56.69479166666667,-7.480208333333334,-23.934375,11.73472295681768,1.6449493274659117,17.036140066322975,65.0,18.0,60.0,1699.390625,224.203125,716.921875,65.36394912309929,1.1406270349630008,1958.9052141351237,0.18703643801652892,0.004155670145940433,0.843931600935547,-8.528333333333351e-05,32.857603305785126,0.026064915572134608,0.021152861932139732,0.000500000000000019,1.2046253306422274e-06,0.1870360786016071,0.00011251479697558253,0.0039428219436938505,16.0,66.99172055560224,12.062319790299897,98.46153846153847,98.46153846153847,19,0.59375,0.30613477094879465,0.927734375,0.18818032499917964,0.00022500000000000176,1.6310573949041764,0.006491976070001344,1.399636106567144,0.003980225398740639,1
34,-46.766666666666666,-8.04375,-37.489583333333336,14.05864700302115,1.664006992423209,19.53410201399224,65.0,18.0,60.0,1401.4375,241.046875,1123.671875,65.09857581626453,1.2095150656599365,1950.9310582127314,0.1835900082644628,0.00340640944845305,0.7917767742045112,-6.395833333333346e-05,32.88338842975206,0.02221434719952889,0.023771645290091053,0.0005833333333332765,1.2217498174653428e-06,0.18358175829039128,0.00012717240528125752,0.003118922760809826,16.0,65.37128179163854,12.842267265219167,93.65853658536585,93.65853658536585,19,0.6333333333333333,0.32563970530697545,0.9583333333333334,0.21451758701535145,0.00011327040816326513,2.7018868151165427,0.010236916707483673,0.8749201280328415,0.003788802939564334,1
35,-36.79479166666667,-8.772916666666667,-51.407291666666666,7.500039858111681,1.4946069136695737,8.696248530157352,65.0,18.0,60.0,1102.3125,262.9375,1541.125,64.85508591905938,1.2072339312494815,1943.5925243685033,0.18087314049586778,0.001940981102797734,0.5557780217708729,-1.0658333333333353e-05,32.89628099173552,0.014324009284821226,0.01584053260566967,0.0001666666666666927,3.408439262008364e-06,0.18088462712738346,0.00012551855487679076,0.0014599803145870615,17.0,62.03510650689398,14.5867530947516,96.0,96.0,27,0.9310344827586207,0.3509915999516329,1.0210129310344827,0.23732964703753462,0.0013453176020408162,2.1359175007641493,0.04241576238482806,0.5246591194671567,0.01985833365270584,1
36,-33.20625,-8.705208333333333,-54.86666666666667,2.1161980698491654,0.6563582913296839,1.4429907214608908,42.0,11.0,59.0,995.1875,260.921875,1644.203125,64.77184277790504,0.6216977998618527,1941.0854210746866,0.1792558181818182,0.0021576989771590117,0.5637487071293343,-4.263333333333318e-05,32.90107438016528,0.01231820884884941,0.01584053260566967,0.0001666666666666335,-1.200012757353777e-06,0.1792592883340101,0.00012443178281186211,0.0016734619166233816,16.0,63.33717912394367,12.979642911026,93.65853658536585,93.65853658536585,27,0.9,0.30039877860161956,0.9869791666666666,0.19891810784459069,0.00019700127551020358,1.9786814768888552,0.0009708351052303189,0.2909478771558232,0.0004906474925700494,1
37,-33.469791666666666,-8.539583333333333,-54.697916666666664,2.3728332129749914,0.7306502763900721,1.7158561496783142,41.0,10.0,61.0,1003.0,255.9375,1639.265625,64.7584178049889,0.6849805796518675,1940.7373334233378,0.17746927272727273,0.0023204055288207344,0.6333384088693294,-6.395833333333323e-05,32.895454545454534,0.01259673314595439,0.010563564254984269,0.0,-9.052274236106549e-07,0.1774666633086316,0.00010500722346956142,0.001910495602488904,15.0,63.87680782062458,12.786530475613981,93.65853658536585,93.65853658536585,26,0.8666666666666667,0.30045482315035377,0.9765625,0.19028957853208006,4.144132653060979e-06,1.4754805947562173,0.005906711291335663,0.15118774965865986,0.004003245662686323,1
38,-32.89479166666667,-8.211458333333333,-55.040625,2.633591883074753,0.7202964944594382,1.7892665003780182,41.0,10.0,61.0,985.84375,246.078125,1649.46875,64.72265694936326,0.7743077004911295,1939.6464907846857,0.1746254876033058,0.003309070622104908,0.8388677150020273,-6.395833333333346e-05,32.89264462809916,0.012315990750542852,0.010563564254984269,0.0,-9.151659798935034e-07,0.17462400805166534,0.00011116860468094036,0.0030128569800908786,14.0,62.954453235132135,10.579365888008121,87.27272727272727,87.27272727272727,23,0.7666666666666667,0.24768255088506141,0.9802083333333333,0.16451739185333028,0.0009455625000000009,1.1181452243852736,0.038233504252711104,0.061996113991078676,0.034193683806797874,1
39,-33.02708333333333,-8.196875,-54.92916666666667,2.641278066843567,0.7069525451129424,1.7751711576320996,41.0,10.0,61.0,989.78125,245.65625,1646.15625,64.69320798662051,0.7788123863898663,1938.7758638486098,0.17203529752066116,0.0031344035130397413,0.7149828058227403,-6.396666666666681e-05,32.89429752066115,0.01316308677161224,0.01584053260566967,-0.0001666666666666335,1.8979153142329424e-08,0.17204177381206928,7.909796377965574e-05,0.002939183904203523,14.0,65.26221022345413,14.084332357349098,101.05263157894737,101.05263157894737,25,0.8064516129032258,0.2890273064161355,0.9591733870967742,0.1896581700033285,0.00016256250000000198,1.7321483526782904,0.008985863662816718,0.03308193861505644,0.005187698645397523,1
40,-32.520833333333336,-8.19375,-55.25625,2.0735394793015693,0.6191076407486289,1.3658645384883525,41.0,11.0,60.0,974.578125,245.578125,1655.984375,64.68401973657386,0.7220392776873298,1938.5075756117315,0.16900114876033054,0.0025371574341453347,0.5892558679067001,-8.527499999999993e-05,32.896942148760324,0.013037959532504882,0.01584053260566967,-0.0001666666666666335,9.713806362366875e-07,0.16899873495339876,8.928615773336838e-05,0.002321121398099192,16.0,63.84403790872154,13.152689663824006,101.05263157894737,101.05263157894737,22,0.7586206896551724,0.30116148855306846,0.9768318965517241,0.18513326187023615,0.0007523265306122433,1.3315006073275288,0.008497734412427132,1.053229625880663,0.006382073253036692,1
41,-32.96458333333333,-8.082291666666666,-55.041666666666664,1.2578072161724767,0.4383907103606959,0.9027350417235145,39.0,11.0,58.0,987.9375,242.21875,1649.515625,64.68281346004304,0.5432322032141009,1938.4662981020329,0.1664428181818182,0.002872044769328075,0.7427918898726356,-7.462499999999992e-05,32.89842975206611,0.012264863774603162,0.010557144585061497,0.0001666666666666335,-1.7884068177550487e-06,0.16644713848013445,7.277702684274423e-05,0.002675615665859997,15.0,64.64013286976584,13.533049804765326,101.05263157894737,101.05263157894737,25,0.8333333333333334,0.32922639453385055,0.9671875,0.19108337989714505,0.00012336862244897827,2.043544708875921,0.005361182548250698,0.5291885492359514,0.0026234721094992282,1
42,-32.43125,-7.886458333333334,-55.3,1.9904622840352104,0.5289769591049207,1.173314393786536,39.0,11.0,59.0,971.953125,236.359375,1657.265625,64.63276843163207,0.5439392089415349,1936.9729466803824,0.1635567190082645,0.0027651693452337605,0.7544779698540216,-7.461666666666658e-05,32.89925619834709,0.012342581621548776,0.010557144585061497,0.0,1.3709646582879798e-06,0.16354963600787786,9.040961703520286e-05,0.0025057759942745624,16.0,64.71715258421843,15.910469319340928,123.87096774193549,123.87096774193549,24,0.8,0.3064610462111418,0.9713541666666666,0.19000425456676548,0.00035290306122448946,1.4415077440311468,0.010372687229950169,2.041493083316308,0.007195720781175384,1
43,-31.335416666666667,-7.753125,-55.98645833333333,2.073643088798606,0.43360243046866487,1.1932204140883704,36.0,9.0,59.0,939.078125,232.34375,1677.859375,64.67046496299639,0.38150334623652565,1938.1020227501958,0.16105123966942153,0.0022779266418244894,0.622094744398809,-5.330000000000011e-05,32.897933884297515,0.011053390742015334,0.010557144585061497,0.0,-9.545363362863505e-07,0.16105519204872623,8.178828389501708e-05,0.00199574011403513,14.0,64.41755851128255,16.470392390055718,123.87096774193549,123.87096774193549,23,0.7666666666666667,0.2762669190481279,0.9765625,0.18473437786341593,0.0009085918367346959,0.7350482550056139,0.014741872186260569,0.19063385164717456,0.02005565224578076,1
44,-30.286458333333332,-7.784375,-56.60729166666667,1.392024888401984,0.41878497988227803,0.8569258028541457,36.0,9.0,60.0,907.578125,233.28125,1696.484375,64.69077493245118,0.45010773408197907,1938.6977830097562,0.15901087603305789,0.002043443470232823,0.5642121027162035,-4.263333333333341e-05,32.89628099173553,0.012864984279199045,0.01584053260566967,-0.0001666666666666335,2.5065129214546714e-06,0.15901185019282507,0.00010376441410670434,0.0016421851992229153,15.0,64.24144361310921,15.049030716824184,123.87096774193549,123.87096774193549,25,0.8333333333333334,0.2642586562295384,0.971875,0.17184658856084398,0.00016256249999999962,0.9779595427304992,0.015593671795259403,0.02820146995929196,0.015945109295340883,1
45,-30.245833333333334,-7.983333333333333,-56.61770833333333,1.7789226999007635,0.40017357345143234,1.0707760806679216,41.0,11.0,60.0,906.5,239.265625,1696.71875,64.71673500254744,0.5695778641984728,1939.4755266902398,0.15741469421487603,0.0019294111371730824,0.7169738799242218,-2.1316666666666706e-05,32.89132231404958,0.011422910772343938,0.010563564254984269,0.0,-5.633949719920468e-07,0.15741301882097042,9.832826897000841e-05,0.0014996188321364475,14.0,61.849539487455495,10.92022772762023,83.47826086956522,83.47826086956522,26,0.896551724137931,0.2962722970436752,1.0,0.17287619835274187,0.0005674604591836718,0.7834043587021289,0.02122250749568036,0.6739808647939624,0.02709010648197034,1
46,-30.747916666666665,-8.3375,-56.280208333333334,2.0612991032491026,0.5886513540854779,1.222882505911295,41.0,11.0,60.0,921.484375,249.859375,1686.640625,64.71531751590443,0.6547675025086317,1939.434924027165,0.15617789256198344,0.0018474002049861016,0.647887196474234,-3.1983333333333404e-05,32.89198347107437,0.012960195559611087,0.010563564254984269,0.0,-1.4529559502241946e-06,0.156182752170169,0.00012588292486437677,0.0012608036508984014,15.0,62.485713033033996,12.237216020292005,85.33333333333333,85.33333333333333,27,0.9310344827586207,0.31634079459641756,0.9967672413793104,0.1898372338327931,0.0006447971938775539,2.093238956349184,0.031049755114686838,0.4506270491961847,0.014833354319394419,1
47,-31.423958333333335,-8.711458333333333,-55.828125,2.2662489562263946,0.6166728251381676,1.3511725714017189,41.0,11.0,60.0,941.6875,261.0625,1673.109375,64.70723249969598,0.6708978289999404,1939.1791365776148,0.15495151239669422,0.0018029153668695167,0.5782465958204145,-3.1983333333333167e-05,32.89066115702479,0.012042317752123246,0.010563564254984269,0.0,8.341224403522569e-07,0.15495219379582786,0.00010967813711289968,0.0014162929816057275,14.0,61.4281835762324,12.809260048369985,85.33333333333333,85.33333333333333,26,0.896551724137931,0.34137010984753985,1.0177801724137931,0.19979128294419532,0.0009499604591836711,2.026339238082638,0.022793792088186205,1.4373625081216246,0.011248754236114057,1
48,-32.713541666666664,-9.086458333333333,-55.063541666666666,1.8825470219706482,0.4956308672764664,1.2735792567657063,37.0,10.0,59.0,980.46875,272.3125,1650.109375,64.72876820341403,0.5756375034373573,1939.8147161480608,0.15345021487603308,0.002171187972061979,0.8054522855071273,-6.395833333333323e-05,32.89132231404958,0.011422910772343938,0.010563564254984269,0.0,-2.480343958975705e-07,0.1534482756290385,0.00011223856861250482,0.001857926217923372,15.0,65.32016207572059,19.85783713576467,123.87096774193549,123.87096774193549,26,0.896551724137931,0.35733114456341475,0.9886853448275862,0.24041766956956473,0.000262903061224492,2.011025420875193,0.02354024848660879,0.09972744924335097,0.011705594689282514,1
49,-33.18020833333333,-9.133333333333333,-54.739583333333336,1.4929779937864305,0.39122315314351674,1.0640409577277663,37.0,10.0,59.0,994.421875,273.734375,1640.453125,64.6841478975482,0.49114061270147547,1938.5124037166952,0.15166357851239667,0.001986091409480186,0.5931163373077047,-4.263333333333318e-05,32.891322314049575,0.010199833798704577,0.010563564254984269,0.0,1.7467272382328365e-06,0.15163963849410628,8.536007971982408e-05,0.0016732146807611006,15.0,65.20160217602164,20.024244369699414,123.87096774193549,123.87096774193549,26,0.896551724137931,0.37798754142592356,0.9929956896551724,0.24785536896623087,0.00028176020408162984,4.784652834399811,0.011938092815438806,1.2976251674165593,0.002495080255271295,1
50,-33.498958333333334,-9.109375,-54.565625,1.3268065351049572,0.3468843842574449,0.9364525398411818,37.0,10.0,57.0,1003.921875,272.984375,1635.265625,64.69253135424353,0.44992071177717574,1938.7546931162642,0.14982423966942152,0.002160362068004488,0.675912027252976,-3.197500000000006e-05,32.894628099173545,0.012267091117539122,0.010563564254984269,0.0,5.081972651358915e-07,0.14982324606637476,9.399215568020052e-05,0.0017113621489755287,13.0,65.78925021315032,19.688148243199127,123.87096774193549,123.87096774193549,26,0.896551724137931,0.3616484764736529,0.9811422413793104,0.2423179678595098,0.0015715561224489804,3.6365203237457626,0.028421115025508863,0.02107803602358512,0.00781546987099854,1
51,-33.360416666666666,-9.016666666666667,-54.60520833333333,1.0807481173037294,0.20344259359556174,0.7954126014825402,36.0,10.0,57.0,999.765625,270.21875,1636.4375,64.63472263636076,0.37572781023223545,1937.0094307656827,0.14847119834710748,0.001995957851704892,0.6818096889555523,-3.1983333333333404e-05,32.897768595041306,0.013204532361487286,0.010563564254984269,0.0001666666666666335,1.9809260557058755e-06,0.1484726987744075,0.00010144492629489124,0.001392313405150053,14.0,60.7218281945502,12.015719112189835,85.33333333333333,85.33333333333333,25,0.8620689655172413,0.337878528633601,1.0280172413793103,0.20575548533596447,0.00034357270408162693,3.315262874003898,0.009064519659060882,0.5527940836361513,0.0027341782548041243,1
52,-33.51875,-8.973958333333334,-54.51979166666667,0.8162812653532278,0.2422742900045777,0.6889182026413262,36.0,10.0,57.0,1004.546875,268.9375,1633.859375,64.63347423907108,0.3998013515118646,1936.974204587436,0.14718138016528926,0.0018289404928943825,0.6086491471895608,-3.1983333333333404e-05,32.89842975206611,0.01329936706769568,0.010563564254984269,0.0001666666666666335,-1.01824514391271e-06,0.1471871264636678,0.00011151948551776724,0.0011764934884466805,14.0,61.896766750177434,12.10686978578411,93.65853658536585,93.65853658536585,25,0.8620689655172413,0.30904902559822817,1.0053879310344827,0.18952195801504723,2.0897959183673813e-05,2.000458526111275,0.005140371725344913,0.21440514259328017,0.0025695967490700082,1
53,-33.557291666666664,-8.876041666666667,-54.5,0.6493979249509161,0.35975824975098053,0.6566962768281849,38.0,10.0,57.0,1005.671875,266.0,1633.296875,64.62160019105865,0.3963862766329572,1936.6290589567327,0.14590208264462806,0.0019917676421403467,0.7746145900574142,-5.330000000000011e-05,32.89991735537189,0.011244529819300833,0.010563564254984269,0.0,1.676487252465259e-06,0.14590508977904562,0.00011367158579136773,0.0015062307483228068,14.0,68.25550274494962,23.75281089584145,142.22222222222223,142.22222222222223,25,0.8333333333333334,0.366059460410511,0.9583333333333334,0.24418142020273007,6.250000000005899e-08,2.5844297585934055,0.011837009844275109,0.07422802292041052,0.004580124418129858,1
54,-33.78125,-8.74375,-54.46041666666667,0.867264917715458,0.45065057139650894,0.7461678718998531,38.0,10.0,57.0,1012.390625,262.046875,1632.109375,64.69054864638944,0.45597788227327846,1938.6995652606265,0.1443690991735537,0.0019157832198702742,0.7746145900574142,-3.197500000000006e-05,32.89760330578511,0.009708545557411895,0.005280176234377435,-0.0001666666666666335,-2.999878934315831e-06,0.14438281220277155,0.00010457060482417913,0.0015044415160988354,14.0,69.44043323562202,23.582543269560976,142.22222222222223,142.22222222222223,26,0.8666666666666667,0.3689572401283155,0.9401041666666666,0.2391555283773976,0.0010103316326530633,2.0337568806137067,0.018333972415882725,0.35239320167004723,0.00901482993894052,1
55,-33.93958333333333,-8.511458333333334,-54.44479166666667,0.7531156350270669,0.5081358479093514,0.7034690516271644,38.0,10.0,56.0,1017.140625,255.078125,1631.640625,64.72777169503381,0.45978769982836826,1939.8162567199574,0.14295257851239673,0.0017168929064156184,0.6307604200579452,-4.264166666666676e-05,32.89760330578512,0.009708545557411895,0.005280176234377435,-0.0001666666666666335,-1.2392364578171908e-06,0.14295500610109999,9.606070059362188e-05,0.0011431888450198614,14.0,63.694345913861255,15.356122532385543,103.78378378378379,103.78378378378379,24,0.8275862068965517,0.347458686842767,0.9908405172413793,0.20916972540608403,0.00015984183673469315,2.120171555020386,0.014902105995804885,0.33939881583034015,0.007028726501172966,1
56,-33.79895833333333,-8.296875,-54.56979166666667,0.7679782429191743,0.45915527625013014,0.6529771230785111,36.0,10.0,56.0,1012.921875,248.640625,1635.390625,64.73120324304027,0.41012401564918677,1939.919203160151,0.14166285950413224,0.001725230071162316,0.6307604200579452,-1.0658333333333353e-05,32.89661157024793,0.011891640164365728,0.01584053260566967,0.0,-5.663022870489939e-07,0.14167152396962743,9.225551997412634e-05,0.0012354688003665163,13.0,61.767369209813225,13.541322570003835,101.05263157894737,101.05263157894737,22,0.7586206896551724,0.3105266938074154,1.0134698275862069,0.19784347766424001,0.0004887257653061252,1.866100164530799,0.009317984968100122,0.17918265448307708,0.00499329304246805,1
57,-33.235416666666666,-8.101041666666667,-54.946875,0.5597579772147563,0.30138388852738773,0.5003026427823464,34.0,9.0,57.0,996.015625,242.78125,1646.71875,64.7293011300262,0.3884694990869535,1939.8775013313411,0.14092285950413225,0.0015723667968693784,0.5594852791240605,-3.1983333333333167e-05,32.90041322314049,0.013385368489934678,0.01584053260566967,0.0001666666666666335,-1.611705339056269e-06,0.14093269387883606,9.503800188621343e-05,0.0009360143701270583,14.0,60.855463483487746,13.470348908740018,101.05263157894737,101.05263157894737,22,0.7857142857142857,0.32939019748479775,1.0295758928571428,0.2045937321736385,0.0020735012755102146,2.4541691926636435,0.03345715015078188,0.0,0.013632780596707356,1
58,-32.48020833333333,-8.038541666666667,-55.37916666666667,0.8848398856651348,0.2130482103434703,0.6106548170247702,35.0,9.0,57.0,973.40625,240.90625,1659.640625,64.7108137522673,0.38209970693514206,1939.3065490658898,0.14023560330578513,0.0014688289341087389,0.6424276099611138,1.0666666666666694e-05,32.905041322314034,0.013430197068278174,0.01584053260566967,0.0001666666666666335,1.0736168393586784e-06,0.14024126016764532,9.630985065383536e-05,0.0006995365640932743,15.0,64.63765520026385,18.68440885433248,128.0,128.0,23,0.7931034482758621,0.359629665202622,0.9913793103448276,0.23228544856499647,1.406249999999969e-05,1.9062287228041574,0.02263503204819455,0.19791450516316922,0.011874247710892369,1
59,-32.209375,-8.013541666666667,-55.5625,0.8055249485325289,0.14728076338710663,0.5865240120120119,35.0,9.0,57.0,965.25,240.15625,1665.15625,64.7280618064124,0.3803701511978306,1939.8219338659733,0.13986554545454546,0.001542390020457405,0.6424276099611138,-2.1324999999999817e-05,32.908347107438,0.009122409736559053,0.010557144585061497,0.0001666666666666335,9.651878873499782e-07,0.13986395031241683,8.502994822314118e-05,0.0009995226920398355,15.0,63.20339045489405,18.65342175401403,128.0,128.0,21,0.7241379310344828,0.3512399313821272,1.0145474137931034,0.2356799531495782,0.001701562500000007,1.7462458975827435,0.0528875293923035,0.909776458066457,0.030286415828099315,1
60,-32.02291666666667,-8.011458333333334,-55.703125,0.727077363872343,0.1402154530138846,0.5385074134819315,35.0,9.0,57.0,959.65625,240.09375,1669.390625,64.75487357248468,0.36528337610607464,1940.638914806926,0.13873428099173557,0.0017886117023742365,0.733048315354009,-1.0658333333333353e-05,32.91132231404957,0.008808537252545752,0.015830908947480935,0.0,3.27118261490001e-06,0.13872079908142881,9.271708731954156e-05,0.0014094343722811848,16.0,64.51212681738268,17.890481424007397,128.0,128.0,21,0.7,0.3037570064467933,0.9859375,0.2136058084562543,0.00012099999999999827,1.3830729419572516,0.020872244111143655,0.01507854314321859,0.015091209926792698,1
61,-32.44375,-8.008333333333333,-55.46875,0.5835974104637546,0.09090593428863097,0.5313725348880325,33.0,9.0,57.0,972.3125,240.0,1662.328125,64.76140801451119,0.32215210383769316,1940.8243769332068,0.13753971900826445,0.0020343806181626948,0.8262272843528833,-3.1983333333333167e-05,32.91644628099173,0.012911619735167178,0.010550732713102622,0.0001666666666666927,-2.9464707152672926e-07,0.13754088409754264,0.00010787867292956324,0.0015562929633654017,15.0,60.17136577264269,11.886012991224629,81.70212765957447,81.70212765957447,20,0.7142857142857143,0.34474813001399757,1.03515625,0.19674142471158595,6.514795918367294e-05,1.2530610665422026,0.015351043649990277,0.0,0.012250834424495512,1
62,-32.690625,-8.028125,-55.278125,0.5372728444421885,0.16532992583014122,0.4902599491171325,34.0,9.0,57.0,979.6875,240.59375,1656.625,64.72457305094926,0.2912931610342735,1939.7172712020788,0.1364931818181818,0.001661836353590723,0.74700302390167,-2.1316666666666706e-05,32.91776859504131,0.015927916306311345,0.0211142969680866,0.0001666666666666927,-3.9802351785616223e-07,0.13649601463476302,0.00010714680039464235,0.0008938030613480874,14.0,60.23397348788903,11.367777457037489,81.70212765957447,81.70212765957447,23,0.8214285714285714,0.3107881353048991,1.0306919642857142,0.18715007073363846,5.204591836734662e-05,1.1673713221837125,0.007014715547544709,0.0,0.006008983957583278,1
63,-32.93958333333333,-8.088541666666666,-55.088541666666664,0.37982429234523113,0.3251185013661258,0.3998358495648211,34.0,9.0,57.0,987.171875,242.40625,1650.921875,64.69549333797083,0.30175888261607264,1938.839335175346,0.13572154545454543,0.0017542990877430823,0.6671122516891355,-2.1316666666666706e-05,32.92173553719008,0.015139990608338075,0.0211142969680866,0.0001666666666666927,-3.035094137351775e-06,0.13572503300879893,0.00012996460469034976,0.0009058282878542507,14.0,62.61876793658651,14.495790329039396,96.0,96.0,25,0.8620689655172413,0.36979035672135524,1.0075431034482758,0.21850435290153908,0.0027901033163265274,1.9006002857260782,0.04804669024660307,0.7707849907912122,0.025279744829801495,1
64,-31.502083333333335,-12.441666666666666,-53.99583333333333,4.281257096506689,9.698943957405305,2.950632582835228,43.0,47.0,61.0,944.1875,372.640625,1618.203125,64.67423224242994,1.03679016789121,1938.20511493103,0.13428384297520662,0.0030711947227308836,0.7615655933744115,-8.527500000000016e-05,32.92206611570248,0.013231402377647096,0.01584053260566967,0.0,1.607274989192028e-07,0.13428136386405576,0.00012902017066900856,0.002805890125183356,14.0,64.68581500774962,14.1939351217547,96.0,96.0,24,0.8,0.3373098722128384,0.96875,0.19255342873256417,0.0003705624999999985,0.9950127823172047,0.007498080936720333,0.020474461087234042,0.007535662928127074,1
65,-28.069791666666667,-16.166666666666668,-54.092708333333334,6.523541021301025,11.747842591538053,5.255032207157621,43.0,47.0,71.0,841.0625,484.703125,1620.9375,64.65400233770167,1.8273336813874863,1937.4852106132194,0.13137666115702482,0.00414782961777338,1.1227665771631952,-6.395833333333346e-05,32.92735537190083,0.008505573772079748,0.010550732713102622,0.0,1.264745832661627e-06,0.1313736222229297,0.0001647175315180471,0.0038692722214366407,15.0,70.18570574693007,18.535556911070326,112.94117647058823,112.94117647058823,25,0.78125,0.39938760455146183,0.91259765625,0.2255452437254288,0.0017163265306122503,1.7028021922526695,0.008143215159503359,0.590964761792031,0.004782243760639363,1
66,-25.373958333333334,-16.996875,-55.204166666666666,5.816351677090822,11.265498150002436,5.926809088558718,43.0,47.0,77.0,760.34375,509.609375,1654.34375,64.57616471904653,2.453354882313504,1935.2707180354323,0.12908257024793388,0.0034443428857311442,1.2154453507098966,-4.264166666666676e-05,32.930661157024794,0.009598169349395202,0.010550732713102622,0.0,6.830544687164701e-07,0.1290828349067455,0.00014034368582065997,0.0030642737816114155,15.0,74.44092788067259,22.67260328548715,142.22222222222223,142.22222222222223,26,0.7647058823529411,0.3269617729138526,0.8681066176470589,0.21424561378487936,0.00036371938775510405,1.3538066374031301,0.04054608471552124,0.6142348567786291,0.029949686753860717,1
67,-24.321875,-13.758333333333333,-57.311458333333334,4.090835874371113,8.052169307432349,4.906827084779996,37.0,43.0,77.0,728.90625,412.078125,1717.625,64.54377154931174,2.280234824951708,1934.2970661378627,0.12766595867768596,0.0020045756023158376,0.8005916052099769,1.0658333333333353e-05,32.93396694214876,0.009489388492171616,0.010550732713102622,0.0,-6.39817781786996e-07,0.12766862937109336,0.0001231044361986377,0.0012502590681047665,15.0,75.17994107456043,22.044311218117464,142.22222222222223,142.22222222222223,28,0.8235294117647058,0.3253399118439611,0.8556985294117647,0.20808628662567097,5.051147959183564e-05,1.2013031815112023,0.010645289655967966,0.24444805130293812,0.008861451313711265,1
68,-24.48125,-10.913541666666667,-58.625,2.3654770704518215,1.1537186066211678,1.9308353114649628,34.0,19.0,77.0,733.609375,327.078125,1756.78125,64.52067271926923,1.7507379928518312,1933.4586400790317,0.12781396694214878,0.0017972629462826896,0.8005916052099769,-2.1316666666666706e-05,32.93909090909091,0.014316377952749464,0.01582129697558974,0.0001666666666666927,-6.847749575205662e-07,0.12781386156116042,7.597817183982897e-05,0.0010521487126534783,16.0,72.10294621356911,20.62365144836515,142.22222222222223,142.22222222222223,28,0.8484848484848485,0.2738696362080301,0.8849431818181818,0.19681028660068997,1.3890306122450558e-06,2.424971271808131,0.006785340915399926,2.0692900701083863,0.0027981118763277446,1
69,-24.388541666666665,-10.96875,-58.72708333333333,1.530956250168683,0.7381441396050864,0.9005182728419353,31.0,13.0,62.0,730.90625,328.71875,1759.96875,64.55422504886606,0.6606083108415018,1934.6066227370438,0.12793027272727273,0.0014394577950748177,0.5254702054033015,-1.0658333333333353e-05,32.94371900826446,0.015647576920382444,0.01582129697558974,0.0001666666666666927,7.510071889213498e-07,0.12792499120811507,6.639716204555951e-05,0.0009079865218686412,16.0,67.92860385678021,14.81889160463666,120.0,120.0,28,0.875,0.291156187300263,0.92041015625,0.1775672881767482,0.00020002040816326453,0.7619467326695126,0.007432900585734224,0.230788970648014,0.009755144640745086,1
70,-23.915625,-10.6125,-58.95625,1.3875058652278436,0.8766947872549488,0.7933069629720895,32.0,13.0,62.0,716.703125,318.0625,1766.875,64.52418939880862,0.6113706677134764,1933.7324697655085,0.12771886776859506,0.0015338748154451875,0.6162125131952801,-5.329999999999999e-05,32.95099173553719,0.015609117841755947,0.01582129697558974,0.0001666666666666927,-1.5880872950955144e-07,0.12771857692015356,8.917264745168189e-05,0.0008978236525074847,17.0,66.20421506785733,16.313036319720194,120.0,120.0,26,0.8666666666666667,0.3358717106790668,0.9546875,0.20449657125793086,2.8698979591836486e-05,1.1206928367234799,0.0097956686671355,0.19573912207226626,0.008740725688739712,1
71,-23.561458333333334,-10.742708333333333,-59.06875,1.5493190568538668,0.8656939402952344,0.7954705761371691,32.0,14.0,62.0,706.125,321.90625,1770.21875,64.52175771945716,0.6250579639824513,1933.6381434576601,0.12745461157024796,0.0016512737100951057,0.8942699397427214,0.0,32.95909090909092,0.012331509060226415,0.010544328624904854,0.0001666666666666335,-2.1168591256284043e-06,0.12746523401850637,0.00011900247990511268,0.0009464632990207984,16.0,65.54829703897947,15.955833453497466,120.0,120.0,22,0.7096774193548387,0.29093565386095255,0.9606854838709677,0.1950702516934184,0.0002640625000000013,1.4460886884169406,0.026102233095938215,0.5686743135847779,0.01805022977153137,1
72,-22.570833333333333,-11.154166666666667,-59.329166666666666,1.5696281849179725,1.2496596758940235,0.8477810088040949,32.0,14.0,67.0,676.40625,334.3125,1778.03125,64.48223450396675,0.7704003561604229,1932.4615532185262,0.12683093388429753,0.0018037347743292468,0.8088807864401131,-2.1316666666666706e-05,32.964545454545465,0.008907235428300693,0.005270564262485612,0.0,5.032989793337323e-07,0.1268450169149177,0.00013863813314870973,0.000794443079864813,16.0,71.69000603181178,27.592106344834278,147.69230769230768,147.69230769230768,23,0.7419354838709677,0.29750481438681514,0.9223790322580645,0.23681471695228845,0.0009389846938775458,3.0252120630617716,0.011623673404491278,1.0074612931438582,0.003842267306288318,1
73,-21.821875,-11.3125,-59.6375,1.1449802695716347,1.0399569301979128,0.7825239612944768,27.0,14.0,67.0,653.953125,339.0625,1787.25,64.52346386554392,0.7250764041451976,1933.6764276229121,0.12636580165289257,0.0018660707719557895,0.8088807864401131,3.198333333333328e-05,32.96950413223141,0.009077375350575508,0.010537932306303878,0.0003333333333333262,-3.076652304079523e-06,0.12638940261807952,0.00012945606411586454,0.0008425080667272056,16.0,71.19576175768043,27.274271024720637,147.69230769230768,147.69230769230768,25,0.78125,0.28941986954439874,0.9267578125,0.23327991237371865,0.00015269897959183448,1.846505782133706,0.012083106471378495,0.28922713669132527,0.006543768553714474,1
74,-21.555208333333333,-11.295833333333333,-59.739583333333336,1.070958467883118,0.9703861631101072,0.6958925872974618,27.0,13.0,67.0,645.9375,338.5,1790.34375,64.52302285570983,0.626947548215841,1933.6765752907545,0.1256891570247934,0.0018154599627008164,0.8088807864401131,-1.066666666666658e-05,32.9704958677686,0.011912299336679014,0.010537932306303878,0.0001666666666666927,1.6630837855254537e-06,0.12569364603983535,0.00010251656010339116,0.0009699272074122889,17.0,69.11193617384347,28.536503673234414,147.69230769230768,147.69230769230768,27,0.9,0.30555317451614955,0.9697916666666667,0.267941289692765,4.290816326531312e-06,2.205358392499321,0.037866991822862295,0.061213851492929454,0.01717044810115776,1
75,-21.460416666666667,-11.148958333333333,-59.79270833333333,1.1674829733471725,0.6289036080862384,0.5896229006157712,25.0,13.0,61.0,643.1875,334.15625,1791.921875,64.5132760218754,0.4001669551370933,1933.4114088246936,0.12529801652892564,0.0017212413931843146,0.7226438490569509,0.0,32.97710743801653,0.013932423479594776,0.013170418957176227,0.0003333333333333262,-1.8921901005836402e-06,0.1252932124518251,9.260755982480461e-05,0.0008752306990106759,15.0,56.69430325179951,10.093751348632864,81.70212765957447,81.70212765957447,23,0.8518518518518519,0.26922406198719423,1.0914351851851851,0.1912578531744295,3.1887755102040205e-08,1.3284287768831498,0.023796244183951102,0.0,0.017913074903257872,1
76,-21.027083333333334,-11.255208333333334,-59.85625,1.39914253254945,0.5288292477387091,0.6599893465049266,25.0,13.0,62.0,630.15625,337.328125,1793.8125,64.45215160407807,0.426159522093777,1931.5510455186243,0.1251499834710744,0.0015527709807743855,0.6355421242284475,1.0658333333333353e-05,32.98206611570248,0.01297915400291002,0.013170418957176227,0.0,2.0098927478188103e-06,0.1251488162021884,8.856335722875433e-05,0.0007321829468178932,15.0,56.782987341699084,9.784660042111485,75.29411764705883,75.29411764705883,23,0.8518518518518519,0.30856902590830465,1.0902777777777777,0.1989343959809891,0.0001405918367346923,1.6337213862420117,0.07335201628692141,0.0,0.044898730533025774,1
77,-20.804166666666667,-11.3125,-59.89895833333333,1.306706791475765,0.4981737481374679,0.6592285250684233,25.0,13.0,62.0,623.421875,339.015625,1795.09375,64.42689718077537,0.48618719762241525,1930.7716067548204,0.12542492561983473,0.0014526390698294104,0.5418637896957004,1.066666666666658e-05,32.98619834710744,0.010062301656347656,0.007899854694690015,-0.0001666666666666927,1.4488437357849439e-06,0.12541187860519865,9.302812045611361e-05,0.0006581533205519882,16.0,57.71245033924747,10.158192100876446,83.47826086956522,83.47826086956522,22,0.8148148148148148,0.3080207832023927,1.0717592592592593,0.18722294631596065,0.0013531887755102038,0.9400748234069427,0.03025078415922357,0.0,0.03217912383781446,1
78,-20.1,-11.072916666666666,-60.165625,1.2576432986608987,0.49465458627432357,0.6263864829653228,23.0,13.0,64.0,602.40625,331.84375,1803.09375,64.40840485901616,0.5459015635296495,1930.255566664864,0.1253403223140496,0.0015645501516747173,0.8174179882359599,-1.066666666666658e-05,32.98504132231405,0.01114324217565925,0.007899854694690015,0.0,2.9256007261159735e-06,0.12531722250797522,0.0001078454349568539,0.0007930651997270334,16.0,59.87215479433736,10.419025545447697,83.47826086956522,83.47826086956522,22,0.7857142857142857,0.30605329567195755,1.0323660714285714,0.17863768302147395,5.725765306122623e-06,1.4544973736156646,0.008515005064526647,0.0,0.005854259498152003,1
79,-19.538541666666667,-11.096875,-60.36770833333333,1.2692574758222053,0.5533897671397621,0.6383564168476381,23.0,13.0,64.0,585.53125,332.546875,1809.15625,64.42971465175182,0.5404426215337618,1930.8823441253921,0.1251605785123967,0.0017560497025669232,0.8174179882359599,-3.198333333333328e-05,32.98661157024794,0.011538918623028941,0.007899854694690015,8.333333333331676e-05,-3.2300134938710926e-06,0.1251716409768742,0.00012835290352060188,0.0008625214001124838,15.0,62.91241981490765,12.267041714944465,96.0,96.0,21,0.7241379310344828,0.31635457580684456,0.9881465517241379,0.18206264632369062,0.00011025000000000206,1.0230244247999996,0.024979110528982884,0.4376587094750204,0.024416924878275785,1
80,-19.719791666666666,-11.053125,-60.35104166666667,1.4618851835662592,0.4897816530948596,0.6297312243573091,23.0,12.0,64.0,590.9375,331.234375,1808.640625,64.46552987545043,0.5089199780670225,1931.9325179971634,0.1250442561983471,0.0017249838400437212,0.8174179882359599,0.0,32.98933884297521,0.011039788085618028,0.007899854694690015,0.0001666666666666927,-1.4619676858830932e-06,0.12504616830480178,0.00012786320025829435,0.000843288691673673,15.0,61.767476779562784,11.192947506840756,96.0,96.0,23,0.7931034482758621,0.2667877648910004,1.0,0.16212032900776574,4.1786989795918115e-05,0.5079631595615838,0.0032666568179852123,0.06062330676358115,0.00643089317895538,1
81,-20.177083333333332,-11.057291666666666,-60.23125,1.428101826337635,0.4328309888750522,0.6112338102832117,29.0,12.0,62.0,604.734375,331.375,1805.0625,64.49475794124172,0.4566067972614995,1932.8506937709317,0.1250336611570248,0.0015167371327337925,0.6355421242284475,1.066666666666658e-05,32.993884297520665,0.007963958153154602,0.007899854694690015,8.333333333331676e-05,-1.8810490498104075e-06,0.1250480168719644,9.882421597956061e-05,0.0006856624104929928,15.0,65.41099464554108,19.977918999742243,142.22222222222223,142.22222222222223,25,0.8620689655172413,0.28468573584211115,0.9789870689655172,0.21538654442219268,0.0005273584183673486,2.1649070286813794,0.020801299578249895,0.17516735918586304,0.009608403179752126,1
82,-20.639583333333334,-11.216666666666667,-60.02708333333333,0.9996331792490462,0.5092205372484063,0.5054863925523173,29.0,12.0,62.0,618.578125,336.140625,1798.9375,64.46991303098692,0.44849427010384535,1932.0932590680832,0.12507594214876036,0.001293328649900413,0.5418637896957004,2.1324999999999932e-05,32.99636363636364,0.006555547773570531,0.007899854694690015,0.0,1.5667514454759477e-06,0.1250475124913867,8.440392597467222e-05,0.0006421880294867866,15.0,62.990572004573984,19.746710980850136,142.22222222222223,142.22222222222223,26,0.896551724137931,0.29248099278139916,1.0161637931034482,0.21780440475840723,0.00030251147959183737,1.8131135566009307,0.042617845763858235,0.11602101327307328,0.023505337329093996,1
83,-20.911458333333332,-12.680208333333333,-59.108333333333334,2.534650279610691,6.230538362768546,4.289853986119133,37.0,45.0,65.0,626.609375,379.546875,1771.640625,64.45699377171181,0.9026095022239242,1931.6581837391177,0.12486447933884298,0.0012907403865382368,0.5418637896957004,-3.198333333333328e-05,33.000247933884296,0.008178060745026633,0.010525162921406137,0.0003333333333333262,-2.0436768852064634e-06,0.12486495425377793,8.117117818026414e-05,0.0008063197459239958,15.0,69.06181177158489,22.476639338392424,142.22222222222223,142.22222222222223,27,0.9,0.3292903157837556,0.9416666666666667,0.23740860814684503,0.0014331632653061285,1.7574292246537355,0.13435214015086275,0.09919227511588735,0.07644810855887184,1
84,-19.963541666666668,-24.367708333333333,-52.704166666666666,3.3002089514550272,16.509315519273674,9.449536107073664,37.0,49.0,65.0,598.359375,730.109375,1579.546875,64.35742216333246,0.9603189525380365,1928.7009784428267,0.12216866942148759,0.004191792323392627,1.4238896792306022,-0.00010659999999999987,33.00735537190082,0.013408310919769306,0.010525162921406137,0.0002500000000000095,-8.461981955932848e-07,0.12217038819568528,0.0001073401110955699,0.004025786258722662,15.0,68.9191414629594,15.746037873661875,116.36363636363636,116.36363636363636,22,0.6875,0.27781277781291674,0.91259765625,0.19409225751714204,0.0013902244897959243,1.9032704506647993,0.0333750289985397,1.279068413511526,0.01753562085035368,1
85,-19.435416666666665,-31.366666666666667,-48.41979166666667,4.615191833469355,17.460101342457577,10.076159153662202,41.0,53.0,70.0,582.40625,940.6875,1450.703125,64.27862754927585,1.421823494018166,1926.3327725852635,0.1188914297520661,0.004653848496872459,1.4238896792306022,-0.00011725833333333322,33.01694214876033,0.016951217085274035,0.013150478875430872,0.0002500000000000095,-1.7338858377896367e-06,0.11891913032207438,0.00010686420029263714,0.0044588689577270595,15.0,72.6270051016267,14.339761903934285,116.36363636363636,116.36363636363636,19,0.5588235294117647,0.2170012622589318,0.8575367647058824,0.1671632191807929,0.0006161033163265307,1.6025207325213295,0.009205633207647078,0.8374330890658651,0.0057444705836431674,1
86,-19.79375,-28.871875,-49.24583333333333,4.489706108143382,19.039247857632798,10.087429436625015,41.0,53.0,70.0,593.046875,865.375,1475.796875,64.28933582224523,1.3482425107927511,1926.661609448934,0.11702030578512396,0.002589969328268482,1.1571472893415753,-2.131666666666659e-05,33.026033057851244,0.017367174263224084,0.013150478875430872,0.0,8.083611639483908e-07,0.11702228110769657,0.00010365144332071193,0.002186921044397634,15.0,72.49190910722562,11.209820691856198,112.94117647058823,112.94117647058823,19,0.5428571428571428,0.166355216042094,0.8473214285714286,0.13263963089391295,9.02500000000006e-05,0.5825098398405655,0.012389657710017581,0.3276691000289647,0.021269439351288322,1
87,-20.60625,-15.823958333333334,-55.903125,4.094859900432085,15.960408338498024,8.808730909408856,41.0,53.0,70.0,617.640625,473.859375,1675.515625,64.40090726300029,1.3393942794297329,1930.0142048826726,0.11799295867768594,0.002610384029873083,0.853051468034033,5.329999999999999e-05,33.03446280991736,0.016361131789293697,0.013150478875430872,0.0001666666666666335,1.0769062747427675e-06,0.11799418727538097,8.157374598165348e-05,0.0023333289493067586,15.0,70.90281759845105,11.141458354680351,112.94117647058823,112.94117647058823,22,0.6470588235294118,0.16565001240521682,0.8662683823529411,0.13356411331003168,0.0010354604591836741,0.4043330982141079,0.009882325027587681,0.1199395556724033,0.024441048905560186,1
88,-20.264583333333334,-7.582291666666666,-60.63333333333333,3.002914527541905,1.015247793199878,1.2808417371227232,31.0,11.0,65.0,607.328125,227.21875,1817.09375,64.46289432320205,0.8772858574521556,1931.8682480382581,0.11970561157024792,0.0017257940722174348,0.853051468034033,7.46166666666667e-05,33.039090909090916,0.01408357580438911,0.013150478875430872,0.0001666666666666335,-5.904555908608623e-07,0.11972530339413871,8.86166310296569e-05,0.0009150058010307418,15.0,68.16560277680094,11.654582947577229,112.94117647058823,112.94117647058823,23,0.71875,0.16690014308590861,0.904296875,0.14806439540128097,0.00045460331632652973,1.4112397939122778,0.002568732211817931,0.9806691577563347,0.0018201954217127202,1
89,-18.296875,-7.55625,-61.25208333333333,1.9371345421459503,0.6853850043345467,0.7366844596267492,26.0,10.0,65.0,548.21875,226.46875,1835.6875,64.40548140566496,0.6238375091947488,1930.1513475674403,0.12001214876033058,0.001711969865635948,0.7540325931392369,0.0,33.04190082644629,0.011083011315198529,0.01051242444577164,0.0,1.9518567681146876e-06,0.12000658311176418,0.00010813003628970191,0.0006464826226064148,16.0,62.180183750407664,9.686083666343558,78.36734693877551,78.36734693877551,23,0.7931034482758621,0.23606163952715825,0.9908405172413793,0.16896125632382583,0.0003125318877550996,0.8864229300107567,0.009800078548473765,0.2442836256739951,0.011055759295796693,1
90,-17.446875,-7.7125,-61.45104166666667,1.0344536727382558,0.63953922214878,0.6387642352729909,22.0,10.0,65.0,522.8125,231.15625,1841.609375,64.35494994244907,0.6589141862749364,1928.6248424993462,0.1199910082644628,0.0017371010832664324,0.7540325931392369,1.0658333333333353e-05,33.04652892561984,0.013527489233460482,0.01051242444577164,0.0001666666666666927,-2.7196597479365486e-07,0.11999506175988296,0.00010427947154672781,0.0007248364723573993,16.0,61.38495324869886,15.86080024893916,123.87096774193549,123.87096774193549,23,0.8214285714285714,0.24992765156844593,1.0256696428571428,0.1992335991364721,0.002993653061224483,1.4299290046398634,0.0381391105117707,0.0,0.026672030840703364,1
91,-17.580208333333335,-7.444791666666666,-61.425,0.830301124049114,0.6267259155834302,0.5814851674806503,22.0,9.0,65.0,526.875,223.109375,1840.84375,64.33190019501802,0.5883881640327223,1927.9642218609515,0.12031869421487604,0.0016743156433114998,0.7540325931392369,1.0658333333333238e-05,33.05198347107438,0.014861333416852137,0.01051242444577164,0.0,8.768738146294089e-07,0.12031830273554027,9.973922226009527e-05,0.0009024934314910153,16.0,60.6679315431963,17.308040353450643,123.87096774193549,123.87096774193549,22,0.8148148148148148,0.3751627251107178,1.0520833333333333,0.2361621676823882,0.0008597461734693979,2.084024389354523,0.0508643768119036,0.0,0.024406804964339994,1
92,-17.620833333333334,-7.255208333333333,-61.438541666666666,0.8955813599122204,0.5723434632548497,0.6126904111625671,22.0,9.0,65.0,528.078125,217.421875,1841.234375,64.3346036162803,0.6245218459692571,1928.0260986377973,0.12065695041322315,0.0015088793271787596,0.559318264771553,1.0658333333333353e-05,33.056446280991736,0.01211920844947073,0.01051242444577164,0.0,-7.604939512687094e-07,0.12066607353375201,8.416268482573545e-05,0.0010076148779085694,14.0,59.520492870951664,17.74567693430633,123.87096774193549,123.87096774193549,22,0.8148148148148148,0.38583602878135836,1.0763888888888888,0.24255901661906917,0.00045308163265306333,1.8214618438192902,0.024618300914984664,0.0,0.013515683020493226,1
93,-17.560416666666665,-7.470833333333333,-61.446875,0.7558768592759597,0.5135490618128796,0.5315960882490265,21.0,9.0,63.0,526.265625,223.890625,1841.5,64.34880746672108,0.4986842129001782,1928.4671651924614,0.12128059504132231,0.0015292735842590737,0.6561298188134906,1.0658333333333238e-05,33.058264462809916,0.012242568057614851,0.01051242444577164,-0.0001666666666666927,1.4203135574968914e-07,0.1212773397198077,0.00010100615888894427,0.0009011363350925643,14.0,58.88523593003564,14.369531323422493,93.65853658536585,93.65853658536585,24,0.8888888888888888,0.40200958163451966,1.0763888888888888,0.2403871379259858,3.6862244897961903e-07,2.4217732678846837,0.04325358439098924,0.0,0.017860294753674198,1
94,-17.345833333333335,-7.653125,-61.521875,1.175790218911898,0.5337471945671783,0.6016822121145016,26.0,9.0,63.0,519.84375,229.34375,1843.734375,64.39067953306571,0.5090572364997412,1929.7108211335976,0.12144971074380168,0.0016093216189921884,0.7459339261858988,1.0658333333333353e-05,33.06107438016529,0.011193390382372676,0.01051242444577164,0.0001666666666666927,1.0279917081929348e-07,0.12144339454543052,9.590114823459207e-05,0.0009687180915337756,15.0,62.825655498014385,15.593933909417599,109.71428571428571,109.71428571428571,25,0.8620689655172413,0.3596539096267708,1.009698275862069,0.22925124214034134,0.00011251147959183668,1.453118934120088,0.0171709311620898,0.2759647000241603,0.011816604105077863,1
95,-17.197916666666668,-7.801041666666666,-61.56458333333333,1.0754823691669189,0.4643532221601951,0.5682537517596244,26.0,9.0,63.0,515.40625,233.796875,1845.015625,64.40736898638349,0.45664930217735045,1930.2133152407887,0.12179854545454546,0.0014476476044869666,0.7459339261858988,0.0,33.06454545454545,0.010601730717901822,0.0157638693687767,0.000500000000000019,1.1811863312680672e-06,0.12179114014207759,7.529676151300003e-05,0.0007405743559918723,17.0,62.2122454303686,13.125280151990319,109.71428571428571,109.71428571428571,23,0.7931034482758621,0.2913309877435678,1.0016163793103448,0.18521164772104853,7.104081632653021e-05,0.6895334029445821,0.00939658466948472,0.01096985610252887,0.013627453912105727,1
96,-17.229166666666668,-7.782291666666667,-61.557291666666664,1.0779916382895658,0.4952892235154684,0.6113926710910826,26.0,9.0,63.0,516.3125,233.21875,1844.796875,64.40663226827596,0.5246934270671717,1930.1806290252318,0.12152371074380164,0.0015153935115484831,0.6491223721439621,0.0,33.06438016528925,0.010356661287816852,0.01050606676388192,0.0001666666666666927,-1.871536140177698e-06,0.1215318215389551,8.469722321901385e-05,0.0008667701568604858,16.0,62.18398295480063,12.314821975922584,109.71428571428571,109.71428571428571,20,0.6896551724137931,0.23154918508085306,0.9956896551724138,0.16320184516013964,7.531760204081614e-05,0.9854090301849228,0.029476515596243112,0.2824912590856105,0.02991297491023755,1
97,-17.146875,-7.605208333333334,-61.63645833333333,0.5936211482994296,0.5096710114677463,0.5343648472069954,20.0,9.0,63.0,513.875,227.921875,1847.15625,64.4325867741427,0.4969606884882239,1930.9549056898456,0.12110090082644627,0.0015430164640555261,0.6491223721439621,-2.131666666666659e-05,33.06719008264463,0.013187969755584669,0.01050606676388192,0.0001666666666666927,1.3254226936787145e-06,0.12109870012035855,9.824196927585708e-05,0.000997262981557456,14.0,64.59555386973926,19.472129469350346,142.22222222222223,142.22222222222223,20,0.6666666666666666,0.17462050909980725,0.98125,0.1846308253425377,0.00032143367346938555,0.6188067531775323,0.04150552886138604,0.0030297626211200444,0.06707349046896767,1
98,-17.583333333333332,-7.358333333333333,-61.525,1.0884494578170465,0.536902122261487,0.6466258578188782,23.0,9.0,63.0,526.921875,220.5,1843.84375,64.42223989776747,0.5571563704768036,1930.659080221345,0.1205935123966942,0.0015138210213090123,0.6561298188134906,0.0,33.068347107438015,0.014220640768423672,0.01050606676388192,-0.0001666666666666927,-2.026214297512667e-06,0.12060275672093793,0.00010063577890657096,0.0007806206692237859,15.0,63.91172619133606,20.706405585285182,142.22222222222223,142.22222222222223,21,0.7241379310344828,0.23828582401933068,1.0032327586206897,0.21323005102384465,3.104081632652914e-05,1.184205482467671,0.03349850189214379,0.050793185618275324,0.028287744304593947,1
99,-18.203125,-7.069791666666666,-61.38125,1.487934329098006,0.3983350222244531,0.6804276382050728,23.0,8.0,63.0,545.546875,211.875,1839.515625,64.4325190946591,0.5288192347646514,1930.9646242765207,0.1205935123966942,0.0015403867396525963,0.6561298188134906,-1.0658333333333238e-05,33.070661157024794,0.014068048152698538,0.01050606676388192,0.0,2.997267519419945e-06,0.12057817944389222,9.382965487021253e-05,0.0006626643541615907,16.0,64.55744792546604,21.187501236342307,142.22222222222223,142.22222222222223,24,0.8275862068965517,0.2797579470338089,0.9978448275862069,0.2233477762465537,0.0009610000000000006,1.1732869476521701,0.017625877213602037,0.29716951849518175,0.01502264833753811,1
100,-18.779166666666665,-6.740625,-61.17916666666667,1.193377268744279,0.5972293886843927,0.6184518080569326,23.0,8.0,63.0,562.8125,202.015625,1833.453125,64.36500952317124,0.540762500619444,1928.9371602313022,0.12084720661157024,0.0014779472749033695,0.6561298188134906,0.0,33.06685950413223,0.01384883310126062,0.01050606676388192,0.0,6.087377396080406e-07,0.1208465199545772,8.312402552839357e-05,0.0006239309294208293,15.0,59.44736921062317,10.942176242339329,89.30232558139535,89.30232558139535,24,0.8571428571428571,0.2837785003634323,1.0412946428571428,0.17874921395395887,0.0011126989795918376,2.8012249060368237,0.00448342007374551,0.0,0.0016005212805596026,1
101,-19.194791666666667,-6.465625,-61.063541666666666,0.8912619554675769,0.5906084653770212,0.4755741686956468,23.0,8.0,63.0,575.21875,193.765625,1830.0,64.34412745006912,0.4506155300560537,1928.3072006401962,0.12118546280991736,0.0014437359883263945,0.6561298188134906,-1.0658333333333353e-05,33.066033057851236,0.013994056521334954,0.0157638693687767,0.0,2.27586212619118e-06,0.12118215442342636,0.00010195644672078569,0.0006036654635172301,15.0,59.52922924551779,12.20063156644323,89.30232558139535,89.30232558139535,25,0.8928571428571429,0.29740753893094735,1.046875,0.19582521988005383,0.002249469387755114,2.788615100982427,0.029228951292167675,0.0,0.010481529445160911,1
102,-19.259375,-6.091666666666667,-61.084375,0.7681251695144918,0.46090189363416106,0.4379945121897457,23.0,7.0,63.0,577.15625,182.546875,1830.625,64.34400102282387,0.42025671698795236,1928.3033927055194,0.1213545867768595,0.0014007532723763583,0.6491223721439621,1.0658333333333238e-05,33.069173553719004,0.014859494939279419,0.0157638693687767,0.0001666666666666927,-2.0597908928360433e-06,0.12136539862045323,0.000114388084387651,0.0006760410814438875,14.0,62.44793337857862,19.176886187091906,142.22222222222223,142.22222222222223,26,0.896551724137931,0.32678030159939697,1.0231681034482758,0.2215651935560751,0.0007582155612244835,3.0750333873614686,0.0042136867968262815,0.9726405906454799,0.0013702897712085768,1
103,-19.684375,-5.99375,-61.00208333333333,0.6401217535555248,0.49367087973669255,0.3818756251131454,23.0,7.0,63.0,589.921875,179.625,1828.15625,64.3840623984848,0.38162031918493683,1929.5117712341098,0.12125945454545453,0.0014678368522398463,0.7459339261858988,0.0,33.073471074380166,0.013769696264238455,0.0157638693687767,0.0,-1.3728737493151176e-06,0.12126444466331619,0.00011987904155998083,0.0007020520330624372,14.0,64.26779382811574,18.872848685598722,142.22222222222223,142.22222222222223,26,0.8666666666666667,0.34848086652196064,0.9927083333333333,0.22026016419351813,0.000187103316326531,2.6505977754633707,0.0009950337489596426,0.022362044808111724,0.0003753997525277834,1
104,-19.790625,-5.945833333333334,-61.001041666666666,0.6715309196467923,0.5469454319724735,0.3777661290585604,23.0,8.0,62.0,593.109375,178.1875,1828.109375,64.41189821682217,0.38605022006070105,1930.3320503521068,0.12092120661157024,0.001553267661540029,0.7459339261858988,2.131666666666659e-05,33.07595041322314,0.01168303936996698,0.01050606676388192,0.0,-2.032809738366166e-06,0.12091246933020676,0.0001243114215859152,0.0008635872000008005,15.0,64.82654361884053,17.119053174402627,142.22222222222223,142.22222222222223,18,0.6,0.29409714447428936,0.96875,0.18055722488544548,6.061734693877561e-05,1.4480314163738484,0.0026305231323621625,0.12216658857677211,0.0018166202076951498,1
105,-19.791666666666668,-5.973958333333333,-60.994791666666664,0.6521864934374386,0.4522501132454868,0.31453331556008857,23.0,8.0,62.0,593.125,179.03125,1827.953125,64.4079533147059,0.32743927273943574,1930.2382395225845,0.12061466942148759,0.0016077846438393953,0.6561298188134906,-1.0658333333333238e-05,33.07743801652893,0.012096644273410836,0.01575433860818728,0.0,2.170226596641336e-07,0.12061257896771292,9.960235710736031e-05,0.0009181079738481434,16.0,61.17552111751484,7.427764798172267,78.36734693877551,78.36734693877551,17,0.5862068965517241,0.1672208745059531,0.9946120689655172,0.11542502672295658,1.10318877551021e-05,0.8583498272637482,0.00507825030024972,0.24719224490440814,0.005916294427923626,1
106,-19.690625,-6.089583333333334,-61.01145833333333,0.6512133107067658,0.4405203283870362,0.29733881896565223,23.0,8.0,62.0,590.109375,182.5,1828.4375,64.40346422632688,0.31957625313685667,1930.0935921484952,0.12056181818181819,0.0016229247142425197,0.6561298188134906,1.0658333333333238e-05,33.07826446280992,0.012242568057615325,0.01575433860818728,-0.0001666666666666927,-8.508829340991877e-07,0.12056623797181769,9.73513598696372e-05,0.0009080819546361142,17.0,60.036075913844165,7.803916452991417,81.70212765957447,81.70212765957447,20,0.6896551724137931,0.14142875462199536,1.0150862068965518,0.12251591251086932,0.0004261275510204072,0.6544431209155899,0.006325950420546128,0.0984817672449661,0.00966615771237062,1
107,-19.9625,-5.951041666666667,-60.983333333333334,0.7601055299540103,0.5310160841229031,0.31247222098754457,23.0,8.0,62.0,598.234375,178.34375,1827.609375,64.44941587256538,0.33677690704435725,1931.4774528096368,0.1206040991735537,0.0014723893686707046,0.6561298188134906,-1.0658333333333238e-05,33.076611570247934,0.012955978804805007,0.01575433860818728,0.0,-1.993628013862332e-06,0.12061201900675272,6.9728863194729e-05,0.000795969081249636,17.0,59.200601719094394,12.77544047268436,101.05263157894737,101.05263157894737,25,0.8928571428571429,0.2598083172067723,1.0524553571428572,0.18820617972684225,0.00021546045918367315,1.3736074146594015,0.034628060566912186,0.0,0.025209576038506265,1
108,-20.354166666666668,-5.721875,-60.94166666666667,0.8187791555453494,0.649311033102267,0.33029868637677356,23.0,8.0,62.0,610.0,171.484375,1826.359375,64.51354078150187,0.35049607724032333,1933.4072103341773,0.12059352066115703,0.0014311529369399883,0.6561298188134906,1.0658333333333238e-05,33.07429752066116,0.012116953922720079,0.01050606676388192,-0.0001666666666666927,2.757656179927827e-06,0.12058584471409896,8.54032634608841e-05,0.0006573240018985588,17.0,59.24816478914552,12.886985901455768,101.05263157894737,101.05263157894737,22,0.7857142857142857,0.2818441512231604,1.0535714285714286,0.1964222300112745,0.00023038903061224322,0.9774690355991678,0.033376409780621535,0.0,0.03414574637667423,1
109,-20.809375,-5.392708333333333,-60.87083333333333,0.707191941914169,0.5889158102795528,0.4232603283507156,25.0,8.0,62.0,623.65625,161.59375,1824.21875,64.56162391843014,0.43880559308451605,1934.8336397827188,0.1208154876033058,0.001534122653493526,0.7459339261858988,0.0,33.068842975206614,0.01241101101659244,0.01050606676388192,-0.0001666666666666927,3.4082339157015044e-06,0.12079911062540442,9.517499103087052e-05,0.0007748933780675267,17.0,59.689531957462535,13.209626510925858,101.05263157894737,101.05263157894737,19,0.7037037037037037,0.2881107642904027,1.0474537037037037,0.19944047354106081,0.0001241632653061222,1.1993981067071877,0.06031781409948447,0.0,0.05029006946249084,1
110,-20.314583333333335,-5.230208333333334,-60.952083333333334,1.0332976304315982,0.442676469441535,0.44930018887401135,25.0,6.0,62.0,608.84375,156.75,1826.671875,64.47050480639172,0.46193615253963294,1932.126287252371,0.12109030578512398,0.0017635381502314877,0.7459339261858988,1.0658333333333238e-05,33.069338842975206,0.012042317752125508,0.01050606676388192,0.0,-1.1757984509636043e-06,0.12109548697145178,0.00011089217808540346,0.0008693551097197352,15.0,58.969343493158746,12.737393632430997,96.0,96.0,21,0.75,0.3933355034662356,1.0630580357142858,0.2194854562231015,5.102040816326385e-05,2.0944730786587873,0.010213155859760127,0.0,0.004876241171980212,1
111,-19.680208333333333,-4.80625,-61.1,1.0805206877229248,0.6502903998727543,0.5365786677335083,25.0,6.0,63.0,589.796875,144.03125,1831.109375,64.3833931727271,0.5269173553522399,1929.5089023100913,0.12143912396694215,0.001740393617349213,0.6491223721439621,0.0,33.067520661157026,0.011080545958411231,0.01050606676388192,-0.0001666666666666927,-2.62892013242898e-07,0.12144805269341703,0.00011450910843550092,0.000725915112665456,14.0,56.96680743372255,13.48919358352004,96.0,96.0,21,0.8076923076923077,0.41101769654724113,1.1063701923076923,0.23276769504528283,0.0011342461734693899,1.0500698044359793,0.015269337121381042,0.0,0.014541259120942548,1
112,-19.028125,-4.405208333333333,-61.24166666666667,0.44045504996726587,0.6253115542915831,0.46540006684810675,23.0,6.0,63.0,570.25,132.015625,1835.34375,64.28523437643926,0.47685549831508606,1926.555445309222,0.12135457024793389,0.0016653667792795774,0.6491223721439621,-2.131666666666659e-05,33.068347107438015,0.011666658535553093,0.01050606676388192,0.0001666666666666927,-1.8904145108642566e-06,0.12137194543840218,0.00011827940207142994,0.0007521682282699018,15.0,61.68636807442021,21.540754155933847,128.0,128.0,25,0.9259259259259259,0.44836483430285107,1.0665509259259258,0.2839566453835444,0.00610072576530613,3.4023323373091543,0.1630697977824837,0.0,0.0479288269385973,1
113,-19.182291666666668,-4.028125,-61.24166666666667,0.5925746773731466,0.2666157991848945,0.46540006684810675,23.0,5.0,63.0,574.890625,120.71875,1835.328125,64.30508840406601,0.4714573277862593,1927.1412107691008,0.1209423388429752,0.0015905932182716856,0.6491223721439621,-1.0658333333333238e-05,33.06421487603306,0.012711162928748715,0.0157638693687767,-0.0001666666666666927,1.2160707166927418e-06,0.12093879559506257,0.00011185647664374565,0.0008564970797625335,16.0,64.11621894255339,20.034460901242486,128.0,128.0,26,0.896551724137931,0.37856379498705367,1.0134698275862069,0.2635640169061947,1.3270408163265768e-05,3.325982936373389,0.003115339501362715,0.15601680285681638,0.0009366673133806403,1
114,-19.534375,-4.007291666666666,-61.13333333333333,0.6265527586524537,0.20142450595005124,0.3607476803652227,23.0,5.0,62.0,585.421875,120.09375,1832.09375,64.30685494580479,0.3554203791173077,1927.2004118426332,0.12077323140495867,0.0013552277583602878,0.559318264771553,0.0,33.06123966942149,0.013334243986843103,0.0157638693687767,0.0,1.8491245229831596e-06,0.12077105312375462,0.00010465783439713892,0.0007744119662645996,16.0,64.30418928218324,19.07751044888496,128.0,128.0,23,0.7931034482758621,0.332218303403156,0.9989224137931034,0.2357156710977659,1.8984693877551784e-05,3.0507888663613176,0.010017416875726673,0.22628486690319188,0.003283549702891917,1
115,-20.101041666666667,-4.019791666666666,-61.04479166666667,0.6931201783220728,0.20058237691919886,0.26823877409978514,22.0,5.0,62.0,602.390625,120.46875,1829.453125,64.39866888990106,0.28502083354955904,1929.959334424103,0.12068866115702478,0.0014458899147293375,0.559318264771553,2.131666666666659e-05,33.058760330578515,0.012302673762598111,0.01051242444577164,0.0,1.2041521230728932e-06,0.12068853457340105,9.895079939903188e-05,0.0007002758370896977,15.0,60.79798788910754,10.358386391716763,85.33333333333333,85.33333333333333,20,0.6896551724137931,0.22998113519296068,1.0140086206896552,0.16234579198637614,6.173469387755759e-07,0.8459435949486935,0.010576408953669687,0.14762083410749413,0.0125024990044533,1
116,-23.944791666666667,-5.367708333333334,-56.235416666666666,11.231933361622591,2.5238856778647003,16.359973889334977,69.0,15.0,66.0,717.125,160.828125,1726.671875,64.5179466356479,1.4822489398516365,1933.5173009932635,0.12104804958677685,0.002052326649251306,1.3640606745297643,-6.395833333333335e-05,33.0599173553719,0.012364696997861982,0.01051242444577164,0.0,-3.688057905030724e-06,0.1210677033892749,0.00015967456794450485,0.0011198291841087935,14.0,64.35344779701146,24.01154581610028,147.69230769230768,147.69230769230768,21,0.75,0.4292795833115618,1.0217633928571428,0.282621262965922,0.005328999999999975,2.18194401083769,0.08409727650139501,0.0,0.038542362262131764,1
117,-32.088541666666664,-6.71875,-51.385416666666664,14.089944477295285,2.583614736017479,16.560350358402914,69.0,15.0,66.0,961.671875,201.390625,1580.84375,64.74822610047312,1.5463425155327903,1940.4173099705267,0.11861658677685949,0.004212355780044744,1.4630795494245596,-8.527499999999993e-05,33.0597520661157,0.011242099883063583,0.01051242444577164,0.0001666666666666927,7.242892453309161e-07,0.11861561984885717,0.0001633063363574515,0.003867173949873719,14.0,69.81405608918176,25.642629288304377,147.69230769230768,147.69230769230768,21,0.6774193548387096,0.480063133326406,0.9561491935483871,0.30532125865594895,0.002460868622448973,2.580061047491093,0.017891825250258182,1.8404315483671212,0.00693465190199921,1
118,-41.108333333333334,-7.690625,-45.373958333333334,12.89641153792618,1.8861103120907323,15.705981774415248,69.0,15.0,66.0,1232.015625,230.546875,1400.765625,64.97433104963524,1.6510263431395085,1947.1875698775148,0.11475787603305787,0.0055236973911438805,2.189913144771913,-0.00012791666666666656,33.06074380165289,0.013371073332997164,0.0157638693687767,0.0,7.464974297580808e-07,0.11475373093413888,0.00015327176860610822,0.00525024573730534,15.0,75.85224317530623,26.451560293978243,147.69230769230768,147.69230769230768,24,0.7272727272727273,0.5109578073181532,0.8858901515151515,0.31182419464967187,6.514795918367073e-05,2.860207025520496,0.01617983445846393,1.9005687855048827,0.005656875294025107,1
119,-49.514583333333334,-7.335416666666666,-40.608333333333334,6.366726316801717,0.9639306647206992,7.70583743376121,60.0,11.0,51.0,1483.703125,219.8125,1217.171875,65.22761216796776,0.8613618278728415,1954.7606716934465,0.10981033884297522,0.003366369816982319,1.2110853290419656,-6.395833333333335e-05,33.063223140495865,0.012998084794274159,0.0157638693687767,0.0,3.2443377022192797e-06,0.10982365274360131,7.86695368127486e-05,0.0031317914302861137,16.0,73.46402133401807,17.76104913311026,128.0,128.0,24,0.7058823529411765,0.27812872401320243,0.8575367647058824,0.17664522991379522,2.1556122448979367e-05,2.2005871212824655,0.0011870965469109073,0.31452517922832046,0.0005394453759318046,1
120,-51.13333333333333,-9.870833333333334,-30.590625,9.48556652088963,7.130917377090334,22.136652195910482,85.0,43.0,67.0,1532.375,297.859375,1088.421875,65.33109077856649,3.2470554891118337,1957.914266995723,0.1075690909090909,0.0026167677589217253,1.156914216158123,-6.395833333333335e-05,33.06603305785124,0.013994056521334954,0.0157638693687767,0.0,-3.3871888020947417e-06,0.10757373044279035,0.00014322644077998566,0.002107597062670863,15.0,72.34889757301815,17.686284588856633,112.94117647058823,112.94117647058823,27,0.8181818181818182,0.3145440959249593,0.8783143939393939,0.21412720819416348,0.0005828775510204108,3.220434140489317,0.007255226698660162,2.350280312633806,0.0022528722470808835,1
121,-50.8875,-11.79375,-27.369791666666668,12.14031893114839,7.201646404642482,24.92145419359119,115.0,43.0,67.0,1525.1875,356.25,1027.015625,65.4201641744787,4.274078191172206,1960.564730421697,0.10594109090909092,0.0024633764002393536,1.156914216158123,1.0658333333333238e-05,33.07264462809918,0.0123159907505455,0.01050606676388192,0.0,-1.5040475683426065e-08,0.10594081703518204,0.00014977394110947327,0.0020882907449236185,14.0,73.55868225490605,24.76647191747264,153.6,153.6,28,0.8484848484848485,0.395342606314052,0.8996212121212122,0.2811192431482194,0.0001057959183673455,3.089244097989317,0.04964262427663005,0.37128261880042157,0.016069505258241242,1
122,-49.36770833333333,-11.396875,-15.85625,12.955983131932927,9.508537316593003,34.74298733947375,115.0,43.0,67.0,1479.671875,376.296875,1033.046875,65.25347031533774,5.080316112737303,1955.5729705241015,0.10603620661157026,0.0033624163608568665,1.4473729357789311,0.0,33.07876033057852,0.013821186750657945,0.01050606676388192,0.0003333333333333854,6.830095373582892e-07,0.10604047764077769,0.00018770509132616306,0.0029419680100210943,14.0,75.04543402238181,28.955606537155862,153.6,153.6,28,0.875,0.5176143807675936,0.91455078125,0.33062626396759665,0.00162869897959184,3.143283946770218,0.08171424583175992,0.987535763347827,0.02599645695888302,1
123,-44.040625,-8.99375,-28.645833333333332,12.727407091628745,6.98927470754298,34.58410014210126,115.0,32.0,61.0,1319.78125,302.0625,1245.421875,65.05122519362682,4.035206621068819,1949.5496637035446,0.10630047107438018,0.003123750125122786,1.3356110976119453,3.1974999999999944e-05,33.08768595041323,0.010966540439933087,0.01049971676731064,0.0001666666666666927,2.515145365612537e-06,0.10628313669700393,0.0001354250677018542,0.0028235577578241662,16.0,75.18791558285925,26.493944409312302,153.6,153.6,24,0.7272727272727273,0.43051234749732353,0.8854166666666666,0.27528573596677264,0.001713368622448979,3.2063481197136614,0.05770752885453123,5.19355621046328,0.017997898762061034,1
124,-41.36145833333333,-8.648958333333333,-32.92604166666667,11.254146178480056,7.743458190515649,34.04509492567561,86.0,36.0,61.0,1239.828125,290.9375,1337.6875,64.85130082352751,3.113383448330835,1943.4993053467829,0.10760071074380163,0.0027615609235562156,1.3356110976119453,1.0658333333333353e-05,33.09677685950414,0.0124790651822646,0.01574481936514323,0.0003333333333333262,-6.1760940826808616e-06,0.10762157228664467,0.00017544816467411116,0.0024447502042786715,15.0,69.96307370268607,20.277861370515247,137.14285714285714,137.14285714285714,25,0.78125,0.4008637976597457,0.923828125,0.24645775410919185,2.35918367346932e-05,2.8450643290890927,0.0125289665152189,0.4445343825257665,0.0044037550881073795,1
125,-34.109375,-9.804166666666667,-52.442708333333336,6.959669204977226,4.715354278548137,10.655732463401904,63.0,36.0,61.0,1022.265625,293.859375,1571.625,64.74363875070706,1.5120321815165885,1940.2934100000668,0.11302400826446282,0.007628524055437885,1.8260375744695638,0.00010659999999999998,33.101074380165294,0.012318208848849408,0.01574481936514323,0.0001666666666666335,-1.3088292686254156e-06,0.11302964839455619,0.00016423042432477756,0.007533848994563576,14.0,65.99296108113847,13.474209744249315,89.30232558139535,89.30232558139535,24,0.7741935483870968,0.34089725358236606,0.9526209677419355,0.21937855659250713,0.00028176020408163244,0.42641016347874316,0.0168706963574129,0.3385118464707753,0.039564479935886694,1
126,-33.56041666666667,-9.440625,-52.81458333333333,7.040396520063499,4.7660491614517575,10.723950795286326,63.0,36.0,61.0,1005.765625,283.0,1582.75,64.73039351662263,1.4383544474548227,1939.8605868403392,0.11629074380165286,0.006961190094330403,1.8260375744695638,2.1316666666666706e-05,33.10702479338844,0.01250749382637452,0.010493374442139615,0.0001666666666666335,-1.0329794800272482e-06,0.1163095632912419,0.0001775692500649801,0.006779458490528329,14.0,65.22138023187061,17.81578531413294,128.0,128.0,27,0.9,0.3928064090617667,0.9807291666666667,0.23931200668821215,0.00032657653061224715,1.5791759417167084,0.042179129299474684,0.04723750072975008,0.02670958199478528,1
127,-31.588541666666668,-7.64375,-55.854166666666664,1.8996913012198995,1.6253725534473626,0.9149130954479897,38.0,14.0,60.0,946.671875,229.015625,1673.859375,64.67211447659842,0.7457551826266322,1938.1165394285701,0.11776030578512396,0.005386209116069725,1.8260375744695638,3.1983333333333404e-05,33.10867768595042,0.011422910772343938,0.010493374442139615,0.0,1.7810610131802642e-06,0.11775878906640881,0.000141824551226018,0.005184141377701923,14.0,65.98422573520058,18.901575011942697,128.0,128.0,25,0.8620689655172413,0.395064062955979,0.9752155172413793,0.24625143728040147,0.0009129030612244881,3.2466231582359826,0.04823115995889084,0.19283713459811372,0.014855792498288195,1
128,-32.62916666666667,-6.548958333333333,-55.45104166666667,1.2024208798179703,0.9081224669231324,0.7083570768079395,38.0,9.0,60.0,977.875,196.25,1661.78125,64.6900118727463,0.5865411925929926,1938.671511509721,0.1143774049586777,0.003437635576478348,1.4721934597520336,-3.198333333333328e-05,33.11198347107439,0.009414235283238816,0.010493374442139615,0.0,2.732989552901667e-06,0.11437873113659199,0.00010204492004679567,0.0032031441523608516,16.0,64.41311538562191,18.02036065335919,128.0,128.0,24,0.8,0.3048359773063948,0.9875,0.21015092542821062,0.0023453265306122343,1.9006273318339912,0.019830511414965207,0.1486699832427706,0.010433666338908193,1
129,-33.325,-6.094791666666667,-55.11875,0.6790004909178392,0.348170753027719,0.4454193950649208,36.0,7.0,57.0,998.71875,182.65625,1651.8125,64.70232710982978,0.4101726131592163,1939.0298645966313,0.11330958677685948,0.0016455943319298632,0.6935734158231468,3.1983333333333404e-05,33.110826446280996,0.007882062160374601,0.010493374442139615,-0.0001666666666666335,1.5480111699633177e-06,0.11327269112169625,8.270174238350717e-05,0.0012794425883770099,15.0,61.49485977511266,11.469362625941578,101.05263157894737,101.05263157894737,20,0.6896551724137931,0.241394149893237,1.003771551724138,0.1552584471748442,0.0010354604591836705,0.8424328460743411,0.011000172955285863,0.39298227758687,0.013057625906380132,1
130,-33.545833333333334,-6.005208333333333,-55.025,0.571896819559457,0.20148913931993678,0.3891764809611872,36.0,7.0,56.0,1005.34375,179.96875,1649.03125,64.72650759790852,0.36663675651041655,1939.7820875112047,0.11402838016528924,0.0020190256518298807,0.8820258895349005,1.0658333333333353e-05,33.10867768595042,0.010199833798704577,0.010493374442139615,0.0,1.8310931551525106e-06,0.11402468951876134,9.170130722448168e-05,0.0012758114368835148,15.0,60.43283921200433,8.646255818355607,85.33333333333333,85.33333333333333,19,0.6551724137931034,0.18288593610499415,1.0107758620689655,0.12740833579255814,0.00020204591836734754,0.5850686185933595,0.031646881506877576,0.005164133539446834,0.05409088866014385,1
131,-33.884375,-6.005208333333333,-54.84583333333333,0.5344054572216992,0.08523227047636099,0.3942071860780262,36.0,7.0,56.0,1015.484375,179.96875,1643.671875,64.75033287283917,0.3485343453054214,1940.5019521997147,0.1149480247933884,0.0017917990288299247,0.8820258895349005,1.0658333333333238e-05,33.10785123966943,0.011727386297564129,0.010493374442139615,0.0001666666666666927,-4.1113837081018276e-07,0.11494870855241089,8.420675959688288e-05,0.0008802837906376391,14.0,60.04437094365428,7.049141600269937,85.33333333333333,85.33333333333333,18,0.6428571428571429,0.13248018064559275,1.0111607142857142,0.10270283098506555,4.365433673469378e-05,0.19987524441456678,0.02751011922181524,0.0,0.13763645068898947,1
132,-34.14270833333333,-5.990625,-54.66458333333333,0.5893578411547228,0.1476045709827443,0.5020746887222612,36.0,7.0,56.0,1023.234375,179.53125,1638.21875,64.73234003439516,0.4173172311827244,1939.9489678128887,0.11527570247933881,0.0017011453926747836,0.8820258895349005,1.0658333333333238e-05,33.10752066115703,0.013002287893749786,0.01574481936514323,0.0003333333333333262,-1.0797440340099985e-06,0.11529000796981541,9.119895765569865e-05,0.0007856844908999567,15.0,56.85450759584559,7.9776978801352,85.33333333333333,85.33333333333333,18,0.6666666666666666,0.19300317448315954,1.0740740740740742,0.13757577566588017,0.001040062500000004,0.7160497434813939,0.03331838775866536,0.0,0.04653082842635096,1
133,-34.282291666666666,-5.866666666666666,-54.571875,0.5538679881198126,0.3549256573174476,0.5134043088784901,36.0,7.0,56.0,1027.390625,175.828125,1635.453125,64.71688443627265,0.4517029209546457,1939.4833613595447,0.11551884297520658,0.0013094995259262455,0.6858213398377764,1.0658333333333238e-05,33.108181818181826,0.012856486930664235,0.01574481936514323,-0.0001666666666666335,-1.6563197461560542e-06,0.11553371746812538,0.0001019076612559877,0.0006613071844052443,16.0,56.331428110870625,8.361526471946291,78.36734693877551,78.36734693877551,20,0.7407407407407407,0.24324173463109933,1.087962962962963,0.15677851287877467,0.0004335318877551026,1.100054058431811,0.012898677849350674,0.0,0.011725494534094502,1
134,-34.594791666666666,-5.65,-54.34583333333333,0.6482138586895704,0.49623583103198016,0.49495720914932534,36.0,8.0,56.0,1036.75,169.328125,1628.6875,64.67554700627569,0.4204098464882003,1938.2480621760733,0.115973520661157,0.0015428360656940105,0.7794996743705225,1.0658333333333353e-05,33.106528925619834,0.01328086573659517,0.01574481936514323,-0.0003333333333333262,1.151094382657835e-06,0.11597433846767567,0.00011305807825293712,0.0010522167649257182,16.0,58.90375970350723,11.376553872836324,81.70212765957447,81.70212765957447,22,0.7857142857142857,0.3288407097429685,1.0558035714285714,0.19699846306895546,0.00027342984693877676,1.797481081129366,0.022798012819809258,0.0,0.0126833116961015,1
135,-34.744791666666664,-5.58125,-54.253125,1.0320256973208348,0.7199989149297379,0.6963376104364415,40.0,10.0,58.0,1041.3125,167.234375,1625.890625,64.67997996753793,0.5665904448769761,1938.3978839780325,0.11670308264462806,0.0015729844381800618,0.7794996743705225,2.1325000000000047e-05,33.09925619834711,0.01647263140932309,0.01574481936514323,-0.0003333333333333262,9.147322121821081e-07,0.11669310622369419,0.00012093040647815895,0.0010765994503565328,15.0,58.55298443731538,11.688195201499502,81.70212765957447,81.70212765957447,20,0.7407407407407407,0.32272921565085394,1.0665509259259258,0.2176141390041397,0.0020250000000000016,3.1344563920859256,0.005851112992205216,0.0,0.00186670741599037,1
136,-34.325,-5.988541666666666,-54.475,1.4939461168328665,1.02004593357222,0.9764945809714801,40.0,10.0,58.0,1028.703125,179.46875,1632.53125,64.69503742015617,0.609856434959421,1938.8289137830343,0.11748555371900823,0.0015603239542337334,0.6706088417740601,3.1983333333333404e-05,33.0898347107438,0.01845178981102851,0.01575433860818728,0.0001666666666666335,-6.420167497212894e-07,0.11749599971502005,0.0001080211716796322,0.0009364914569562266,14.0,62.720327692083856,20.383435363219295,137.14285714285714,137.14285714285714,22,0.7857142857142857,0.3008084929341196,1.0306919642857142,0.25123447109558295,4.653188775510227e-05,1.6928254167960448,0.11315900771105687,0.0,0.06684623623222129,1
137,-32.958333333333336,-6.478125,-55.25729166666667,2.062647301137276,0.9306922966489336,1.2745297165087555,40.0,10.0,58.0,987.6875,194.171875,1656.0625,64.71402262230596,0.6530896107534102,1939.4453119149593,0.11818333884297517,0.0016114210070757259,0.7623091602420542,1.0666666666666694e-05,33.08140495867769,0.016827063262975065,0.01575433860818728,0.0,-8.706162313616155e-07,0.1181845266112528,9.838297124698854e-05,0.000952538671982722,14.0,66.57007640421838,23.9633191677767,142.22222222222223,142.22222222222223,22,0.7333333333333333,0.26158502277066825,0.984375,0.2533949178160446,0.0004808622448979598,1.161981545055121,0.14554230364396242,0.010244255500021424,0.1252535414726043,1
138,-32.13333333333333,-6.930208333333334,-55.734375,1.3900439641328697,0.5812378657634257,0.9044252462429754,38.0,9.0,58.0,963.0,207.671875,1670.296875,64.72798878297866,0.5243740178445946,1939.8236183241597,0.11899736363636362,0.0017864167422131669,0.853051468034033,3.1974999999999944e-05,33.07628099173554,0.0156475769203829,0.01575433860818728,-0.0001666666666666927,-1.997540779393986e-06,0.11900305078496173,0.00010368103708946334,0.0011272081651304004,14.0,67.4792889359716,23.79829288849257,142.22222222222223,142.22222222222223,24,0.8,0.2850409028044076,0.9666666666666667,0.2341573063075808,2.8698979591820124e-07,1.5339709586557777,0.08537658909348655,0.009174224114681545,0.055657239540116366,1
139,-31.670833333333334,-7.042708333333334,-55.953125,1.1465452333956223,0.4173938966139245,0.6928884477617351,37.0,8.0,58.0,949.140625,211.0625,1676.84375,64.69300340108222,0.4216763540481092,1938.7703169315098,0.11989588429752066,0.001586724471543942,0.6561298188134906,1.0658333333333353e-05,33.070330578512404,0.01625895223452414,0.021012141213083375,-0.0006666666666666524,1.924866916512234e-06,0.11989458988054094,9.90955374346282e-05,0.0009210591347183618,16.0,64.4017180079112,19.583873407436673,142.22222222222223,142.22222222222223,24,0.8275862068965517,0.32206348503494947,0.9924568965517241,0.21327905690955845,0.00025599999999999804,2.544291149897723,0.013486416136110398,1.4546874244315513,0.005300657566903275,1
140,-31.876041666666666,-7.1125,-55.840625,0.8661751160113191,0.33517719194479806,0.49435946035417044,37.0,8.0,58.0,955.265625,213.171875,1673.53125,64.69793078934744,0.360326116377848,1938.956558270027,0.12072037190082645,0.001580283979774233,0.6561298188134906,3.1974999999999944e-05,33.06305785123968,0.01447956526484468,0.0157638693687767,-0.0001666666666666927,-4.532021922940617e-07,0.12072971759783618,9.862323152372399e-05,0.000992160026516641,15.0,61.51725415126187,13.291002073613857,96.0,96.0,25,0.8928571428571429,0.3241464039654053,1.0172991071428572,0.19910773717680358,0.0002938775510204088,1.7020164345803954,0.020271062061248856,0.0,0.011910027217948902,1
141,-31.532291666666666,-7.079166666666667,-56.01875,0.5293460571912186,0.3475859206329022,0.1697501227294598,33.0,9.0,57.0,944.984375,212.15625,1678.8125,64.67494343121547,0.2861826382110033,1938.2285178355069,0.12109032231404959,0.0017558378622734455,0.853051468034033,-2.131666666666659e-05,33.05743801652893,0.013144393621205069,0.0157638693687767,0.0,6.774351231855381e-07,0.12109474391971795,9.196754897004245e-05,0.0009722504080626148,15.0,62.060461786278985,11.613590576744812,96.0,96.0,23,0.7931034482758621,0.28460915595213326,0.9978448275862069,0.17139549776549157,2.0408163265307e-06,0.7612152023845848,0.00472697330069553,0.569289988079426,0.006209772592412501,1
142,-33.59166666666667,-8.888541666666667,-53.21145833333333,6.25948724382082,6.740508292401289,8.279874820305592,75.0,45.0,57.0,1006.6875,265.9375,1594.78125,64.72364802191508,1.6990840871623722,1939.6178960033922,0.12012835537190082,0.003208500735995607,1.4238896792306022,5.329999999999987e-05,33.0504958677686,0.013227272081813051,0.01051242444577164,0.0,-4.890100570663701e-05,0.1203316178806431,0.0006360722804193206,0.004581718418873524,14.0,61.65732452894598,11.804424925686806,98.46153846153847,98.46153846153847,21,0.7241379310344828,0.27005238827071,1.0048491379310345,0.1723447464114765,0.0019929846938775493,1.8569098250821794,0.01916448292732814,0.09498232799959334,0.010320631981404912,1
143,-39.36875,-3.2760416666666665,-30.404166666666665,12.178167901515401,18.477854114180317,35.01852461158555,82.0,49.0,57.0,1179.59375,434.5,1282.453125,64.76312026806198,2.6112183895404084,1940.8455848701876,0.12347963636363635,0.015683177958964886,5.958084010697421,-3.1974999999999944e-05,33.03586776859504,0.021994342679353393,0.01840510071630806,-0.0005833333333333357,1.729463432795178e-07,0.12348181453528126,0.0011170683536831244,0.01441369859441609,15.0,59.860405368350214,14.915243864766287,98.46153846153847,98.46153846153847,21,0.75,0.39115704507529586,1.0636160714285714,0.26483366142515197,0.005282174744897965,1.5075075080740001,0.10976111126026207,0.0,0.07280966142615997,1
144,-45.309375,5.309375,-1.7614583333333333,14.273924201472244,21.662879050948924,38.31541756099317,82.0,49.0,61.0,1358.15625,559.78125,1020.8125,64.90365078213993,3.5838861798368447,1945.1299758989585,0.12497025619834708,0.016214697717652903,5.958084010697421,0.00010659166666666664,33.020413223140494,0.021296672390319377,0.021037587367178385,-0.0003333333333333262,-4.4283664884573e-06,0.12500860563182073,0.001173208800141571,0.01485661951348348,14.0,65.73720079832098,21.49372925419363,106.66666666666667,106.66666666666667,25,0.8620689655172413,0.4706249703566676,1.0161637931034482,0.3382814119768638,0.0005455561224489793,3.003692637638085,0.015020712264614692,0.4696486937488251,0.005000748770495385,0
145,-52.92395833333333,13.488541666666666,20.209375,13.447717005682808,16.729959216126733,19.60731463279393,90.0,49.0,61.0,1586.5,554.671875,729.90625,64.97672909449416,3.809074845775188,1947.193499069862,0.12858574380165289,0.015382648671717852,5.554969314495084,-1.0658333333333353e-05,33.00876033057851,0.015242949755414518,0.01578296552630149,-0.0002500000000000095,2.761355726713414e-05,0.12860662174156745,0.001032470511076458,0.013730335150203037,15.0,75.11218739911982,26.629846354570706,132.41379310344828,132.41379310344828,27,0.84375,0.452019995810919,0.91259765625,0.35008063068782896,0.0006002499999999993,5.3428285044160395,0.002946759420214491,0.24586421520699855,0.0005515354681099886,0
146,-57.307291666666664,13.996875,20.991666666666667,11.005886159911457,8.056505563893174,11.851333141137424,90.0,47.0,61.0,1717.609375,429.515625,631.328125,65.08359544059815,3.3622568597919607,1950.426840237908,0.12527672727272726,0.006413814537825353,2.518010906839456,0.00010659166666666664,33.00429752066116,0.011700564815143784,0.010525162921406137,0.0,2.1434165074294994e-06,0.1252667043204326,0.00041341946014649507,0.005706951246396491,15.0,83.3268765413083,27.740684120501236,132.41379310344828,132.41379310344828,32,0.8648648648648649,0.4138413324421571,0.8070101351351351,0.2734517664284134,0.0003637193877551001,3.395757615789116,0.02162019103294861,6.3713652325745755,0.006366823984262624,0
147,-61.39375,11.492708333333333,16.816666666666666,3.4325589488747315,3.041372524304976,6.235293809347631,90.0,28.0,45.0,1839.890625,347.171875,506.140625,65.10282314365345,2.3683067916793483,1951.1081364387474,0.12474810743801654,0.004988387069027478,1.5964537697167138,1.0666666666666694e-05,33.00487603305785,0.012068379726460991,0.010525162921406137,-0.0003333333333333262,5.958042721043778e-06,0.124728370133752,0.00021192939045834415,0.004639238981097633,15.0,86.25597307046907,33.12920503002212,147.69230769230768,147.69230769230768,33,0.9166666666666666,0.5080751381263827,0.8142361111111112,0.3322079345624746,0.002590082908163257,2.938186164596979,0.045368411289800646,1.68196026502894,0.015440958723602075,0
148,-61.688541666666666,11.189583333333333,16.561458333333334,2.384383646409254,0.816174915723067,5.5823731100608605,73.0,19.0,41.0,1848.875,335.3125,496.75,65.12310725895824,1.2083325721375182,1951.6818476716696,0.13303628925619837,0.017367159357707305,3.6119599731419036,0.00039440833333333344,33.008016528925616,0.014236481754458888,0.010525162921406137,0.0002500000000000095,-1.7803138175040807e-06,0.13303507523351638,0.00010589769871448828,0.017307714196090625,14.0,77.29528218290156,33.715376357073715,153.6,153.6,27,0.84375,0.611870664998318,0.9267578125,0.3940946977546638,0.0011804132653061487,11.280451287243572,0.06488054539961581,4.9010341202605865,0.005751591292538586,5
149,-61.58541666666667,10.979166666666666,15.622916666666667,2.507695620761995,0.6171028862533559,8.875615931287374,70.0,13.0,41.0,1845.59375,329.046875,502.9375,65.12755594657975,1.108395127406634,1951.7206066633453,0.16036413223140494,0.03966310620964262,8.003932040189035,0.0013537916666666666,33.01520661157024,0.016469313992834755,0.01578296552630149,0.0,1.2393073185341386e-05,0.16033637323626143,0.00030692703063636706,0.03945808457399169,15.0,68.96468906052881,28.2940735018275,147.69230769230768,147.69230769230768,22,0.7857142857142857,0.5969698271579872,1.0133928571428572,0.4122520706684299,0.010200999999999984,8.784889853529869,0.13399350274851454,0.0,0.015252724278002693,5
150,-62.375,10.723958333333334,10.958333333333334,2.5801727978309255,0.6768869907627778,11.060549890890998,70.0,13.0,41.0,1869.28125,321.390625,413.171875,65.2207157264972,1.1993533494240938,1954.5740128867947,0.21121397520661156,0.0559696825754303,7.070967310440091,0.0009913583333333333,33.01743801652893,0.01746443496445912,0.01578296552630149,0.0003333333333333262,-5.20549853505078e-06,0.21125023635362322,0.00034349980836508986,0.05591052065793086,14.0,66.75637530407373,22.68770296435174,142.22222222222223,142.22222222222223,21,0.7241379310344828,0.5699148564815563,1.0102370689655173,0.37646257218947077,0.00043056249999999546,5.582693552479466,0.18928867115487727,0.46539948225290956,0.0339063338109984,5
151,-62.92916666666667,10.6625,8.625,2.1455339596991285,0.6881814804250401,10.387743178060061,70.0,13.0,35.0,1886.03125,319.53125,355.921875,65.26711539078961,1.1598772486865014,1955.974184610167,0.2424744214876033,0.03735078614476897,5.003890139020384,0.0005543083333333333,33.01462809917356,0.01813818957835202,0.01578296552630149,0.0001666666666666335,2.184740676000547e-06,0.2424602354511317,0.0003449885046821902,0.037273269082222685,16.0,69.77400756058425,22.75109679477124,142.22222222222223,142.22222222222223,26,0.8387096774193549,0.48594336143303096,0.954133064516129,0.32181028857096056,7.408290816326604e-05,4.380492287784482,0.042773494823481015,0.6472944585620145,0.009764540607173293,5
152,-63.8,10.63125,5.498958333333333,1.3932874793092773,0.8705018308424171,7.586446176016622,70.0,16.0,21.0,1912.0625,318.546875,237.71875,65.36659456809076,1.0786671887939323,1959.0026876845982,0.25410328925619835,0.019912107308828825,2.3135386001738287,-0.0004370499999999999,33.01396694214876,0.01869632654257838,0.01578296552630149,0.0002500000000000095,-2.2841328782317413e-06,0.2541386715116099,0.00020658047635845663,0.019964592511856054,15.0,73.96722080239923,22.550988609721422,142.22222222222223,142.22222222222223,29,0.8787878787878788,0.39904021509331455,0.8849431818181818,0.2606576020429,8.035841836734744e-05,3.9605152484265433,0.015987838566895354,1.2996634699531493,0.004036807729309234,5
153,-60.75833333333333,7.760416666666667,11.969791666666667,6.13731188894798,12.177972593706047,13.709338512729097,77.0,57.0,53.0,1820.75,385.125,406.03125,65.28112885151107,2.71382403121666,1956.3883324518301,0.24164985950413223,0.00742181287838413,1.2018398914911166,-1.0658333333333121e-05,33.0104958677686,0.01762095107560742,0.01578296552630149,0.0,9.675933798246193e-06,0.24162646371866237,0.000207500655301439,0.007067254593472378,16.0,80.2903759837992,26.336235385570127,153.6,153.6,33,0.9428571428571428,0.33566486029595055,0.825,0.2523826194632722,0.0013140625000000023,3.596376910219519,0.010036281564402826,0.5125045316846077,0.0027906645535076082,0
154,-58.63645833333333,1.1416666666666666,16.258333333333333,7.407212416957579,16.10061894945519,15.923512925510153,85.0,57.0,58.0,1757.3125,385.109375,527.875,65.25888176184601,3.5783226321934425,1955.776990780258,0.2383303388429752,0.006549022587541409,1.0713427079871778,0.00010659999999999998,33.00743801652893,0.01722620172347621,0.01578296552630149,-0.000416666666666643,-3.003858721351162e-06,0.2383564290456692,0.0002572747180421686,0.006199120350192614,14.0,84.87072820471285,26.66036565779475,153.6,153.6,34,0.8947368421052632,0.3161213317197105,0.7730263157894737,0.22229669555243475,6.747448979591572e-07,2.4056701348212455,0.011378412491904952,1.0862056743164936,0.00472983071419741,0
155,-54.786458333333336,-12.514583333333333,21.792708333333334,6.544815374778005,19.43578625439138,13.774665337674472,85.0,62.0,63.0,1641.75,582.765625,700.265625,65.02021758674577,3.973670214327847,1948.557772674752,0.23615256198347112,0.008628228822289917,1.1585356986832944,-0.0001279166666666667,32.99851239669422,0.010575283598157976,0.010525162921406137,-0.0002500000000000095,-4.398449409274419e-06,0.23614349912980412,0.0002720528856967403,0.008346183618338603,14.0,83.81236251195294,30.8608506546733,153.6,153.6,28,0.7777777777777778,0.3685551089098772,0.8042534722222222,0.25476912970324567,0.0001500624999999984,4.367448274565196,0.010188911414557668,0.3542447797736597,0.0023329209126287894,0
156,-54.08020833333333,-22.605208333333334,21.276041666666668,5.527471539796826,12.699957921449867,11.189645928190217,85.0,62.0,63.0,1620.671875,695.765625,660.359375,64.77654835504933,3.0631941182294646,1941.303422465206,0.22991528925619836,0.009194974367041255,1.5644564850571556,-0.00023451666666666666,32.99462809917355,0.00668553666649737,0.010525162921406137,-0.0003333333333333262,-8.340999351024637e-06,0.22994037115456434,0.00020373227467936728,0.009121654891129346,12.0,75.45948540486918,28.02959686630473,147.69230769230768,147.69230769230768,23,0.696969696969697,0.4116416554954837,0.8925189393939394,0.2935987878395359,0.0005759999999999988,3.49812811225371,0.0066111204953280284,0.8938560006636171,0.0018899023372442288,0
157,-51.233333333333334,-28.792708333333334,24.082291666666666,3.6503044013098718,2.4760832979251504,9.868642413300687,78.0,62.0,63.0,1535.4375,862.734375,738.40625,64.3967883337622,1.9315112295720676,1929.8841525318005,0.2244285702479339,0.006559828366312523,1.5644564850571556,-0.0002771583333333332,32.993801652892564,0.009114170090660753,0.015792530965225253,-8.333333333331676e-05,7.025232066856346e-06,0.22439594813806177,0.00013920190857340392,0.006306841277286684,13.0,67.1613376770418,24.99616321321031,147.69230769230768,147.69230769230768,21,0.7,0.422732207026811,0.9875,0.2831935163599854,0.0028052155612245016,4.697538634980552,0.009688167432589698,0.04965930313489813,0.002062392283577207,0
158,-50.052083333333336,-28.007291666666667,27.7125,3.044016643579481,0.7644094659259671,7.48628259440781,61.0,31.0,35.0,1499.9375,839.3125,830.625,64.21144795145389,0.6219541604707042,1924.3300654589052,0.21936474380165288,0.0036076608307738147,0.6656717355356927,-0.00010659999999999998,32.99537190082645,0.00918508693517313,0.015792530965225253,0.0,-8.717276087524211e-07,0.21936109923709254,0.00010254326779620874,0.0033758341081276447,15.0,60.37217244400939,16.652133367517653,106.66666666666667,106.66666666666667,26,0.9285714285714286,0.4301213087929704,1.0630580357142858,0.26698320506748335,0.0006909387755102027,2.6497507246764918,0.024536418103710354,0.0,0.00925989674244018,0
159,-49.06041666666667,-28.019791666666666,30.25,0.9823949441995764,0.5367960102284873,1.6832508230603465,53.0,29.0,34.0,1470.28125,839.734375,906.5625,64.11740331137418,0.37534553847026714,1921.5302953000755,0.21577028925619834,0.004599156159464561,0.6696207885710879,-0.0001279166666666667,32.99553719008265,0.009176903565283221,0.015792530965225253,8.333333333331676e-05,2.1653415042539376e-06,0.21576097569636957,0.00010009773437731292,0.004491173732711032,16.0,58.01885609454039,13.203832677848974,98.46153846153847,98.46153846153847,25,0.9259259259259259,0.3183939376295202,1.0787037037037037,0.20241066887684422,0.0003774693877551047,1.5087620908753547,0.011575609815332615,0.0,0.007672256537554352,0
160,-49.425,-28.391666666666666,29.425,0.9390819985496474,0.5130924759620715,1.4114856239674092,56.0,31.0,35.0,1481.25,850.875,881.765625,64.16935749064108,0.42305543959517306,1923.0842768890516,0.2113091157024794,0.003782368330155066,0.7409687672312283,-6.395833333333346e-05,32.99727272727273,0.007713892158398163,0.010525162921406137,0.0,2.0172516650689856e-07,0.21130508266860593,0.00011055319910675167,0.0035769767531613323,16.0,61.44423503485471,18.208146444085656,128.0,128.0,24,0.8571428571428571,0.31254339976411455,1.0390625,0.22365748411553962,0.0002571441326530602,1.2384223575029507,0.06390279000777947,0.0,0.05160015855707548,0
161,-49.1875,-28.679166666666667,29.503125,1.1050311081594038,0.49914858064063006,1.5048500150208768,57.0,31.0,35.0,1474.09375,859.484375,884.15625,64.15475195192522,0.49169128554543035,1922.6378048035733,0.2079895867768595,0.0029981339366302305,0.5389407407674165,-9.593333333333328e-05,32.99677685950413,0.007842970852309053,0.010525162921406137,-8.333333333331676e-05,1.4168486982143002e-06,0.2079848896251554,8.642425980521208e-05,0.00285091662808855,16.0,61.94966922815509,18.80276326920037,128.0,128.0,25,0.8928571428571429,0.3050174791970794,1.0318080357142858,0.2177705329065243,0.000412960459183676,2.462623132846803,0.0619131462825252,0.0,0.02514113729247452,0
162,-48.71041666666667,-28.854166666666668,30.097916666666666,1.0295103171195301,0.4178109287970124,1.365038092162836,57.0,31.0,35.0,1459.765625,864.734375,902.03125,64.14077373807238,0.4595043867074899,1922.2210364153714,0.2051670082644628,0.0029419273535644494,0.4865309056140122,-5.330000000000011e-05,32.99776859504132,0.007550119402020158,0.010525162921406137,-8.333333333331676e-05,2.075484578708877e-06,0.2051422911373077,9.3404875015471e-05,0.002793947594732388,15.0,63.59437108267461,17.843351204671986,128.0,128.0,19,0.6785714285714286,0.26647467589532503,0.99609375,0.19563032176980882,0.0002853686224489796,1.2419912200621364,0.04020110261913377,0.0,0.03236826635306047,0
163,-48.380208333333336,-28.955208333333335,30.425,0.7625505163138739,0.28699948884487964,0.9728609013283108,57.0,31.0,32.0,1449.90625,867.75,911.796875,64.07938576735788,0.41461188051887204,1920.3865981482513,0.202788347107438,0.0030110025669249844,0.7691056683706619,-8.527499999999993e-05,32.99628099173554,0.004833121162714228,0.0026324866508713528,0.0,2.564555291605095e-06,0.20277002933214583,0.00010145559017453036,0.0027517426999037007,15.0,60.39652314197982,11.891888426122811,98.46153846153847,98.46153846153847,19,0.6785714285714286,0.2670001170411728,1.0256696428571428,0.1690212707658448,4.290816326530464e-06,0.9759409669497644,0.00652544477897916,0.0,0.006686310955235319,0
164,-48.16354166666667,-29.110416666666666,30.577083333333334,0.7255198985995415,0.36840850477274395,1.0032737212357463,53.0,30.0,33.0,1443.40625,872.40625,916.34375,64.05957750792518,0.3745946780085906,1919.7848853198057,0.20050482644628098,0.00212557059593627,0.5562455371797591,-3.1983333333333404e-05,32.99818181818182,0.010679400113154224,0.01578296552630149,8.333333333331676e-05,-1.2828014285061212e-06,0.20051148501028535,9.57865543371868e-05,0.0018106665079392554,14.0,63.06349824602571,15.186169311678972,128.0,128.0,20,0.6666666666666666,0.22087560252049818,0.9901041666666667,0.17090080603517416,5.62499999999933e-07,1.4810216196347579,0.018424306631512465,0.06012158100309216,0.012440268519548131,0
165,-47.11875,-29.095833333333335,31.819791666666667,2.76142748788255,1.1802115511871403,2.979412686520151,62.0,36.0,43.0,1412.078125,872.0,953.59375,64.00080446025312,1.017629651253715,1918.028900863573,0.19792526446280995,0.0033908839647340955,0.6259431179660674,-0.00010659999999999998,32.99677685950413,0.013249972776086277,0.02105033357011963,-0.0001666666666666927,-3.6096728696559932e-06,0.19794359491711336,0.00010718306497094618,0.0031742260972443307,14.0,71.09968235301233,24.358171347906495,153.6,153.6,26,0.8125,0.25613072558502165,0.9150390625,0.21839876587347876,0.00033961224489796116,1.3360612293523761,0.02322158489321839,0.26780612660391967,0.017380629257892993,0
166,-46.32395833333333,-28.261458333333334,33.59583333333333,2.6720484024303444,1.7294549834935153,3.1877341961894428,62.0,36.0,43.0,1388.234375,846.953125,1006.84375,63.972733551150014,1.0397252811349404,1917.1637920991072,0.19363312396694216,0.005327328663327569,0.9323141967537775,-0.00010659999999999998,32.99314049586777,0.015322055504340074,0.02105033357011963,-0.0001666666666666927,-1.1804410238905503e-06,0.19363302858860362,9.601453384357161e-05,0.005199687027428823,15.0,73.320065073189,24.678281066276877,153.6,153.6,29,0.8787878787878788,0.2957678780654054,0.8910984848484849,0.22810375213952216,0.0007839999999999962,2.3940372805979355,0.043875596445871606,1.2418857910100383,0.018327031413192207,0
167,-45.427083333333336,-27.416666666666668,35.44166666666667,2.4132653866470815,1.6064107680028652,2.550884922706018,62.0,36.0,43.0,1361.375,821.625,1062.1875,63.914244157557526,1.1340460461509259,1915.4337019859884,0.18962652066115698,0.004307053626760176,0.8768945165968698,-0.00010659166666666664,32.98669421487604,0.012223025943954002,0.007899854694690015,-0.0002500000000000095,6.841140214802255e-07,0.1896282191498455,9.708797071136027e-05,0.004129469470411896,16.0,78.19519164089778,26.85503242419365,153.6,153.6,30,0.8823529411764706,0.3213818301903752,0.8432904411764706,0.2341139874466874,1.9400510204081005e-06,1.693239382269906,0.03247672093088414,0.1507345645891536,0.019180230079072946,0
168,-43.91041666666667,-26.182291666666668,37.975,2.834735406768838,0.8997099986091197,3.401807117792934,49.0,28.0,47.0,1315.875,784.640625,1138.109375,63.8404413504541,0.7438121487059914,1913.1994731384352,0.18629655371900827,0.0019722287009287663,0.481957592711546,-7.461666666666658e-05,32.98438016528926,0.01003239068131923,0.007899854694690015,0.0001666666666666927,1.8995554293887021e-06,0.18629715598491972,8.567921373008065e-05,0.0015835760500091244,15.0,72.089561900468,23.52550263911192,147.69230769230768,147.69230769230768,27,0.84375,0.37471637459701307,0.90869140625,0.250977987441237,0.0019580625000000114,2.5454347838917633,0.023829408894650538,0.8090365740931885,0.009361626173041175,0
169,-43.21145833333333,-27.19375,37.93125,2.8925324037246707,2.0665900103390933,3.9303125538350425,51.0,32.0,48.0,1295.03125,814.984375,1136.671875,63.81745264736007,0.9630832096045702,1912.5098120456141,0.18233214876033058,0.005340231250852446,1.0582277282926125,-0.00011725833333333333,32.98471074380166,0.010371159961687708,0.007899854694690015,0.0001666666666666927,-1.7275779860457717e-06,0.18233959419906381,9.251841441471283e-05,0.005203588234650469,13.0,76.36324750945383,26.747993392689033,147.69230769230768,147.69230769230768,28,0.8484848484848485,0.3812247846425797,0.8726325757575758,0.26399402387095355,0.000782001275510203,2.9657360929821115,0.01319951385148594,0.7122315381465436,0.004450670402777998,0
170,-41.39375,-27.079166666666666,39.8625,2.7908262105512773,2.1030690206352136,4.05198639558427,51.0,32.0,48.0,1240.484375,811.53125,1194.671875,63.74677210577624,0.8496839182284947,1910.4213141290877,0.17760659504132234,0.0055819208053617874,0.9994311225807967,-0.00011725833333333333,32.98487603305786,0.010294482392741602,0.007899854694690015,0.0,4.055237604185163e-08,0.1775985094240854,0.00010154661823866312,0.005463599823466118,14.0,69.23017119961045,23.397922692110846,132.41379310344828,132.41379310344828,28,0.9333333333333333,0.44850310781032193,0.95625,0.2848553635180493,0.0007720459183673502,2.7686867117881615,0.013675756580702105,0.11300975548681787,0.004939438081771842,0
171,-41.67395833333333,-27.654166666666665,39.255208333333336,2.350298952246406,1.6655777692907514,3.462067355390979,51.0,32.0,48.0,1248.84375,828.796875,1176.46875,63.734854778248106,0.771602053494581,1910.047800379673,0.17195066942148757,0.0038435504858137163,0.9068721688967064,-0.00010659999999999998,32.9812396694215,0.011323218881623633,0.007899854694690015,-0.0001666666666666927,-2.5817702679843504e-06,0.17197234784794516,0.00010248604442495472,0.0036899480499575244,15.0,67.73375014408,21.785816678803847,132.41379310344828,132.41379310344828,25,0.8064516129032258,0.37358674667561037,0.9611895161290323,0.2537480809377769,0.001686862244897961,1.630649661888366,0.028019788263007765,0.6911765530371528,0.01718320551488637,0
172,-40.146875,-26.10625,41.50416666666667,3.9441796021954936,3.044661054616753,3.7488864087293385,45.0,28.0,61.0,1203.484375,782.59375,1243.546875,63.67264554169116,0.7606475676401742,1908.2238083941475,0.16815547107438017,0.004082649026748388,0.9276980101272841,-0.00010659999999999998,32.97694214876034,0.011980905966559574,0.010537932306303878,-0.0001666666666666927,5.663837152253752e-06,0.16814696537787896,9.824369178404021e-05,0.0039040826367562607,16.0,61.07152697560254,10.199713863428208,85.33333333333333,85.33333333333333,18,0.6206896551724138,0.3122348205234666,1.0129310344827587,0.18969037437805977,9.506249999999808e-05,2.235996898617312,0.003251119518246512,0.31669709658939943,0.001453991067812718,0
173,-44.653125,-26.694791666666667,30.378125,8.128748534330176,4.901910124968009,19.548863474663726,75.0,40.0,62.0,1338.109375,799.953125,1009.75,64.01963273686944,1.7589530701590619,1918.587578704307,0.16461399999999998,0.003519862703933982,0.9569288892291822,-6.395833333333323e-05,32.9701652892562,0.013482984138534378,0.015811696668723514,-0.0001666666666666335,9.932048956818155e-07,0.16461460926111263,0.00013793453574284411,0.0031955821638478678,15.0,64.86502436386166,22.738276680150623,147.69230769230768,147.69230769230768,20,0.6896551724137931,0.4772024391898579,1.0247844827586208,0.33902804134696596,0.00028296045918365677,9.01514809931772,0.04243351000199181,0.15821425028662253,0.004706912136607411,0
174,-48.69583333333333,-28.203125,22.78125,8.536391663864123,5.42730275867995,18.71224149509709,75.0,40.0,62.0,1459.40625,845.15625,781.875,64.30449819877293,1.7580916938571738,1927.1410660993345,0.16422280991735538,0.0031101629792113826,0.8264824930072584,1.0658333333333121e-05,32.9602479338843,0.017649611234327237,0.015811696668723514,-0.0001666666666666335,1.8753187502452735e-06,0.16421951439575977,0.0001410149841245027,0.002697030361203366,15.0,73.25634944464764,32.32179829359457,153.6,153.6,24,0.8,0.559551359214807,0.9786458333333333,0.4226552070484154,0.003084215561224531,15.611842994777087,0.13846175022127907,1.1722042893423956,0.008869020157812322,0
175,-51.49270833333333,-20.136458333333334,20.26875,7.478855538445074,18.890725346668507,17.400271265246605,75.0,42.0,63.0,1543.640625,767.484375,705.671875,64.61830243646541,2.7991796827205575,1936.4342059875707,0.1642650909090909,0.0032221998465706103,0.8264824930072584,2.1325000000000047e-05,32.9498347107438,0.014199491963579572,0.010544328624904854,-0.0003333333333333262,-3.4538432743495594e-06,0.16426202951088192,0.00016701667122038334,0.0028224525770417837,15.0,78.3968950204594,35.38611374872194,153.6,153.6,27,0.9,0.629649997278866,0.9583333333333334,0.4785151821143075,0.01100251147959186,14.77644816316214,0.08017163489993921,0.24065793702897448,0.0054256363920937405,0
176,-48.628125,-5.432291666666667,30.982291666666665,8.356025808822537,23.93018489094747,13.27853448546176,70.0,45.0,64.0,1457.625,645.5625,928.375,64.467218589679,4.1086314400961115,1932.0977669886993,0.16515306611570252,0.0024469180978216004,0.6123454936507121,1.0658333333333353e-05,32.93776859504132,0.013935364567511594,0.010550732713102622,-0.0003333333333333854,-4.4666409364124805e-06,0.16517445074633366,0.00014421167851153932,0.0019290355514760815,15.0,79.16889685178445,29.341228081589417,153.6,153.6,27,0.84375,0.5217364481910074,0.88427734375,0.37986869099315174,0.00015446938775510124,5.75504770390918,0.03345639716323773,0.6022972105779846,0.0058134004937113026,0
177,-46.83020833333333,5.702083333333333,39.376041666666666,7.973218450324638,15.602176525292517,9.596399550435423,70.0,45.0,68.0,1403.296875,350.109375,1180.390625,64.48059522995253,4.171171552976141,1932.4004790107851,0.16363078512396698,0.002469233662383559,0.6123454936507121,-7.461666666666658e-05,32.92801652892562,0.01674405456149521,0.015830908947480935,-0.000500000000000019,-1.610380599134853e-06,0.16364147452775143,0.00013668522897903972,0.0020691519749878214,15.0,75.23884883700212,20.12970537894585,123.87096774193549,123.87096774193549,24,0.7058823529411765,0.38747785249513605,0.8699448529411765,0.2885271918434493,0.004575556122448989,4.700843821163049,0.03207816399419476,1.514328502902398,0.006823916133903425,0
178,-47.55416666666667,6.033333333333333,41.446875,5.594378068402441,9.328101212048583,5.575923935490422,70.0,45.0,68.0,1425.0,182.75,1242.1875,64.4438519970394,3.469111046125037,1931.2814570360497,0.16220351239669425,0.0025825237771923215,0.7605430874439283,-4.264166666666676e-05,32.91611570247933,0.01560736745006748,0.015830908947480935,0.0,6.187384140824756e-07,0.16220580116027286,0.00011712193310506725,0.0022461919905517164,15.0,72.63520962090111,12.539573936053394,93.65853658536585,93.65853658536585,20,0.5882352941176471,0.2470379688413148,0.8561580882352942,0.18224795828362808,0.0024185318877550984,1.8996158982792848,0.042601900653279894,0.613064568733838,0.02242658670727575,0
179,-49.2625,0.759375,41.42395833333333,2.475683828090063,1.937410112162196,2.3621249610461383,52.0,22.0,68.0,1476.640625,24.875,1241.21875,64.48272128275298,0.8693326774766019,1932.483472352344,0.16098769421487605,0.0018377348473883246,0.6271432566032855,-2.1325000000000047e-05,32.90421487603305,0.016351109655558232,0.01584053260566967,-0.0001666666666666335,4.058352621125162e-06,0.16095386797635888,0.00010536512536012954,0.0012121084653848556,16.0,68.90684672052195,10.821720299396272,91.42857142857143,91.42857142857143,20,0.6060606060606061,0.1624267412991546,0.8939393939393939,0.1512337585858274,0.0006250000000000013,0.7312120039950283,0.00207917446218733,0.12684889870213392,0.00284346325118791,0
180,-50.09791666666667,0.3770833333333333,40.25833333333333,2.7395247142017576,2.011812986600781,3.5803184991779093,68.0,13.0,46.0,1501.40625,31.40625,1206.453125,64.44746391049647,1.2539187262028686,1931.416528609027,0.16218226446280995,0.004204990480170423,1.1489229645332613,0.00010659999999999998,32.89049586776859,0.01957613826923525,0.023771645290091053,-0.0001666666666666927,2.205135699156241e-06,0.16217512972291945,0.00010382331721020171,0.003966355053035372,16.0,65.79121179246835,12.150014282678635,109.71428571428571,109.71428571428571,24,0.7741935483870968,0.20013829853795267,0.9400201612903226,0.15949734265904422,0.0011853265306122442,0.6231577798311465,0.007069783432817908,0.5900611879868912,0.011345093749344776,0
181,-49.865625,0.8041666666666667,40.5125,2.774073723973764,2.1038613639897688,3.6431799868612953,68.0,13.0,46.0,1494.421875,44.28125,1214.09375,64.43852141296641,1.2495331570908128,1931.1462824483085,0.16463491735537192,0.004404047206243678,1.1489229645332613,7.461666666666658e-05,32.875537190082646,0.020203526949402598,0.023771645290091053,-0.0007499999999999692,4.867791170487583e-07,0.16463596711599685,7.765068186971862e-05,0.00419502273221778,14.0,62.9292968219059,9.97725633452616,89.30232558139535,89.30232558139535,21,0.7241379310344828,0.22652401150910817,0.9768318965517241,0.15141332474169547,0.00018710331632652876,0.8198079604305791,0.012948493435706648,0.5941312863894009,0.015794544650317675,0
182,-49.53958333333333,1.3177083333333333,40.889583333333334,2.811156314826497,2.063093086023319,3.6977323897746968,68.0,13.0,46.0,1484.625,57.515625,1225.421875,64.43737860888498,1.23333410526595,1931.1104265910615,0.16650610743801653,0.0035095201240132167,0.8645824931806014,6.395833333333323e-05,32.858016528925624,0.020434124542119153,0.01585981506629309,-0.000416666666666643,-2.44096462742295e-06,0.16650828618751218,0.0001267764080121424,0.003268101101998318,14.0,63.261186549398715,11.16477280516781,91.42857142857143,91.42857142857143,20,0.6666666666666666,0.2354679974045818,0.9755208333333333,0.15716830841533827,0.0005967551020408225,1.0585905480776256,0.0054303783739759045,0.00895688891960648,0.005129819441366955,0
183,-48.91979166666667,1.4572916666666667,41.873958333333334,0.5291738434552696,0.6802641630993229,0.4606934970931203,51.0,4.0,43.0,1466.078125,43.796875,1254.90625,64.41670121818261,0.3764693445579327,1930.4954618144377,0.16726721487603308,0.0018308570688944637,0.6029478172227023,-3.1983333333333404e-05,32.84471074380165,0.01902909386955424,0.021152861932139732,-0.0004999999999999598,-4.705429736896026e-07,0.16726908030020485,0.00013985684910566317,0.0011750308862002435,14.0,61.56800553305958,9.248398253769615,91.42857142857143,91.42857142857143,17,0.5666666666666667,0.18082590098079768,0.99375,0.13144826295289463,3.184183673469389e-05,0.716592077237856,0.011374841195670629,0.19993342595126123,0.015873523524730537,3
184,-48.89479166666667,1.24375,41.920833333333334,0.48559881239272223,0.62994915469425,0.41830926225567716,51.0,4.0,43.0,1465.3125,37.28125,1256.3125,64.42269663079173,0.35723542700838173,1930.6636394701509,0.16737292561983472,0.0019938991211220715,0.6029478172227023,2.1325000000000047e-05,32.83330578512396,0.013260793498817688,0.015869473911532095,-0.0002500000000000095,-2.772589948993154e-06,0.16738040851055513,0.00015851468370518736,0.001370615866221785,13.0,61.03787898249128,9.099668729490087,91.42857142857143,91.42857142857143,19,0.6551724137931034,0.18007528032692724,1.0026939655172413,0.13560042716453996,0.0014905114795918423,0.8437100146193054,0.06497754823672211,0.004551067691184884,0.07701407724316388,3
185,-49.026041666666664,0.9166666666666666,41.78854166666667,0.46586496426599366,0.5713045500334204,0.4766134421770843,50.0,3.0,43.0,1469.25,27.796875,1252.359375,64.4308516641174,0.3334474019024817,1930.9187516480179,0.16931819008264462,0.002747119805966131,0.6623275598371249,1.0666666666666694e-05,32.824380165289256,0.016855857651355267,0.02116574824518152,-0.0002500000000000095,1.6422676218579272e-06,0.16931964454209383,0.00011922294750560946,0.0024153028047884774,15.0,62.91361995007439,12.689973938166471,106.66666666666667,106.66666666666667,21,0.7,0.1934882478276492,0.9838541666666667,0.15375525764497364,0.00011865433673469298,1.4072555271998648,0.02441471153439142,0.04629674415049754,0.017349167270972764,3
186,-49.246875,0.5447916666666667,41.52916666666667,0.5046560555219762,0.5664895173468693,0.5175899009404603,52.0,2.0,43.0,1475.875,16.6875,1244.578125,64.42748506137784,0.40722884549595706,1930.817631293854,0.16988914049586776,0.0025557373612325176,0.6623275598371249,0.0,32.81181818181818,0.017344349116671553,0.013234635560759217,-0.0001666666666666927,-1.5575903896451688e-06,0.16989906179916506,0.00011292883947964304,0.0021773066773246312,15.0,61.89421926707458,13.49811890529067,106.66666666666667,106.66666666666667,19,0.6551724137931034,0.20600211700325177,1.003771551724138,0.16085117435018476,0.0009237257653061243,1.6459287447179707,0.027907294315965187,0.1217911261798635,0.016955347797116875,3
187,-49.395833333333336,0.26666666666666666,41.325,0.7955496876723387,0.6890008869531462,0.7349886620440709,58.0,2.0,45.0,1480.3125,13.859375,1238.46875,64.41186831042975,0.7308470609661208,1930.3352831019834,0.17088297520661155,0.002036001434763861,0.7258552090767946,3.197500000000006e-05,32.80024793388431,0.01608154889118045,0.01588882693928354,-0.0001666666666666927,3.6350322109041303e-06,0.17085909897705714,8.692468620407952e-05,0.0016225023582891835,16.0,65.65415672709443,16.520372595377005,109.71428571428571,109.71428571428571,21,0.7,0.23142904299083805,0.9598958333333333,0.18591707404146315,0.00046225000000000037,2.196967105396657,0.02132907918944981,0.5218232792479559,0.009708419910820148,3
188,-49.61354166666667,-0.16145833333333334,41.10104166666667,0.9149362217830025,0.7651075348802647,0.906687514121535,58.0,4.0,47.0,1486.859375,14.40625,1231.6875,64.43830268743089,0.8803058728095318,1931.0978700958149,0.17118953719008262,0.0026378249305667335,0.8515821469928346,5.330000000000011e-05,32.79363636363637,0.010601730717900874,0.01588882693928354,-0.0001666666666666927,2.1919163031693224e-06,0.17120801956014087,0.00012573695635881873,0.0023316120220982016,14.0,65.42423149327749,12.577318943002824,109.71428571428571,109.71428571428571,23,0.7419354838709677,0.18250731292425884,0.9445564516129032,0.14651308305664645,5.256249999999987e-05,0.5970340504247211,0.019684580161603918,0.39476480864046876,0.03297061557477434,3
189,-50.490625,2.370833333333333,39.13333333333333,4.630730191813706,4.175571733973152,7.8153783586521826,88.0,17.0,57.0,1513.1875,93.234375,1187.28125,64.63208548856595,2.9990943742018503,1936.9580678301909,0.17089348760330578,0.0030959350931642616,0.8515821469928346,-1.0658333333333121e-05,32.78570247933884,0.01389609888064923,0.02119156803076354,-0.0003333333333333262,-2.5608459421149263e-07,0.17089740722574415,0.00017234928948690453,0.0026813557154379,15.0,68.76718567065652,16.44682652031468,120.0,120.0,23,0.71875,0.2863834824006711,0.91650390625,0.1946319932018114,0.00015269897959183462,0.9357471993202944,0.045684778755164676,0.29140841784748417,0.04882171038112544,3
190,-50.64270833333333,4.783333333333333,38.76770833333333,4.573525372357436,4.235137410862709,7.727736769688602,88.0,17.0,57.0,1517.6875,160.09375,1176.34375,64.65606681301306,2.94344315462759,1937.64624651972,0.17019568595041323,0.003366465765845917,0.8515821469928346,-2.1316666666666706e-05,32.7795867768595,0.013385368489934678,0.015898521164917093,-0.0001666666666666335,7.87870318413638e-07,0.17019419585266804,0.0001889810571086059,0.0028914230243481274,16.0,68.33544133694505,18.95281524809966,142.22222222222223,142.22222222222223,18,0.5625,0.29249205169101494,0.92822265625,0.19875326189927195,0.0011877869897959205,0.9842958149259176,0.03965670470209673,0.1885402601569402,0.040289417165795295,3
191,-49.14375,8.365625,38.46458333333333,10.108791682037639,6.611910467182815,10.799440370981678,98.0,45.0,80.0,1474.109375,283.859375,1169.234375,64.8617914335137,4.48296446212789,1943.7792948675574,0.17177087603305785,0.005907172545346886,1.3369064545682587,3.197500000000006e-05,32.77247933884297,0.013982337839706484,0.015898521164917093,-0.0003333333333333262,3.638706090187469e-06,0.17176380919972595,0.00021166935281607453,0.005468292228685512,15.0,75.82065457597125,28.7609086678965,142.22222222222223,142.22222222222223,23,0.696969696969697,0.4788065123507942,0.8896780303030303,0.2750241949244604,0.0008306747448979573,2.2195788166846295,0.03004987434140475,1.6490914810903536,0.01353854799636719,3
192,-48.765625,12.075,38.30833333333333,9.056435650558576,7.971211221221862,8.117671909003358,98.0,45.0,80.0,1462.78125,392.0625,1150.078125,64.73704896910165,3.4627348207451596,1940.1021321440621,0.1748050165289256,0.00608928615825223,1.3369064545682587,6.395833333333323e-05,32.77099173553719,0.014737648347212268,0.015898521164917093,0.0001666666666666927,1.8497423230071135e-06,0.1747961233698674,0.000216157058229558,0.005657347433213848,16.0,77.2994386597453,26.792967805625473,142.22222222222223,142.22222222222223,24,0.7058823529411765,0.43320060066517296,0.8566176470588235,0.24546292538803474,0.002450250000000007,1.244682623805091,0.013252933649221612,0.6638302740394731,0.01064764092930483,3
193,-49.153125,15.889583333333333,36.52916666666667,9.11217652746633,7.509181590541157,8.082593393968438,98.0,45.0,80.0,1474.359375,506.484375,1096.734375,64.77429907910195,3.453496365190562,1941.1992989969522,0.17653879338842976,0.004514675866599081,1.0658749424726799,3.197500000000006e-05,32.77066115702479,0.014068048152696268,0.015898521164917093,0.0,-2.608646841879005e-06,0.17654185917925114,0.00020083322103418548,0.003998273721523024,14.0,72.67731135760278,25.990150868637237,142.22222222222223,142.22222222222223,26,0.8125,0.4351354593038223,0.91162109375,0.2522666222773238,8.622448979592398e-07,2.34977888279869,0.022169491159657218,3.169211139341289,0.009434713760493233,3
194,-51.036458333333336,18.809375,34.83229166666667,1.12069730819576,0.5478324951190221,1.1456434501757324,54.0,22.0,46.0,1529.46875,563.703125,1043.90625,64.61011031492295,0.4510396436599079,1936.277480228965,0.17461476859504135,0.003620414413428959,1.0214908599438894,-8.527500000000016e-05,32.77297520661157,0.013025380697417816,0.010602246831267663,0.0001666666666666927,-2.4475207714087683e-06,0.17462600080765797,0.00015939253677761537,0.0032772818494169126,14.0,62.8540170174052,12.213028004189855,103.78378378378379,103.78378378378379,20,0.6896551724137931,0.23428197558673058,0.9849137931034483,0.16120812107685395,0.002028215561224491,0.7781995496779563,0.020423834478437604,0.0987583377388078,0.026244983676602787,3
195,-51.11770833333333,18.796875,34.74583333333333,0.9229137274219562,0.9406284606802341,0.711500273287993,55.0,39.0,42.0,1532.125,563.40625,1041.21875,64.6185816059428,0.5452014026444149,1936.6609994541996,0.1764647768595041,0.007399643379264367,1.603806619409967,0.0001918749999999999,32.777107438016536,0.012021882013861928,0.010602246831267663,0.0001666666666666335,-2.999864209574952e-06,0.17648818579668282,8.195906674608643e-05,0.007379194022922671,14.0,59.980662459764034,8.412604891644165,81.70212765957447,81.70212765957447,20,0.6896551724137931,0.18886685567909248,1.0188577586206897,0.13474783571025142,0.0002503176020408178,1.3348627381211076,0.006691736402333945,0.11518120607193401,0.005013052062381283,3
196,-49.98229166666667,18.938541666666666,36.0,2.1259064141201565,1.017233768575619,2.1198466925700075,55.0,39.0,46.0,1497.921875,567.546875,1078.84375,64.51615374721023,0.7821374557355514,1933.4579400401294,0.1833153223140496,0.011748514536814157,2.0431390745217723,7.462499999999992e-05,32.777272727272724,0.012060453783109208,0.010602246831267663,0.0,5.420272775299225e-07,0.18330997648645764,0.00011221614813184683,0.011695261265202142,15.0,61.27159985156862,9.489453280045941,89.30232558139535,89.30232558139535,19,0.6551724137931034,0.21368906425700804,1.0021551724137931,0.15214013735914636,0.0002112869897959231,1.6696032933732707,0.0410867249869576,0.284959677516228,0.02460867509667274,3
197,-48.967708333333334,19.032291666666666,37.084375,2.1000989456683277,1.0297648185858859,2.073183347586106,55.0,39.0,46.0,1467.46875,570.390625,1111.40625,64.37758901775581,0.7812856461808727,1929.315399773966,0.18729029752066112,0.008956400587386065,1.776323678141073,0.00010659166666666664,32.77528925619834,0.0102105422885807,0.010602246831267663,0.0,2.123704090392213e-06,0.18726605408695216,0.00011571562019630754,0.008936599036821993,15.0,63.656108385840234,10.651932710373458,89.30232558139535,89.30232558139535,21,0.7,0.24159148714199918,0.9692708333333333,0.1641980260340307,0.0002781747448979585,1.094925174740878,0.039376554312096655,0.007833570717512563,0.03596278103790554,3
198,-47.89270833333333,19.140625,38.365625,1.0517589227561712,0.5439205910562681,0.9121092913543858,55.0,22.0,46.0,1435.546875,573.703125,1149.78125,64.29504651177905,0.6141680401188058,1927.052339535742,0.18640228099173553,0.00807037048851353,1.3907676896683883,-0.0001598916666666665,32.77231404958677,0.008208072077972651,0.010602246831267663,-0.0001666666666666335,3.440038831397617e-06,0.18639697394406254,0.00010680637359346833,0.007985696961162919,14.0,67.88686809776944,17.291857833067493,142.22222222222223,142.22222222222223,19,0.59375,0.24832478042390504,0.92529296875,0.17723936798534,6.061734693877379e-05,1.5249738000245159,0.01062637617597957,0.23064911593525095,0.006968235241686603,3
199,-47.98125,19.092708333333334,38.473958333333336,0.3410500024434345,0.3718604105448112,0.5296903166919538,51.0,21.0,40.0,1437.984375,572.171875,1153.0,64.40038314832124,0.3211702810362712,1930.01938795135,0.180101520661157,0.0039355749936400425,0.8742943906675876,-8.528333333333327e-05,32.769999999999996,0.008907235428302277,0.010602246831267663,0.0,-9.547655754835664e-07,0.18010590632120027,7.455980248077328e-05,0.0038283797215617633,14.0,68.33736141591329,15.834059364845505,142.22222222222223,142.22222222222223,14,0.4375,0.17109426784057738,0.90771484375,0.13556203619955454,0.00026406250000000014,0.7264707707797159,0.006574080948897901,0.14457673862966897,0.009049339922984082,3
200,-47.940625,18.888541666666665,38.73125,0.34703449786488566,0.5154629374945939,0.4944088431315389,50.0,21.0,41.0,1436.71875,566.078125,1160.734375,64.46484659995419,0.3230884982601576,1931.9373634095177,0.17709910743801655,0.0030943359607585996,0.6941951033512588,-8.527499999999993e-05,32.768181818181816,0.010601730717900753,0.010602246831267663,-0.0001666666666666927,-1.8538017952859803e-06,0.1771021268186234,7.057197191533048e-05,0.0028955341566373007,15.0,71.50544772070276,22.533315601519135,153.6,153.6,19,0.5757575757575758,0.26024245474923235,0.8939393939393939,0.18514771212245143,0.0004576543367346896,1.9305018784625632,0.027328361868164747,0.3862541354103315,0.014156091829306505,3
201,-46.35729166666667,18.713541666666668,40.23854166666667,4.703993090796785,0.94440455134292,3.3798381923691587,57.0,23.0,59.0,1389.28125,560.8125,1205.890625,64.4282168679544,1.3352888136413423,1930.838835379723,0.17668681818181817,0.0038590282766092056,0.8742943906675876,4.263333333333318e-05,32.76735537190082,0.011190949342023967,0.010602246831267663,0.0,2.223198838482707e-08,0.1766861994148827,6.362867344518942e-05,0.003674527040207434,16.0,69.74132944320814,20.32421297963561,153.6,153.6,25,0.78125,0.29352685415972285,0.91259765625,0.19361998595018692,3.6862244897959205e-05,2.0575625298063587,0.009473596542821004,0.10963459700089774,0.004604281233539271,3
202,-44.920833333333334,18.515625,41.63125,4.670160522461252,0.94855461591571,3.4122119078636763,57.0,23.0,59.0,1346.203125,554.890625,1247.65625,64.23720280241845,1.3437761920414821,1925.1151089535854,0.17806113223140496,0.0040367992638431285,0.8088008239072095,3.1983333333333404e-05,32.76735537190083,0.011190949342023965,0.010602246831267663,0.0,1.205333065371055e-06,0.17805851515411786,5.5757281483542904e-05,0.003834960656988945,16.0,69.58482963099887,20.825063148029923,153.6,153.6,24,0.75,0.2944376816698175,0.91748046875,0.19726502069059665,0.00022714795918367202,1.5129734865467224,0.028332613665290142,0.3636678442628733,0.018726444261728443,3
203,-43.57395833333333,18.378125,43.04895833333333,4.167176921881754,0.9127229322426751,2.7825159026075466,57.0,23.0,59.0,1305.78125,550.78125,1290.1875,64.13898576568275,1.337708220383195,1922.1615383813746,0.17857921487603304,0.0037627615127406307,0.8088008239072095,2.1316666666666706e-05,32.765702479338835,0.012116953922719137,0.015908227227219147,0.0001666666666666927,-1.2534518154617206e-06,0.17858857064197534,6.61950563056504e-05,0.003517185809637985,15.0,64.37005793413265,11.622513457347253,106.66666666666667,106.66666666666667,15,0.5,0.1739684421317804,0.9557291666666666,0.134295236339463,6.457270408163259e-05,0.2864155270993493,0.017585225713795432,0.1285113938838562,0.061397599117228106,3
204,-43.78333333333333,18.228125,43.104166666666664,0.41197356981027583,0.41962362227953753,0.3054766312211496,44.0,19.0,44.0,1312.140625,546.265625,1291.78125,64.09012417251213,0.33031583670413267,1920.706666366193,0.17682428099173556,0.0032371985598793557,0.8870586890184045,-8.527499999999993e-05,32.76338842975206,0.012955978804804648,0.015908227227219147,0.0,1.5532947874297666e-06,0.1768367506403145,8.436487801637378e-05,0.0029728667377881173,16.0,59.69080896811513,2.0994172129770026,62.950819672131146,62.950819672131146,5,0.1724137931034483,0.04932227632585793,1.0064655172413792,0.0365903595826501,1.5433673469387915e-07,0.04575658458104788,0.0013681228596746698,0.009610861107024613,0.029900021433010075,3
205,-43.90208333333333,18.195833333333333,43.071875,0.30068642534854956,0.3968408231128558,0.2662248129714183,45.0,19.0,44.0,1315.6875,545.3125,1290.8125,64.13973113033069,0.2852172193668852,1922.1887625961035,0.1743610743801653,0.002408126713276292,0.6427139554729497,-3.1983333333333404e-05,32.76206611570248,0.014195643341213322,0.015908227227219147,0.0,-2.2781441310034296e-07,0.1743508324640639,8.521049084590596e-05,0.0020633279060157128,15.0,61.40427671498266,9.275355079001946,93.65853658536585,93.65853658536585,11,0.3793103448275862,0.19571387329694556,0.9951508620689655,0.12324354908675024,3.188775510203822e-08,0.5770726580666998,0.0034478484396509874,0.08538289528090309,0.0059747215388819795,3
206,-43.94583333333333,18.255208333333332,43.036458333333336,0.23090251670829018,0.43597825625890513,0.19823165723606198,45.0,19.0,44.0,1317.0,547.09375,1289.75,64.16272441894162,0.2304961437579208,1922.8785612544316,0.1731769669421488,0.001477057141941392,0.517939213927898,-2.1316666666666706e-05,32.760247933884294,0.01523712353916288,0.015908227227219147,-0.0001666666666666927,1.6833269017721011e-06,0.1731680940563605,7.409014145485459e-05,0.0009756012697954841,16.0,61.741354515599525,9.271183379042437,93.65853658536585,93.65853658536585,12,0.41379310344827586,0.19470888870127556,0.9897629310344828,0.12366446166331702,1.5433673469387797e-05,0.5671483753020006,0.001303380942220098,0.2134646832552613,0.002298130434608159,3
207,-43.99166666666667,18.333333333333332,43.001041666666666,0.12883020694783587,0.4714045207910317,0.08538490263051322,45.0,19.0,44.0,1318.390625,549.421875,1288.6875,64.19255342407833,0.17212368668427583,1923.779543913179,0.1728915702479339,0.001125566970640045,0.454823696981215,0.0,32.75826446280992,0.014239839698142702,0.015908227227219147,-0.0001666666666666927,1.0273074045557826e-06,0.17286279141582692,8.373825157593131e-05,0.0006590922884980787,15.0,62.51051301071561,9.14118177749054,93.65853658536585,93.65853658536585,13,0.4482758620689655,0.16358348437909967,0.9768318965517241,0.11988600582258443,0.0012678686224489766,0.4771751257629533,0.013286793708516927,0.10570255913123836,0.027844690536357547,3
208,-43.998958333333334,18.384375,42.998958333333334,0.08538490263051322,0.486447180457447,0.03225804701500421,45.0,19.0,43.0,1318.59375,550.953125,1288.625,64.21078357228319,0.15566427573737,1924.315836509587,0.17263786776859505,0.0014077220796695766,0.454823696981215,-2.1316666666666706e-05,32.754297520661154,0.012116953922719387,0.015908227227219147,-0.0001666666666666927,1.3537495645097267e-06,0.17262930017162592,8.891996065569505e-05,0.0008512387003416731,15.0,61.06133124258303,5.217749005665504,81.70212765957447,81.70212765957447,12,0.4,0.12155129424905639,0.9890625,0.076668718835759,4.144132653061249e-06,0.1575044655627625,0.0022767069075018886,0.06794117553867604,0.014454872116591922,3
209,-43.963541666666664,18.578125,43.001041666666666,0.23211876973629014,0.5225544479206609,0.10703853634971328,45.0,20.0,44.0,1317.53125,556.765625,1288.6875,64.24426291613692,0.20589000852101927,1925.3202168251987,0.17221504958677683,0.0014312747647068358,0.454823696981215,-2.1316666666666706e-05,32.752644628099176,0.009939369506363807,0.0106087214874324,0.0,-1.6566444701264435e-06,0.17222066006724643,9.583296235530845e-05,0.000886188280782256,14.0,62.043119461202075,6.474988222317176,81.70212765957447,81.70212765957447,14,0.4666666666666667,0.13710881855300192,0.9765625,0.09259268301500215,0.00043353188775510344,0.2826053543331067,0.00887214068721289,0.06482572007467628,0.03139409976201408,3
210,-43.959375,18.778125,43.00208333333333,0.22688016523045818,0.4492361862558121,0.1020408074688205,45.0,20.0,44.0,1317.40625,562.75,1288.71875,64.29968676053797,0.1943772021048215,1926.9784328121382,0.17174993388429752,0.001445855363155632,0.5217797079299749,-1.0658333333333353e-05,32.75214876033058,0.0105397015318561,0.0106087214874324,-0.0001666666666666927,-1.6316527616778127e-06,0.17175620971816244,8.294502734583912e-05,0.0007245061509590762,14.0,64.26962692085033,8.52128329317455,93.65853658536585,93.65853658536585,14,0.45161290322580644,0.18039940496714507,0.9480846774193549,0.11221030526631882,0.00012336862244897897,0.34931702824905025,0.002108840894519955,0.15062869947051627,0.006037040063836878,3
211,-43.9625,18.875,43.0,0.220439901106855,0.3722118572354549,0.11180339887498948,45.0,20.0,44.0,1317.5,565.671875,1288.65625,64.32833248932839,0.1797381681318042,1927.8423040209425,0.17210933884297525,0.0014388490898517672,0.4582520586903072,1.0658333333333353e-05,32.750165289256195,0.011353338685009642,0.0106087214874324,-0.0001666666666666927,-1.0571709592490434e-06,0.17212035266335207,8.456319684411319e-05,0.0008539933655284804,14.0,65.50273608419423,8.698720622121376,93.65853658536585,93.65853658536585,10,0.3225806451612903,0.15087095237597373,0.9299395161290323,0.10729377664628985,0.0008808176020408168,0.42585317724899857,0.006543444882885545,0.25735015440266845,0.015365495040229696,3
212,-43.98645833333333,18.753125,43.001041666666666,0.11557806855349138,0.43119338396478213,0.07216126567549166,44.0,19.0,44.0,1318.21875,562.015625,1288.671875,64.3098659741617,0.15306878200926316,1927.2777608015567,0.1722255785123967,0.0018076912527650853,0.4582520586903072,-3.1983333333333167e-05,32.74685950413223,0.012598901818289246,0.0106087214874324,-0.0001666666666666927,4.780395599265617e-07,0.17225142038552152,8.312474846786958e-05,0.0009703889310411773,15.0,64.26457456850824,8.181338431657599,93.65853658536585,93.65853658536585,10,0.3333333333333333,0.15716327922325526,0.9479166666666666,0.1163220356261969,1.4744897959184208e-06,0.9424071013299684,0.01241059631207281,0.2133927931286019,0.013169039467718784,3
213,-43.984375,18.561458333333334,42.99583333333333,0.3141881485803265,0.54426360641135,0.17672758383707082,45.0,20.0,44.0,1318.15625,556.265625,1288.53125,64.25082771356074,0.22797248884351223,1925.517160747913,0.17273295041322312,0.0019084977643553614,0.454823696981215,-4.264166666666652e-05,32.74256198347107,0.010949087710202832,0.0106087214874324,0.0,-1.986327614192475e-06,0.17275563282305867,9.311298074378151e-05,0.0010162284507913223,15.0,61.671550466242245,9.142660124284971,96.0,96.0,12,0.41379310344827586,0.17628276671100246,0.9919181034482759,0.13432491358394438,0.00036918877551020467,1.257010630933591,0.025344842967836595,0.31201718005368223,0.02016279126375629,3
214,-43.984375,18.292708333333334,43.0,0.3141881485803265,0.5069814246405439,0.1767766952966369,45.0,20.0,44.0,1318.15625,548.203125,1288.65625,64.1762275637812,0.2173300449491956,1923.2791562545274,0.1731134876033058,0.0020045190767825497,0.517939213927898,2.1316666666666706e-05,32.7404132231405,0.012358066540509615,0.015917945147884655,0.0001666666666666927,1.6616627121331173e-07,0.17310498248213443,9.21042751063143e-05,0.0011985753438105023,16.0,61.81736604800369,8.889230031978505,96.0,96.0,14,0.4666666666666667,0.18235579742209534,0.9885416666666667,0.13084842667716295,1.4744897959183465e-06,0.9921094043440668,0.010755645733913218,0.02883108432344152,0.010841189174115645,3
215,-43.996875,18.130208333333332,42.998958333333334,0.29402137287675756,0.4040471795024547,0.17380232525455144,45.0,20.0,44.0,1318.53125,543.328125,1288.625,64.13723557095857,0.18656093384481792,1922.109396469848,0.1736949008264463,0.0018441741792433147,0.517939213927898,8.528333333333327e-05,32.73925619834711,0.011220206775853796,0.01061520405640423,0.0,-1.3048410451596957e-06,0.17371751348087827,8.619129453003343e-05,0.0010460023780081958,16.0,62.858412540662165,7.452744951295928,96.0,96.0,9,0.2903225806451613,0.13876079162236957,0.9662298387096774,0.10418238261603845,0.00012576020408163222,0.6400269507700558,0.006211665231058329,0.009390887098141626,0.009705318226966369,3
216,-44.00729166666667,18.048958333333335,42.996875,0.1067949667847486,0.21578094200034337,0.10699797992641419,45.0,19.0,44.0,1318.84375,540.890625,1288.5625,64.11861376822132,0.10324780060034332,1921.5507423877305,0.17432921487603306,0.0017104152954045746,0.5805506348972546,3.1983333333333167e-05,32.73727272727273,0.012060453783111368,0.01061520405640423,0.0,-5.865315199177541e-07,0.17436032481644229,7.36301153442716e-05,0.000982001120423939,17.0,63.023075196798835,2.9904995171554054,71.11111111111111,71.11111111111111,7,0.22580645161290322,0.05014627042462879,0.954133064516129,0.04436056597920993,0.00021128698979591855,0.04862345706502921,0.006744564235570645,0.008700943076649632,0.13871009267297546,3
217,-44.010416666666664,18.246875,42.989583333333336,0.20890546439850624,0.4383808097704552,0.18227678510685033,45.0,20.0,44.0,1318.9375,546.84375,1288.34375,64.17317138977744,0.20643508645484815,1923.1919703795056,0.1751221570247934,0.0016597622452870818,0.44816740944204264,0.0,32.73214876033058,0.014036941319379902,0.01061520405640423,0.0,1.2164404978619299e-06,0.1751182635380586,7.796138031939514e-05,0.0010255236790899119,16.0,64.52120362417084,7.2403621483675185,83.47826086956522,83.47826086956522,8,0.25806451612903225,0.08341467384399462,0.9405241935483871,0.09520207402437819,0.00020510331632653077,0.1386315142294828,0.008396592742561357,0.017101554070026222,0.06056770561318482,3
218,-44.015625,18.320833333333333,42.98645833333333,0.22071291921483285,0.4778242064004525,0.17918786211837998,45.0,20.0,44.0,1319.09375,549.0625,1288.25,64.19598760629886,0.2192986971948453,1923.8764568751485,0.1758094049586777,0.0014781035570164483,0.3826738426816637,-1.0666666666666694e-05,32.7293388429752,0.014978526623747303,0.01061520405640423,0.0,1.4173821583422829e-06,0.17579430619949582,7.779125632111543e-05,0.0009504400563418876,15.0,64.1037800710837,10.64071710448305,96.0,96.0,14,0.45161290322580644,0.11549119510089648,0.9591733870967742,0.14224965515796456,0.0024467155612244887,0.39625832597829275,0.020445479586004282,0.08791428957147442,0.051596340683890886,3
219,-44.072916666666664,18.358333333333334,42.934375,0.3831011525113903,0.5171368828033401,0.33050722540009114,46.0,21.0,44.0,1320.796875,550.171875,1286.703125,64.21271125994035,0.24917393027916654,1924.3731819282764,0.17639096694214876,0.0014714110500625003,0.44483716325735856,5.330000000000011e-05,32.72471074380165,0.01354968696325142,0.01061520405640423,0.0,4.567212013834826e-07,0.17640638166400177,7.637450316954201e-05,0.0007969710831554213,15.0,63.39626027350972,13.589120614523097,103.78378378378379,103.78378378378379,17,0.5666666666666667,0.14556690050128746,0.9822916666666667,0.17057907908715597,4.271556122449021e-05,0.2504395392376019,0.045242331607044765,0.051767276763914294,0.18065171236448238,3
220,-44.340625,18.572916666666668,35.25208333333333,8.639638280007734,10.241200279250583,20.474501312438736,69.0,46.0,57.0,1328.5625,588.203125,1190.03125,64.41838242898298,1.6602349933967993,1930.5755044579364,0.17517522314049588,0.007566374998612601,1.9208500423155697,-0.0001705500000000001,32.722892561983464,0.016131587847886077,0.018585129348480278,-0.0003333333333333262,-6.542102414358573e-07,0.1751824652823689,0.0001447250616588151,0.007468052254277437,15.0,66.48496410030864,19.99687925196848,147.69230769230768,147.69230769230768,22,0.7333333333333333,0.25728541339136485,0.9583333333333334,0.19802628543257134,3.5572704081632255e-05,0.9376367330075114,0.006544669390123109,0.42992029077395894,0.0069799626654245845,0
221,-46.109375,7.436458333333333,26.608333333333334,11.261823214265753,19.84864930223878,27.72999904836317,75.0,46.0,61.0,1381.78125,566.296875,1077.078125,64.5946557844583,2.580622164133189,1935.8292160982555,0.16797586776859505,0.01234943575981594,2.5139663796232754,-0.0002131916666666666,32.71710743801652,0.012948596179624402,0.018585129348480278,0.0,-2.4312291548701245e-06,0.16798202012022495,0.00017311182355682773,0.012244654308438527,15.0,72.00250726608675,26.03211187919978,147.69230769230768,147.69230769230768,22,0.7096774193548387,0.4196313796556052,0.9430443548387096,0.36323419607461366,0.0008163265306122383,4.996403266775243,0.13084569318660325,1.3101473150660758,0.026187976870620598,0
222,-44.55520833333333,-11.513541666666667,21.610416666666666,12.54604328224363,26.765023506246553,26.562118543012634,75.0,46.0,61.0,1335.15625,769.5,941.953125,64.46388715358992,2.908851958400543,1931.916505506682,0.1579855785123967,0.01337431536689232,2.906328747072428,-0.00031979999999999997,32.71595041322314,0.01263463116944431,0.018585129348480278,-0.0001666666666666335,-2.612895625454593e-06,0.15799425360116676,0.0001827892014650854,0.013268557407477984,15.0,71.70245919285485,25.318729338076487,147.69230769230768,147.69230769230768,21,0.6774193548387096,0.45248697897932194,0.9450604838709677,0.3698161308489074,3.642984693877521e-05,4.315087936096623,0.1697953835977244,0.1001832063213052,0.03934922905680557,0
223,-46.139583333333334,-30.35625,15.802083333333334,10.5307731510902,12.924547159217353,24.050736211733497,75.0,46.0,61.0,1382.625,918.875,731.671875,64.40905790729866,2.8144584134276145,1930.237915022552,0.14720238842975208,0.0067226065443359686,1.6493149903072757,-0.0001705583333333332,32.71793388429752,0.011053390742015334,0.01061520405640423,0.0,-1.276190971550482e-06,0.14722540881587612,0.00012818830471973325,0.006520687992327511,15.0,74.1633507145369,28.983553528045675,147.69230769230768,147.69230769230768,22,0.7096774193548387,0.5038345798515289,0.9465725806451613,0.4089121481854786,8.82257653061237e-05,3.4526061349494217,0.1438593698777566,0.8151271510037883,0.04166689284987442,0
224,-45.796875,-35.86770833333333,18.261458333333334,9.152378483270983,8.033147406108261,16.421003254163974,70.0,46.0,44.0,1372.25,1075.796875,658.03125,64.26476387652657,2.305229322132606,1925.8815175242344,0.14208562809917355,0.004137647245652822,1.1786924648694466,-7.461666666666681e-05,32.7195867768595,0.011237238434235448,0.01061520405640423,-0.0001666666666666335,2.5219236802401117e-06,0.14208278675215089,0.00012072268975477404,0.003845239481001707,16.0,74.03465764981291,27.962801595592975,137.14285714285714,137.14285714285714,25,0.8064516129032258,0.5022410713492078,0.9410282258064516,0.40138820189266455,0.0001580408163265304,6.062651299877612,0.05219021491894857,3.2911961210332557,0.00860848040526463,0
225,-49.13645833333333,-29.444791666666667,15.627083333333333,8.750066902025981,15.430930584595254,18.86665090823105,77.0,46.0,86.0,1472.453125,942.59375,597.953125,64.63375377761811,4.324200035563722,1936.9467409517652,0.1389880743801653,0.0034885073252186147,1.2866803088250007,7.462499999999992e-05,32.720909090909096,0.012060453783109139,0.01061520405640423,0.0003333333333333262,6.200608022157854e-06,0.13897468905628918,0.00014257003463599718,0.0031038404910510246,16.0,76.22794227305883,28.96175881761752,137.14285714285714,137.14285714285714,28,0.9032258064516129,0.4920014529323059,0.9243951612903226,0.41003388198019464,0.009737460459183668,4.216264757606426,0.09254427383585435,1.2130147793128347,0.021949350706427586,0
226,-49.81458333333333,-28.517708333333335,19.220833333333335,7.851684786913924,15.53603670229092,15.235689437596479,81.0,45.0,86.0,1493.078125,919.9375,620.765625,64.62601806821631,4.776426172350189,1936.7766598850085,0.13664120661157023,0.004295982324319476,1.46176606601372,-1.0658333333333353e-05,32.72041322314049,0.01123723843423543,0.01061520405640423,0.0001666666666666335,-2.0897043425632493e-06,0.13666962671496213,0.00015766390614212596,0.0039363514550496284,15.0,67.68285948817099,23.837576226295976,123.87096774193549,123.87096774193549,25,0.9259259259259259,0.5445693153150407,1.015625,0.40853612453037286,0.0019109387755102069,4.893047638145304,0.03270513258534686,0.0,0.006684000443891784,0
227,-50.83020833333333,-30.670833333333334,13.532291666666667,6.27256957898945,15.096563603644668,15.422825311258544,81.0,45.0,86.0,1523.328125,984.953125,450.625,64.73772776348363,4.6555902620127885,1940.0960159860006,0.1330469256198347,0.005176108607514111,1.46176606601372,-0.00011725833333333333,32.72388429752066,0.012816047586762606,0.01061520405640423,0.0,1.6642068765356607e-06,0.1330323451078077,0.0001356537089624155,0.0049588335107372886,16.0,62.403047127117624,19.24472704386378,103.78378378378379,103.78378378378379,22,0.8148148148148148,0.5670803763534692,1.0694444444444444,0.3831656612966689,0.0017133686224489846,5.357371467119099,0.11653466248183728,0.0,0.02175220874585037,0
228,-50.915625,-37.20729166666667,10.052083333333334,3.5879087492170605,5.121416324116851,8.201333468389285,81.0,45.0,75.0,1525.78125,1121.0,314.125,64.63108651901187,2.6484565389427868,1936.7100332850316,0.12891338016528928,0.004272194069740274,1.747909895623101,-0.00019188333333333338,32.72752066115702,0.013501208500271856,0.01061520405640423,0.0,-5.067291668322898e-06,0.12891783999068107,0.00010226388458799246,0.004068817570758492,14.0,67.71492011119673,16.798605388857972,120.0,120.0,20,0.6896551724137931,0.35127716595507397,0.9412715517241379,0.24295208053520606,0.0005967551020408144,0.8303926619746566,0.059925801335570524,0.9060764271424973,0.07216562004903584,0
229,-50.348958333333336,-38.175,9.819791666666667,3.824550485342108,2.4466388508863885,7.699555179138418,63.0,46.0,28.0,1508.796875,1144.171875,304.9375,64.55060903474613,1.3754235384121538,1934.5107217227992,0.12520268595041326,0.002948315252308118,1.1574097431162673,-0.00010659999999999998,32.735123966942155,0.013491086894156961,0.01061520405640423,0.0001666666666666927,-1.5613461736882791e-06,0.12517718515017803,0.00012058201851289593,0.0026701947999552317,16.0,67.04561640136144,15.813541822182755,120.0,120.0,21,0.6774193548387096,0.3032753063774453,0.9380040322580645,0.19237135805276073,0.003168081632653062,2.046055777114035,0.02635345120121678,0.4149642875441676,0.012880123550878152,0
230,-49.58541666666667,-33.78541666666667,11.463541666666666,9.170661771452968,12.864591093115068,14.926232638878792,94.0,46.0,60.0,1485.90625,1061.296875,410.546875,64.70140339770181,4.207169282054219,1938.9889212168919,0.12332090909090909,0.002649812733130615,1.0736019549089562,-6.395833333333323e-05,32.738760330578515,0.011752984353476137,0.01061520405640423,0.0003333333333333262,-2.5915117090986405e-08,0.12331939263960758,0.00017299464972603634,0.002224785298714052,16.0,67.09867831844753,15.519708965853948,120.0,120.0,24,0.7741935483870968,0.283182021483827,0.9354838709677419,0.1884945872360097,0.0004591836734693878,2.003989605782271,0.021260641280301005,0.5187313754926268,0.01060915746217245,0
231,-50.20104166666667,-31.047916666666666,13.48125,10.13863274386298,14.410058546945217,15.338936787497149,94.0,46.0,60.0,1505.0,998.5625,470.3125,64.71391397335825,4.8678328424589985,1939.4425679343556,0.121756347107438,0.0026335661292632017,1.0736019549089562,-3.1974999999999944e-05,32.74388429752066,0.011453961083684709,0.0106087214874324,0.0001666666666666927,4.92342180219375e-06,0.12175458396066463,0.00018852739265691772,0.002172737879640134,17.0,63.98547847208735,11.284072475629547,87.27272727272727,87.27272727272727,22,0.7333333333333333,0.28180321549430737,0.96875,0.17997033899136453,0.001293429846938779,1.5728779036128642,0.023839137496111905,0.3242587159160798,0.015156381459332575,0
232,-49.953125,-30.716666666666665,11.492708333333333,11.052850811790972,16.38460066308877,16.46871873679301,94.0,48.0,60.0,1496.953125,1003.0625,426.0625,64.81259231378851,5.663733535985045,1942.3297094372615,0.11957860330578511,0.0038463126819841837,1.7671753707321032,-5.329999999999999e-05,32.747851239669416,0.012805384428594772,0.0106087214874324,0.0001666666666666927,-2.092952865832903e-06,0.11957308424715643,0.00018677454769904956,0.003590063341979905,16.0,69.23258613497697,18.171231261396958,112.94117647058823,112.94117647058823,26,0.8125,0.3831646462936721,0.9248046875,0.23091315403109855,0.0015546122448979588,2.006348883108918,0.023536678999419997,0.6524496393356518,0.011731099808996812,0
233,-49.9625,-35.465625,11.645833333333334,7.328643149769721,11.859106277148726,10.258308793634336,87.0,48.0,48.0,1497.1875,1096.609375,374.15625,64.59705316781056,4.060594829380193,1935.8451271611912,0.11727390909090907,0.003081481767639965,1.246951396713984,-5.329999999999999e-05,32.75644628099173,0.012911619735167178,0.0106087214874324,0.0001666666666666927,-1.6711171994446144e-06,0.11727610583681172,0.00015481036016963613,0.002712040528086466,15.0,72.47680618205942,23.907883647932202,153.6,153.6,26,0.8125,0.4566482188360413,0.90966796875,0.2653874850038247,0.0012602500000000007,1.6188603303467015,0.031157043862728055,1.653310302340979,0.019246282881028618,0
234,-49.971875,-35.040625,9.744791666666666,6.731784111044288,14.070041149289803,12.033221113785947,87.0,48.0,64.0,1498.0,1097.296875,338.796875,64.69780878389398,4.719065609774748,1938.9195567908514,0.11577270247933882,0.002860990537144471,1.3359056468703865,-4.264166666666676e-05,32.76801652892562,0.013943204435678067,0.010602246831267663,0.0,-2.7064691512266853e-06,0.11578285153350523,0.00018014603569960135,0.0023460272972318894,15.0,75.384611548051,24.63098842144323,153.6,153.6,30,0.9090909090909091,0.4440428721031619,0.8764204545454546,0.26160798442940847,0.0006143316326530643,2.6810778615214543,0.01794651832503831,1.100767691069514,0.006693769913438488,0
235,-51.88125,-29.236458333333335,13.182291666666666,6.774066856094154,16.06683060811716,13.404643899842965,80.0,48.0,64.0,1554.6875,941.84375,419.375,64.70753015246514,4.105905288055438,1939.1943103943368,0.11599466942148758,0.002844065258833377,1.3359056468703865,1.0658333333333238e-05,32.776446280991735,0.012911619735164165,0.015898521164917093,0.0001666666666666335,-4.480882121366392e-06,0.11598708111634036,0.00016920879442027905,0.002349276401920756,15.0,75.63774937561078,23.981711299997393,153.6,153.6,30,0.8823529411764706,0.4051558692763699,0.8653492647058824,0.24289107675025962,0.00011025000000000139,2.7816970713122213,0.01566289146957597,0.8274944675012595,0.005630696322438608,0
236,-52.95625,-23.121875,15.275,9.462985043711102,16.205025603735045,17.687136333128286,91.0,44.0,98.0,1587.1875,781.640625,487.90625,64.86044288323572,5.515416937142393,1943.8469086444736,0.1161215950413223,0.0030047764416188494,1.3359056468703865,2.131666666666659e-05,32.78504132231406,0.012406607606475118,0.010595780073438062,0.0001666666666666335,8.596326467193909e-08,0.11613088948107077,0.00020030148393494868,0.0024999874865091073,15.0,72.64049825508441,19.01790493843952,123.87096774193549,123.87096774193549,29,0.8787878787878788,0.35218044649658115,0.8806818181818182,0.21881148289842872,0.0020153686224489817,1.937976277872097,0.017395776885794,1.4632117627494663,0.008976258937954909,0
237,-53.547916666666666,-21.627083333333335,14.545833333333333,10.071401126939698,13.140526365398085,20.392349038439775,91.0,42.0,98.0,1604.671875,704.4375,561.75,64.88861280151878,5.110162622452132,1944.550567340527,0.11555071074380163,0.0030792407979139047,1.1571472893415753,0.0,32.79148760330579,0.014122320240194152,0.010595780073438062,0.0003333333333333262,1.0185502423195544e-06,0.11555646733999764,0.00017474510359166774,0.0026805028874457753,15.0,75.1873447435427,24.65969105200362,132.41379310344828,132.41379310344828,27,0.8181818181818182,0.5304307792006772,0.8925189393939394,0.3197029162523213,0.0035743316326530858,6.801727549010403,0.10878382951667098,7.823609637938996,0.01599355880293943,0
238,-50.333333333333336,-24.56875,13.198958333333334,13.868103891864799,11.974515582582036,24.340616752969318,91.0,42.0,98.0,1518.828125,764.484375,642.828125,64.91100473437598,5.10106257301554,1945.2826185451556,0.1155084380165289,0.0028909226983457963,1.1571472893415753,-1.0658333333333238e-05,32.80421487603305,0.015306891772284583,0.01588882693928354,0.0003333333333333262,4.224565785306118e-06,0.11549189989668412,0.00018088684420545291,0.0024432522278879116,15.0,81.7513225136653,28.65326806505524,147.69230769230768,147.69230769230768,30,0.8823529411764706,0.6101757559302073,0.8543198529411765,0.37797002073282543,0.0009237257653061254,5.213266041222594,0.11052203332431686,3.202582641224775,0.02120015215996874,0
239,-50.37916666666667,-24.723958333333332,6.696875,13.332994136310452,13.578393105651243,26.475082440558612,85.0,45.0,96.0,1520.046875,782.484375,668.140625,65.00410661047576,5.632076920689967,1947.9251486872288,0.11542387603305783,0.0031223645828022677,1.350702277462175,-1.0658333333333238e-05,32.81669421487603,0.015014507020804283,0.013234635560759217,0.0004166666666667022,-3.0056565050666835e-06,0.11542018115386793,0.0001884858078637435,0.0026593456882082417,14.0,83.51956805402288,30.531159857894608,147.69230769230768,147.69230769230768,32,0.9142857142857143,0.6226172410560874,0.8459821428571429,0.3856946506245688,0.00011327040816326365,3.4608082257343367,0.060888428288294646,4.178605886686311,0.017593701909147233,0
240,-52.053125,-13.032291666666667,7.985416666666667,14.956126483854089,21.60126344101807,25.60350309351676,85.0,57.0,97.0,1573.671875,650.65625,625.84375,65.22415456084879,5.897852305925331,1954.670959734048,0.11528646280991736,0.00290293795619929,1.350702277462175,1.0658333333333353e-05,32.82669421487602,0.00921626569219796,0.007938361227109603,0.0001666666666666335,1.9628500647336373e-06,0.11527956741095022,0.0001822138032822434,0.002401755436578473,15.0,83.75726514223948,28.493043006963987,147.69230769230768,147.69230769230768,29,0.8285714285714286,0.48839061275274326,0.8205357142857143,0.3364975901678577,7.367346938776112e-06,4.086807564846684,0.04487660450669384,1.2964279677002395,0.01098084600134026,0
241,-55.3375,-0.684375,3.1791666666666667,11.039354317622022,19.834454597813078,26.87961555973018,85.0,57.0,97.0,1661.078125,467.078125,668.40625,65.3548462921598,6.272567878854208,1958.546299188406,0.11579398347107436,0.0033382453127836233,1.350702277462175,2.131666666666659e-05,32.83454545454545,0.011134044285378255,0.015869473911532095,8.333333333337597e-05,-4.7726023857492645e-06,0.11581603074004664,0.00019778674370663684,0.0028350035754554923,14.0,80.43411806204712,27.373125136429127,147.69230769230768,147.69230769230768,28,0.8,0.4022266123744249,0.8410714285714286,0.3006569656092933,0.0003000318877550996,5.884829178272007,0.034524913872349905,4.7825245233416025,0.005866765682820998,0
242,-59.065625,7.722916666666666,-0.9510416666666667,9.804063019621422,9.623121885666256,23.970352759501278,83.0,57.0,97.0,1772.859375,257.75,574.875,65.50477667587896,4.660702662677756,1963.090275972138,0.11673491735537188,0.003255486277387876,1.0430950572608448,5.329999999999999e-05,32.84537190082644,0.01800097895933095,0.01585981506629309,0.00024999999999995024,2.7044845239243603e-06,0.11674157669194712,0.00014004442855822355,0.0028421780662402254,16.0,78.73238131400066,25.978398733550993,132.41379310344828,132.41379310344828,29,0.8529411764705882,0.4060951773748627,0.8543198529411765,0.29587487759257214,0.004785674744897964,4.9428853754293005,0.059519834669043856,0.3468891824579959,0.01204151627001353,0
243,-60.020833333333336,5.397916666666666,-10.914583333333333,6.998183047921955,6.6959250538210835,21.317954967422544,88.0,39.0,63.0,1799.09375,170.53125,605.6875,65.47063706017124,3.553439592188431,1962.03331486119,0.11831015702479337,0.0022077879472384375,0.9428555754064404,-1.0658333333333353e-05,32.859421487603306,0.018732458269760287,0.01585981506629309,0.0003333333333333262,-2.88741165507932e-07,0.11831866995892747,0.0001331553631830724,0.0015836563974341526,15.0,72.88453550200508,22.126420447866817,132.41379310344828,132.41379310344828,31,0.9393939393939394,0.3963448415186421,0.8958333333333334,0.24933821815523646,0.001270413265306121,4.683502255439313,0.008794423049507023,0.8724558310572956,0.0018777450228177812,0
244,-61.838541666666664,3.2114583333333333,-17.052083333333332,4.505317917742382,2.3175224644572245,12.294027845247555,88.0,14.0,54.0,1853.28125,99.515625,516.390625,65.54967273582515,2.2681646529490793,1964.4445615287011,0.11781323140495865,0.0021681900581521744,0.9532909498884367,-3.1974999999999944e-05,32.87165289256198,0.015176488309822699,0.01849467693940668,0.000416666666666643,2.2538567516841596e-06,0.11782591282571747,0.00011987480795764393,0.0015542977777615885,16.0,70.15291476780777,17.358827633729607,112.94117647058823,112.94117647058823,29,0.90625,0.34615862527287466,0.9052734375,0.20721312397519273,6.229719387755071e-05,1.42663180026958,0.009387422218949977,0.33085249720754384,0.006580129657264128,7
245,-61.671875,2.2197916666666666,-17.476041666666667,4.597512985413056,1.9204556637936794,12.707340765541673,88.0,8.0,54.0,1848.28125,70.546875,532.3125,65.53855679814838,2.181520375612488,1964.1313440977747,0.11892315702479339,0.0030146485452497217,1.2200333397774623,4.264166666666652e-05,32.88289256198346,0.014739502022881542,0.010563564254984269,0.0003333333333333262,1.1978201946739205e-08,0.11892877394657689,0.00013027183212254204,0.002565684140816025,15.0,75.59762602774444,23.13698668820247,153.6,153.6,29,0.8787878787878788,0.3821642310731327,0.8598484848484849,0.22907469040813547,0.0001589400510204071,1.5521490042034707,0.0030127733220730872,1.7371490871752162,0.0019410335695310241,7
246,-62.217708333333334,1.0895833333333333,-16.319791666666667,3.7195288341756254,1.9685802395945717,11.890158043101469,69.0,8.0,52.0,1864.59375,50.140625,502.359375,65.52520752343615,2.0246635137622566,1963.6921625585865,0.1263761404958678,0.011392395830789277,2.8151720379144014,0.0003091333333333335,32.89661157024792,0.01896293553173127,0.01584053260566967,0.000500000000000019,-3.2437499807260563e-06,0.1263918771101044,0.0001288035695536705,0.011293496530464709,14.0,77.83725020862803,24.282271853438825,153.6,153.6,30,0.8823529411764706,0.37444719355013967,0.8386948529411765,0.22900466816936446,0.00043800510204081746,2.3470250284513643,0.013588641095634096,2.170308991440826,0.005789729947873747,7
247,-61.90208333333333,-0.80625,-18.6375,3.098184252061556,2.1885027463618436,10.163858047841217,69.0,8.0,52.0,1855.265625,53.71875,566.578125,65.53219255027884,1.7602290248275587,1963.9125362953496,0.14195882644628102,0.017918098609962095,3.5149456341567826,0.00040506666666666663,32.9096694214876,0.014767279235829411,0.01584053260566967,0.0001666666666666335,-2.6050738690580296e-06,0.14199714642692457,0.00012844171884627848,0.017814008536476918,13.0,75.2641116508189,24.02832655710899,153.6,153.6,28,0.8484848484848485,0.3841355485097757,0.8721590909090909,0.25733367913538907,2.3940051020407267e-05,4.387298372108245,0.015004660352454898,1.4191355920969115,0.0034200227748003953,7
248,-61.41979166666667,-1.5572916666666667,-17.834375,2.978013872241681,2.0389051796484363,13.663693742641787,70.0,8.0,41.0,1840.765625,63.21875,614.453125,65.49785148292709,1.623137739203004,1962.930034074604,0.15406342975206613,0.012577155959523967,3.748526755950283,0.00041572500000000014,32.92371900826446,0.015647576920384418,0.010550732713102622,0.0001666666666666927,1.8954472895928974e-05,0.15401998066977649,0.0004003837797371317,0.011943198928890205,14.0,74.09346102027745,27.279630443702473,153.6,153.6,29,0.8787878787878788,0.4114284585014067,0.9019886363636364,0.27306245186235306,8.36862244897915e-06,5.331832899656191,0.013754963185015817,1.6558289316621768,0.0025797813704744516,7
249,-58.134375,-4.60625,-3.3489583333333335,7.629825360127299,7.783473577876396,27.01916948664899,81.0,32.0,69.0,1742.421875,162.609375,747.921875,65.21425729910268,2.8233806437968605,1954.471740493103,0.16752119834710744,0.012443773909778464,2.993834237287964,0.00018121666666666655,32.93314049586776,0.017816004405515215,0.01582129697558974,0.0001666666666666927,-4.52199487550846e-06,0.16754823323552767,0.0004950665188660355,0.011721921236165885,15.0,73.22887013504618,28.865907206006014,153.6,153.6,27,0.8709677419354839,0.4623433715639997,0.9324596774193549,0.319019372874518,0.0011294400510204043,3.415739299658414,0.05056176427306791,0.3515127190397038,0.014802582936620562,7
250,-52.161458333333336,-12.995833333333334,18.423958333333335,10.796506666815763,13.486798457710004,25.731110566749035,81.0,35.0,69.0,1563.25,414.140625,863.453125,64.64821195867775,3.210714958677657,1937.4160216888527,0.17133754545454546,0.012375641354780316,2.993834237287964,0.00013858333333333339,32.945867768595036,0.01684491347252635,0.01582129697558974,0.000500000000000019,4.3268166438225e-06,0.17132499435171625,0.000498964439418067,0.011644769372697435,16.0,77.92727796117194,31.635325263952762,153.6,153.6,31,0.9393939393939394,0.4772504000374829,0.8910984848484849,0.3227826468090217,3.1040816326531547e-05,4.034303928774972,0.04611532803116954,0.200308581876323,0.011430801656327512,0
251,-46.079166666666666,-22.867708333333333,33.936458333333334,8.415510440384601,12.079174526773917,9.936733406403262,81.0,35.0,69.0,1380.8125,702.953125,1019.421875,64.06718793832104,2.9607875656969322,1920.004795366488,0.17690882644628103,0.005915939781539764,1.8550008350965213,-3.197500000000006e-05,32.95942148760331,0.019425531493889606,0.021088665019407586,0.0003333333333333262,-1.3798648917888515e-05,0.17697707564829943,0.00032707151430556516,0.005373368233109404,14.0,69.92752733921851,23.952736208617736,132.41379310344828,132.41379310344828,27,0.8709677419354839,0.44110309464360675,0.9526209677419355,0.29985725852107226,6.072704081632814e-06,4.23724865269312,0.048285238859076776,0.9503281765401022,0.01139542255288406,0
252,-42.860416666666666,-30.065625,36.067708333333336,2.400367991174594,2.9935461177965843,3.6703483824105705,53.0,35.0,59.0,1284.453125,901.125,1080.84375,63.7790136986214,1.506207698514918,1911.3718001776942,0.17330381818181817,0.003251998020289523,0.8265783288064703,-4.264166666666676e-05,32.970826446281,0.014635334625572444,0.010537932306303878,0.0003333333333333262,4.408729101056734e-07,0.1733033797825818,0.0001480220204842329,0.0029834041642666253,14.0,70.44239207277786,21.926398119427997,132.41379310344828,132.41379310344828,24,0.75,0.37272495372463627,0.921875,0.24253377462930292,5.102040816328225e-07,1.1895457884063512,0.031393035194103386,0.4542264351428273,0.02639077494962259,0
253,-43.034375,-30.992708333333333,35.385416666666664,0.7878409480186974,0.09654963281764578,0.9636064167433137,45.0,32.0,38.0,1289.6875,928.8125,1060.453125,63.76593887024013,0.3109769500574399,1910.9844203692815,0.17013233057851238,0.0043972702001391605,0.9754670561721202,-0.00013858333333333339,32.97859504132232,0.011156718697975493,0.010537932306303878,0.0,-3.6496286424709233e-06,0.17014498711776105,0.00010441221890177357,0.004242194945555368,14.0,64.73645294345165,12.443081462596083,101.05263157894737,101.05263157894737,22,0.7333333333333333,0.29233138283845167,0.9604166666666667,0.18166857797159702,0.0005273584183673479,1.0909132391317795,0.017415658876924766,0.10721119716176797,0.01596429326569113,0
254,-42.420833333333334,-31.583333333333332,35.52708333333333,1.9979112356547664,1.7758018533108422,1.6499039850010127,62.0,44.0,44.0,1271.265625,946.53125,1064.71875,63.778009262794754,1.2002226772009341,1911.3443207972177,0.1690011487603306,0.005851456375416935,1.158090201113984,8.527499999999993e-05,32.97842975206613,0.00987594660911867,0.005267368043819152,0.0001666666666666927,-8.034213080171037e-07,0.16901349981713076,0.00012074247869595408,0.005728348471795222,14.0,67.87509913288358,17.545913299571232,132.41379310344828,132.41379310344828,26,0.8125,0.31615802564132284,0.93310546875,0.20181497537719797,0.0010937193877551107,2.1020536094359348,0.034461967861116084,0.1291152136749033,0.016394428622761723,0
255,-41.657291666666666,-31.588541666666668,36.36875,2.22959473109589,1.8698467958446638,2.6789034020471885,62.0,44.0,63.0,1248.390625,946.703125,1089.90625,63.783508968969,1.7775873927276318,1911.50258533766,0.1722466776859504,0.007943323393421499,1.158090201113984,4.264166666666676e-05,32.978264462809925,0.009848244039516403,0.005267368043819152,-0.0001666666666666927,5.468158931678226e-07,0.17225117710204238,0.00011411752444714696,0.007846333348492203,14.0,69.27400612701979,25.873440549099005,147.69230769230768,147.69230769230768,27,0.8709677419354839,0.4277275375214538,0.9616935483870968,0.28347681150314497,0.0012425624999999909,5.159591367704268,0.02000932685652479,0.6880848010625821,0.00387808363696597,0
256,-41.44375,-31.267708333333335,36.864583333333336,2.2001331635835135,2.0228380842100426,2.7549946750805563,62.0,44.0,63.0,1242.015625,937.078125,1104.78125,63.77776398207916,1.7806683519228432,1911.3508219131218,0.17544992561983472,0.006476430899254208,1.158090201113984,9.594166666666662e-05,32.97528925619835,0.010210542288583162,0.010537932306303878,0.0,-1.8657806803985853e-06,0.17545810779992288,0.0001245231429974786,0.006302360488340879,14.0,72.22826914456996,28.436741859199092,147.69230769230768,147.69230769230768,27,0.8709677419354839,0.41305399982427643,0.936491935483871,0.29526397247721925,8.9572704081635e-05,5.866503564788624,0.04003700796285291,0.30106482125389467,0.006824679729704636,0
257,-43.159375,-29.416666666666668,33.302083333333336,4.736671610182443,3.6602216083486288,14.828969249177623,71.0,39.0,63.0,1293.390625,881.53125,1079.671875,63.940180710365986,2.117919354557082,1916.1956926293105,0.1721938429752066,0.008587433145777291,1.4377964735782323,-0.0001918749999999999,32.97528925619835,0.010685154617451412,0.013170418957176227,-0.0001666666666666927,5.564910091412895e-07,0.1721882712166966,0.00010947091693540717,0.008487896322022466,14.0,73.09634504485135,31.055238907805226,153.6,153.6,29,0.9354838709677419,0.44439323978037737,0.9435483870967742,0.3163989985567608,0.00012178698979591746,2.943434387258925,0.07725593214769025,1.6546688084337997,0.026246867428777607,0
258,-43.791666666666664,-26.978125,33.215625,5.673433459751002,9.470048212709463,15.509082205577965,71.0,41.0,76.0,1312.265625,827.34375,1077.109375,64.05643649302388,2.8251154221608497,1919.7226290349242,0.1654385041322314,0.007741018859120269,1.2026453792960632,-0.0001279166666666667,32.97611570247934,0.01101253236701904,0.013170418957176227,0.0001666666666666927,3.9761400455716535e-06,0.16542178126866078,0.0001575639150420867,0.00762753270318062,16.0,70.58720501740224,24.702049581991613,153.6,153.6,30,0.9375,0.3518675871562043,0.93115234375,0.24972089446264922,0.0005208176020408179,2.866574814093977,0.029397201488984656,2.4534062954927456,0.010255166320602754,0
259,-46.192708333333336,-19.113541666666666,11.514583333333333,9.12319325482753,13.365870091016543,35.90516727890832,80.0,41.0,76.0,1384.609375,609.484375,1072.84375,64.56162547431198,3.812623696092263,1934.8219860996414,0.15970860330578512,0.0046743582941905955,1.53012944993299,-9.594166666666662e-05,32.97933884297521,0.011262131177593341,0.007899854694690015,0.0002500000000000095,2.413442877357923e-06,0.15970458092521256,0.0001951291314761936,0.004404113346529189,16.0,72.91832547320351,27.75933600529795,153.6,153.6,28,0.875,0.4545566233048668,0.92822265625,0.3041075052355673,0.001400897959183673,6.593152341781635,0.04226342301366978,1.6144274925267421,0.006410199677298696,0
260,-46.626041666666666,-12.796875,-10.739583333333334,9.251731198263952,12.124930868574399,39.22184361415276,80.0,41.0,76.0,1397.171875,420.03125,1168.03125,64.8914391804572,3.6261601944329676,1944.7295164005905,0.15729825619834711,0.004437403334817562,1.2712166276466563,-6.395833333333323e-05,32.97925619834711,0.012071774966288659,0.013170418957176227,0.0,2.3365645408846705e-07,0.1573049169932496,0.0001844692916019498,0.00409786558132321,16.0,74.33460827444283,26.08822258222359,147.69230769230768,147.69230769230768,28,0.8484848484848485,0.41800525541515327,0.8972537878787878,0.28376480652339187,1.836734693877234e-07,7.337984769547141,0.03531154777397036,1.3957278662364518,0.004812158771508269,0
261,-49.0125,-6.928125,-36.665625,8.652182407731974,4.070222227885721,19.62204504359085,80.0,17.0,69.0,1468.765625,225.515625,1201.5625,65.2800114746388,3.0925477960779784,1956.4090112820231,0.15375682644628097,0.005289463474296061,1.347594307161726,-0.00011725833333333333,32.973636363636366,0.015427784316797668,0.018444183319594132,-0.0001666666666666927,-4.41852325500146e-06,0.1537846514893379,0.000148843080502333,0.005042314080005828,15.0,78.27693536039556,29.18464816686993,147.69230769230768,147.69230769230768,28,0.8235294117647058,0.4086286714102241,0.8713235294117647,0.30590604802524846,0.001019433673469392,4.885828015988388,0.03945318847472559,0.6829188196227363,0.008075026043818764,0
262,-49.02916666666667,-7.233333333333333,-40.645833333333336,6.613841493833637,2.166442296074886,10.484889093622094,72.0,16.0,76.0,1469.453125,216.734375,1227.109375,65.26401154726774,2.6911206014292333,1955.9825118786916,0.1497290743801653,0.004117985371925598,1.0989797827094432,-0.00010659166666666664,32.96471074380165,0.016962495341401866,0.018444183319594132,-0.000416666666666643,-2.3465482877277612e-06,0.14974839858504008,9.429931463939189e-05,0.003943097522131497,15.0,79.71275395199413,28.395681659656972,147.69230769230768,147.69230769230768,29,0.8285714285714286,0.3424629146141658,0.8428571428571429,0.2682237075099965,1.0103316326530462e-05,1.6754243188864306,0.025479585207558348,1.1819896938622696,0.015207840139561382,0
263,-53.83645833333333,-8.053125,-30.425,8.282217645248396,2.824057848978133,17.97604308517311,82.0,16.0,76.0,1613.015625,241.546875,954.6875,65.41673490717862,3.0425390850270824,1960.310864315303,0.147942479338843,0.005216029462820465,2.1357329291295644,9.594166666666662e-05,32.95710743801653,0.013813277630264222,0.010544328624904854,-0.0003333333333333262,1.7245294633227424e-05,0.14788948168252358,0.0003667400000115372,0.00412587201084218,16.0,81.07279617401433,31.44413225252697,153.6,153.6,31,0.8857142857142857,0.35292322449749025,0.85,0.3001859542731091,0.00103316326530612,2.290327677369742,0.0834608096554518,1.171730676818159,0.03644055410940144,0
264,-54.19166666666667,-5.685416666666667,-7.885416666666667,10.184789175803079,8.810918642592773,32.40501176247879,85.0,35.0,76.0,1624.15625,284.46875,850.015625,65.17866130709038,3.7986326771089844,1953.3182455836761,0.15280536363636363,0.009599624525198545,2.1357329291295644,0.00010659999999999998,32.95082644628099,0.015080323607215819,0.01582129697558974,0.0,1.7449400964656854e-06,0.15280421612559128,0.0004507345098203855,0.009089819195061308,16.0,86.18372449842134,32.76563330305223,153.6,153.6,29,0.8285714285714286,0.3956478538608618,0.809375,0.31668624626186176,0.00021651020408163188,4.0930510501006125,0.0906470409660791,1.4591061813423627,0.02214656984643543,0
265,-57.14479166666667,-1.8885416666666666,10.592708333333333,10.214005598846317,11.257269593760167,25.339029286161114,85.0,35.0,63.0,1712.375,284.421875,648.765625,65.10695870665376,3.937211742263361,1951.2321661347123,0.15623062809917354,0.008173607729024606,2.1357329291295644,4.263333333333318e-05,32.94917355371901,0.016543794964696015,0.021088665019407586,0.0001666666666666335,2.1952796916751857e-06,0.15620739925250685,0.0004504456801392905,0.007624113602040455,15.0,85.57727938094963,31.569189330337927,153.6,153.6,32,0.8648648648648649,0.4083977680878859,0.8057432432432432,0.303948461394487,0.001205081632653059,3.1750129434679915,0.030250477100021843,1.136831895799765,0.009527670481550845,0
266,-58.053125,1.046875,13.547916666666667,10.607107023172796,9.576604011915794,21.872399746249204,85.0,35.0,63.0,1739.515625,197.296875,532.59375,64.99585781630631,3.601349291931336,1947.7870942213663,0.15811241322314049,0.005000314163137463,1.3153057307858815,-7.462500000000016e-05,32.94752066115702,0.01576065777330334,0.021088665019407586,0.0003333333333333262,-1.6539828647886174e-05,0.158213320113127,0.00027839640538196534,0.004923443604003367,15.0,81.34212426339055,27.869648657946662,142.22222222222223,142.22222222222223,30,0.8333333333333334,0.35723352643713924,0.8224826388888888,0.26470820077253127,0.002790103316326518,3.4534998486383004,0.05681809649633152,2.5879793629766477,0.01645232343610342,0
267,-62.63645833333333,-0.271875,3.5375,6.885229053797985,6.706188111317411,15.044401298046616,76.0,29.0,46.0,1877.296875,122.703125,260.171875,65.18150732488098,2.449119472345018,1953.419161667922,0.15506786776859505,0.0016113085793499494,0.5782465958204145,-1.0658333333333353e-05,32.94917355371901,0.014635334625572791,0.015811696668723514,-0.0003333333333333262,-1.416238235362277e-06,0.15508285836949418,9.194767768439507e-05,0.0012082871456749978,15.0,71.12628090613383,20.977718668815008,137.14285714285714,137.14285714285714,28,0.8484848484848485,0.33142177518444116,0.9057765151515151,0.22421094968762234,0.0004425012755102009,1.9712098340396291,0.026049658015901034,1.6139836902183424,0.01321506090628469,0
268,-65.084375,-2.6177083333333333,-2.8854166666666665,1.0042439242410182,1.2385723293092556,1.6270486552002337,76.0,13.0,17.0,1950.5,79.609375,92.84375,65.23417702043521,0.9197273870669253,1954.9908182955887,0.15479299173553718,0.0014302734495289914,0.5080431238243013,0.0,32.94900826446281,0.010555243002373305,0.010544328624904854,-0.0001666666666666335,1.4504996871871858e-07,0.15479385568657159,6.529500626443755e-05,0.0009257842026849392,16.0,62.320381454175205,13.63383169398927,96.0,96.0,25,0.8620689655172413,0.34391483466763145,1.0080818965517242,0.2122899526688951,0.0014521543367346968,1.4869363907406972,0.027845475822657038,0.02389020321430494,0.018726743118302587,4
269,-65.05208333333333,-2.9458333333333333,-2.85625,0.2688630253286772,0.2684510611307435,0.5084315137426738,67.0,4.0,4.0,1949.53125,88.296875,85.609375,65.18389479130309,0.26899783703166585,1953.4824714932115,0.15435949586776862,0.0016450927031778546,0.5080431238243013,-2.1316666666666476e-05,32.945867768595036,0.011475408236502895,0.010544328624904854,-0.0003333333333333262,8.14814156693179e-07,0.15436315890357352,6.075499453227988e-05,0.0013202086186770217,15.0,61.07097903669626,15.22106315789751,103.78378378378379,103.78378378378379,25,0.8928571428571429,0.35908553156801165,1.0357142857142858,0.220293389133488,3.188775510204029e-06,1.8237207230105918,0.009329846506729685,0.0,0.005115830723976205,4
270,-65.08958333333334,-2.715625,-2.7270833333333333,0.29632441634502926,0.4647643051859727,0.5650367183250621,67.0,4.0,5.0,1950.640625,81.375,81.71875,65.20738190486055,0.29306446446039197,1954.1702924984247,0.15347136363636366,0.0019924460277642884,0.7352488135110158,-3.1983333333333167e-05,32.94504132231405,0.010051435236702325,0.010544328624904854,0.0001666666666666927,8.778533648368735e-07,0.15346662447769774,7.187914390067704e-05,0.0017208033745508941,15.0,62.4465093031979,15.92100278271424,103.78378378378379,103.78378378378379,26,0.896551724137931,0.38122621412920404,1.0172413793103448,0.22759018658354319,0.0002000204081632652,1.3042127419297396,0.020800624100321692,0.1496464032114039,0.015948796873081202,4
271,-65.121875,-2.4541666666666666,-2.5989583333333335,0.34571879378332904,0.5102933524508776,0.6025976393337062,67.0,4.0,5.0,1951.625,73.546875,77.875,65.22468521964315,0.34583907403677056,1954.7055841272165,0.15211810743801651,0.0015289628732562148,0.5931163373077047,-1.0658333333333121e-05,32.944049586776856,0.009143349875002642,0.0052737643624188495,0.0,-7.192814030230423e-07,0.1521261285067221,7.664842409279233e-05,0.0011819912565353993,15.0,64.812773277202,16.777864068866357,103.78378378378379,103.78378378378379,25,0.8620689655172413,0.4195641904798785,0.9881465517241379,0.2493814807060538,2.4644132653061502e-05,5.955220206398741,0.030362388438404293,1.3151223840235446,0.005098449324473449,4
272,-65.10416666666667,-2.245833333333333,-2.646875,0.3220755173695897,0.44251098542547196,0.5116259060176032,66.0,4.0,5.0,1951.078125,67.3125,79.328125,65.20014774557151,0.32291736142914584,1953.9550495319158,0.15174809090909092,0.0013334442880831138,0.5931163373077047,-1.0658333333333353e-05,32.94140495867769,0.010856371486727665,0.010550732713102622,-0.0001666666666666927,-2.1304807921905277e-06,0.15176487681639392,7.835238955962849e-05,0.0008437597786282063,16.0,63.04274446831808,14.448829191671582,89.30232558139535,89.30232558139535,26,0.896551724137931,0.39691366515816223,1.003771551724138,0.2332644368267683,3.773469387755093e-05,2.648590272981166,0.012162564003512911,0.00427686741136794,0.004592089659010614,4
273,-65.11458333333333,-2.2375,-2.6166666666666667,0.3526622459552798,0.4493629750361431,0.5635946139636971,67.0,4.0,5.0,1951.40625,67.046875,78.421875,65.20950018849821,0.35684053336315646,1954.2506334090654,0.15186435537190082,0.0011044771086935938,0.29390612446775505,0.0,32.93628099173554,0.012864984279202041,0.010550732713102622,-0.0001666666666666927,3.0985098557087025e-07,0.1518643480501614,5.920476346995621e-05,0.0006718529548769497,16.0,63.95874975664861,12.775584340667331,89.30232558139535,89.30232558139535,25,0.8620689655172413,0.34240300210163793,0.9779094827586207,0.20522854926064507,2.6989795918368335e-06,1.7265210068796044,0.007324012897062615,0.2025057020055228,0.004242064167119248,4
274,-65.13020833333333,-2.23125,-2.4479166666666665,0.548410542626497,0.4639756863241866,0.7241344210312214,70.0,4.0,7.0,1951.9375,66.875,73.5625,65.21995801609954,0.5588244013506767,1954.6278019878655,0.15222374380165288,0.0010388999787117885,0.29390612446775505,1.0658333333333121e-05,32.9296694214876,0.01120314922501368,0.010550732713102622,-0.0001666666666666927,1.2640825605197682e-06,0.15221387474115508,6.453904276640839e-05,0.0005352349381265229,16.0,68.21048894401281,18.010424063181052,137.14285714285714,137.14285714285714,26,0.8125,0.2701960813539535,0.9287109375,0.19752409969038232,0.001327040816326533,1.8783019754630144,0.010906235555723603,0.15720202109459439,0.0058064335225091485,4
275,-65.14791666666666,-2.178125,-2.3833333333333333,0.572818173351913,0.4501627309929154,0.7266743118863881,70.0,4.0,7.0,1952.40625,65.28125,71.609375,65.23337061854762,0.5845791162942027,1954.9673461727803,0.15253033884297518,0.001335335421097753,0.5123247616393762,4.264166666666652e-05,32.92768595041323,0.010966540439934521,0.010550732713102622,0.0001666666666666927,-8.436194612586507e-07,0.15252866454906136,5.9227451023458734e-05,0.0008451871069709628,16.0,69.4302323033092,18.501066262333435,137.14285714285714,137.14285714285714,26,0.8125,0.30091949980501964,0.9140625,0.19810503645478073,0.00016530612244897882,2.08866105373183,0.0017907793324576145,0.3234323871043513,0.0008573814929224694,4
276,-65.1,-2.1041666666666665,-2.396875,0.5248015497944596,0.3587933094260383,0.67220921919816,70.0,4.0,7.0,1950.953125,63.0625,72.015625,65.18245573488306,0.5347953222272109,1953.4242982834126,0.15268894214876033,0.0014801782687896127,0.5123247616393762,0.0,32.924710743801654,0.010210542288583745,0.010550732713102622,0.0,5.657157053722231e-07,0.15268427994764347,7.984609651104954e-05,0.0009188170803922521,16.0,68.83276820971074,18.919659367612258,137.14285714285714,137.14285714285714,28,0.875,0.3117935563384746,0.92529296875,0.20624609278821568,0.00018612755102040963,1.9816561051042034,0.0012996075898121591,0.6214044058435341,0.000655818931682811,4
277,-65.05520833333334,-2.042708333333333,-2.6,0.2583480338559251,0.24420141604262294,0.5045625167740202,68.0,4.0,5.0,1949.609375,61.203125,77.890625,65.14158070084892,0.2611777072961737,1952.196029679084,0.15319643801652888,0.0017861627640592397,0.6644732971466861,0.0,32.92041322314049,0.012087606809113659,0.015830908947480935,-0.0003333333333333262,6.936140364958324e-07,0.15319550422876374,9.089879236729562e-05,0.001129804442204928,16.0,64.13044063598291,14.429222508090502,98.46153846153847,98.46153846153847,28,0.9333333333333333,0.31538271684081953,0.9796875,0.2009154666509857,0.0011150829081632615,3.237939942550036,0.009459909583949499,0.3756905896059026,0.0029215827815815996,4
278,-65.053125,-2.0104166666666665,-2.408333333333333,0.2378081882000702,0.1015291077584267,0.6405835013659206,66.0,3.0,3.0,1949.5625,60.25,72.234375,65.13195254553906,0.23850074558959072,1951.9248039825238,0.15380967768595039,0.0017709111359651938,0.6644732971466861,-1.0666666666666694e-05,32.91413223140495,0.012037779475063692,0.010557144585061497,0.0,1.1656415724099287e-06,0.15381702263578964,8.740343944205383e-05,0.001182847567292266,15.0,63.33529619474447,12.882110810143317,93.65853658536585,93.65853658536585,27,0.9,0.2719517826573623,0.9838541666666667,0.1836622581991345,0.0009810318877551045,2.4687786860881467,0.014441337497527592,0.09000821876288032,0.0058495877248560995,4
279,-65.065625,-2.0083333333333333,-2.1927083333333335,0.25993914552256264,0.09090593428863095,0.6252907309915036,66.0,3.0,3.0,1949.9375,60.1875,65.765625,65.1365953519947,0.2601844547641422,1952.064088176193,0.1545074958677686,0.0015142207723788416,0.6644732971466861,3.1983333333333167e-05,32.909338842975195,0.012313772252686945,0.01584053260566967,-0.000500000000000019,-5.029226761695771e-07,0.1545168006105636,7.228898812384301e-05,0.0008912613738817045,14.0,65.63531271268978,13.808979361920253,109.71428571428571,109.71428571428571,25,0.8064516129032258,0.25273568311742867,0.9490927419354839,0.17139172075479095,0.0002617461734693899,1.6232002267417291,0.005615960499899257,0.29721332566256026,0.003459807611764722,4
280,-65.08020833333333,-2.0072916666666667,-1.9395833333333334,0.28654544130129783,0.0965496328176458,0.45700090414449823,66.0,3.0,3.0,1950.375,60.15625,58.15625,65.14171046620605,0.28732827389504384,1952.2169413863367,0.1551313223140496,0.0014686441727086255,0.5831002780037051,2.1325000000000047e-05,32.90454545454544,0.012596733145954558,0.01584053260566967,0.0,-1.0493441092555103e-06,0.15513551385841495,7.505866805059378e-05,0.0009036673149204789,13.0,68.25795178083824,14.231121353739294,109.71428571428571,109.71428571428571,24,0.75,0.24237034591016474,0.91259765625,0.16659409214457632,0.00014831760204081498,2.4134331202095423,0.0011652878791127066,0.7027484321226626,0.00048283412925547836,4
281,-65.06979166666666,-2.0,-1.9947916666666667,0.25885154676742594,0.04564354645876384,0.31453331556008857,66.0,3.0,3.0,1950.0625,59.9375,59.78125,65.13185195128605,0.25857570604003854,1951.92238637113,0.1557550826446281,0.0015335419736366529,0.653303749999818,3.1983333333333404e-05,32.895289256198346,0.015802206152352585,0.01584053260566967,-0.0003333333333333262,3.9949731723737395e-07,0.15575140951913155,8.17215669760623e-05,0.0010573429465648464,14.0,69.31016315726427,15.218171816859453,109.71428571428571,109.71428571428571,24,0.75,0.30996959398229434,0.90576171875,0.1897040210046354,0.00027461224489795985,1.8563915064417518,0.004701501496709113,0.16011110457832692,0.002532602352679765,4
282,-65.05729166666667,-2.0010416666666666,-2.1479166666666667,0.23683890079662917,0.05589199343873463,0.40696518244466834,66.0,3.0,3.0,1949.6875,59.96875,64.375,65.12478612273013,0.23660614669819977,1951.7104115144525,0.15648452892561984,0.0014389726309538982,0.653303749999818,1.0658333333333353e-05,32.88123966942149,0.018162273492134513,0.01849467693940668,0.0,-4.547087778248223e-07,0.15647863801069065,8.07930710733515e-05,0.000911318208454716,14.0,66.65171331861497,13.739074579935147,98.46153846153847,98.46153846153847,24,0.7741935483870968,0.3466731770222015,0.9405241935483871,0.20054657526409192,0.0002889999999999984,1.312818595103454,0.008958499085163078,0.6786651808259084,0.006823866693065178,4
283,-65.04583333333333,-2.002083333333333,-2.184375,0.20912350152216005,0.04559597630883184,0.39046663456476444,66.0,3.0,3.0,1949.34375,60.0,65.453125,65.1144743345779,0.20922188762075372,1951.400457653689,0.15718218181818183,0.001234797939103086,0.3539810720064796,2.1316666666666706e-05,32.865950413223146,0.016938318454338956,0.013214500705028935,-0.000416666666666643,5.2180857052101e-07,0.1571738139409576,5.969396213617822e-05,0.0007730510265190448,16.0,65.17563687851614,12.869155381445571,89.30232558139535,89.30232558139535,25,0.8064516129032258,0.3489194630092547,0.9596774193548387,0.20189118898983027,0.0005828775510204093,1.4756720565928294,0.0013752181563072717,0.7829339657793469,0.0009319266771795523,4
284,-65.04166666666667,-2.002083333333333,-2.1645833333333333,0.19982631347136331,0.045595976308831845,0.37360272088885477,66.0,3.0,3.0,1949.21875,60.0,64.875,65.10955127364045,0.20020725557016625,1951.253366041762,0.1575838429752066,0.0013153618551767275,0.42653053199080077,1.0658333333333353e-05,32.85677685950414,0.01687165337653277,0.01585981506629309,-0.0001666666666666927,-3.8373468134864823e-07,0.15758513297202406,5.787796748824495e-05,0.000759333148821111,15.0,62.130972896765066,11.698425256406725,87.27272727272727,87.27272727272727,20,0.6896551724137931,0.30587280889810115,1.0016163793103448,0.19443638965985655,8.359183673469385e-05,2.5560843338387764,0.01469414071669616,0.18399871664666526,0.005748691669585181,4
285,-65.05,-2.004166666666667,-2.058333333333333,0.22267315359812312,0.06441510347391795,0.23877581303157333,66.0,3.0,3.0,1949.46875,60.0625,61.6875,65.1138772453796,0.22283792383951,1951.3831451939363,0.15783752892561984,0.0012948184152622156,0.42653053199080077,0.0,32.852148760330586,0.01662451697279806,0.01585981506629309,0.0,3.4634895436223104e-07,0.1578391152770579,5.9617490229278926e-05,0.0006358842631001165,16.0,61.68620094596366,12.938913298185637,89.30232558139535,89.30232558139535,22,0.7586206896551724,0.3634162335627899,1.0150862068965518,0.2064133185761335,0.00021546045918367397,1.7416698806600017,0.020650242265065885,1.0176425329429215,0.011856576550109785,4
286,-65.06770833333333,-2.0072916666666667,-2.1177083333333333,0.25535709949772084,0.13287273960657076,0.32866357915639044,66.0,3.0,3.0,1950.0,60.15625,63.46875,65.13406539178838,0.25491934325778315,1951.9887895861998,0.15756270247933882,0.0014139460499405965,0.42653053199080077,-3.197500000000006e-05,32.84892561983472,0.015735502465408724,0.01585981506629309,0.0,-1.0875144934832828e-06,0.15756807566395092,7.338413466104704e-05,0.0007858892533796625,14.0,65.68651356479106,14.204132426804371,98.46153846153847,98.46153846153847,20,0.6451612903225806,0.36070857639281784,0.9576612903225806,0.20963864405735416,4.318367346938776e-05,1.4322622794448368,0.004471727907355143,1.2568396980247858,0.0031221431797313287,4
287,-64.83958333333334,-2.826041666666667,-3.0875,2.4646027049111905,3.5139526886775077,4.781981153246006,87.0,27.0,25.0,1943.15625,85.65625,125.125,65.26152661615751,1.9782194170254888,1955.8028217121673,0.1581652644628099,0.0022421129304451533,0.7791591036762097,1.0658333333333353e-05,32.84355371900826,0.013039007221005839,0.0105764270456845,-0.0003333333333333262,1.0909177657317649e-06,0.15815763370260175,8.837496456006271e-05,0.00177800520820482,15.0,70.57745438984222,16.125424145498243,106.66666666666667,106.66666666666667,23,0.71875,0.3637747850717972,0.8984375,0.21738553246838324,0.0020996033163265425,1.5258386351347426,0.03789243595734661,1.244571324272364,0.024833842245710624,4
288,-64.8125,-2.779166666666667,-5.142708333333333,2.4588805888045884,3.5304012008394863,5.2149074135210896,87.0,27.0,25.0,1942.34375,84.25,186.828125,65.39597016683214,1.9757389180087799,1959.8405435821278,0.1587889173553719,0.0023726165546678482,0.7791591036762097,-1.0658333333333353e-05,32.83694214876033,0.008985109371853192,0.0105764270456845,-0.0003333333333333262,-9.954119911570651e-07,0.15878929593718152,9.514808476520648e-05,0.0019085699467697667,15.0,70.27703318464145,14.522342665702014,106.66666666666667,106.66666666666667,21,0.6363636363636364,0.2836943476880642,0.8910984848484849,0.1868472241889032,0.00297414413265307,2.6115767137323114,0.02295104374477038,0.798424424285686,0.008788194359402946,4
289,-64.80208333333333,-2.684375,-6.632291666666666,2.466102659336973,3.561566489534486,4.80290699281146,87.0,27.0,25.0,1942.03125,81.421875,231.515625,65.48597429983084,1.9810779898568267,1962.5410259713071,0.15965571900826445,0.00214090147932691,0.7791591036762097,6.395833333333346e-05,32.83016528925619,0.00781854873075429,0.007938361227109603,-8.333333333337597e-05,3.413473399256826e-06,0.1596231261975435,9.287334467775059e-05,0.0015576188681748204,16.0,69.71261249309727,16.716902976498766,106.66666666666667,106.66666666666667,24,0.75,0.33671316583761185,0.9091796875,0.20822318662141673,0.0006502500000000015,1.9206819941291688,0.010532456091144895,0.4848192839452288,0.005483706372704492,4
290,-65.034375,-1.7260416666666667,-6.819791666666666,1.6456589438200735,0.9858102411707956,2.7665833242341638,86.0,12.0,24.0,1949.0,53.859375,213.484375,65.4852926628456,1.4032651904736007,1962.5129269912354,0.16001508264462813,0.0017802704761851458,0.6322165566108819,-1.0658333333333353e-05,32.82586776859503,0.00868830519071034,0.007938361227109603,-0.0001666666666666335,-1.5624474138545555e-06,0.16001575745891664,9.576616862414819e-05,0.0011385599407987294,14.0,77.08700838887412,22.80680177998167,132.41379310344828,132.41379310344828,22,0.6285714285714286,0.2925257066695165,0.8415178571428571,0.2236112541548253,0.0005143176020408168,1.3901842719249817,0.007708321830786175,0.13639080302677653,0.005544820198629134,4
291,-65.07083333333334,-1.6947916666666667,-6.178125,1.6649522432256796,0.993507023929485,2.58612898963715,86.0,12.0,24.0,1950.09375,52.90625,194.25,65.44972208970789,1.4268713023036292,1961.4477120130155,0.15993052892561985,0.0019318626436568174,0.6322165566108819,4.263333333333341e-05,32.8195867768595,0.00999145868410209,0.005293046865847581,-0.0001666666666666335,-1.413618182325205e-06,0.1599502259926456,9.469343186671007e-05,0.001217890202205962,15.0,85.38704915529365,19.783792205418553,132.41379310344828,132.41379310344828,16,0.41025641025641024,0.22044689583112517,0.7439903846153846,0.18725328936683125,0.00025599999999999923,0.5027862385283303,0.011515043168921912,0.883107095886315,0.022902462888854662,4
292,-65.08333333333333,-1.3885416666666666,-5.98125,1.7057907908715602,1.2804922386582,2.606414862891171,86.0,12.0,24.0,1950.46875,47.203125,188.375,65.4423998226999,1.4760636094766635,1961.2317523652919,0.1605119834710744,0.0020606378334677208,0.6322165566108819,-1.0666666666666694e-05,32.81512396694215,0.009800969970493437,0.010589321199496614,-0.0003333333333333262,-2.4122035404842565e-06,0.1605278808936413,0.00012443362820738695,0.0012606038139158602,15.0,85.26566015064672,19.7281403504283,132.41379310344828,132.41379310344828,16,0.41025641025641024,0.20438626638832144,0.7467948717948718,0.19909964505141375,0.00011479591836734601,1.5135927617789604,0.029207545246255684,0.32162611674625496,0.019296832003826037,4
293,-65.08020833333333,-0.8645833333333334,-5.861458333333333,0.5446940639146794,1.0745133750007747,0.9188840368968704,70.0,4.0,12.0,1950.375,29.71875,175.65625,65.36445025053254,0.5674299771691893,1958.8929068010525,0.16041684297520664,0.0019222381325301873,0.6322165566108819,1.0658333333333353e-05,32.80421487603306,0.01371203646410332,0.01588882693928354,-0.0001666666666666927,-1.3742026167638478e-07,0.1604053446591761,0.00011576932242092126,0.0012116016858272358,16.0,76.46019902242887,16.658027976776133,101.05263157894737,101.05263157894737,17,0.4857142857142857,0.24912242571941115,0.8321428571428572,0.22551227821906064,0.0006557257653061211,1.9034635175780525,0.017938179961520008,0.609873934728133,0.009423968358660408,4
294,-65.08020833333333,-0.275,-5.458333333333333,0.5152102709223574,0.8474225628339147,0.8230616960808926,68.0,4.0,12.0,1950.375,12.15625,163.5625,65.31984023867808,0.5310488303700289,1957.554606445419,0.16035340495867767,0.001745602965178948,0.6322165566108819,-3.197500000000006e-05,32.79561983471075,0.014596080192896831,0.01588882693928354,-0.0001666666666666927,-3.9976889927934963e-07,0.1603414452895616,0.00010961753007490826,0.0011454449239492628,16.0,63.83173888252003,13.78449351732348,98.46153846153847,98.46153846153847,22,0.7586206896551724,0.2850836196642888,0.9854525862068966,0.21751231736276094,0.00028778698979591607,2.094515673374449,0.025857165353906086,0.2962422409791357,0.012345176349169026,4
295,-65.065625,0.0020833333333333333,-5.110416666666667,0.2866211658414872,0.17676441871095613,0.42609642068694054,66.0,1.0,6.0,1949.9375,0.9375,153.15625,65.26761017052263,0.2931512044807923,1955.991054364053,0.1593068347107438,0.0015547076063602804,0.4196581195786431,-3.197500000000006e-05,32.788016528925624,0.011896234192030168,0.010595780073438062,0.0,1.041982119534827e-06,0.15929662983672094,8.043468141232488e-05,0.001197851714065273,15.0,60.31724464090858,11.261748712723302,87.27272727272727,87.27272727272727,20,0.6896551724137931,0.24128576367963422,1.0290948275862069,0.1893196606157425,0.00014485841836734745,1.785805424726784,0.02018053813439287,0.15078346859954947,0.011300524600814422,4
296,-65.11979166666667,0.041666666666666664,-4.834375,0.45782997928330943,0.2706730294818619,0.9413341734164689,68.0,2.0,10.0,1951.546875,1.9375,144.9375,65.30620363930345,0.47846931823671535,1957.1332787568297,0.15802779338842973,0.0016475843018467467,0.49561721544078796,-3.197500000000006e-05,32.78206611570248,0.013231402377644879,0.015898521164917093,0.0,8.160728945660343e-07,0.15802126093089086,7.986798496469445e-05,0.0012959624090347604,17.0,56.691652811592114,8.271990394612349,87.27272727272727,87.27272727272727,19,0.7037037037037037,0.19141544816988237,1.078125,0.13956001048931524,7.593877551020436e-05,1.2727468785959777,0.01272615468817602,0.0,0.009998967510503576,4
297,-65.146875,0.075,-4.530208333333333,0.5883332964471187,0.34850872777210806,1.1561087563880925,69.0,4.0,10.0,1952.375,2.9375,136.203125,65.31518979766268,0.6114722904320588,1957.41952229437,0.15698131404958676,0.0016859963777156762,0.6425597625061155,-2.1316666666666706e-05,32.77892561983471,0.014304923321267754,0.015898521164917093,-0.0001666666666666335,1.4849077564995016e-06,0.1569861704916466,8.740604255979344e-05,0.0011259585939691918,16.0,62.270817844909445,15.805062448188727,109.71428571428571,109.71428571428571,20,0.6896551724137931,0.27513820593670996,1.0113146551724137,0.19695522755242095,0.00012576020408163258,1.1425840556362072,0.01657461446122725,0.07937544758383111,0.014506253942077166,4
298,-65.17708333333333,0.07395833333333333,-4.254166666666666,0.6122838337368999,0.3502215940380541,1.107730098996241,69.0,4.0,10.0,1953.3125,2.96875,127.875,65.32589122802193,0.6388611726975972,1957.767678715361,0.15577620661157027,0.0018520594474749127,0.5782465958204145,-2.1316666666666706e-05,32.77247933884297,0.011942077268223047,0.010602246831267663,-0.0003333333333333262,-9.382864542509711e-07,0.15577870258998636,8.347465708458505e-05,0.0012005044570582559,16.0,61.93885353610201,15.245276728931834,109.71428571428571,109.71428571428571,23,0.7931034482758621,0.288639893779862,1.0134698275862069,0.1911341480726378,8.688903061224436e-05,1.0303841868848225,0.01721602436734255,0.11855261301608248,0.01670835459867842,4
299,-65.15729166666667,-0.12916666666666668,-4.653125,0.5712276238627548,0.528345820041718,1.2539481917959503,69.0,4.0,9.0,1952.6875,6.921875,139.828125,65.33732505878602,0.5938890153321369,1958.083460296839,0.15468723140495866,0.002126778885025562,0.7290746059920566,-8.528333333333327e-05,32.767685950413224,0.015468460611305468,0.015908227227219147,-0.0001666666666666335,-1.5216567601595819e-06,0.15471795537943542,8.709640456763586e-05,0.0014756089336431962,15.0,67.36818183864591,17.83842214690353,109.71428571428571,109.71428571428571,25,0.8064516129032258,0.30598681293072094,0.9455645161290323,0.21653803042405084,0.00014485841836734534,2.7519036177563936,0.017091468297257842,0.8613066914531785,0.006210780125792482,4
300,-65.13229166666666,-0.24270833333333333,-4.717708333333333,0.43564960874218883,0.5268310908288243,1.0870923365859446,67.0,3.0,9.0,1951.9375,8.703125,141.390625,65.31441079757298,0.45601589798517383,1957.3960324604477,0.15319652066115705,0.0019732433346745532,0.5880956176316139,-3.1983333333333167e-05,32.76090909090909,0.013360853142455274,0.015908227227219147,-0.0001666666666666927,-6.106994415858369e-07,0.15320461116277204,8.900561302300983e-05,0.0014507008195871393,15.0,65.64992594431634,14.003980877857849,109.71428571428571,109.71428571428571,25,0.8333333333333334,0.24388051876963202,0.9510416666666667,0.18180291622309644,1.2755102040825757e-09,0.8920532673984666,0.021976621057555313,0.010827463980109434,0.024635996370089737,4
301,-65.12083333333334,-0.33229166666666665,-4.932291666666667,0.451828845422197,0.67930644650547,1.2138947984060326,67.0,3.0,9.0,1951.578125,13.828125,147.75,65.32286214696268,0.4729491821661636,1957.6270060257398,0.15217096694214874,0.001840718001008774,0.6644732971466861,-4.264166666666652e-05,32.75743801652892,0.01289044271626333,0.0106087214874324,-0.0001666666666666927,9.044343453981224e-07,0.1521770063640769,8.353341268950536e-05,0.001298472482175804,15.0,68.67348581975324,16.682269674437617,120.0,120.0,27,0.84375,0.24253275988397008,0.9189453125,0.19653669081726788,8.424617346938597e-05,1.2058362508322562,0.020026469742641474,0.1234819521830056,0.016607951310818034,4
302,-65.0,-0.28229166666666666,-6.047916666666667,0.6341004126582267,0.6426661250321888,2.919723844199805,71.0,3.0,18.0,1947.953125,12.265625,181.375,65.34962007429031,0.6511767393807477,1958.4321403308943,0.1510820826446281,0.0021085930156306987,0.5211118141544689,-1.0658333333333353e-05,32.7595867768595,0.011237238434238803,0.0106087214874324,-0.0001666666666666927,-1.683565429731951e-06,0.15111444662574378,0.00010515582959141265,0.0010817288223702991,15.0,71.7907680935319,19.726068183835142,128.0,128.0,28,0.8484848484848485,0.2492971075876383,0.8901515151515151,0.20971904852894535,8.163265306125312e-08,1.4884645035677915,0.0041356505419388205,0.27082653722884265,0.002778467697433044,4
303,-64.96770833333333,-0.20104166666666667,-6.741666666666666,0.6038064659010276,0.5952931336161669,2.666914051025184,71.0,3.0,18.0,1947.0,9.328125,202.203125,65.373821162203,0.6233030180406143,1959.175946914023,0.15059577685950415,0.0025429317384156012,0.5211118141544689,1.0658333333333353e-05,32.75595041322314,0.012764783190949317,0.0106087214874324,0.0,-2.217833394554289e-06,0.1506010539018226,0.00012339961952925657,0.001360809008505163,15.0,70.16181899644991,20.88486229373241,128.0,128.0,28,0.875,0.3049490967569886,0.92236328125,0.23836078254536683,2.2903061224489695e-05,2.508755306920746,0.017378886318759217,0.8001347552575171,0.006927294292439431,4
304,-64.94583333333334,-0.11875,-7.1375,0.5545111711127999,0.3686440525764657,2.3380569746408377,71.0,2.0,18.0,1946.34375,3.921875,214.03125,65.37965189011248,0.574704614890027,1959.3462062774884,0.15080719008264465,0.00266209261288391,0.5931163373077047,2.1316666666666706e-05,32.74983471074381,0.013725976523656157,0.0106087214874324,0.0,-2.074468241154837e-06,0.15080542674384026,0.00013275296239924028,0.0015199572557681247,14.0,69.48609220616692,18.747260839094928,128.0,128.0,29,0.9354838709677419,0.2962301109709027,0.9178427419354839,0.2119466133321447,0.0004824298469387767,1.3729508097334018,0.018464830811057136,0.41055426048401156,0.013449011195559598,4
305,-65.040625,-0.008333333333333333,-6.139583333333333,0.24877957320018595,0.2699022456783608,0.4929670303940778,67.0,2.0,8.0,1949.1875,1.984375,184.015625,65.33216904774609,0.2507904504932639,1957.926383480316,0.15138860330578513,0.0023390902465438737,0.5931163373077047,5.330000000000011e-05,32.74272727272727,0.009620913858418196,0.005305980395951394,0.0,-7.115839902167519e-07,0.15141942819445867,0.00011361600114505887,0.0014223709042082105,15.0,61.758733570454396,13.233278132458386,93.65853658536585,93.65853658536585,23,0.7931034482758621,0.2781011727353657,1.0129310344827587,0.19666317308771827,0.0018613061224489742,1.4905300121525262,0.016206838442586875,0.06217553055276711,0.010873205041461739,4
306,-61.7,3.8697916666666665,2.091666666666667,7.927378717667861,9.656858743397386,16.66545620604355,77.0,46.0,59.0,1848.984375,134.515625,338.171875,65.2401278717941,1.9498094621318551,1955.013581951858,0.15188547933884297,0.0019112207214938104,0.5931163373077047,0.0,32.735950413223144,0.015024966131984528,0.018585129348480278,-0.0001666666666666927,5.992719919312516e-06,0.15187133865551322,0.00014388146163544425,0.0012423777711562671,14.0,65.93409818735046,18.832029198082957,137.14285714285714,137.14285714285714,21,0.7,0.28338212424307435,0.9692708333333333,0.22304136407134342,0.0001589400510204093,2.803671273649063,0.016274973150448804,0.1437731779895449,0.005804879232245525,4
307,-54.329166666666666,-4.767708333333333,16.346875,12.115674391969364,18.519111720461392,21.81941725622024,77.0,46.0,60.0,1628.234375,407.015625,644.0625,64.7897258333241,3.12012442743806,1941.6785688124928,0.15190670247933885,0.002181681183746721,0.6644732971466861,2.1324999999999817e-05,32.72917355371901,0.0158289815201773,0.018585129348480278,-0.0001666666666666335,2.1491882635678136e-06,0.1518925286824462,0.0002053609742109885,0.0015493935578342142,15.0,77.49036705069273,30.48301446528689,153.6,153.6,25,0.7352941176470589,0.32976681600125574,0.875,0.2764864156725798,6.006250000000035e-05,3.1945128266001332,0.02223892693510717,0.41959219260490105,0.006961602016410023,4
308,-46.020833333333336,-14.427083333333334,31.64375,10.319055155660113,20.922996116547353,16.23332999122998,77.0,46.0,60.0,1378.96875,695.03125,985.0,64.22938946309922,3.1218497504182285,1924.8694294776838,0.15244588429752068,0.0023941185827493594,0.6644732971466861,2.1316666666666476e-05,32.71760330578512,0.016813256939286297,0.018585129348480278,-0.0003333333333333262,-1.383666984337649e-06,0.15245821505318813,0.00020585627720789922,0.001843351099237134,15.0,81.15674073097546,32.19654320997789,153.6,153.6,31,0.8857142857142857,0.39817158802585273,0.8482142857142857,0.2993336029705768,0.001672225765306121,4.331288930578884,0.00907877198786635,0.1606552916171074,0.002096090132378437,4
309,-41.192708333333336,-27.99375,38.69583333333333,5.127473890549214,5.9874836899569095,5.231234650846989,76.0,37.0,60.0,1234.234375,852.703125,1159.609375,63.7310143927371,2.391933556644486,1909.7968328021798,0.15330221487603304,0.00201420429998864,0.5123247616393762,1.0658333333333121e-05,32.71347107438016,0.015991255037946323,0.013279148952527943,0.0,4.1015820485170726e-07,0.15330664413973705,0.00018355367364387347,0.0014628251941684039,15.0,77.64174177910549,34.20899971547736,153.6,153.6,30,0.9090909090909091,0.3698375118295195,0.9029356060606061,0.31670367674655153,0.0041326530612244925,1.5931855733739857,0.006843013379365028,0.282460036954807,0.004295176590679995,0
310,-40.21875,-29.051041666666666,39.7625,0.5420471420150342,0.26711997603553017,0.6356181374588571,41.0,30.0,42.0,1205.3125,870.625,1191.625,63.586377481223195,0.33023801829025645,1905.6047975522818,0.15407393388429752,0.001316104097565501,0.4372676074599719,-1.0666666666666694e-05,32.70768595041322,0.017189287966373215,0.013279148952527943,0.0,-2.657585534648842e-07,0.1540764814726982,8.498222250082945e-05,0.0007051501606628436,14.0,60.006835302839576,16.582474446055816,109.71428571428571,109.71428571428571,25,0.9259259259259259,0.3538852223545956,1.0671296296296295,0.2528703428231402,1.5624999999998288e-06,1.539937908516384,0.06429072780559258,0.0,0.041748909128116685,0
311,-40.16770833333333,-29.348958333333332,39.56041666666667,0.5381284681782678,0.5628230168213529,0.631215620625965,41.0,31.0,42.0,1203.765625,879.546875,1185.59375,63.56666040626786,0.34232264636933135,1905.0155005508816,0.15487744628099173,0.0018457101522510325,0.647887196474234,5.330000000000011e-05,32.710991735537185,0.0163335561242971,0.013279148952527943,0.0,7.245726754447877e-07,0.1548736255372664,8.893926386738177e-05,0.001474325519949695,14.0,62.40084863137967,20.846536384025008,137.14285714285714,137.14285714285714,27,0.9642857142857143,0.3311424309968167,1.0407366071428572,0.2542653465380127,0.004417501275510204,2.0846646394186226,0.030167058870893076,0.0,0.01447094093719849,0
312,-40.014583333333334,-29.857291666666665,39.373958333333334,0.6355737510750075,0.7849157056210275,0.8676770702651355,48.0,32.0,43.0,1199.171875,894.765625,1180.0,63.59641553174764,0.4496459866250647,1905.8934442457685,0.158693867768595,0.005554348876066423,1.0376860615179495,0.00013858333333333339,32.7095041322314,0.016951620009343096,0.013279148952527943,0.0,-6.098919006224152e-07,0.15869287006318963,8.03068435076435e-05,0.005486525812621768,14.0,65.42702721027285,20.72304814901149,137.14285714285714,137.14285714285714,29,0.9666666666666667,0.342006747450579,0.9895833333333334,0.24254286204824815,0.0016518418367346948,2.3482809375516775,0.03981782743583826,0.11015143347003868,0.016956160056961673,0
313,-39.8125,-30.490625,39.151041666666664,0.7116954521891135,0.6470410414919598,0.7833548035621463,48.0,32.0,43.0,1193.125,913.78125,1173.296875,63.63066254237621,0.4416270125817354,1906.928323276269,0.164233479338843,0.006714622538635362,1.0853953152935931,0.00014924166666666674,32.72008264462811,0.018829196063849158,0.018585129348480278,0.0001666666666666335,-1.852108612388187e-06,0.16422717142932577,8.811811247119497e-05,0.006659716355179291,15.0,62.52829323995429,19.146339744452558,137.14285714285714,137.14285714285714,26,0.9285714285714286,0.32607938191517905,1.0239955357142858,0.22532691647494285,0.000859746173469387,1.322954992400309,0.016090441392443373,0.0,0.012162500980664213,0
314,-38.791666666666664,-29.953125,40.307291666666664,2.7115365672539906,2.5926359304206854,3.7531027383926694,49.0,37.0,59.0,1162.59375,897.765625,1207.84375,63.66165341146156,1.4194077117867938,1907.8600213640352,0.16773268595041319,0.00497084873115089,1.0133907921403547,-1.0658333333333353e-05,32.72322314049587,0.019078562069326118,0.018585129348480278,0.0003333333333333262,-9.654623974962438e-07,0.16773029784868052,0.00017605927520341876,0.004788685034034059,14.0,63.83144308188576,21.322037861375716,120.0,120.0,24,0.8571428571428571,0.3201042401109942,1.0206473214285714,0.25201661441999834,0.00024024999999999698,1.5544524070583383,0.025313397599106224,0.0,0.016284446847111618,0
315,-36.76875,-27.419791666666665,43.52291666666667,3.1954822438613757,4.026193399469349,5.020322847492535,49.0,37.0,59.0,1101.90625,821.75,1304.3125,63.621549059788734,1.39774946475711,1906.6494036899458,0.16434978512396697,0.007750428152616449,1.3793014397613477,-0.0001492416666666665,32.73446280991735,0.013233467042147834,0.01061520405640423,0.0001666666666666927,-1.5808902660789362e-07,0.16435608733100965,0.00017873692085288592,0.007593445713884642,15.0,63.09579014229559,20.0426992346549,120.0,120.0,25,0.8620689655172413,0.2877625208660408,1.0220905172413792,0.23509291059635015,0.0013982257653061211,1.6314914329504657,0.05827549374070162,0.22724647527907288,0.03571915399844514,0
316,-36.478125,-25.904166666666665,41.760416666666664,4.595008685270174,3.9236440509925066,16.598597325067026,59.0,38.0,63.0,1093.0625,776.1875,1330.90625,63.67312752179052,1.834994984680724,1908.1909081380504,0.15818638842975208,0.007480560164171095,1.6195666747694593,-0.00015989999999999985,32.740909090909085,0.01585054161287628,0.015917945147884655,0.0003333333333333854,1.0802908824527355e-06,0.15818210163482396,0.000196386724161681,0.007297436666156873,15.0,67.13693731239252,20.864369724250615,120.0,120.0,25,0.8333333333333334,0.2938537280175761,0.9677083333333333,0.2478072237423455,0.0011535727040816437,1.6559210833264872,0.042286152723727065,0.09002866364463499,0.025536333312926228,0
317,-37.790625,-27.298958333333335,37.44375,5.629249841323591,6.611952478776389,20.327346177112414,67.0,58.0,63.0,1132.53125,818.15625,1246.859375,63.724270299872806,1.7954455571664882,1909.7562621094894,0.15587113223140495,0.0062165072305760335,1.7470900329845942,8.527499999999993e-05,32.75314049586777,0.012598901818289246,0.0106087214874324,0.0001666666666666927,2.2184121660566365e-06,0.15586904930636689,0.0001521693618585313,0.006046267757918619,15.0,62.89627388234003,22.82091467030404,137.14285714285714,137.14285714285714,25,0.9259259259259259,0.6407056117199404,1.0815972222222223,0.41924836752555106,0.00034357270408164005,7.844620682794225,0.21424210421812986,0.0,0.027310702821875338,0
318,-42.009375,-27.215625,30.870833333333334,8.208920175194075,11.006170883919697,21.404389720465183,77.0,58.0,63.0,1258.96875,833.96875,1076.765625,64.01878462455169,2.5983581730131253,1918.4839212102997,0.15868311570247934,0.009694590173454525,2.1793250250217837,-3.197500000000006e-05,32.75793388429752,0.01105339074201858,0.0106087214874324,0.0,9.10208018166695e-06,0.15866579411954668,0.0003340281491004236,0.00934237173208114,15.0,65.68598984160204,27.823984647098122,137.14285714285714,137.14285714285714,23,0.8846153846153846,0.6886708779417059,1.0799278846153846,0.4589996938539558,0.0010725625000000065,9.30578498952935,0.2806840096584291,0.0,0.030162314084652517,0
319,-44.41979166666667,-20.35625,6.310416666666667,9.31630649041045,15.034479902460875,37.77925874726839,77.0,58.0,69.0,1331.28125,629.5,1078.5,64.47125876029266,3.2976510119659723,1932.214255998084,0.15964515702479337,0.010579769553340446,2.4946321381740706,-7.461666666666681e-05,32.758429752066114,0.013048432632061908,0.0106087214874324,-0.0003333333333333854,1.2386278922081273e-06,0.1596435630000284,0.0004640887747230406,0.010001632406702194,15.0,75.07504835169652,27.68495958801916,137.14285714285714,137.14285714285714,24,0.8,0.4514870813107693,0.9151041666666667,0.33716909253637933,0.0011150829081632639,4.693963063744637,0.012602161504471193,0.21387069074140266,0.0026847594097636003,0
320,-46.303125,1.9135416666666667,-5.171875,12.479599629036247,27.88607448094115,34.08605287578838,77.0,75.0,69.0,1388.125,647.875,891.6875,65.12825976604861,5.2850406664560134,1952.1261153995044,0.15547995867768596,0.011823180132808513,2.575264553677514,-9.593333333333328e-05,32.753140495867775,0.01431828616708172,0.0106087214874324,-0.0003333333333333854,-4.068083004494636e-06,0.15550715639733922,0.0005312606083803111,0.01123102660404095,15.0,75.51887875377109,22.618865382920827,132.41379310344828,132.41379310344828,25,0.7575757575757576,0.3596402723392936,0.8693181818181818,0.26632922973045114,0.00010950127551020616,3.4628472929089726,0.014647005771511458,0.5368913583063021,0.004229757922477491,0
321,-41.229166666666664,27.658333333333335,-15.845833333333333,15.028222870282729,28.329348984558205,24.44545764156514,73.0,80.0,69.0,1235.265625,947.578125,657.15625,65.57143098373527,6.502719078347864,1965.0600656718593,0.1502681487603306,0.00914730680200115,2.1430295616403248,9.593333333333328e-05,32.749834710743805,0.016159508168729544,0.015917945147884655,0.0001666666666666927,-1.3372740321950863e-05,0.15036331488031116,0.00047961785420701225,0.008577090252171933,15.0,80.88427947238061,18.281929228094,132.41379310344828,132.41379310344828,22,0.5945945945945946,0.2708834088322051,0.7850506756756757,0.20155662066526847,1.8984693877550395e-05,0.8182142812239286,0.015947543082424437,0.8118763297923459,0.019490668212939585,0
322,-37.72083333333333,46.51354166666667,-4.191666666666666,15.808264694105072,17.826473289930266,14.266610689142517,77.0,80.0,57.0,1130.21875,1395.078125,316.6875,65.70443417506438,7.621600098927054,1969.2174655107724,0.15820750413223142,0.020269606912375344,3.8084766660999367,0.00047969166666666667,32.74454545454545,0.015427784316799286,0.015917945147884655,0.0,-2.835468225615594e-07,0.15820510757035813,0.00036131505418909925,0.020081061777764933,15.0,78.92962238346934,23.304318827818783,147.69230769230768,147.69230769230768,23,0.6571428571428571,0.3352367434706317,0.8272321428571429,0.24363959430532903,0.0004515624999999983,3.2660957933824557,0.016332358880488774,0.34985678654169683,0.005000575584335372,0
323,-32.59375,53.378125,-3.1125,12.772021933540254,12.033016239401837,9.394249681764549,77.0,80.0,40.0,977.03125,1599.78125,215.453125,65.35237795805106,6.819169320968718,1958.7585338906526,0.17216213223140495,0.022041641898593232,3.5687292179327463,0.00024517500000000004,32.74371900826447,0.015647576920383915,0.015917945147884655,0.0001666666666666927,-3.8604764537900725e-07,0.17216294639636778,0.0002678146083201696,0.021865785548130227,15.0,84.2515413834671,27.58606500046041,147.69230769230768,147.69230769230768,27,0.7297297297297297,0.3719038124925957,0.7947635135135135,0.26926809549186737,0.00016992984693877587,5.071135759812657,0.005169837864551691,0.30345261045420424,0.0010194635106244286,0
324,-32.81875,53.834375,-3.564583333333333,10.53300677730881,10.057162954467247,7.422235444463854,77.0,78.0,38.0,983.484375,1613.609375,180.765625,65.00901317178032,5.378204294306079,1948.3343584440436,0.18281838016528928,0.013844111516821333,2.9600800707431874,0.00018121666666666655,32.74570247933884,0.013656133927760713,0.0106087214874324,-0.0001666666666666927,-2.3754463781444416e-06,0.1828188404893578,0.0002538497219259093,0.013568081175807111,14.0,79.16140393101051,32.61370816444895,153.6,153.6,29,0.8529411764705882,0.3920051376392994,0.8768382352941176,0.311620193164792,0.0010678890306122474,6.439253580454522,0.01588867039206683,2.115553581452027,0.002467470832379506,0
325,-31.252083333333335,55.760416666666664,-3.933333333333333,6.651988724663893,4.9529973914511825,5.1937194978379635,61.0,69.0,23.0,936.1875,1671.5,160.5625,64.7204747227947,2.898948370718352,1939.6038649416382,0.1836218512396694,0.0069938552494741854,1.4837098250168121,-0.0002238583333333333,32.747024793388434,0.012507493826377237,0.0106087214874324,0.0001666666666666927,-1.9293124690733748e-06,0.1836266138433608,0.00025409375461296006,0.006456140499295485,16.0,77.54007595586769,30.206613545067906,153.6,153.6,28,0.8484848484848485,0.3656675656312541,0.8792613636363636,0.2918933286433142,0.00019202040816326647,3.6579069343437394,0.02899478145073866,0.13967428254671657,0.007926604468394048,0
326,-31.236458333333335,56.295833333333334,-4.788541666666666,3.184160662288241,1.9466807576544802,3.100415623739913,40.0,69.0,20.0,936.234375,1687.1875,145.078125,64.72406412694414,1.4845390613102398,1939.8195998835308,0.17924519008264458,0.0053507533822123605,1.3271081730046603,-9.594166666666662e-05,32.74355371900827,0.013898064799722536,0.015917945147884655,-0.0001666666666666927,-4.289793094285041e-06,0.17923496360625982,0.0002761866615448102,0.004627358870214905,15.0,79.82381703840936,30.8254769207212,153.6,153.6,28,0.8235294117647058,0.37002500107486597,0.8566176470588235,0.2917138094727617,0.002232562500000002,2.3918739796738278,0.1106742699729329,0.6357604021181467,0.04627094525608126,0
327,-30.458333333333332,56.73125,-4.625,3.204543215845625,2.1076899133490516,2.993917444864949,40.0,69.0,20.0,912.875,1700.109375,142.3125,64.71930331630452,1.6193192763756845,1939.5379576952137,0.1777546033057851,0.005737821551484788,1.3271081730046603,1.0658333333333353e-05,32.7400826446281,0.013391490314400968,0.015917945147884655,0.0,-1.99471003960569e-06,0.17775821023343097,0.00022557989884877753,0.005246593367810716,17.0,85.52226252372218,29.57566258383263,153.6,153.6,29,0.7837837837837838,0.35719826889083756,0.7799831081081081,0.2349339724704477,0.0002186173469387767,1.4556726303125385,0.004198092895805909,1.9574164584328335,0.0028839539937661413,0
328,-30.025,56.95625,-4.933333333333334,2.714045258772717,1.7772176580730528,2.578705532282083,39.0,66.0,13.0,899.78125,1706.921875,151.359375,64.68975598580728,1.5041787892549956,1938.6723660588689,0.18039749586776857,0.0077695538063106626,1.6718110733046467,0.00017055833333333344,32.74355371900826,0.016507424031402297,0.015917945147884655,-0.0001666666666666927,-5.858428567653473e-06,0.18044273478577785,0.0002478771409541227,0.007451354600122567,16.0,90.46308100614269,31.526629611896198,153.6,153.6,33,0.825,0.38583602878135836,0.746875,0.25083357125542427,0.00042760331632652946,0.8119149656201304,0.03373498567816934,4.4618380557033275,0.041549900059303604,0
329,-34.16770833333333,52.44895833333333,-4.971875,11.273586337760072,11.69372601361932,5.822213266250931,102.0,77.0,27.0,1023.65625,1572.171875,197.5,65.00060090624325,3.962586296930697,1947.9992276420767,0.1839495702479339,0.006978367993189455,1.3931275328852708,0.0001918749999999999,32.750165289256195,0.01676199316904357,0.0106087214874324,0.0003333333333333854,8.170436995846964e-06,0.18389641088090142,0.00022947656789398872,0.0066478709431832496,17.0,90.64293070737413,32.156965738320416,153.6,153.6,31,0.7948717948717948,0.4288306348718632,0.7572115384615384,0.28614521393272946,0.0007155625000000061,1.867232045203772,0.052233310168857,4.196912264480493,0.027973657748122438,0
330,-40.04479166666667,44.396875,1.3729166666666666,15.48248586973672,14.95123290014489,15.068541175565809,102.0,77.0,51.0,1200.09375,1330.421875,332.5,65.16874616908237,4.4603743583223405,1953.0262280666336,0.19955336363636364,0.018296083406018897,2.9188792871072526,0.000351775,32.75595041322313,0.015565298997679857,0.0106087214874324,0.0,3.74225177227679e-06,0.19953588744166592,0.00030221347116005353,0.018099399875442804,16.0,91.29662309302678,33.72450806949459,153.6,153.6,31,0.7948717948717948,0.44289292462278174,0.7660256410256411,0.31178779377799265,0.00033306249999999753,2.4890902831850092,0.07333217357466325,4.101339300470883,0.029461435798475058,0
331,-43.96458333333333,39.165625,3.1395833333333334,16.30212140570634,14.068754743261454,19.058552756170187,102.0,77.0,51.0,1318.265625,1173.1875,434.578125,65.39335382298403,5.226326062862231,1959.8686200535208,0.212546,0.021223759793804774,2.9630295060483647,0.00039440833333333317,32.75561983471075,0.01413585570461398,0.0106087214874324,0.0001666666666666927,9.093005668384186e-06,0.2124913567821458,0.00041733160477427553,0.021030578059537598,16.0,88.37474482935865,31.55881630315367,142.22222222222223,142.22222222222223,31,0.8157894736842105,0.408210575751542,0.774671052631579,0.28480554946165487,0.0004591836734693861,2.952389782478522,0.05413405286061717,3.2946708558673565,0.018335672742767657,0
332,-36.661458333333336,45.075,5.644791666666666,17.792290405489226,15.180737520511533,18.26015339584886,75.0,80.0,51.0,1098.625,1351.03125,414.671875,65.32405683978683,4.571981480601858,1957.8402538094542,0.22727234710743802,0.011536701642523626,2.080232703180829,0.00020254166666666684,32.75876033057851,0.011176291903722055,0.0106087214874324,0.0,-4.518580903679608e-06,0.22729029064846745,0.00040834741338665036,0.011110147593936066,15.0,85.24121973434367,30.665726308982634,147.69230769230768,147.69230769230768,33,0.8918918918918919,0.3359274061791062,0.7922297297297297,0.25945143128767717,0.003540250000000003,3.5635442145743146,0.13312332619584327,2.5286708936402498,0.037357001395237524,0
333,-39.16041666666667,44.08958333333333,1.428125,17.942073918392367,16.70055811920834,14.969797392896638,74.0,80.0,48.0,1173.109375,1321.734375,320.546875,65.41649999971963,5.007210080142643,1960.5238093969278,0.23073987603305784,0.008972596519789922,1.8048252178815303,8.528333333333351e-05,32.760247933884294,0.010944096103966091,0.010602246831267663,0.0003333333333333262,-2.427291943169174e-06,0.2307498013724095,0.0003757948945370689,0.008514972800200893,15.0,82.49526695055872,30.022674784327215,153.6,153.6,34,0.9444444444444444,0.3606054246977277,0.8103298611111112,0.24074539223548932,6.984693877551067e-06,2.8090083986721086,0.03366769688740112,2.7687909977043734,0.011985616313328475,0
334,-45.51145833333333,34.784375,5.132291666666666,18.804417531702416,22.27630387188836,12.099853604414555,74.0,80.0,59.0,1364.671875,1057.46875,291.4375,65.44609244311778,4.543267061658265,1961.5319123484828,0.23056014049586782,0.006700341109246672,1.0676455128063402,-0.0001279166666666667,32.763057851239665,0.011980905966559574,0.010602246831267663,0.0001666666666666927,-2.4155672765155666e-06,0.230565129297644,0.00020747285621005812,0.006289476911495412,15.0,81.9837194874319,33.560304765609466,153.6,153.6,31,0.9117647058823529,0.586604733731636,0.8658088235294118,0.37448489528570483,0.005041000000000015,7.365554711835382,0.06732449732073446,2.8155393827163793,0.009140451731701039,0
335,-52.090625,18.403125,18.334375,11.740204943244176,14.065212354163316,22.86768247314774,80.0,67.0,59.0,1561.609375,581.0,674.484375,65.03858965263804,4.102791447591535,1949.2728784670699,0.2245131074380165,0.013529434479517781,2.0597058669660435,0.00010659999999999998,32.76619834710744,0.01392163417470798,0.010602246831267663,-0.0001666666666666927,-1.410263472613015e-05,0.22455256923264313,0.0004101805723741508,0.013134366419067692,14.0,87.69494049276183,34.0683161090327,153.6,153.6,32,0.9142857142857143,0.5858547735718399,0.8066964285714285,0.36529643574689824,0.00013974617346938718,8.895887172309205,0.022036793476885155,2.52870072074003,0.0024771889582278525,0
336,-46.978125,17.702083333333334,22.0,13.783615750268204,23.714025294321548,22.225032808374735,97.0,63.0,61.0,1408.546875,696.328125,747.078125,64.95068011545771,5.657939336851032,1946.572599212764,0.22315994214876034,0.012997673905880058,2.0597058669660435,-3.1983333333333404e-05,32.76702479338843,0.014003814598330735,0.010602246831267663,-0.0001666666666666335,-3.080728791499438e-06,0.2231761690529571,0.0004491787326958434,0.012584993325050897,14.0,85.72335577269791,32.30386505964491,153.6,153.6,32,0.9142857142857143,0.5788821552201734,0.8325892857142857,0.3979855004217093,3.861734693877492e-05,10.516774015086996,0.025225440727214096,3.969198836948874,0.0023985911165369305,0
337,-38.873958333333334,31.165625,18.925,10.075431595301376,27.647006046937072,22.669789919626513,97.0,63.0,61.0,1165.765625,1085.40625,620.796875,64.74501757153068,5.339455308879067,1940.4608364664546,0.2252531157024793,0.013416347397512678,2.0597058669660435,4.264166666666676e-05,32.76867768595041,0.015371012148843323,0.015908227227219147,0.0,2.445138909720053e-06,0.2252220101579352,0.000459763439612992,0.013053630034105056,15.0,77.82614946982774,26.684445617381634,153.6,153.6,31,0.9117647058823529,0.3696349166284336,0.8607536764705882,0.2881697672974694,0.0015265765306122496,3.6503809105468856,0.06196601000700522,0.6752403111519737,0.01697521752537373,0
338,-36.963541666666664,45.290625,4.255208333333333,8.370939560363812,24.241104803811545,11.892858236770948,97.0,63.0,61.0,1108.1875,1494.296875,180.734375,64.88305873851651,4.998347767100889,1944.4898035616734,0.231226173553719,0.004908793170563077,0.9243305787196947,-7.462500000000016e-05,32.77231404958678,0.015468460611304647,0.015908227227219147,0.0001666666666666927,1.176070916041427e-05,0.23114257684921716,0.00027923031187699157,0.004520381256397953,15.0,71.12747414386952,20.66186530836735,123.87096774193549,123.87096774193549,27,0.8709677419354839,0.27079827497450326,0.9092741935483871,0.2375099264040951,0.0014304604591836765,2.0945018645191853,0.0424383519146217,0.1850804222577439,0.020261787603786097,0
339,-34.264583333333334,54.571875,-2.2625,3.228259953347761,1.9987080788286717,4.895773049274242,49.0,68.0,15.0,1026.921875,1635.46875,103.890625,64.75258752139474,1.6606076048992298,1940.591102103681,0.23526459504132233,0.007366585954235006,1.387444935591531,0.0002025333333333335,32.77148760330578,0.01524787789189907,0.015908227227219147,-0.0001666666666666927,5.679457338117196e-06,0.2352520505508397,0.00020371164794901966,0.00711299401070835,14.0,72.43772567354985,21.134141512824105,132.41379310344828,132.41379310344828,26,0.7878787878787878,0.30812365301429717,0.8896780303030303,0.2233333220904771,0.004077734693877564,3.117290981009753,0.03274227005077771,2.179743563841119,0.010503437199235034,0
340,-32.610416666666666,55.48125,-3.2354166666666666,3.655802441743201,2.440470945842216,4.789397560555561,49.0,68.0,15.0,977.28125,1662.703125,118.15625,64.73745923105736,1.84303797406728,1940.1001166695642,0.24101560330578511,0.010632476510753488,1.6401926473750748,0.00011725833333333333,32.76421487603306,0.017140742923218294,0.015908227227219147,-0.0001666666666666927,-4.922439848432493e-06,0.24103309402034748,0.00017642739514795187,0.010426383797726644,14.0,80.46230696615407,27.488072415764854,147.69230769230768,147.69230769230768,24,0.6857142857142857,0.3639218438839339,0.8285714285714286,0.25865287046147234,0.0003214336734693904,2.270707819754283,0.0065147144687122205,0.5012406285513937,0.0028690236639151525,0
341,-30.873958333333334,56.51875,-3.534375,3.0165772819975767,2.241572759805044,4.649917744008131,49.0,68.0,15.0,925.15625,1693.828125,126.921875,64.74893428258278,1.8395223845091964,1940.4307959980802,0.24443019008264466,0.008349440993129597,1.4419125093804768,0.00010659999999999998,32.75247933884298,0.013002287893752205,0.0106087214874324,-0.0003333333333333854,2.53580653167201e-06,0.2444092578800199,0.00018272842991084854,0.00813069258572621,15.0,86.07305877191834,28.502297250068153,147.69230769230768,147.69230769230768,27,0.7105263157894737,0.3758699790243386,0.7767269736842105,0.25548837530084945,7.531760204081653e-05,3.669819238288217,0.0057707638530738094,0.655657145489306,0.0015724926701745604,0
342,-30.421875,56.979166666666664,-2.4583333333333335,2.295407694588262,1.7468970506459605,2.2845343556668656,42.0,69.0,15.0,911.640625,1707.453125,82.34375,64.73187371648524,1.2179833686634778,1939.759319776236,0.24477899173553716,0.006336744691158348,1.2480203713929816,-7.461666666666681e-05,32.742892561983474,0.013075623432441853,0.015917945147884655,-0.0001666666666666927,-3.505747484200942e-06,0.24478282769447762,0.00017365524827868617,0.006087752802273872,14.0,83.09939323681118,28.78587074904674,147.69230769230768,147.69230769230768,30,0.8333333333333334,0.3826598638851107,0.8098958333333334,0.2698926974602335,0.0006685918367346911,3.4431096558273326,0.03644423648534932,0.30489288950938903,0.0105846865561394,0
343,-30.501041666666666,56.87916666666667,-3.1614583333333335,2.5458297105129706,1.7789226999007637,2.657139352749599,41.0,69.0,13.0,914.078125,1704.609375,106.0625,64.73639950587803,1.2052990010879916,1940.0810306321753,0.2427492479338843,0.003333642004311348,0.6907991196632068,-3.1983333333333404e-05,32.73628099173554,0.013854750141948516,0.015917945147884655,-0.0001666666666666927,9.862138389413725e-07,0.24274120333944924,0.0001485437139954247,0.0029608297318853647,14.0,79.74697384979217,27.862420024288586,153.6,153.6,32,0.9142857142857143,0.36040254314671205,0.8424107142857142,0.2745321565399758,0.001713368622448989,3.066983211788728,0.09833202269151943,0.7240922402593115,0.03206148058246793,0
344,-33.365625,48.64479166666667,3.814583333333333,8.791133413429028,17.041673001985373,18.195781214145644,69.0,69.0,66.0,1004.546875,1458.3125,329.84375,64.7139114113773,2.242878323437317,1939.4016569585242,0.24204103305785127,0.004852135010920086,0.9338385674771112,-0.00011725833333333333,32.730000000000004,0.012596733145955203,0.01061520405640423,0.0,-2.260761206506871e-06,0.24203872081884606,0.00016230308732616324,0.004599359878710813,13.0,79.18581040607685,26.596343333057714,153.6,153.6,33,0.9705882352941176,0.47718887363121143,0.8556985294117647,0.3181262555124408,0.005127582908163261,4.099000113566384,0.17540779119368305,0.5992973719470851,0.0427928241848882,0
345,-43.45729166666667,32.04479166666667,10.380208333333334,14.734039703973377,23.65214652781569,20.138536440282774,74.0,67.0,66.0,1307.390625,960.484375,509.109375,64.80340290668076,2.3977447836942383,1941.9649478433048,0.2326956280991735,0.014886496260412541,1.760674998940419,-0.0002238583333333333,32.728677685950416,0.011422910772343938,0.01061520405640423,0.0,-1.919333070802457e-06,0.2327134777041898,0.0001717029045723046,0.014799777599277463,14.0,85.0916575227438,29.233827874593295,153.6,153.6,33,0.9166666666666666,0.46861605229044995,0.7990451388888888,0.3035871507800202,0.000493474489795921,3.70935664079913,0.033563301891619726,1.2518617628657425,0.009048281182364006,0
346,-52.0125,15.497916666666667,22.00625,12.230079466217706,17.36225539284539,18.127441286738918,74.0,60.0,66.0,1563.96875,464.171875,757.625,64.83888364429382,2.3036205767722846,1943.1587937918634,0.22255734710743796,0.013183829094083244,1.5817598318140214,-0.00026649166666666674,32.72652892561984,0.013649130012032176,0.018585129348480278,-0.0001666666666666335,-2.711404624790077e-06,0.22255668152296731,0.00019684080934190927,0.013065220708069153,15.0,80.79458684814256,27.961688667610016,153.6,153.6,29,0.8529411764705882,0.5154814997745782,0.8451286764705882,0.3293998267310628,0.0001535829081632647,4.323825592549939,0.021741082705181186,1.1372054563112906,0.005028205287151642,0
347,-53.114583333333336,-3.1302083333333335,23.984375,12.127937609491658,22.070123186257867,13.216024270787402,112.0,58.0,66.0,1591.8125,440.71875,766.375,64.73749337434778,4.909670892528742,1940.1168210615672,0.21191161157024793,0.00555511072911771,1.3289993771863289,-4.264166666666652e-05,32.72636363636364,0.014658650451451512,0.023887870439960296,0.0,-1.1593058125081958e-06,0.2119205911552379,0.0002628785061194272,0.005187778833064667,15.0,81.11157791286175,28.07624285745983,153.6,153.6,29,0.8285714285714286,0.45295857745055385,0.8334821428571428,0.2982917991648104,0.00015894005102040697,3.396625971122405,0.013274536230593256,3.4076655436907997,0.0039081536629147085,0
348,-47.34166666666667,-6.884375,30.621875,13.10740619734592,24.627858667087597,13.809482725686783,112.0,60.0,66.0,1419.109375,525.90625,924.25,64.5037495229686,5.884800830228756,1933.0906632116394,0.2129159173553719,0.0061863024331843645,1.2298625370169551,-7.461666666666681e-05,32.726198347107434,0.01622446873391197,0.023887870439960296,0.0001666666666666927,3.45256823012506e-06,0.21290640299798122,0.00025498756937307866,0.005769497929750049,15.0,73.8355721529322,24.701411643577742,128.0,128.0,27,0.84375,0.5234769935750944,0.9140625,0.3270770094598327,0.00045460331632653694,4.339228084777145,0.013689262753687325,1.6327910362758369,0.0031547691170491633,0
349,-47.665625,-6.9,28.336458333333333,14.251888238383536,24.70501804627284,16.345498996867523,112.0,60.0,66.0,1428.1875,532.203125,858.484375,64.54954505854401,6.046691883583653,1934.4724978470658,0.20852869421487602,0.008798519513745945,1.34554501298766,-2.1316666666666476e-05,32.7303305785124,0.015208408086477302,0.015917945147884655,0.0001666666666666335,-1.205274296654022e-07,0.20852946463792923,0.0003009408335741434,0.008483647913438436,14.0,75.60678906754396,24.796321783640774,128.0,128.0,28,0.9032258064516129,0.5982355240099839,0.905241935483871,0.39804318098279123,2.831760204081571e-05,5.9943035251908015,0.053314642878216516,5.05259256098615,0.008894218094589977,0
350,-54.204166666666666,-1.0135416666666666,18.497916666666665,11.918297528263935,14.447852491746442,24.31241957641654,93.0,60.0,64.0,1624.46875,290.59375,791.90625,64.86593661553924,3.9474221954138256,1943.9880274401685,0.2049765702479339,0.010314909320718824,1.5219402188109168,-0.00019187500000000015,32.73528925619835,0.013549686963252728,0.01061520405640423,0.0,2.535166121558709e-06,0.20496270311015446,0.00025627549976039445,0.010122218327991954,15.0,67.410800852756,21.959807975111136,120.0,120.0,26,0.9285714285714286,0.6905380580434951,1.0111607142857142,0.42133433325125014,8.957270408163139e-05,4.867693596329338,0.045528275022075904,0.0,0.009353151368526597,0
351,-59.494791666666664,-0.7822916666666667,14.626041666666667,6.454001823669603,6.10152806666198,20.148220272890867,82.0,14.0,61.0,1783.53125,167.15625,668.5,65.06279225214809,2.414526734956211,1949.9000755388795,0.19860184297520664,0.005990573381417935,1.268991705015983,-0.00010659999999999998,32.73942148760331,0.011229942315018018,0.01061520405640423,0.0,-1.6817875110744157e-06,0.19859798836401948,0.00024372262008339244,0.005736864568968769,14.0,66.38729264603514,21.801910524406445,109.71428571428571,109.71428571428571,24,0.8571428571428571,0.6067577937320868,1.0323660714285714,0.44099229110398036,0.03151892984693881,6.444497630946339,0.31858684766247397,0.0,0.049435482159637514,0
352,-60.7375,-4.284375,10.364583333333334,4.180790644921922,2.2988596867523254,20.172598882140157,79.0,10.0,44.0,1820.21875,132.25,608.359375,65.1142691681469,2.157272745415638,1951.3859864096542,0.19511319008264463,0.004865270872864933,1.3281562686990305,-0.00013858333333333339,32.74123966942149,0.011176291903722055,0.0106087214874324,0.0,6.809274177574334e-06,0.1951035704269777,0.00020102760346241765,0.004576783329583768,15.0,76.9970631740203,31.01818845458303,153.6,153.6,27,0.84375,0.6156751453295909,0.921875,0.4033096718481346,0.0020670012755102263,5.602372490805585,0.10717925582339212,0.7054406870393842,0.01913104778364718,0
353,-57.81041666666667,-6.291666666666667,16.952083333333334,11.01407696963552,12.48016481817804,16.920518727067904,77.0,94.0,66.0,1733.171875,191.546875,614.859375,64.96937636400324,3.3691197968950015,1947.088821837363,0.19408776859504134,0.004085248272820632,1.0561991059330635,0.0,32.74371900826446,0.010612033665637706,0.0106087214874324,0.0001666666666666927,1.0882917735535942e-06,0.19409701426305395,0.00016469968633438706,0.0037631547193501987,14.0,77.94169931540446,32.642693014037086,153.6,153.6,29,0.90625,0.5478965113938769,0.92431640625,0.41138412514612327,0.002348786989795925,4.402286428361511,0.1240954408312134,1.6164693209547547,0.02818886114082326,0
354,-47.325,-3.6822916666666665,14.330208333333333,19.063561445857907,30.578009850461665,21.54932143069159,72.0,94.0,78.0,1418.59375,556.015625,603.03125,64.82670133731517,4.344637735861597,1942.7581676792374,0.2051352396694215,0.029649259233154375,5.91990284398782,0.001279175,32.74669421487603,0.011598548623372942,0.0106087214874324,0.0,3.154640427425117e-06,0.20510532067222736,0.0002962893176379837,0.029441323651958486,14.0,83.64419495924199,35.550509046237494,153.6,153.6,31,0.9117647058823529,0.5974020459836529,0.8727022058823529,0.4009863390829711,0.0011902500000000049,5.315849442941896,0.061679944846335905,3.616606891049913,0.011603027043632938,0
355,-33.16875,17.884375,10.483333333333333,20.420951824963986,43.303870179535245,21.783014534775074,77.0,94.0,78.0,1011.15625,1126.265625,520.28125,65.26961210871079,6.044421133996296,1955.8527698928099,0.2829957272727272,0.10575311921015705,8.04717241608088,0.001908108333333333,32.746528925619835,0.012773341544703248,0.015917945147884655,0.0,1.0771771462035043e-06,0.28298351247882925,0.0005928745570439885,0.10563978419251295,14.0,79.43603902647592,29.623656134104678,153.6,153.6,31,0.9117647058823529,0.5055913691666004,0.8681066176470589,0.3263958107964492,3.514795918367312e-05,3.9209527827065886,0.014464551677864382,1.6035006338912232,0.0036890400062098345,0
356,-25.077083333333334,40.41041666666667,4.9,14.004548957144445,38.184452221985005,20.15358735643194,77.0,90.0,78.0,772.4375,1563.828125,395.546875,65.60540936766125,6.492227021722671,1965.800029914333,0.3738277024793389,0.1091382974253457,8.086026056924744,0.0022279,32.743884297520665,0.014509723204864362,0.015917945147884655,0.0001666666666666927,-6.856889084775039e-06,0.3738420262201505,0.0006253882628728775,0.10901776997826611,14.0,87.87484376182469,27.51900936824197,153.6,153.6,29,0.7435897435897436,0.41915546454024355,0.7568108974358975,0.253624439807729,0.0014767551020408148,1.4640952460148606,0.00807508464244456,2.160279169147164,0.005515409372733254,0
357,-22.502083333333335,59.360416666666666,0.34375,12.543590487830384,8.481063209275252,10.76493935286369,77.0,90.0,70.0,695.671875,1778.84375,214.28125,65.85296574487325,6.217869619455789,1973.516141613755,0.4507155785123967,0.02905882461170933,3.0549470265241507,0.001225875,32.74223140495868,0.015927916306311095,0.015917945147884655,-0.0001666666666666927,3.844102015443227e-06,0.45068914574403485,0.0006258466888903576,0.02857239981634868,15.0,86.30290895925188,24.774907705762615,142.22222222222223,142.22222222222223,30,0.7692307692307693,0.35625973844030234,0.7580128205128205,0.23656487088516862,0.00016807270408163142,2.7038408643357674,0.01096006085481292,3.919236719418435,0.004053515500626698,0
358,-31.179166666666667,51.911458333333336,2.9114583333333335,16.40849574576807,14.931212901388728,13.356391804672795,98.0,90.0,73.0,941.625,1555.4375,294.828125,65.65983675702267,5.897068795127648,1967.5417786153328,0.6522968181818182,0.33815153071582355,11.03382946661506,0.008123333333333333,32.74173553719008,0.01423983969814375,0.015917945147884655,0.0001666666666666927,-4.266685592440624e-06,0.6523064298064408,0.0007539445405488646,0.3381175794532941,15.0,92.41296858277013,30.413965107526725,153.6,153.6,32,0.8,0.3987064671598997,0.7296875,0.26204387454680184,8.163265306127976e-08,3.1171188446317295,0.01112307823890228,4.390644293508318,0.0035683843938316092,0
359,-32.001041666666666,51.92604166666667,3.363541666666667,14.479978956531575,13.535206752451076,13.304844197632075,98.0,90.0,73.0,963.1875,1555.671875,299.96875,65.39805798332138,4.967734595379877,1959.4586522479406,0.9735981487603306,0.45449185393432034,11.343580753711137,0.009605866666666666,32.737933884297526,0.014653990254085033,0.015917945147884655,-0.0003333333333333854,-6.919210677760162e-06,0.9735877191078512,0.0010640416046652154,0.45450355898604056,15.0,99.39299135377458,33.288512093867276,153.6,153.6,38,0.926829268292683,0.4116527757862201,0.6890243902439024,0.27408307671525683,0.006084000000000017,4.5175359070359535,0.02816554781249371,4.262823837881447,0.0062347147631137915,0
360,-33.983333333333334,50.954166666666666,3.877083333333333,13.28461411642138,13.19856302679281,14.969882814940656,98.0,96.0,107.0,1028.421875,1526.71875,347.796875,65.60823121277816,6.047003152855256,1966.244030262111,1.3693837107438016,0.3427138495120662,11.203558753232748,0.009136841666666666,32.73578512396694,0.010425022830560706,0.01061520405640423,0.0001666666666666927,-2.045021690726601e-05,1.369433558545477,0.0012265243228573174,0.3424251165323812,15.0,98.86084313386586,33.18091121608457,153.6,153.6,38,0.9047619047619048,0.41953250967812883,0.6949404761904762,0.2832115396992518,1.657653061224448e-05,2.567872582487836,0.004508419686025222,4.571598903947618,0.001755702255934102,0
361,-30.03125,56.01979166666667,2.7666666666666666,8.632971105254938,6.858132638694776,11.487934491843557,72.0,96.0,107.0,905.515625,1678.75,258.15625,65.36799193984365,5.32051890506952,1958.908898853458,1.6335758016528925,0.2121463272952651,4.5787758842466895,0.006611550000000002,32.73314049586777,0.011210462782025655,0.01061520405640423,-0.0003333333333333262,6.571363375387386e-05,1.6334952602042432,0.0018288524326442418,0.21145194364528982,15.0,92.47468201982204,32.649584100914936,153.6,153.6,37,0.9487179487179487,0.4170194504330388,0.7471955128205128,0.3016105895891275,0.0005062500000000075,7.010743311081578,0.005989889324710377,3.3360536149716062,0.0008543871967530772,2
362,-34.588541666666664,51.45625,5.985416666666667,13.14607331892673,11.383200455239583,11.07426614542572,72.0,96.0,107.0,1041.859375,1541.828125,294.390625,65.39443351613482,5.342473531722551,1959.0309051057698,1.8524724628099174,0.24706129612585845,3.662958584391149,0.0036153249999999987,32.72636363636364,0.01983402202661005,0.018585129348480278,0.0,1.4921958629172258e-06,1.8525477893565574,0.0037397371681701153,0.24576711899675235,15.0,86.31044445165361,30.13693058716133,153.6,153.6,32,0.8648648648648649,0.40941773790907415,0.7909628378378378,0.29908607957237615,0.0008472257653061252,6.7339742391140405,0.014040797722926634,1.015568065513096,0.002085068523335177,2
363,-43.15208333333333,45.0875,6.021875,12.185706954996725,10.578803984855755,8.064359645029171,72.0,76.0,56.0,1293.46875,1351.078125,246.0,65.15521937769124,3.3884750028483803,1952.65745812174,1.9519755371900829,0.20307192511639816,3.549815908874226,0.002581325000000001,32.71785123966942,0.01992575523295616,0.018585129348480278,-0.0005833333333333357,9.34577212904737e-06,1.9519978209332836,0.003783965042563488,0.20154391554649562,15.0,85.38862150939191,34.47137255210156,153.6,153.6,30,0.8571428571428571,0.5072784239021187,0.8366071428571429,0.3615393454962222,0.00506638903061227,6.196868892273541,0.10882196376089734,0.9712823900796052,0.017560798147041666,2
364,-42.21666666666667,45.575,6.204166666666667,13.490850809180108,10.962274323028653,8.04453640505295,69.0,86.0,62.0,1265.859375,1365.390625,238.53125,65.22497772720993,3.2265482823447176,1954.6801923347448,2.0217289256198345,0.12003801733522311,2.192240754999872,-0.001982725000000002,32.708595041322305,0.01745387238872504,0.013279148952527943,-0.0002500000000000095,-1.8697774249481782e-05,2.02177968201587,0.0036453175982949023,0.11804630411816971,15.0,85.27993395485103,30.110747613058738,147.69230769230768,147.69230769230768,29,0.7837837837837838,0.45561754585428094,0.8061655405405406,0.32037088417025683,0.0005030408163265303,3.7538804497360365,0.036422196043455174,1.5465213487562381,0.009702545547505726,2
365,-38.380208333333336,49.802083333333336,2.675,12.215181126638981,9.463548259491375,7.528736613801813,62.0,86.0,62.0,1150.25,1492.703125,177.453125,65.1693041256328,2.9760025953358165,1953.1160999311537,2.0034187190082644,0.08878025566059561,2.1503299556957605,0.0031766166666666686,32.70818181818182,0.016057747029686275,0.013279148952527943,0.0,-2.9745603174647975e-05,2.0032909723228283,0.0018971283409647667,0.08711520115734737,14.0,85.08076256427678,29.789621340511346,153.6,153.6,30,0.8108108108108109,0.4446800455180606,0.8002533783783784,0.2987722787781511,0.0016286989795918283,4.485673385325124,0.05557025341956441,2.7392931384903454,0.012388386011643746,2
366,-31.486458333333335,55.30104166666667,3.8125,8.317139930484752,5.9204799001655175,8.018874219614622,59.0,86.0,62.0,943.53125,1657.484375,208.765625,64.99470207575315,2.8905654724906475,1947.7776494427162,2.058729314049587,0.1191436377941642,2.198432955601722,0.0009657083333333317,32.70330578512396,0.016732629070867824,0.01859649814709999,-0.0001666666666666927,2.686968438859101e-06,2.058754616256309,0.0020307126658214536,0.11837423493691747,14.0,90.62294421496364,28.27051778880822,153.6,153.6,30,0.7894736842105263,0.3424711315265187,0.7347861842105263,0.2497811244302178,0.00018515433673469314,3.311321763823877,0.04268648911000499,1.3080034366021966,0.01289107255487945,2
367,-30.227083333333333,56.51354166666667,3.2177083333333334,6.504205036722184,4.858178666598957,11.267925485565828,65.0,108.0,127.0,906.453125,1693.578125,220.140625,65.32186866578823,6.613380931327594,1957.6189793741669,2.122981231404959,0.14921879655509696,2.1957295917245427,0.003854508333333334,32.697272727272725,0.019624575586293807,0.01859649814709999,0.0002500000000000095,-8.397257296781141e-05,2.1232227681517877,0.0027091899191686824,0.14862702227845426,14.0,84.5776065569885,27.469149845803365,153.6,153.6,32,0.8648648648648649,0.35044188685005645,0.7850506756756757,0.24924414361132632,8.164413265306035e-05,3.098392922945444,0.03657197001273606,1.4472429845016932,0.011803528771931684,2
368,-27.694791666666667,57.860416666666666,4.976041666666666,5.966187186129058,4.291864376513882,10.85839004326135,71.0,108.0,127.0,831.078125,1734.0,226.90625,65.30848380482183,6.8053184923258385,1957.1636438634819,2.254817991735537,0.20375642400218197,2.8927687059708913,0.0008164666666666671,32.68809917355372,0.019805419142653664,0.01859649814709999,-0.000416666666666643,-5.778469811451541e-05,2.2548932030594617,0.003946191935357452,0.20294548832459602,15.0,84.44324145254733,28.81268301566133,142.22222222222223,142.22222222222223,32,0.8648648648648649,0.4883836698139816,0.8078547297297297,0.31485315178741263,0.0007386747448979568,2.7867640852479254,0.03371987631101131,3.562673044689146,0.012100011080777011,2
369,-25.517708333333335,59.0125,4.2625,5.214133333060304,3.936190258358963,10.714857772426722,71.0,108.0,127.0,765.75,1768.53125,207.234375,65.29613562916114,6.760261106756691,1956.8544698399141,2.4248248842975206,0.2517681351804693,3.524402707869797,0.0025583500000000018,32.67586776859504,0.01684491347252664,0.015947170277779296,0.0,9.744644624913673e-06,2.4247957067490056,0.005347537757308587,0.25013733923886516,14.0,81.99232092920293,26.15239905400325,142.22222222222223,142.22222222222223,29,0.8055555555555556,0.496521100382451,0.8272569444444444,0.33995985892593455,0.010251562500000018,3.844184918597444,0.08568751735754002,3.5359861706616464,0.022290165320351763,2
370,-24.280208333333334,59.219791666666666,6.802083333333333,4.645744463836112,2.019855594656185,5.525734852462813,71.0,74.0,56.0,727.875,1774.796875,221.546875,64.75318712181075,2.449865486326786,1940.5203876715527,2.4369717438016534,0.23133699433498012,3.0165261769765794,0.0006822249999999993,32.6687603305785,0.01423360288649444,0.015947170277779296,-0.0004166666666667022,0.00014277652294946322,2.4364373324550708,0.0050676973874099656,0.22968796390543833,14.0,84.3162080395598,28.904773149721205,142.22222222222223,142.22222222222223,26,0.7647058823529411,0.5649148501135263,0.8262867647058824,0.369186803267912,0.001548984693877553,5.528799426987028,0.08794926551977918,5.143956670095986,0.015907479857287563,2
371,-22.151041666666668,59.72083333333333,8.521875,5.21487245752606,2.31552354890974,6.11074366595766,42.0,87.0,79.0,663.890625,1789.75,275.453125,64.75640946387188,2.5246980045207663,1940.678658980084,2.43316594214876,0.2140603902594732,3.0165261769765794,-0.001481708333333335,32.66107438016528,0.009858641625419792,0.00797724498570366,-0.0002500000000000095,6.426878561023148e-05,2.432979099580044,0.004578647956930695,0.21257478388262016,14.0,81.66838696033278,28.66661386911179,147.69230769230768,147.69230769230768,27,0.7941176470588235,0.5946962157397266,0.8625919117647058,0.4112353087274234,0.003232734693877557,9.374180602638837,0.09105203425461403,2.452445830524546,0.009713065932288826,2
372,-21.538541666666667,60.078125,7.558333333333334,5.4022153980193375,2.3907679695811135,6.419106678935594,42.0,87.0,79.0,645.46875,1800.46875,247.921875,64.80578500591263,2.594830713957245,1942.1419618141513,2.405331107438016,0.20291805801340254,2.7902240080414273,0.0014710499999999996,32.6498347107438,0.015692471800110616,0.01862498108841724,-0.000416666666666643,3.8875592672012605e-05,2.405298153085255,0.0030672612189650253,0.20208677384411394,13.0,80.30874685306581,27.245646830015797,147.69230769230768,147.69230769230768,28,0.8235294117647058,0.5416621139086057,0.8547794117647058,0.3605027344714859,6.612244897959459e-06,6.744901038479369,0.01737851740258676,1.1200639285700857,0.0025765414945961504,2
373,-21.2125,60.31979166666667,6.159375,6.196996080091277,3.777237741603938,9.783309321290096,56.0,116.0,127.0,635.984375,1807.703125,248.9375,65.16069417201926,5.371469540132885,1952.7833435551142,2.532889132231405,0.16720585280494954,2.1529383883631064,0.0003837583333333357,32.63694214876033,0.016456452687386883,0.01330763189384765,-0.000416666666666643,-9.69327139619106e-05,2.533062056569733,0.0030228249259970424,0.1661958519349467,13.0,84.8556609192172,26.24548648893066,147.69230769230768,147.69230769230768,29,0.7837837837837838,0.4912082409979555,0.7880067567567568,0.30917873032507803,2.2562500000000823e-05,7.305223961504713,0.004844048499452169,7.559627012713889,0.0006630937702907062,2
374,-23.636458333333334,59.014583333333334,3.975,7.8488404105275675,6.635431711128941,14.369361212895537,69.0,116.0,127.0,710.28125,1768.59375,289.5,65.67767801505683,7.4671437344222635,1968.3378288231459,2.5676805950413226,0.14386166797197572,1.9791278369703282,0.0015136916666666684,32.62322314049587,0.014443670925589269,0.01597650291897002,-0.0003333333333333262,-3.6475532006819226e-05,2.5677322975039827,0.0027261977926438426,0.14271224771395175,12.0,91.24989311475233,28.396282753483305,153.6,153.6,31,0.7560975609756098,0.2936086761107376,0.71875,0.20651198254078826,0.0012806173469387732,0.6761073413371237,0.005202939490717169,4.144851906161708,0.00769543410137719,2
375,-23.975,58.82604166666667,3.5625,8.313229917827767,7.040799918920001,15.989327495238816,69.0,116.0,127.0,721.390625,1762.90625,333.09375,66.00393691577426,8.112753536982668,1978.0980825143274,2.600864231404959,0.12373088675175735,1.7926386768207885,0.0004182666666666668,32.612809917355385,0.01672446322729324,0.01597650291897002,-0.0001666666666666335,-2.3198330601980796e-05,2.6008888013649987,0.002612035101508068,0.12242807297018424,13.0,94.7223608551053,29.833566058808483,153.6,153.6,34,0.8292682926829268,0.31633390376606013,0.696265243902439,0.20754882469054917,6.924617346938825e-05,2.3610274999738694,0.011432131027048731,2.9727836507957015,0.004842015193459312,2
376,-25.461458333333333,58.30520833333333,2.9989583333333334,7.538413706251284,6.531460240502416,14.656447634002719,69.0,102.0,94.0,765.6875,1747.3125,298.078125,65.75763595067943,6.856336911542388,1970.711901922054,2.6111033305785125,0.1269633273894141,1.7926386768207885,0.000599483333333332,32.59909090909091,0.018895099718932565,0.021308540924391876,-0.0003333333333333262,4.274446959329107e-06,2.6110940854029256,0.002590001625251027,0.12574719134638296,14.0,90.329551577874,33.51229014902352,153.6,153.6,33,0.8461538461538461,0.42107471608920577,0.7620192307692307,0.2858084456045612,0.0010262869897959255,3.723613224071177,0.00786626316834465,4.52127194057277,0.0021125349747641476,2
377,-26.310416666666665,58.096875,2.3854166666666665,9.076038498507423,6.488129435184561,11.689355727600596,114.0,98.0,79.0,792.375,1741.109375,231.0,65.5773806659475,5.821821306665846,1965.3431250052968,2.619798909090909,0.11889970809311562,1.5707658661888866,0.0010152166666666665,32.58404958677686,0.018117089890770658,0.021321617673285467,-0.000500000000000019,3.688778304511618e-05,2.619683784889041,0.0020853642032944318,0.1180062614078637,15.0,78.91794668279343,26.994204359741907,142.22222222222223,142.22222222222223,30,0.8823529411764706,0.40214085885401957,0.8465073529411765,0.2731279915389683,5.624999999999896e-07,2.5695210862146713,0.06473840727335446,0.4029800624645423,0.025194736723770116,2
378,-27.982291666666665,57.36770833333333,2.771875,8.555133629285434,6.079267958803145,9.783225472769278,114.0,81.0,79.0,841.609375,1719.109375,197.140625,65.29189004022321,4.957247553707034,1956.6570053031119,2.601201842975206,0.09942174048728378,1.209870374469157,0.0016522749999999993,32.5698347107438,0.01676199316904245,0.021334710482067185,-0.0003333333333333854,1.1865947996507108e-05,2.601175250428297,0.0014569565878651634,0.09882767148005082,15.0,86.8896137800303,26.13337874772867,132.41379310344828,132.41379310344828,32,0.8205128205128205,0.33863759605781485,0.765625,0.26840317513598255,0.004183317602040829,1.6621126005907025,0.06482059261619706,4.60748137012507,0.038998917758736866,2
379,-27.5,57.65833333333333,2.189583333333333,8.984709232913438,6.184315959658666,10.101541540431121,114.0,83.0,79.0,827.359375,1727.90625,194.03125,65.41607794018326,5.222674626779212,1960.4558463910303,2.5697283636363637,0.08723085279061826,1.2085579641217594,-0.0012603916666666679,32.55661157024794,0.018342639616828915,0.024019989725396974,-0.0001666666666666927,6.598124524474701e-06,2.569698864779616,0.001022008453848648,0.08689741326616665,15.0,93.52384782154942,26.32533996476319,153.6,153.6,33,0.7857142857142857,0.23285840622052056,0.6956845238095238,0.20284544909566216,0.0014277602040816335,1.5037117395954522,0.00911141273454295,0.8396480770092069,0.006059281506304007,2
380,-24.909375,59.297916666666666,2.796875,5.8179961134433285,3.400489522562238,7.710341447327414,57.0,101.0,103.0,746.703125,1777.1875,160.390625,65.06412343837373,4.007992996841763,1949.9842751514007,2.5793263388429755,0.16142734473458561,2.2184140227209017,0.002856825,32.546859504132236,0.01907068443220607,0.024019989725396974,-0.0001666666666666335,-1.7594282047945915e-07,2.5792529735869687,0.001889075770759349,0.1608023399181001,14.0,93.38910747582489,26.043886823433706,153.6,153.6,30,0.7142857142857143,0.23391723589113997,0.6923363095238095,0.1856145309058647,0.00022607270408163182,1.2331057109778596,0.003041597608725214,1.4409873122226153,0.00246661545855076,2
381,-23.285416666666666,60.02708333333333,3.1822916666666665,4.6768262735594055,2.8437240536056865,7.386297770078315,57.0,101.0,103.0,698.0625,1798.9375,162.15625,64.99875600820218,3.907291353295055,1947.9376288384074,2.631687933884298,0.18351136827377926,2.2184140227209017,-0.001364458333333333,32.53462809917355,0.019286501180664783,0.018687951719974973,-0.0001666666666666335,-3.380585290090204e-06,2.6316488801232065,0.001934316012296864,0.18310628642762525,14.0,84.52729355133575,27.63086758171,153.6,153.6,29,0.7837837837837838,0.3470290261134906,0.7804054054054054,0.23995183639295023,0.0009433673469387757,2.946144258449285,0.0255108760473623,1.6835524719660206,0.00865907226850801,2
382,-21.848958333333332,60.401041666666664,5.011458333333334,3.8779691525673448,2.149272880518096,5.624988329463202,44.0,101.0,103.0,654.875,1810.109375,175.1875,64.74926120594961,3.0998733765068245,1940.450427600439,2.624817809917356,0.18426737384914726,2.2184140227209017,-0.00017055833333333344,32.52107438016528,0.021273568471811992,0.02136094439780623,-0.0004999999999999598,-1.502905650808607e-05,2.6248512222817078,0.0021105265560283078,0.1837216340927613,13.0,77.67570925455685,24.519478719002876,147.69230769230768,147.69230769230768,29,0.8285714285714286,0.430392970336925,0.8491071428571428,0.26555783964887875,0.0006232155612244894,4.602831680143861,0.018547548914726066,2.2478848786280476,0.004029595302113321,2
383,-22.5625,59.80416666666667,4.857291666666667,6.105517484210491,3.555685490247353,6.8396400488815114,59.0,71.0,44.0,677.75,1792.421875,208.546875,64.79829165421121,2.660894028163469,1941.9589012720053,2.5847279421487603,0.15686945332052157,2.023711781092966,-0.00463955,32.50512396694215,0.016719153290245096,0.016035493117043772,-0.0002500000000000095,-3.080679131846451e-05,2.5847685914744907,0.0014764907508691702,0.15675608884873443,14.0,78.5460253036123,24.49154484776579,147.69230769230768,147.69230769230768,31,0.8857142857142857,0.5018992535894793,0.8495535714285715,0.29665371720858896,0.00046686862244898087,4.9012791310925445,0.029980263253561148,5.913145293265492,0.006116824292534884,2
384,-22.171875,59.938541666666666,5.141666666666667,6.523885650774008,4.040082244203767,8.330837126136977,59.0,95.0,98.0,666.875,1796.265625,232.265625,64.98125902899697,4.047187295690596,1947.3988856180326,2.4671650578512403,0.06570853656647208,1.0482868587596146,-0.0007274083333333348,32.49528925619835,0.011139563930905235,0.016035493117043772,-0.0003333333333333262,-6.216426680511661e-05,2.467361403684229,0.0013902802134226802,0.06534907927474877,13.0,84.09481838274584,27.08442212367089,153.6,153.6,32,0.8648648648648649,0.48496268112436586,0.8048986486486487,0.30351573498471046,3.999999999999653e-06,3.5995736555027937,0.03572771363998283,3.7162649072496685,0.009925540372083963,2
385,-22.951041666666665,59.71041666666667,4.060416666666667,6.738006239355765,4.284601283634479,8.890332754911684,59.0,95.0,98.0,690.703125,1789.40625,217.890625,65.06679085068433,4.204811140424199,1949.9984840473103,2.4516668842975213,0.05491754193577498,0.9795572707037224,-0.00017055833333333344,32.48719008264463,0.010850078302332169,0.008021447057458062,-0.0001666666666666927,1.7487532680093804e-05,2.451663312583933,0.0013227420441854069,0.05415691434322444,14.0,85.05847049807167,26.226637861216098,153.6,153.6,33,0.8918918918918919,0.43043653148738303,0.7846283783783784,0.27766424632622555,3.514795918367376e-05,3.5211113389189146,0.007381583165995258,2.5992549461491663,0.002096378800751476,2
386,-23.072916666666668,60.02916666666667,3.790625,4.528945774282232,2.8382035349064654,6.937887798845914,51.0,95.0,98.0,692.203125,1799.078125,157.0,64.91520676496367,3.598074345444858,1945.3936745804876,2.439371991735537,0.07212091592464595,1.0752150643684133,-0.0006502416666666695,32.48305785123968,0.01163089183896189,0.008021447057458062,-0.0002500000000000095,1.517082507385335e-05,2.439309876195872,0.00147442683114511,0.07147454158211757,14.0,82.68224294127694,25.88535946453838,153.6,153.6,33,0.9166666666666666,0.3743390753094999,0.8003472222222222,0.2564307223681055,0.002517889030612249,3.1733411080786045,0.008478799221517888,2.0378287543279576,0.0026718839648006303,2
387,-23.698958333333334,59.890625,2.3270833333333334,3.543479774872513,1.9201550569441868,4.572255077426844,51.0,74.0,40.0,710.53125,1794.828125,93.375,64.71741042269295,1.6578464486737734,1939.4824077835444,2.4099615371900827,0.08701307605163504,1.1962842569318948,-0.0018654583333333327,32.47661157024794,0.011175069582735071,0.013373196849725249,-0.0001666666666666927,3.8260062810544387e-05,2.4099018363963434,0.0012910964449752537,0.08659352695239032,14.0,80.7356782215632,24.75351937099125,153.6,153.6,33,0.9166666666666666,0.3140030816215935,0.8072916666666666,0.22106292114275217,0.0005438890306122436,2.8898807756343112,0.0243537929594635,2.6409156043976028,0.00842726563836115,2
388,-28.020833333333332,57.01875,1.6770833333333333,9.495480467335794,6.622535901815357,4.900881705678638,96.0,64.0,22.0,839.8125,1708.671875,101.734375,64.73193538312752,2.6334150618421415,1939.8934389598107,2.3309064462809914,0.082595963524825,1.2682975091805628,-0.0017268833333333325,32.475619834710756,0.010824868978535048,0.013373196849725249,0.0,3.550522914443415e-05,2.330784351050972,0.0014368564837538862,0.08243614791224436,14.0,86.02810509487404,30.829358534627584,153.6,153.6,33,0.8918918918918919,0.4321190669489526,0.7901182432432432,0.27569448692940013,0.000668591836734696,2.893548886792972,0.011062478381655642,3.2132067968317912,0.003823152403661857,2
389,-27.470833333333335,57.1375,3.357291666666667,9.855369905397879,6.689843826029624,5.639929166067948,96.0,78.0,30.0,824.4375,1712.265625,150.296875,64.78301878873091,2.7319593003807894,1941.4733056024356,2.3073950165289254,0.07158355027679981,1.0885764427044096,0.0011938916666666688,32.469008264462815,0.01404861445347139,0.0160552534402007,-0.0003333333333333262,3.9092227848190386e-05,2.307236924267102,0.001665869978286601,0.07035744947592638,14.0,94.27699505032734,31.727245884814415,153.6,153.6,35,0.8536585365853658,0.3895923851443968,0.7206554878048781,0.26707136529766196,0.0011853265306122419,2.7883444130845514,0.00944941076245889,3.741868929174627,0.00338889655026714,2
390,-26.113541666666666,57.378125,5.955208333333333,10.583724925088074,6.838139109756031,5.921102265620021,96.0,78.0,30.0,783.765625,1719.421875,228.203125,64.7716609528125,2.8456216217030756,1941.0955519210872,2.3552742148760335,0.11509494814765264,1.4017597653919165,0.0019294166666666687,32.45892561983471,0.018353807130566814,0.0160552534402007,-0.0001666666666666335,5.3395215808725493e-08,2.355281796192493,0.0018400748923763938,0.11446833730063635,14.0,92.99597271645133,29.468272934091644,153.6,153.6,36,0.8780487804878049,0.38434800464146424,0.7210365853658537,0.25650272374686356,0.0010772461734693877,2.515085131980761,0.007754845509056101,4.344765844250757,0.003083333208267489,2
391,-20.990625,60.41041666666667,8.13125,3.0070950172397835,1.3494967554816706,2.901770741719614,38.0,78.0,30.0,630.0625,1810.421875,246.84375,64.60132776426603,1.447236249041181,1936.001433134783,2.3903088016528926,0.098727467768401,1.4017597653919165,0.0013537916666666668,32.44966942148759,0.014312560760852482,0.0160552534402007,-0.0001666666666666335,-5.111942471381703e-06,2.390304562475676,0.0017988002980449842,0.09792775136844739,13.0,85.48869505497339,25.063841988203592,153.6,153.6,32,0.8421052631578947,0.27359129362234086,0.7619243421052632,0.21705269062933913,0.0002793673469387745,2.898129863404975,0.001882810910300456,1.2752513287680762,0.0006496640934124208,2
392,-19.895833333333332,60.641666666666666,8.7875,2.57665467332267,1.258609241274758,2.049047034599255,30.0,68.0,22.0,596.265625,1817.375,263.40625,64.50769138587208,1.286727916753304,1933.2350599484475,2.4874414628099175,0.1428633606826971,2.142875570502852,0.00045836666666666527,32.44636363636363,0.00927094457016955,0.01070679906057331,0.0001666666666666927,-7.990593179277846e-05,2.4877520143530383,0.0017561959292909234,0.14263698500640926,13.0,79.88710059330259,21.698842364784287,153.6,153.6,31,0.8611111111111112,0.2895477346224625,0.8064236111111112,0.2224780834980378,0.000144858418367348,2.197142826333205,0.003766434918734556,1.0160018961729178,0.0017142421847105545,2
393,-19.442708333333332,60.6875,9.152083333333334,2.48177711830264,1.1929698585183672,2.1645332044243526,31.0,67.0,20.0,582.609375,1818.734375,274.5,64.46336798920551,1.2222844001873463,1931.8770972475668,2.5458817603305786,0.1622416623133999,2.142875570502852,0.0005116750000000003,32.44735537190082,0.008505573772079124,0.01070679906057331,0.0,-3.043783370985186e-05,2.5459646778502263,0.0019372541363385468,0.1618913196901635,13.0,81.20795205157543,19.844843885683517,137.14285714285714,137.14285714285714,30,0.7894736842105263,0.2917295017579572,0.7874177631578947,0.2128715391216563,0.00045612755102040483,1.9632991499906431,0.00607540013998538,0.7054795741286738,0.0030944851883699612,2
394,-18.927083333333332,60.90833333333333,8.820833333333333,2.3458509102361034,1.09826251668513,2.3392447439766157,31.0,67.0,23.0,567.25,1825.34375,264.53125,64.4725297215842,1.1579412619423635,1932.1681372968098,2.6564192975206606,0.10788132034163876,1.7212160653161412,0.004274574999999999,32.444876033057845,0.008730652989253766,0.005355049268305867,-0.0001666666666666927,-4.084074605994998e-05,2.656515992536935,0.002030963593484633,0.10659557373065759,14.0,85.7163635917477,20.52672942057282,137.14285714285714,137.14285714285714,33,0.8461538461538461,0.2661324487227326,0.7475961538461539,0.21299487711565926,0.00048714795918367195,3.3525046178581124,0.02663639464697625,6.54532090968485,0.007945222358558308,2
395,-18.592708333333334,60.971875,8.95,2.189879410286608,1.1584115493676388,2.8176526873741317,31.0,67.0,37.0,557.21875,1827.25,269.75,64.46794628389317,1.149522482191969,1932.034735681972,2.7330409338842974,0.13104459266703208,1.8001965562480908,0.0017720750000000025,32.44157024793388,0.011134657714447552,0.010713402083562827,-0.0001666666666666927,1.516134869979309e-05,2.7330124399294196,0.00214006035418954,0.1304799058814858,14.0,90.63928839872727,26.585092834005433,153.6,153.6,33,0.825,0.38725307475894416,0.73203125,0.2573279063125247,0.0007174744897959303,4.522864414144461,0.015178747253661907,5.418828814069515,0.003356003157245451,2
396,-18.689583333333335,60.9125,9.109375,2.1673466481058252,1.1983712905439616,3.109715224267596,29.0,66.0,37.0,560.078125,1825.46875,274.671875,64.47421279398384,1.2221263966645548,1932.1908120040116,2.814068057851239,0.1500516693611605,1.8037590348939305,0.0038720416666666664,32.43710743801653,0.012820310366722874,0.010713402083562827,-0.0003333333333333854,2.9153357063042236e-05,2.814016861628001,0.0023221096688516613,0.14932230994518303,15.0,89.33675245990239,27.707926710564493,153.6,153.6,34,0.8947368421052632,0.3849503357314158,0.7491776315789473,0.2676477589814861,0.0005794336734693885,3.3927945317530743,0.01631470329108298,0.8999670434839435,0.004808632865442957,2
397,-18.238541666666666,60.702083333333334,10.873958333333333,2.286822294494529,1.2386130656459622,3.3732632812946215,29.0,66.0,37.0,546.640625,1819.15625,327.65625,64.437139707298,1.2759086992515252,1931.113438213208,2.824846330578512,0.14440886837808065,1.6291052503844092,-0.0014152083333333323,32.42867768595041,0.016208463698688502,0.010713402083562827,0.0,-2.7574926686648753e-05,2.824943975274808,0.0021915925749055117,0.14370564897759774,13.0,84.24779388531684,28.185760430216046,153.6,153.6,33,0.8918918918918919,0.40186941092536516,0.7972972972972973,0.27283020124046314,0.001509877551020397,3.660181939478595,0.03724721764069157,2.8595293848519137,0.010176329553169031,2
398,-18.126041666666666,60.40625,12.539583333333333,2.3232854247660906,1.0866435804040502,2.8600145383760243,29.0,66.0,30.0,543.265625,1810.28125,376.28125,64.40592247380965,1.1596804003488994,1930.1709643222748,2.772304661157025,0.1445626534283338,1.6463117860194876,-0.0015350166666666665,32.41793388429752,0.016954843057194535,0.021440034676300405,-0.000500000000000019,3.768618508373994e-06,2.7722093482748753,0.001836002102207274,0.14405787121480793,14.0,82.99748470277522,22.233972718560477,137.14285714285714,137.14285714285714,30,0.7894736842105263,0.3184608850456427,0.7779605263157895,0.21582745473675038,0.0021028775510204124,2.9721159385651648,0.014358105010589492,1.6340552854052537,0.004830937052045517,2
399,-18.073958333333334,60.26979166666667,13.398958333333333,2.209295928178,0.8810055561292195,1.7440968765898743,29.0,64.0,21.0,541.53125,1806.21875,401.5,64.39299017098112,0.9432347745547166,1929.7379617737167,2.6781849008264467,0.10838419673789668,1.6252079555936523,-0.004114675000000001,32.408016528925614,0.015725950270765357,0.021440034676300405,0.0,-3.50009658433593e-05,2.678198703429096,0.0013920918112437872,0.10816871477721667,15.0,83.4231778673515,23.787767277093142,137.14285714285714,137.14285714285714,28,0.7567567567567568,0.38510861844870753,0.7850506756756757,0.24895276344840506,0.0038661747448979506,2.323663811626636,0.03217239656672694,1.662231058441684,0.013845547021797994,2
400,-18.407291666666666,60.19479166666667,13.239583333333334,2.3522482504185698,0.8865746104702952,2.7020239006571023,29.0,63.0,25.0,551.671875,1803.890625,396.84375,64.4224166281752,0.948763644161081,1930.6145158720071,2.6328977272727276,0.09216563294139311,1.3033511548160372,-0.0005355333333333342,32.40322314049586,0.01617133858992999,0.016084985407994343,-0.0003333333333333262,4.558797903191594e-05,2.632790129777505,0.0014404985163745014,0.09146824036260677,16.0,82.4551464535584,24.801983335110997,137.14285714285714,137.14285714285714,28,0.7567567567567568,0.3989222949345315,0.8002533783783784,0.26193872827503634,0.0009302500000000002,1.8636098610197878,0.012202877351456039,1.4859036917872672,0.00654797852635234,2
401,-18.6,60.48020833333333,11.43125,2.766315238724611,1.2279827455073986,3.6362558725746092,29.0,68.0,25.0,557.4375,1812.46875,342.71875,64.46139717607646,1.2649700028539623,1931.8022854142596,2.5897700991735535,0.06451618116620943,0.9763333774615778,-0.0008233416666666697,32.39628099173553,0.016064551160089296,0.016084985407994343,0.0001666666666666927,1.6532274125064431e-06,2.589770624022018,0.0013748688858028742,0.06387180575598429,15.0,80.64495533899019,27.50611729320157,153.6,153.6,30,0.8571428571428571,0.4101026312992022,0.8352678571428571,0.2925875283307439,8.622448979590377e-07,2.886567244463025,0.021813899297967836,0.7539732093685745,0.007557038326341079,2
402,-18.43125,60.69479166666667,10.473958333333334,2.8859325651915944,1.286781335968634,3.6305057266994116,29.0,68.0,25.0,552.375,1818.9375,313.84375,64.45686404282324,1.3229428426807144,1931.6626702957094,2.539866008264463,0.07938866183025305,1.1632949401096029,-0.0013989749999999987,32.39033057851239,0.01563709746150807,0.016084985407994343,-0.0001666666666666335,-5.6466743762452845e-06,2.5398973768250244,0.0012414403033231905,0.07895813784218633,15.0,82.67976108055518,29.309863521741025,153.6,153.6,29,0.8055555555555556,0.4115553306404516,0.8224826388888888,0.29692417305154156,0.0003943061224489809,3.6081616001472008,0.042087172713269144,0.6314540314602988,0.011664436734638529,2
403,-18.136458333333334,60.954166666666666,9.539583333333333,2.8242115342039367,1.210192535186952,2.6631153110074344,29.0,68.0,18.0,543.53125,1826.703125,285.90625,64.42196888388308,1.2992498312484664,1930.626997510471,2.4595427272727277,0.10157024629363048,1.2686973273950042,-0.002942099999999999,32.37785123966942,0.018281843568095587,0.01878030923655152,-0.000416666666666643,-1.9233459930101742e-05,2.4595957636712655,0.0009351922118197521,0.10138535277024063,14.0,89.9636013788092,27.421680809433997,153.6,153.6,31,0.775,0.32963822316757646,0.733984375,0.2402769271257321,0.00048400000000000087,3.2081431780096743,0.014946491578971514,1.4442613018403196,0.004658922856505515,2
404,-17.758333333333333,60.963541666666664,10.117708333333333,2.5449978170695724,0.9723917882883193,2.39698138254428,27.0,65.0,19.0,532.203125,1826.984375,303.390625,64.39238547721341,1.0337355661009995,1929.7459734731274,2.375888958677686,0.07461122846339197,1.0093528282220596,-0.0018654583333333327,32.36760330578513,0.019498878687336588,0.013418648795891507,-0.000416666666666643,-1.1240467840163413e-05,2.3759147948106403,0.0009040713621072258,0.07434041797866518,14.0,90.64246994930724,29.372909982444952,153.6,153.6,32,0.8,0.4973009080114115,0.7453125,0.29667345132106104,0.000258290816326528,4.529887926966886,0.007716975568987034,4.422008478414171,0.0017035687622749096,2
405,-17.0875,61.135416666666664,10.04375,2.6857358550932244,1.003325633276101,2.522846131686724,27.0,66.0,20.0,512.046875,1832.171875,301.171875,64.37281193078925,1.060385522614187,1929.1767513501215,2.2841372644628097,0.07891292989276623,1.018379577745998,-0.0018867833333333342,32.35214876033058,0.019884235691665055,0.016104867972417676,-0.000500000000000019,-1.5547486918015912e-05,2.284194619118858,0.0006356817783692507,0.07884094754881055,14.0,89.49208936135366,27.914084463561416,153.6,153.6,33,0.8461538461538461,0.473285350964405,0.7483974358974359,0.28981774759380846,1.9400510204079646e-06,1.6484720305457063,0.0054027464185315635,5.965786940809055,0.0032774268039859012,2
406,-17.0,61.18020833333333,9.804166666666667,3.1546922723672006,1.0781078903634316,3.215713913304824,39.0,66.0,20.0,509.53125,1833.484375,297.921875,64.40478150255231,1.2723644427452399,1930.137108657254,2.2132540991735534,0.0857000083915061,1.2667530235909288,-0.0014817083333333314,32.34206611570248,0.015261757714909095,0.016104867972417676,-8.333333333337597e-05,1.5044617558801337e-05,2.213202269889821,0.0007099982509650304,0.0856151536761886,16.0,90.48355161196669,32.29749797902056,147.69230769230768,147.69230769230768,30,0.8108108108108109,0.4909803870333202,0.761402027027027,0.31430325686555743,0.00439379591836735,2.0166062257503157,0.04898341547279052,4.305712825527372,0.02429002491776268,2
407,-18.707291666666666,60.14270833333333,9.395833333333334,11.611360679592948,10.232782742975177,7.33197785768312,128.0,127.0,127.0,565.03125,1814.21875,306.015625,65.14886264709855,10.213077194924498,1952.4646616147347,2.1491262231404957,0.05428573687404892,1.0896274161260577,0.0006289249999999987,32.331652892561976,0.009390262887035941,0.008061151054767408,-0.0002500000000000095,-6.564714863338634e-05,2.1492838185700673,0.001679763185329645,0.054145866238426564,15.0,88.16805925509277,30.937532725954373,153.6,153.6,30,0.7894736842105263,0.3828017269581763,0.7717927631578947,0.2816959976564354,0.0004231836734693894,1.0259189758169218,0.05455526362755038,2.018298364074997,0.05317697100212904,2
408,-19.546875,59.911458333333336,9.745833333333334,11.462524564904612,10.204445209805899,7.292974882644866,128.0,127.0,127.0,590.296875,1807.28125,316.5,65.1985063956623,10.213072363795023,1953.9747238730774,2.2197979752066117,0.1541692332342634,2.2298356595926165,0.0008527833333333327,32.322561983471076,0.013758779353161396,0.013439411064415083,-0.0001666666666666335,-1.1230031432938406e-06,2.2197746295938394,0.0018556702219072285,0.15380051686879276,14.0,93.55183875988652,32.48245629939542,153.6,153.6,32,0.8205128205128205,0.3611761215660217,0.7267628205128205,0.2629810866183494,1.2250000000000167e-05,1.8835941163395546,0.03390587200821566,2.04841197899726,0.018000625354524874,2
409,-19.920833333333334,59.74791666666667,10.327083333333333,11.290850985298771,10.179585158200483,7.031276543159777,128.0,127.0,127.0,601.59375,1802.328125,329.921875,65.19208116923014,10.190214398685399,1953.7421382602884,2.2398207438016526,0.1454423587491661,2.2298356595926165,0.0001918749999999969,32.309338842975215,0.016749764384186724,0.018821003329546844,-0.0001666666666666335,-9.22529360932354e-06,2.2398526885326957,0.0018268802347001002,0.1450106245243687,13.0,89.38898235005625,31.422979037653484,153.6,153.6,34,0.8717948717948718,0.4523871033560691,0.764823717948718,0.28789228910577214,0.0007060408163265371,2.7020273085744964,0.009611095353942504,8.256819730076414,0.0035569941589572653,2
410,-18.369791666666668,60.733333333333334,10.816666666666666,2.4485803621548867,0.9419247433963195,2.1974732965132677,29.0,65.0,24.0,550.5,1820.125,324.234375,64.44621955359821,1.1763263079387745,1931.399448521622,2.2404867603305787,0.1418538641588953,2.38164494184585,-0.001652266666666665,32.29628099173554,0.013854750141948072,0.010759852274781568,-0.0001666666666666927,-1.01500612821922e-05,2.2404641614091423,0.00156048904681282,0.1412164778567148,13.0,85.26548758218128,30.489484700372234,153.6,153.6,32,0.8648648648648649,0.40086407052540196,0.7947635135135135,0.27455820437141415,0.0005306441326530589,2.845760433261611,0.034806833060591666,2.135622796174835,0.01223111849253541,2
411,-17.803125,60.953125,10.109375,2.713736397363421,0.9502689449352395,2.839365323925108,39.0,65.0,24.0,533.5625,1826.640625,307.3125,64.4171326158816,1.0938771478512683,1930.4749328026,2.167267231404959,0.041661204572627515,0.888260521017345,-0.0008527833333333327,32.28785123966942,0.012544572536204515,0.010759852274781568,-0.0003333333333333262,-5.4490617693388815e-06,2.167265118777845,0.001496705708885708,0.040506215955524644,13.0,84.81618433575751,27.80479067230244,153.6,153.6,32,0.8648648648648649,0.3802083333333333,0.785472972972973,0.2605878880750825,0.00019800510204081613,1.779639545523286,0.032004179035278704,1.2428750035424754,0.01798351757005275,2
412,-17.554166666666667,61.098958333333336,9.825,2.706701431426985,1.0039499895897315,2.9152258345909785,39.0,67.0,24.0,526.09375,1831.125,298.59375,64.44472478456328,1.2133586067450366,1931.377545617568,2.1341144049586775,0.045170244894119034,0.8288051944620777,-0.0008314666666666656,32.28570247933884,0.012650838425223824,0.010759852274781568,-0.0001666666666666927,4.518027471308729e-06,2.1341146563093343,0.0016872761835420255,0.04380766128152016,13.0,82.93939305758396,26.891880798309963,153.6,153.6,34,0.918918918918919,0.3415630400524347,0.8040540540540541,0.2750008300671449,0.0010080624999999975,3.596305561433498,0.0754823244847817,0.9794272220247358,0.020988851807879814,2
413,-17.14375,61.271875,9.582291666666666,2.5658337054779423,0.956360628132331,2.9093060022848327,39.0,67.0,30.0,513.734375,1836.265625,291.546875,64.45645583933823,1.1395762215724101,1931.6830958750106,2.0921227107438014,0.08095960915105471,1.1349520946739755,-0.0006885499999999989,32.27760330578512,0.016714658949033883,0.021533050106192574,-0.0001666666666666335,2.6508409737913877e-05,2.0919462283201606,0.0012994908139798227,0.08041838547480404,13.0,86.43472042021438,29.393238734024987,153.6,153.6,34,0.8947368421052632,0.3691745580446091,0.7787828947368421,0.27387831750526587,0.00042760331632653217,3.5752350258593144,0.005430450584574819,0.9416039093035029,0.0015189073012814311,2
414,-16.982291666666665,61.27708333333333,9.979166666666666,2.1690769346115615,0.9532268843541687,2.3830091562746647,30.0,67.0,30.0,509.0,1836.375,299.421875,64.44284878895742,1.1289146543928625,1931.274164885074,2.0376073057851243,0.05523110204769016,0.9966719477499243,0.00043072499999999845,32.26702479338843,0.019693713730389417,0.021533050106192574,-0.0003333333333333854,-3.0156654241794875e-05,2.0377102351298606,0.0013695629395113695,0.054853092408243015,14.0,86.34083630351174,29.8588223154405,147.69230769230768,147.69230769230768,33,0.8918918918918919,0.40590764153297376,0.7871621621621622,0.2864651467304024,0.0008681441326530728,4.148504560933275,0.045117841354241774,2.892306726065273,0.010875688019996239,2
415,-16.770833333333332,61.340625,9.86875,1.9615000991304816,0.8609682201113271,2.1451161827509484,27.0,66.0,30.0,502.546875,1838.328125,296.03125,64.4172425433471,0.9666892528584654,1930.510478024909,2.073659603305785,0.1118073166690588,1.7138432377327952,0.00035610833333333446,32.25280991735538,0.01368012012995789,0.016154790096543397,-0.000500000000000019,-6.193272501175415e-06,2.073692099329499,0.0011802296837239849,0.11156422576051891,15.0,85.87652476109095,30.175965308342562,147.69230769230768,147.69230769230768,31,0.8611111111111112,0.41495649782752614,0.7890625,0.2707206295947807,4.460331632653054e-05,1.6104117790315169,0.007659194940132796,2.174326257103067,0.004756047515213126,2
416,-17.104166666666668,61.248958333333334,9.816666666666666,2.2210131259304964,0.9850438644702862,2.2182325296405594,28.0,68.0,28.0,512.484375,1835.546875,294.1875,64.42033328576747,1.094890108933343,1930.5338734763452,2.1189567685950417,0.09914085690419726,1.705878907402618,0.0001279166666666646,32.24322314049587,0.012479065182267027,0.016164811684272265,-0.0003333333333333854,2.104752085486829e-05,2.1188092089676003,0.0012511091733253877,0.09893644057891411,15.0,88.13701538315195,33.64912014595381,147.69230769230768,147.69230769230768,33,0.8918918918918919,0.46885126221051054,0.7930743243243243,0.3109846155862058,0.0007367346938775499,5.302291436367392,0.02684240477664669,1.8670153991102656,0.0050624159570973075,2
417,-17.814583333333335,61.0875,9.633333333333333,2.7139676968825963,1.1843818711322234,2.772433748331759,32.0,68.0,28.0,533.984375,1830.71875,289.015625,64.4719251648316,1.291813534152707,1932.1752601854114,2.1497309421487603,0.0833342172973797,1.3727272486243756,0.0011192833333333355,32.23595041322314,0.014691230441844587,0.016164811684272265,0.0,6.058380714535429e-05,2.1495618694376306,0.0010173125646284306,0.08268146215556463,15.0,87.17842240976636,34.199862839469326,147.69230769230768,147.69230769230768,33,0.9428571428571428,0.7009361354593207,0.8397321428571428,0.45721434987836274,4.899999999999892e-05,10.541976275695948,0.04450558499826915,3.6158156955163654,0.004221749682825105,2
418,-17.65,61.114583333333336,9.872916666666667,2.9144753673116996,1.207354129100305,2.79405914272686,32.0,68.0,28.0,529.1875,1831.515625,296.1875,64.49736101131448,1.3558536952181208,1932.9102635310842,2.130744140495868,0.06132136188806235,1.17039372014711,-1.0658333333335435e-05,32.22818181818182,0.014770978917519708,0.016164811684272265,-0.0001666666666666335,-1.4196098140147207e-06,2.130771973152961,0.0009507309845179309,0.06079451614984894,13.0,89.55119087830502,32.40244091259851,147.69230769230768,147.69230769230768,32,0.8888888888888888,0.6626968625973935,0.8081597222222222,0.45329874409547394,0.0004485318877551053,10.22352586556702,0.03662225627301799,1.9543079778806152,0.0035821551932843708,2
419,-18.6625,57.797916666666666,13.68125,8.652591736006038,8.87498801838002,12.19368272662119,59.0,68.0,70.0,563.015625,1732.21875,423.765625,64.58750040903352,2.6149807353838566,1935.5428012020827,2.133809991735537,0.0718058009265436,1.2886020438463048,0.0015350083333333356,32.21586776859503,0.02099466368592946,0.029658506549828916,-0.000416666666666643,0.00011891932165182142,2.1336027120978636,0.0027171759788934264,0.06896282909546464,14.0,85.17360745991562,27.713034728758373,147.69230769230768,147.69230769230768,30,0.8823529411764706,0.4709308485434443,0.8088235294117647,0.36249958052415776,0.000219674744897949,6.995451652564786,0.01783888294776135,6.001582517351181,0.002550068792373251,2
420,-18.089583333333334,57.96875,14.336458333333333,9.950622668610018,9.42078058182194,12.959967365825575,59.0,81.0,70.0,557.109375,1737.171875,448.015625,65.08344899119038,3.607555831554996,1950.52970980721,2.164922487603306,0.0640922763602857,1.1534703524926493,-0.0017268916666666671,32.20338842975206,0.020064100542814545,0.01888530871841723,-0.0001666666666666335,1.5167403463300085e-05,2.164852265381738,0.0029933961359579903,0.06130101844813182,14.0,87.41063319022095,32.23698439388883,153.6,153.6,34,0.918918918918919,0.46159175554240806,0.801097972972973,0.3599097931923443,4.903061224489546e-06,4.025080788426407,0.043601618686535046,1.7202867804571564,0.010832482868891923,2
421,-17.988541666666666,57.854166666666664,14.827083333333333,10.001295434755635,9.388578130130012,12.851933051479929,59.0,81.0,70.0,553.765625,1733.734375,462.796875,65.04512262636995,3.606958208864597,1949.3470558590084,2.174965644628099,0.0637250651382461,1.1534703524926493,0.0011299416666666674,32.197190082644624,0.018551832258795652,0.01888530871841723,-0.0004166666666667022,-1.2092463947457441e-05,2.175073122225454,0.0031345754016238077,0.06064546751590836,14.0,83.130928419449,31.72790059703491,153.6,153.6,32,0.9142857142857143,0.43237378885686534,0.8294642857142858,0.32871697087125806,2.9082908163265324e-05,2.6379552309343612,0.05164316328154316,2.1109324610003175,0.019576967294949583,2
422,-17.796875,61.083333333333336,8.75625,7.469199995160682,4.003557445850156,9.226036668264802,84.0,91.0,54.0,546.15625,1830.8125,328.6875,65.29535053380086,4.246016603995571,1956.8099094192344,2.1887299504132236,0.044567191055113566,0.7257165143566119,-0.0009913666666666672,32.19057851239669,0.02090108624094807,0.01888530871841723,0.0,-0.00010584522376990601,2.189030358078427,0.0017900745797701676,0.044497010112458636,14.0,78.18275763569719,32.93523455638818,153.6,153.6,28,0.875,0.6335727586664325,0.91455078125,0.42147667058456023,0.0003012704081632631,4.713305086129812,0.05906525241497156,0.5831539864525929,0.012531599660032025,2
423,-18.147916666666667,60.99166666666667,7.526041666666667,6.20743806464381,2.702994738351437,8.087757527992368,84.0,91.0,39.0,545.515625,1827.859375,300.609375,64.8404288431835,3.5973132240683587,1943.2081137606424,2.173126140495868,0.047903791185792334,0.7837286305938983,-0.00020253333333333234,32.18462809917356,0.021743862905952763,0.01888530871841723,-0.0004166666666667022,2.6718213060901262e-05,2.173038855193971,0.001352002968492141,0.04748948538001992,13.0,69.16296559768223,24.05259229394523,132.41379310344828,132.41379310344828,24,0.8,0.6751873043925893,0.990625,0.4120894421522266,0.0010126033163265313,3.976679870739864,0.1017897987912412,1.233614217691116,0.025596679164496875,2
424,-24.301041666666666,56.965625,1.8697916666666667,13.24292259718113,10.415126500721998,11.29780232862114,84.0,91.0,39.0,729.578125,1707.53125,270.390625,65.05861721159859,4.240955259689474,1949.727629832008,2.2091500082644626,0.09809084909809401,1.6508022894949028,3.830000000000222e-05,32.17033057851239,0.01690683681444656,0.016194951189010487,-8.333333333331676e-05,2.9581586694295373e-05,2.209040722688259,0.0012843532274213016,0.097694104289955,13.0,78.31932262954814,28.860278547697,142.22222222222223,142.22222222222223,25,0.8064516129032258,0.5992888580781948,0.8931451612903226,0.40395787879368084,0.005476000000000041,15.09119249743231,0.07352361077811398,2.883615885523547,0.004871955002271931,0
425,-28.639583333333334,53.067708333333336,-0.5197916666666667,16.588314657002446,13.885866576544556,12.709561031887132,74.0,78.0,34.0,860.4375,1590.296875,307.96875,65.20578420033414,3.7954850572035728,1954.2548320626604,2.196228586776859,0.10508350211720996,1.840207922279106,-0.0007398583333333357,32.16198347107438,0.014972141331513911,0.02159998536346505,-0.0001666666666666927,1.2649395782082411e-05,2.19622156565779,0.001155946256742901,0.10482875883387602,14.0,80.84225715339667,27.73221927326443,142.22222222222223,142.22222222222223,28,0.8,0.4194682163869195,0.8397321428571428,0.32139880814581595,0.00822908163265306,6.80221708113526,0.06455851681777555,1.1254743812668546,0.00949080513716875,0
426,-33.45,47.23125,2.275,17.542377261933456,17.555704868717175,20.413674950875453,85.0,104.0,127.0,1007.09375,1415.5625,442.515625,65.78166870607839,7.765118301980073,1971.5181312306554,2.1565925123966943,0.13122509739980642,2.1428632650080415,-0.000633266666666669,32.15132231404958,0.012852767574128041,0.013506284229852148,-0.00024999999999995024,-1.9975723703489935e-05,2.1566250003596483,0.0012070916175850846,0.13084823888299243,15.0,79.28426909137852,26.038875030475246,132.41379310344828,132.41379310344828,30,0.8823529411764706,0.4162965922827283,0.8524816176470589,0.32692337699087615,0.00016622576530612263,6.3261200028909315,0.04001113639910192,0.5076263881432588,0.006324751408575477,0
427,-29.116666666666667,37.577083333333334,17.480208333333334,20.00632538862536,25.685077862961382,27.926981128589556,92.0,104.0,127.0,916.3125,1170.0625,769.84375,65.84261251177804,8.367681038207817,1973.2815862016303,2.0550297107438014,0.07855446200071718,1.543302855622863,-0.0024261000000000013,32.14628099173553,0.011291204168661258,0.008106290497909669,8.333333333331676e-05,2.1502115383739257e-05,2.055046369050873,0.0019043319641100127,0.07725100744743274,15.0,76.37905714312933,24.951249824146938,132.41379310344828,132.41379310344828,28,0.8484848484848485,0.34114334843242583,0.8726325757575758,0.2858711581663946,0.0001474489795918362,3.5761629784992097,0.15218395252206565,1.703495359126799,0.04255509422725805,0
428,-28.99375,21.719791666666666,37.06458333333333,16.86267953017847,26.5222317114642,25.118054509185,92.0,104.0,127.0,911.34375,697.84375,1186.09375,65.11684304872954,8.04129195882875,1951.5840732751994,1.9623293719008263,0.08075986724363032,1.2974276426543618,-0.002127616666666665,32.142727272727264,0.01128152149635308,0.008106290497909669,-0.00024999999999995024,-1.2027095334653293e-05,1.962399891629144,0.0019380246293522812,0.0795526271908733,15.0,72.5610242180633,28.539401483162266,142.22222222222223,142.22222222222223,25,0.8333333333333334,0.6166604171203981,0.9828125,0.448872828768071,0.0009085918367347032,12.443342595808922,0.07417990199390388,2.7035904392032655,0.005961412813538432,0
429,-29.532291666666666,8.05,49.546875,14.046463039318139,18.405830145183167,14.65974827208986,92.0,79.0,86.0,924.90625,288.09375,1496.078125,64.23557766113312,4.0777521430975785,1924.9786698037647,1.8698193471074378,0.102391857978436,1.6111469872868287,-0.002607308333333332,32.14239669421487,0.010681318625719208,0.008106290497909669,0.0001666666666666335,-1.8976713500821914e-05,1.8698381478611912,0.0018120135918059728,0.10166696728824691,15.0,70.0427539841918,26.39229289615396,142.22222222222223,142.22222222222223,23,0.7931034482758621,0.5966359609226312,1.0005387931034482,0.43426456745989495,0.0038174744897959104,5.509921321902599,0.11716979739252517,0.9588208354151743,0.02126523965537605,0
430,-34.915625,2.4135416666666667,52.99791666666667,4.365366253367713,1.1432883669182308,2.512882606302084,41.0,6.0,65.0,1046.328125,76.265625,1588.3125,63.714962401597525,0.8870735574608319,1909.4611175326102,1.7643611983471075,0.08775658694418836,1.519061917994887,-0.0025903250000000005,32.147438016528916,0.01363811659155958,0.013506284229852148,0.0,-4.4909872221037854e-05,1.7644106364524927,0.0005738208790209919,0.08783939434749785,15.0,65.97966047393707,26.05062832244879,142.22222222222223,142.22222222222223,25,0.8928571428571429,0.5728298545339361,1.0485491071428572,0.41622245101253413,0.012552001275510188,6.545940931041889,0.37658889775481297,0.0,0.05753013993281986,0
431,-35.973958333333336,2.8604166666666666,52.46875,2.8365818922776094,0.6384354520144452,1.8464669247421321,41.0,4.0,59.0,1078.171875,85.796875,1572.375,63.77197650902103,0.5250115549869923,1911.1678651814411,1.669427421487603,0.07518375676337112,1.3796045724976267,-0.0021746000000000005,32.15322314049586,0.013061512197332177,0.013506284229852148,0.00024999999999995024,-2.0962002863397283e-06,1.6694492984354234,0.0001941733997016233,0.07520264295392515,15.0,62.56660882480699,16.977982601826834,132.41379310344828,132.41379310344828,27,0.9310344827586207,0.30951419577846967,1.0107758620689655,0.20566234562685412,0.0022325624999999954,0.49222502192696294,0.031775206502611286,0.21342754106815343,0.06455422842629512,0
432,-36.373958333333334,2.96875,52.3,1.2848269007654516,0.26430431482163386,0.9861541461658011,40.0,4.0,56.0,1090.046875,88.96875,1567.375,63.79450792794203,0.3495948584797139,1911.8287796085704,1.5968527603305787,0.059738543884484054,1.1417995820578584,-0.0017588666666666678,32.16231404958677,0.011190338998736662,0.008101250055397457,0.0002500000000000095,1.4609862215917255e-07,1.5968583126705482,0.00019501144212534296,0.05971014802587573,15.0,70.76919205102523,27.01526889711503,142.22222222222223,142.22222222222223,27,0.8709677419354839,0.34722439235432945,0.9380040322580645,0.24988921029779781,3.062500000000011e-06,1.6206835611949342,0.02536497605570739,0.535139580610036,0.015650788755459288,0
433,-35.9125,2.859375,52.704166666666666,0.879541784112614,0.3623068810299725,0.6072335949936308,39.0,4.0,56.0,1076.234375,85.703125,1579.5,63.849369839335395,0.38003875210499993,1913.4938952239088,1.5313940247933884,0.049715314878603804,1.0529055338477613,-0.0015473249999999994,32.171404958677684,0.01692500644549812,0.016194951189010487,0.0001666666666666927,-2.8332304081343913e-07,1.5313968962874909,0.0002705186112117258,0.04967677373774529,15.0,75.32438919408207,29.73725795480718,147.69230769230768,147.69230769230768,27,0.8181818181818182,0.3309956275674197,0.8896780303030303,0.2488116701197654,0.00038865306122449,2.455019082273609,0.03950870316237394,0.7263490655014792,0.01609303302269434,0
434,-36.59791666666667,2.9385416666666666,52.13854166666667,1.2027727658992322,0.4692347031041313,0.924534769454646,40.0,4.0,54.0,1096.78125,88.0625,1562.546875,63.787601823542936,0.36540425258689985,1911.6438719876628,1.4732051074380166,0.055776235485692285,1.159587232292342,-0.0013661083333333323,32.18132231404959,0.016710572135372716,0.016194951189010487,0.0001666666666666927,1.6039036287212331e-06,1.4732085811352915,0.00026853132754625235,0.05572240883700001,14.0,76.8701730569264,28.495860550346304,147.69230769230768,147.69230769230768,28,0.8235294117647058,0.29522568168267477,0.8602941176470589,0.2253450803162804,0.0016605625000000036,2.6773676384732963,0.007955580258130025,0.44215013450546714,0.0029714186964127573,0
435,-37.139583333333334,3.033333333333333,51.71666666666667,0.8951814488632396,0.49046463231873877,0.7938128802739906,40.0,5.0,55.0,1113.0625,90.90625,1549.859375,63.75476810421517,0.4061534739674607,1910.6515253871362,1.4086943140495867,0.05632740436835856,1.1374162352145674,-0.0015366666666666658,32.18876033057851,0.015617866857544932,0.013493694865555024,-0.0001666666666666927,2.47179443367768e-06,1.4086991720061457,0.0002164723684456381,0.0562922121420662,15.0,73.90175900922823,28.101679624209453,147.69230769230768,147.69230769230768,30,0.9090909090909091,0.298527984483082,0.8939393939393939,0.2271049728107913,0.0003985727040816302,1.7739110835667233,0.006518397255357978,0.4802361875651737,0.0036745907479487244,0
436,-37.202083333333334,3.140625,51.67395833333333,0.7858089206176156,0.3736303111031009,0.7180333081391296,40.0,5.0,55.0,1114.9375,94.140625,1548.578125,63.75870846626222,0.39529910302071414,1910.770353379718,1.3463478842975207,0.05379920057674981,1.1616709602609663,-0.0015030333333333331,32.193636363636365,0.017007533576245654,0.01888530871841723,0.0002500000000000095,5.031606250850109e-07,1.3463421580042636,8.438554969217906e-05,0.0537851869039031,16.0,74.03679135154465,24.282753977185244,147.69230769230768,147.69230769230768,31,0.9117647058823529,0.29944313847843995,0.8800551470588235,0.22086427657808475,0.0007406173469387749,2.8362552582185425,0.025519822852155715,0.513041250637166,0.008997717246431749,0
437,-35.79270833333333,2.857291666666667,52.60520833333333,3.028639160568745,0.6270374775592675,1.7342667633894222,44.0,5.0,69.0,1072.671875,85.953125,1576.515625,63.783710416693125,0.895448014180772,1911.5271297821682,1.2873261074380162,0.048750626437645266,1.1294712178552893,-0.0013964333333333337,32.193966942148755,0.01797515911459546,0.01888530871841723,0.0002500000000000095,1.430256194489103e-06,1.2873068655532551,8.202499490959966e-05,0.04871903798391158,18.0,81.64353470875778,31.85712658615012,153.6,153.6,31,0.8857142857142857,0.3400958855926646,0.8325892857142857,0.25954360453122555,0.0022494693877551067,4.46170555967619,0.01771518247235954,1.0057938759358371,0.00397049564015722,0
438,-35.001041666666666,2.0635416666666666,51.291666666666664,5.916167727642382,3.0133598285961836,13.586541032294505,82.0,31.0,76.0,1049.296875,85.421875,1582.578125,63.90811783400894,2.1433948728819114,1915.2814223103771,1.233399900826446,0.046131431920991506,1.278258389360976,-0.000756841666666667,32.194876033057845,0.018457711438207222,0.01888530871841723,0.0001666666666666927,-1.4880074665994943e-06,1.233338587122506,0.0006403050003229365,0.045914140909142136,16.0,78.44715344210746,29.64358214016624,153.6,153.6,27,0.84375,0.32344736135036894,0.85888671875,0.26208243082332827,0.001980250000000007,1.5891235527602936,0.03855381859759868,0.21178527104349015,0.024261057946457994,0
439,-34.4625,2.003125,51.278125,8.212328765338123,3.392852570877245,13.930210748024416,82.0,31.0,79.0,1033.546875,89.046875,1582.328125,63.93049216714362,2.6493875896367887,1915.9242348698278,1.1964729917355372,0.03139895936384139,0.8903682358329232,-0.0010020166666666664,32.18776859504133,0.017462479413941478,0.013493694865555024,-0.0002500000000000095,1.9941280053121833e-07,1.196466888521975,0.0007886716073887612,0.03104841718079267,15.0,74.827020474509,32.94073977188151,153.6,153.6,28,0.9032258064516129,0.5101189607990146,0.9511088709677419,0.38128432915504035,0.00013722448979591766,6.524765527051863,0.03511278811322741,0.34122968479071186,0.00538146358940391,0
440,-34.89791666666667,1.99375,51.003125,7.988663571569542,3.3880861270290437,13.87402363775706,82.0,31.0,79.0,1046.734375,88.484375,1573.984375,63.91059515271241,2.5259886960870737,1915.3267897669043,1.1564274297520662,0.0365186092601382,1.0783007912454616,-0.0010233416666666662,32.18652892561984,0.016895925656927564,0.013493694865555024,0.0,9.619693615852693e-07,1.1564254896417665,0.0007883631211699481,0.03624844474798859,15.0,68.62161044541554,29.29954287301659,153.6,153.6,25,0.8620689655172413,0.5312089663774713,1.011853448275862,0.36744030577370645,0.001257715561224502,7.057657740833206,0.06857100436254993,2.310399467564856,0.009715830220247353,0
441,-35.3125,2.415625,52.67395833333333,6.112338102832118,1.6922512203299882,3.3734485567339774,46.0,14.0,79.0,1059.203125,77.875,1578.46875,63.84671680107463,1.5984639679107255,1913.4068346183403,1.114722123966942,0.05338607607238164,1.5631186288699142,-0.0016842500000000002,32.180661157024794,0.013589953580890013,0.013493694865555024,0.0,2.938595606748115e-05,1.1146066249272255,0.0005456332560239351,0.053175283270734744,15.0,70.30921526177626,30.522421483433998,153.6,153.6,24,0.8,0.5215906849939077,0.9942708333333333,0.3676688629665815,0.0009477602040816241,10.009487553166142,0.12287041244862414,3.5866400113452186,0.012275394898688743,0
442,-35.260416666666664,2.134375,53.075,2.0173455727074185,0.4996515713057784,1.3695345924802338,42.0,4.0,56.0,1056.59375,64.0,1590.671875,63.80332123395383,0.373261994980288,1912.0995172799144,1.0587239008264462,0.04529019570756826,1.2334625027199266,-0.0012578583333333337,32.18371900826446,0.014032561390629151,0.013493694865555024,0.0002500000000000095,-8.425448701353062e-07,1.058714370687374,0.00012429613713455323,0.0452640160329704,15.0,67.83324878040673,29.69217741130536,153.6,153.6,22,0.7857142857142857,0.451665913924137,1.01953125,0.3428006625202617,0.0010308686224489902,4.849065074700122,0.20480310276054314,0.0,0.04223558554186008,0
443,-35.390625,1.0770833333333334,50.592708333333334,6.278809901250528,4.518745197477085,15.048247024097654,91.0,35.0,77.0,1060.75,85.015625,1573.109375,63.978286022024896,2.519871230302691,1917.358659716284,1.0211487851239667,0.02936423455489944,1.0107012750612934,-0.0004591916666666677,32.182479338842974,0.016327282432451164,0.013493694865555024,-0.0002500000000000095,1.796116946352887e-05,1.021143441303079,0.0007417193159737275,0.02896061324999011,15.0,63.124578632041505,21.013637025378102,128.0,128.0,21,0.7777777777777778,0.4187921548816126,1.0462962962962963,0.31164470575508174,3.2653061224487855e-05,1.9804304189025221,0.19332003152876842,0.0,0.09761515965599989,0
444,-39.40208333333333,0.9302083333333333,30.734375,11.068291602277903,8.846510844579567,38.23021364086319,91.0,41.0,77.0,1180.84375,157.640625,1420.203125,64.3914590606684,3.7481106402560496,1929.7694376064046,0.99497226446281,0.025484978556902137,1.0174323151492684,-0.0007150333333333333,32.179669421487596,0.017718360664126055,0.016194951189010487,0.0,-2.688857190148405e-06,0.9949819831842596,0.0008380511870841967,0.024970873588526704,15.0,74.90455570716509,34.25480898591742,147.69230769230768,147.69230769230768,24,0.7741935483870968,0.4135856137437971,0.9632056451612904,0.3940984358833625,0.005220062499999987,3.46165978171845,0.152657710604931,1.7361292338551415,0.044099570792929886,0
445,-43.59375,-1.1020833333333333,9.223958333333334,12.564067584617385,9.620723932898997,44.44691178996501,91.0,41.0,77.0,1307.265625,190.484375,1300.90625,64.74034632057084,4.619597741421886,1940.552739998491,0.9650639338842975,0.04026933886684122,1.3807765633083888,-0.00041655833333333335,32.17107438016529,0.017665470493489457,0.016194951189010487,-0.0004166666666667022,5.791924151613263e-06,0.9650431379283427,0.00087104202522265,0.0399241514945673,16.0,80.5893848083256,32.084966866770046,147.69230769230768,147.69230769230768,26,0.7878787878787878,0.35842903692602635,0.8617424242424242,0.32897214803845043,0.001501562500000002,2.95541422339966,0.08290678859444295,0.7293790815542769,0.028052510520529997,0
446,-51.415625,-1.4864583333333334,-0.446875,11.338777749800679,8.934240312225612,37.638512117258855,89.0,41.0,82.0,1541.015625,179.75,1041.03125,65.14880529125033,5.162852324321639,1952.4366775460244,0.9381605454545455,0.0350094681394185,1.2649801834947292,-0.001065983333333333,32.152644628099175,0.021311099619925902,0.0189146839301653,-0.000416666666666643,-3.318245064055424e-05,0.9382188227334979,0.0005804077554309319,0.03492664004920515,15.0,85.93968451223436,35.32332982434354,153.6,153.6,29,0.8285714285714286,0.3793312220356102,0.8245535714285714,0.3414306027659238,0.004370154336734689,3.086486476963113,0.06458629918975692,2.487277577310413,0.02092550855862013,0
447,-56.11354166666667,-3.527083333333333,2.513541666666667,10.036943423668909,4.4169766990241435,31.4579385840299,89.0,28.0,82.0,1681.78125,134.625,836.21875,65.22122453769374,4.850922916009816,1954.6687174093204,0.9105578925619836,0.01583383705959422,0.6507354408063701,-0.00020253333333333326,32.130826446281,0.026428971608134382,0.02432645335013339,-0.0007499999999999692,5.253322695354944e-06,0.9105312317383877,0.0004803938996144859,0.015210542342683165,15.0,83.15320284785038,31.94315198018451,153.6,153.6,30,0.8571428571428571,0.4108286243043371,0.8183035714285715,0.2696022024697325,0.00032786862244897765,2.2093548168252584,0.03774470201065346,1.3876690716237472,0.01708403816499283,0
448,-61.39895833333333,-3.7625,4.555208333333334,5.559357629102834,3.1852279484101813,21.250712585070268,88.0,16.0,82.0,1840.453125,129.5,552.1875,65.4209696226997,4.180916999790376,1960.5143299066626,0.8932309008264463,0.026867671366986375,1.0820099677389563,-0.0009167416666666669,32.103057851239676,0.02334941113479131,0.02976012443154746,-0.0005833333333332765,-3.5122995839431613e-07,0.8931878045734022,0.0005009156153233158,0.026689773554106268,14.0,89.51329180895515,34.241490056110706,153.6,153.6,34,0.8947368421052632,0.4986388779210104,0.7820723684210527,0.3195935723794092,0.0017222499999999944,4.574409066254111,0.024015218468583233,1.747064649412385,0.005249906189139486,0
449,-63.05416666666667,-4.764583333333333,-5.664583333333334,3.335913064248261,1.898133906337719,15.567661320604824,82.0,11.0,47.0,1889.609375,145.1875,439.390625,65.43031711070056,2.563903819016171,1960.8695774321618,0.8663048099173555,0.029270323424820926,0.9593112724693614,-0.0006395833333333333,32.08371900826447,0.0202518127504098,0.021653833933639094,-0.0006666666666667116,7.780002921920957e-06,0.8662781292634079,0.0006600004932999771,0.02878205141259533,15.0,88.25835236689508,31.64224852602853,153.6,153.6,33,0.8918918918918919,0.48300798361888736,0.7808277027027027,0.30710044816470994,0.004825286989795922,5.044857011468222,0.024739321600224778,1.554918232965503,0.004903869731884593,6
450,-62.60104166666667,-5.119791666666667,-10.363541666666666,4.857361140399578,1.9651187300679542,14.607080330782418,78.0,14.0,63.0,1876.234375,154.9375,460.03125,65.48516314290484,2.240877762649469,1962.4495036109624,0.8369895289256197,0.02974590475294838,1.3932155330807072,-0.0011299333333333337,32.0709917355372,0.016027092696237085,0.01083366481335871,-0.0001666666666666927,-1.6029397331688796e-05,0.8369986970801071,0.0007260068257081236,0.029334169876424645,15.0,84.40571773695979,29.61944533850696,147.69230769230768,147.69230769230768,31,0.8857142857142857,0.4118498385601952,0.8044642857142857,0.280414717700518,3.4489795918370415e-06,3.447942214086374,0.01086012339318296,1.987320522095207,0.0031497405463509617,6
451,-60.0125,-5.416666666666667,-18.746875,6.529408631976814,2.120174259085533,16.564881609428273,78.0,14.0,63.0,1798.453125,164.15625,643.796875,65.53799971636055,2.929158271299974,1964.1162257729,0.8139643884297522,0.01925711546946983,1.0622791269560392,-0.0003517666666666669,32.06272727272728,0.016861124537266757,0.01625556863364614,-0.000500000000000019,-1.861719865263875e-05,0.8139972784926249,0.0008248875740376241,0.018424371553987552,15.0,78.96100337960137,29.669003395479443,147.69230769230768,147.69230769230768,30,0.8823529411764706,0.3922598365319353,0.8690257352941176,0.3152684062759586,5.5183673469388964e-05,4.743436346368061,0.08696006064593993,0.6976869419422285,0.0183327137324238,6
452,-57.63125,-5.714583333333334,-17.276041666666668,7.432716423858777,2.4689310763409784,24.161605410201204,78.0,15.0,63.0,1727.015625,173.03125,778.03125,65.4433985829212,3.842487074396707,1961.161139311137,0.7966902148760331,0.018026612277915424,1.344676040117608,-0.00020254166666666684,32.0498347107438,0.019916498044029375,0.02439477551196258,-0.0001666666666666335,2.2710565958546774e-06,0.796770006756199,0.0008672081929607954,0.016131410127328202,15.0,76.81308911184429,28.35748238999938,147.69230769230768,147.69230769230768,28,0.8484848484848485,0.39516888448563986,0.8858901515151515,0.30996807747046246,0.0011031887755102038,3.4543387382745294,0.07019136101569831,2.6884407740096012,0.020319767785935052,6
453,-56.192708333333336,-5.332291666666666,-22.628125,6.473773126876156,4.605363602901573,23.184995161764462,80.0,16.0,63.0,1684.109375,194.53125,884.09375,65.45498345531752,3.793955613530876,1961.6564907123518,0.780684652892562,0.022876880462547735,1.5227850612055516,-0.0003197999999999997,32.030991735537185,0.02340463183224147,0.021694396886669083,-0.000666666666666682,-1.7142687216618683e-05,0.7807760654266153,0.0008566453201622534,0.021534881227528082,15.0,75.88762165629018,27.297514415509077,142.22222222222223,142.22222222222223,27,0.8181818181818182,0.3785033295861643,0.8939393939393939,0.31007004053766085,0.0007800051020408124,3.2097729407228144,0.07570290344946302,0.7916455145462521,0.023585127311969722,0
454,-54.416666666666664,-8.491666666666667,-14.9375,9.51595881780823,9.885486696274606,28.90487721965505,80.0,32.0,73.0,1633.0625,320.0,887.578125,65.31574849906693,3.7459531061270086,1957.454836802676,0.7598372727272728,0.025903639646943012,1.8279737459723475,-0.0005010083333333332,32.00818181818182,0.023496087242400654,0.027143427208343698,-0.0003333333333333558,-1.6067848223667606e-06,0.7598582134481409,0.0007282448828844981,0.024982993436421547,15.0,76.32865920764499,26.028734258724754,142.22222222222223,142.22222222222223,26,0.7878787878787878,0.3359034321388459,0.8697916666666666,0.25931585518923683,0.000630368622448979,3.700795766695767,0.05175955177719906,0.7998762393776166,0.013986060036869384,0
455,-48.75833333333333,-21.304166666666667,-7.178125,11.703361933887013,20.37689621374059,28.109950429537253,80.0,55.0,73.0,1463.34375,703.96875,755.84375,64.93500515698301,2.9272962945221632,1946.049422481216,0.7312937603305786,0.028658375677622562,1.4150608963592146,-0.0009913583333333329,31.98950413223141,0.021275494756634004,0.027160402487537493,-0.000500000000000019,-2.775128759652581e-05,0.7312845912103001,0.0004624349224549343,0.02865347899317882,16.0,75.6495707873373,26.883651806564938,142.22222222222223,142.22222222222223,26,0.7878787878787878,0.2924604966313293,0.8802083333333334,0.2551745107457707,0.0024255624999999885,2.3721838347370587,0.061107314312795674,0.17663762314561482,0.025759940447266823,0
456,-43.3875,-36.209375,4.8,10.183107437483576,18.43493387862769,22.353262252596004,75.0,55.0,73.0,1302.109375,1116.375,538.21875,64.44905847033732,2.482670730021998,1931.4927382205851,0.69892326446281,0.03202669344811161,1.4290510535232244,-0.0008101416666666666,31.976611570247936,0.016034761773647245,0.0190211956092225,-0.0001666666666666631,2.7845892534510877e-06,0.6989214622283074,0.0002710561557186075,0.031949002654071315,17.0,66.43689469563823,18.495285459245565,112.94117647058823,112.94117647058823,24,0.8,0.31455413248426894,0.9619791666666667,0.21765661766141078,0.0050055625000000065,1.890344581922115,0.05335134163911385,0.17206629888697192,0.028223077500963263,0
457,-42.49270833333333,-44.6,8.751041666666667,8.222045375995595,10.39372807674577,8.918584234521973,65.0,55.0,53.0,1273.296875,1337.09375,298.546875,64.22272273498717,1.4091254397541464,1924.6085905859472,0.6622818264462812,0.03233873696038575,1.5523197761678997,-0.0009913666666666664,31.970165289256197,0.015533672891861791,0.016306430893243667,0.0,4.054527404042039e-06,0.6622923332401274,0.00014792429570492275,0.03232348658707772,18.0,61.12660390895356,17.875029090964198,112.94117647058823,112.94117647058823,21,0.7777777777777778,0.6241129522477975,1.0815972222222223,0.4274290041943144,0.000816326530612246,3.4147173661359203,0.07836846064450934,0.0,0.022950204143305352,0
458,-43.615625,-45.08541666666667,4.104166666666667,7.542736960770607,8.698359270175931,7.507467347396339,66.0,65.0,26.0,1307.109375,1351.078125,218.78125,64.32778407874842,1.6475195045649895,1927.8019932157656,0.6293615867768596,0.027863434414415546,1.2623984592468518,-0.0007675000000000006,31.973636363636363,0.01595448070434907,0.013582316509740408,0.0,8.62094890435295e-07,0.6293718221792595,0.00013819085214269162,0.027814266369349017,16.0,62.951616048883935,21.724145771811187,116.36363636363636,116.36363636363636,20,0.7692307692307693,0.8705523121128333,1.1135817307692308,0.5587743487018679,1.746045918367354e-05,9.29937895287448,0.1933239802593567,0.0,0.02078891302731559,0
459,-42.95,-45.5,-0.9291666666666667,8.418085688959614,9.186266924055712,8.960979260413202,66.0,65.0,26.0,1287.375,1363.375,212.15625,64.4084011144525,1.7101264708964206,1930.2672366518486,0.6015368429752067,0.020227252441259804,1.044085305825211,-0.0006076083333333334,31.985371900826443,0.02215800966365541,0.021721523388055563,0.0001666666666666631,5.832851931038861e-07,0.6015421548066546,0.0001405531644139068,0.020193713445753683,16.0,62.724041097025115,21.161468141781583,116.36363636363636,116.36363636363636,21,0.8076923076923077,0.8665665006218507,1.1117788461538463,0.5547457700246187,0.0004530816326530635,7.8305464055576754,0.3191762846866192,0.0,0.04076041034123571,0
460,-39.428125,-48.90833333333333,-4.602083333333334,6.357495627292374,6.3651012473399735,9.56458287954693,66.0,65.0,37.0,1181.453125,1465.875,224.453125,64.32213073723425,1.6906475353580572,1927.646178690461,0.5791988842975208,0.017768215184596255,0.8640043673035204,-0.00046902499999999976,32.00586776859504,0.0232012190292308,0.027143427208343698,0.0003333333333333558,-4.174055912171884e-06,0.5792104926896953,0.00013172631382110474,0.01771768721192093,14.0,64.98739693915739,22.718112326687805,123.87096774193549,123.87096774193549,22,0.8148148148148148,0.671742216306426,1.0428240740740742,0.4156148310636527,0.003937562500000024,11.984954960263297,0.13377155801179838,0.0,0.01116162375706246,0
461,-36.56875,-51.59375,-3.6166666666666667,4.221653321962065,3.522481739365964,8.781427687012075,51.0,56.0,37.0,1095.765625,1546.265625,190.5,64.17501047125606,1.0865224407141665,1923.2091939968686,0.5588483884297522,0.017807084197756288,0.9145990517606563,-0.0004903499999999995,32.02338842975207,0.023268242430376757,0.02712647313504949,0.000500000000000019,2.5667039081907564e-07,0.5588419364003073,0.00014643521910985753,0.017727101149528617,15.0,59.981033746899676,16.87131473759349,123.87096774193549,123.87096774193549,23,0.8518518518518519,0.3699834731885903,1.0642361111111112,0.24768653729295187,0.0006214336734693836,2.1532426930399686,0.0779881088911959,0.0,0.036218912593216114,0
462,-35.11145833333333,-52.85208333333333,-0.8322916666666667,2.8876666543417406,2.7388021699985727,7.678161601685472,51.0,56.0,37.0,1052.328125,1583.84375,130.421875,64.03717353105716,0.9402957796730602,1919.1177866872415,0.5378847520661156,0.018390374682965307,1.0540985421093287,-0.0005436500000000001,32.038099173553725,0.01976364680048072,0.021694396886669083,0.0004999999999999894,-1.1235137591909574e-05,0.5379229161258045,0.0002031928681230604,0.018267493398482566,14.0,62.57530285628411,21.39375165742524,132.41379310344828,132.41379310344828,24,0.8571428571428571,0.39168836745437574,1.0401785714285714,0.25895743373621255,0.000758215561224492,2.206519366305369,0.050120891101952364,0.0,0.022714911034692427,0
463,-35.62291666666667,-52.614583333333336,-1.7385416666666667,3.148659740226343,2.6656370082444125,7.1993470449245525,44.0,56.0,27.0,1067.546875,1576.796875,140.0,64.09782562548325,0.7925434279219833,1920.9284403749427,0.5370413140495867,0.02218452757820899,1.2604174577419716,8.469999999999959e-05,32.05115702479339,0.01832624828687277,0.018979632170689653,0.0003333333333333262,1.897791223497073e-06,0.5370329211943677,0.0006154237595345445,0.021567330381181304,15.0,61.02863952266976,18.313091966138746,132.41379310344828,132.41379310344828,24,0.8571428571428571,0.39802027446964167,1.0541294642857142,0.267276971197948,0.0024715102040816263,1.912150452819428,0.029017106548305763,0.0,0.015175116845811278,0
464,-37.916666666666664,-50.99583333333333,-2.948958333333333,4.188443094463092,2.976292319686059,7.071841090899213,55.0,56.0,27.0,1136.28125,1528.28125,141.46875,64.20095842868936,1.262627619041765,1924.0011908745971,0.5436363388429752,0.024385086706398527,1.2604174577419716,0.0002019583333333334,32.060082644628096,0.012888323100574481,0.010840425292373959,0.0003333333333333262,7.709564204988854e-07,0.5436293485281036,0.0006080236692677607,0.023844795490300455,15.0,69.6027486656748,24.51899649574724,132.41379310344828,132.41379310344828,26,0.8666666666666667,0.4271796919612845,0.9546875,0.2889667634254558,0.00016347448979591765,3.548574050103717,0.016401647434408993,0.4962508173907959,0.004622038938127728,0
465,-39.059375,-50.15,-4.707291666666666,3.6368506901862676,2.4222062945449823,6.977101606799002,55.0,56.0,27.0,1170.71875,1502.828125,170.53125,64.25559378741798,1.344711998780935,1925.68000653059,0.5568598181818182,0.015534422486851584,1.2604174577419716,0.000340541666666667,32.06504132231405,0.01005143523670209,0.010840425292373959,0.0001666666666666927,1.5197181764821582e-05,0.5568293346754266,0.0005904180825659214,0.014752165626935139,16.0,66.83788948889553,22.43115154673141,132.41379310344828,132.41379310344828,23,0.7931034482758621,0.41579615165624473,0.9865301724137931,0.28926918106009347,0.0010148775510204061,2.9113678551065174,0.023118947898838504,0.42640279316006574,0.007940922978279108,0
466,-38.8,-50.35625,-5.3875,3.4960692212826676,1.8769885288674517,6.565999067164113,55.0,56.0,21.0,1162.640625,1509.171875,182.21875,64.24335127175428,1.3663152542472283,1925.2506242473464,0.5498356776859503,0.012918033141755192,0.6736526051001069,-0.00031979166666666614,32.06404958677686,0.011683039369966295,0.01625556863364614,0.0,-4.870044973281632e-07,0.5498274115636521,0.00010571566462457396,0.01283878225713724,16.0,65.47197671015034,21.76225797330222,132.41379310344828,132.41379310344828,23,0.7931034482758621,0.3238992347717331,0.9924568965517241,0.23907361682708192,0.0012755102040816315,1.0721432287991781,0.00930698039973617,0.04064043791160226,0.008680724878671458,0
467,-37.952083333333334,-50.94166666666667,-6.480208333333334,3.13943264402804,2.1037499587377035,6.036315787790641,48.0,56.0,21.0,1137.140625,1526.8125,210.921875,64.24105289736002,1.1014373814511274,1925.1870055528166,0.5346970743801653,0.019000120403779134,0.9980324797248445,-0.0003837500000000003,32.06256198347108,0.012890442716262737,0.01625556863364614,0.0001666666666666927,6.465541198364836e-07,0.534692562486396,0.00011103359639393529,0.018947908033455554,16.0,60.693821112785336,15.939153130875312,128.0,128.0,20,0.7142857142857143,0.23614302276178747,1.0345982142857142,0.18812012142803047,0.00024358290816326527,0.6907623134293203,0.04542054512998055,0.0,0.06575423158870412,0
468,-35.59375,-49.47083333333333,3.7958333333333334,7.782965005114268,2.5947028035767192,17.543694953996688,54.0,54.0,37.0,1066.671875,1482.5625,436.484375,64.04545640962507,1.3980390848667383,1919.3816050270016,0.5191144710743801,0.012163530623996424,0.8763587983601145,-0.0004370499999999999,32.06785123966942,0.015598612545330076,0.01083366481335871,0.0001666666666666927,2.1850641451491562e-07,0.5191332560096803,0.00012279826685532275,0.012074404475012169,15.0,56.3666764544946,18.038583965670345,128.0,128.0,18,0.72,0.5700894969258847,1.171875,0.4247241752008002,0.0001448584183673476,4.15007636084961,0.10561191242922809,0.0,0.02544818534558411,0
469,-33.10625,-50.358333333333334,11.99375,9.21644603977947,4.192594330748232,14.194701274448622,58.0,65.0,38.0,992.0,1509.3125,460.734375,63.84345520861082,1.9644491236573018,1913.3307609845765,0.5146743140495867,0.015524614510609451,1.1025434627960928,-9.594166666666756e-05,32.07578512396695,0.015521356447696285,0.01083366481335871,0.0001666666666666927,2.2414961806182677e-06,0.5146635156093798,0.0003140416134848758,0.015381994206999056,14.0,62.876338286534214,27.17797267190054,132.41379310344828,132.41379310344828,18,0.75,0.9896447111018967,1.173828125,0.6385623631901137,0.001227501275510209,25.094624478814325,0.41136845477088646,0.0,0.0163926921926318,0
470,-30.969791666666666,-48.869791666666664,22.386458333333334,9.808803654027534,4.580156924887751,9.2499788264585,58.0,65.0,41.0,927.78125,1464.828125,673.0625,63.61600409359912,2.072353291111333,1906.5685261060319,0.5106464710743801,0.016809576732285215,1.1025434627960928,-0.00013858333333333314,32.086033057851246,0.011955795914067124,0.01624543423332664,0.0,-4.189168079588842e-06,0.5106517676962802,0.00032529562199862716,0.016644865268672513,14.0,58.18236164261084,27.229099922558976,132.41379310344828,132.41379310344828,20,0.9090909090909091,1.1483349990700822,1.3231534090909092,0.7374721074577335,0.02930210331632653,8.461783550731285,0.5771509840136393,0.0,0.06820677704096563,0
471,-38.092708333333334,-41.325,17.491666666666667,13.811934338279,16.43625945889149,15.41353346539621,93.0,65.0,79.0,1141.34375,1273.53125,605.375,64.35347586271294,4.67929154757668,1928.5979292310255,0.5035211570247934,0.02006418229557883,1.3315966944048439,-9.594166666666662e-05,32.09363636363638,0.013606026860995766,0.01623531246155258,0.0003333333333333262,-2.0754122543559066e-06,0.503560767851767,0.0005023139063241028,0.019653700761351884,14.0,70.39320182881468,28.78161490374022,132.41379310344828,132.41379310344828,22,0.8148148148148148,0.9787163747416817,1.0630787037037037,0.6273895506936786,1.7460459183672126e-05,13.790104911496488,0.25811053880874524,0.0,0.018717083043622424,0
472,-44.422916666666666,-30.523958333333333,17.938541666666666,14.5353124548364,17.90953682627212,21.70151141909853,93.0,55.0,79.0,1331.515625,980.421875,721.328125,64.81636826889145,5.359072161432581,1942.5831369624582,0.4904757190082645,0.011664253975870273,0.8835957146364952,-0.0001492333333333327,32.09644628099174,0.013898064799720193,0.01623531246155258,0.0001666666666666335,1.446568648202812e-05,0.49043029059072163,0.0006195173506037615,0.0106860017009211,15.0,74.44700871632405,26.35047210907287,128.0,128.0,26,0.8387096774193549,0.6146473307074825,0.9475806451612904,0.46658688377328095,0.0013928890306122482,5.528290514783972,0.09464085051250756,0.9462954720356958,0.01711936994979104,0
473,-51.77708333333333,-16.235416666666666,9.172916666666667,14.582391487443187,19.49943364116991,26.987869494022476,107.0,55.0,79.0,1552.078125,667.046875,686.109375,65.5072321843041,7.656317536409946,1963.3228102581395,0.4826209421487603,0.011573588077174863,1.149976011145575,-0.0002984666666666668,32.09396694214877,0.016588323028488415,0.021653833933639094,0.0,-5.589669937824808e-06,0.4826351961406537,0.0006518490236375832,0.010541634850287022,15.0,84.28279642618322,26.456119830756016,137.14285714285714,137.14285714285714,29,0.8285714285714286,0.48218343156188403,0.8049107142857143,0.3320738455570707,0.004294929846938782,4.5621400332201745,0.05870934658608315,2.42172164933577,0.012868817300341243,0
474,-53.434375,-10.764583333333333,13.492708333333333,13.44176736988264,15.838928698822684,26.611830642872555,107.0,46.0,72.0,1601.59375,472.84375,775.125,65.16709043607055,6.793709646700251,1953.014943192382,0.476415347107438,0.010715914191234294,0.9758975790514206,-0.00010660000000000022,32.0815702479339,0.02004162051409894,0.021653833933639094,-0.000500000000000019,-9.78546473561627e-06,0.47645605575415245,0.000561734791817336,0.010029063278838615,15.0,84.89317847091867,26.496591650039807,142.22222222222223,142.22222222222223,29,0.8285714285714286,0.5049943009834222,0.8008928571428572,0.33773848339101853,8.786989795918414e-06,3.758922123088756,0.05249152339197734,2.899717377975745,0.013964514739359472,0
475,-55.80104166666667,-8.978125,12.892708333333333,10.600756604205062,11.95279520242197,25.573056071412296,107.0,40.0,72.0,1672.453125,388.75,791.828125,65.05086060511391,6.180371580040601,1949.4912056794665,0.4707489256198347,0.01127292559881644,0.9368655458985635,-0.000351775,32.06619834710744,0.02171400120907432,0.021667338053615055,-0.000500000000000019,-4.732234605763702e-06,0.4707847530341461,0.00031001946854070583,0.011107362696654847,14.0,83.45325592258222,26.205345085470977,142.22222222222223,142.22222222222223,25,0.6944444444444444,0.4998395389844053,0.8111979166666666,0.3306035481580431,0.0017015624999999939,3.2299763540598616,0.03196246002853209,3.2078904677739595,0.009895570903594214,0
476,-57.282291666666666,-11.230208333333334,9.853125,3.959758378352214,7.909390776576741,25.435545392246688,88.0,23.0,52.0,1716.59375,375.703125,795.328125,64.95695328061453,3.2034245477918977,1946.6306259030036,0.4585703636363636,0.013504723034847248,0.9120000512890849,-0.00011725833333333333,32.04611570247934,0.025205663171428326,0.02710954022794191,-0.0007500000000000284,6.579095057775634e-06,0.4585734116501549,0.00021646981170301852,0.013365831620186314,16.0,80.39943830840285,22.246148751750052,142.22222222222223,142.22222222222223,20,0.5555555555555556,0.3657337292543384,0.8081597222222222,0.25185431851111983,8.163265306123004e-06,1.4815954990908062,0.02494888201564755,1.2803885767484775,0.01683919938401382,0
477,-56.08541666666667,-11.061458333333333,7.81875,7.838805435761384,10.593501052056896,28.120026643612913,91.0,47.0,74.0,1680.9375,408.0,827.0,65.35822013752589,4.6659156430479065,1958.628329966549,0.4451020082644628,0.016246533580940456,1.1826899731522575,-0.0004370499999999999,32.02206611570248,0.028860375059042376,0.02712647313504949,-0.000666666666666682,1.6977465814275517e-06,0.44510737122436983,0.0002492067166113877,0.01611384026208244,16.0,84.70429468377793,25.561077839520635,147.69230769230768,147.69230769230768,28,0.7368421052631579,0.31719446886899066,0.7705592105263158,0.21636105251811183,9.576020408163392e-05,2.6493925713637836,0.004715211029334467,0.8099404796872911,0.0017797328641664064,0
478,-48.05520833333333,-9.388541666666667,-14.5625,14.368515709933202,10.239124004194105,37.11059274317779,91.0,47.0,74.0,1440.109375,358.0625,1099.046875,65.37914168549936,4.855100321730477,1959.341355475463,0.4294876776859505,0.012681267906741817,0.8765248524944671,-0.0003411166666666669,32.00090909090909,0.02466301812045586,0.0325619486804291,-0.0004999999999999894,-1.2294407186291495e-06,0.4294842995819097,0.0002600551063911921,0.012518741565579007,15.0,86.25218679791031,28.45633729768996,147.69230769230768,147.69230769230768,31,0.8157894736842105,0.3479757916935167,0.7717927631578947,0.24921596511200295,2.3584183673472098e-06,3.3142894984620006,0.012900381385862435,0.6949583488319079,0.003892352008431632,0
479,-41.733333333333334,-9.627083333333333,-21.288541666666667,16.35032279667761,9.179942800823374,40.75862733262653,96.0,47.0,74.0,1250.265625,340.625,1286.09375,65.33689451943228,5.613748559555735,1957.9476496364712,0.41911683471074385,0.010086824713413324,0.9946374715273025,-0.0003304583333333333,31.981570247933885,0.017999461170209237,0.013582316509740408,-0.0004166666666666726,-4.900560137151682e-06,0.41912492114301303,0.00025381233303536894,0.009922258982186391,15.0,87.3563288301493,32.06642808638596,147.69230769230768,147.69230769230768,35,0.9459459459459459,0.43041289779327657,0.7909628378378378,0.3058919443898815,5.571556122449135e-05,4.200675911569293,0.00458797781937346,4.604787352464799,0.0010921999021008687,0
480,-41.83541666666667,-9.403125,-23.295833333333334,17.734852569438583,7.420480570761011,39.21936149368348,104.0,45.0,79.0,1254.796875,302.09375,1239.046875,65.2402383530963,5.724931553988148,1955.2329313186121,0.41166379338842973,0.0076156121581976936,1.273847228654854,-5.330000000000011e-05,31.97462809917356,0.016111251769398285,0.013582316509740408,-0.0001666666666666631,9.421326574458692e-07,0.4116335346042266,0.00029423556390295515,0.0064160072135568446,15.0,83.0223929404879,33.89400861788695,153.6,153.6,32,0.9142857142857143,0.4211680487355793,0.8455357142857143,0.3272793402914896,0.00011403188775510117,6.511313640517661,0.02872871900301965,3.179018305438732,0.004412123357758523,0
481,-51.920833333333334,-9.221875,-10.29375,17.45082326536169,7.289814571329987,32.7506228073732,104.0,45.0,79.0,1557.046875,297.046875,849.25,65.45988175108222,5.661890685480587,1961.7374172901586,0.405363,0.00893537378592607,1.4435153963642282,-0.00017054999999999986,31.961900826446275,0.01716781774889059,0.016306430893243667,-0.0003333333333333262,1.1182219690508443e-06,0.4053611295400349,0.000289913859330912,0.007924603115760386,14.0,78.83408840411812,31.61095828426621,153.6,153.6,30,0.9090909090909091,0.39933645525069145,0.8759469696969697,0.31002665609720925,0.000240250000000002,5.0745589815573195,0.013853649712051183,1.0679309415530311,0.00273002043377564,0
482,-59.63229166666667,-9.045833333333333,-5.514583333333333,10.756935696637646,5.960109001147174,22.210493855976928,104.0,38.0,79.0,1787.8125,282.84375,567.09375,65.51621789646123,4.5181560630506,1963.4250433525106,0.3971276611570248,0.010793273009476143,1.6165411944277963,-0.0001598916666666663,31.953966942148757,0.015771055129753797,0.016306430893243667,0.0,8.694724663110383e-07,0.39712177017062067,0.00027854872994871984,0.00999450217181591,15.0,71.51533104313894,27.48268426785492,153.6,153.6,26,0.8387096774193549,0.31042278377641674,0.9324596774193549,0.2633586635606973,1.2501275510203904e-05,2.969224226604954,0.008430575234611923,0.573953785560665,0.0028393191592174035,0
483,-62.86145833333333,-10.39375,-14.526041666666666,1.9155541948125325,1.2719581770509067,3.7731713228525985,72.0,25.0,68.0,1884.34375,311.375,434.765625,65.47888016605067,1.6245518971831185,1962.3578602258176,0.3869154297520661,0.009655090753155914,1.0020893517969467,-0.0003304500000000002,31.945041322314044,0.012928536374893058,0.01631664156355113,-0.0001666666666666631,-3.399664056249964e-06,0.3869340935695294,9.42029360053031e-05,0.00965155702376886,15.0,59.69630164711159,9.147037431965654,89.30232558139535,89.30232558139535,21,0.7241379310344828,0.2090065387946716,1.027478448275862,0.15046707835650916,6.173469387755027e-05,1.1554989032655845,0.022778158080521152,0.05919721999691313,0.019712834011479566,0
484,-62.838541666666664,-11.035416666666666,-14.533333333333333,0.4743130540728232,0.7897757021599375,1.0815369721938415,64.0,13.0,19.0,1883.203125,330.71875,435.53125,65.44911268465955,0.3355698497601822,1961.435053080902,0.3766397685950413,0.008532379870850884,0.7397915647142477,-0.00022385833333333355,31.94090909090909,0.014316377952748443,0.01631664156355113,-0.0001666666666666631,1.707304875362906e-08,0.3766401256922982,7.256265915391361e-05,0.00849015589896288,16.0,57.539349248232305,7.26268349404385,80.0,80.0,19,0.6785714285714286,0.22582795196540417,1.0580357142857142,0.12302124824245872,0.00015804081632653003,0.23918592034094008,0.001381533678892902,0.0,0.005775982452995721,0
485,-62.421875,-11.761458333333334,-15.583333333333334,0.7159933549796395,0.7986798732474453,1.7793179092624853,64.0,13.0,21.0,1870.71875,352.46875,466.96875,65.43580712615213,0.3664865832270506,1961.027875647242,0.36747410743801656,0.0077185654319504296,0.6633514153115312,-0.00022385833333333355,31.94289256198347,0.01663601671416312,0.01631664156355113,-0.0001666666666666631,-9.955737556136489e-08,0.3674811963923288,8.699643425007662e-05,0.007630623235848498,15.0,56.90271220732728,6.989743909390827,80.0,80.0,18,0.6666666666666666,0.21555008453328822,1.0688657407407407,0.11954679525967524,7.346938775509698e-07,0.6958871993516205,0.0033992583941210557,0.0,0.004884783621955181,0
486,-61.753125,-12.4125,-17.640625,0.8065426632908722,0.7264712084223757,2.423198563065286,64.0,13.0,21.0,1850.65625,371.984375,528.671875,65.46466263579164,0.371971300844685,1961.885921147746,0.3593444462809917,0.006715537007936557,0.6524362386527713,-0.0002238583333333331,31.944049586776856,0.015565298997677094,0.01631664156355113,0.0,4.453179791732005e-07,0.3593486732181117,9.167011278236237e-05,0.006597886361680826,15.0,56.17653345022983,6.827182476722983,72.45283018867924,72.45283018867924,18,0.6666666666666666,0.21952130503753983,1.083912037037037,0.13184033823403707,0.0019171887755102062,0.25108124387442954,0.0366928642078892,0.0,0.14613940747497647,0
487,-60.51354166666667,-12.961458333333333,-20.977083333333333,1.6856699825086037,0.5641863225896409,4.106079820589897,64.0,15.0,35.0,1813.515625,388.453125,628.625,65.49594198979572,0.4768817491230019,1962.818848871332,0.35238833884297527,0.005701652091379815,0.5682997165795133,-0.00014923333333333316,31.952314049586775,0.015468460611304583,0.016306430893243667,0.0001666666666666631,1.769629175740201e-07,0.35238932484762614,9.287609571576508e-05,0.005597947965034358,15.0,59.21153491694992,12.353492663144062,98.46153846153847,98.46153846153847,23,0.8518518518518519,0.2937909136810369,1.0497685185185186,0.1815230341460361,0.001967556122448979,1.0338332683427258,0.028034627775725122,0.0,0.02711716544067662,0
488,-59.57604166666667,-13.240625,-23.540625,1.5098457972909758,0.4736995630583447,3.336729877595977,63.0,15.0,35.0,1785.40625,396.8125,705.53125,65.51494409565146,0.4580485530996834,1963.409170003484,0.3460876033057851,0.00539390186049489,0.5456388754037476,-0.00015989999999999985,31.95462809917355,0.015376343444042956,0.016306430893243667,0.0004999999999999894,-1.1051792818840878e-06,0.3460919302543112,8.822797134752796e-05,0.005248700517347871,15.0,69.55656850190151,24.25990238803504,128.0,128.0,27,0.8709677419354839,0.35488591183176976,0.9511088709677419,0.26384728702203203,0.0017104132653061206,1.5179768851471742,0.037492175084964954,0.32589420215174164,0.0246987786519094,0
489,-58.92395833333333,-13.479166666666666,-24.930208333333333,1.1453933814475659,0.5338376521835911,2.485022626978922,63.0,15.0,35.0,1765.84375,403.953125,747.203125,65.44296692121455,0.4758296776711733,1961.240761934835,0.34025202479338845,0.005088187667842739,0.4586378326381826,-9.593333333333351e-05,31.959586776859503,0.016683574057448296,0.016306430893243667,0.0003333333333333262,-1.275903598137894e-06,0.3402651117596327,9.90618960104404e-05,0.004960704386438088,15.0,69.13747436874665,24.954483717436528,128.0,128.0,26,0.8666666666666667,0.3580842637961745,0.9619791666666667,0.2688736190173224,0.0002853686224489794,2.4575058101033336,0.035247409349392286,0.014238077225715906,0.01434275728036232,0
490,-58.98229166666667,-13.654166666666667,-24.815625,0.39091100640753973,0.4864661401943156,0.8626301985062892,61.0,15.0,28.0,1767.640625,409.203125,743.65625,65.43820296674502,0.37070988173530645,1961.1004810319346,0.33460665289256203,0.0050075351761793355,0.5301840471509754,-0.00015989999999999985,31.96305785123967,0.016606429861297376,0.016306430893243667,0.0001666666666666631,1.937868820985389e-07,0.33460672069577385,9.566296728394826e-05,0.004879331279253073,15.0,68.84441924743575,24.46589311064059,128.0,128.0,26,0.8666666666666667,0.35869500885153116,0.9645833333333333,0.27379985910738197,0.0004730624999999975,2.00161389294947,0.05805501202968082,0.2157265754929816,0.029004101257577755,0
491,-58.965625,-13.904166666666667,-24.726041666666667,0.42311546025681135,0.40975517758236507,0.8347585468847997,61.0,15.0,29.0,1767.140625,416.703125,741.015625,65.44113054697362,0.38742663902021507,1961.20736534966,0.3296168760330578,0.004313815592732637,0.5404973469504739,-0.00011725833333333333,31.96768595041322,0.015468460611304583,0.016306430893243667,-0.0001666666666666631,1.5463032172377484e-06,0.32960937323288747,0.0001009741783193387,0.004153659599724752,15.0,61.92965512072312,16.188793213810506,101.05263157894737,101.05263157894737,25,0.8620689655172413,0.33451995356085584,1.027478448275862,0.23217919578124702,0.0006649030612244858,2.0086299650466337,0.02024075001974124,0.3391483264683314,0.010076893390999132,0
492,-59.20520833333333,-13.858333333333333,-24.209375,0.6312800804164151,0.45038563722905534,1.1676702342877747,61.0,15.0,29.0,1774.296875,415.328125,725.53125,65.46124996193878,0.4398902369589629,1961.788299374732,0.32484904958677685,0.0041816015593127654,0.5157298866814548,-0.00013857500000000005,31.972314049586778,0.01315893503305436,0.010867551793761525,-0.0001666666666666631,-7.772270242068128e-07,0.3248521575928914,8.938592454636769e-05,0.003971862107319778,15.0,62.016834673873404,15.172829902792554,101.05263157894737,101.05263157894737,23,0.8214285714285714,0.35360453755782245,1.0217633928571428,0.2284725247706946,1.9612244897959606e-05,1.8898114242660038,0.03602422662977618,0.0,0.01906233932508259,0
493,-59.40208333333333,-13.685416666666667,-23.734375,0.6604889550342399,0.5429432073328562,1.0602994982747407,61.0,15.0,29.0,1780.203125,410.125,711.296875,65.42836278173712,0.4508902690559175,1960.8043246844175,0.32022923966942146,0.0045037284242523045,0.4861198233332575,-0.00010660000000000022,31.973636363636363,0.014200453956193721,0.013582316509740408,0.0,-3.7142684969398764e-07,0.3202246988834664,8.723014731715089e-05,0.004312670430326203,16.0,61.61531036575035,14.207676072219568,101.05263157894737,101.05263157894737,25,0.8620689655172413,0.3359634541469078,1.0204741379310345,0.20700876985449343,0.0008224604591836738,1.0863152670217913,0.030843589283252766,0.6981070303580041,0.028392852627223596,0
494,-59.420833333333334,-13.642708333333333,-23.808333333333334,0.7100347213732265,0.5025445236632161,1.3049318841312072,61.0,15.0,31.0,1780.8125,408.84375,713.46875,65.46770890306793,0.4840447463754732,1962.0095698379318,0.31559880165289256,0.0041899609075669655,0.4940490407252638,-0.00010659166666666664,31.97909090909091,0.014770978917519944,0.013582316509740408,0.0001666666666666631,-2.089475525480455e-06,0.3156086018699347,8.906045152923927e-05,0.004003520359530073,16.0,62.606036601824066,21.134861987014137,153.6,153.6,24,0.8571428571428571,0.42200358122822185,1.0306919642857142,0.23972619351988725,9.92869897959193e-05,1.0621186924180008,0.011152307647548616,0.0,0.010500057787477092,0
495,-59.405208333333334,-13.576041666666667,-23.870833333333334,0.8375148993284969,0.5327297610082329,1.8308648153870406,63.0,15.0,31.0,1780.265625,406.875,715.46875,65.47655531230244,0.5122217309593422,1962.253552699336,0.3111903636363636,0.0037887987847608005,0.50221311417501,-8.528333333333304e-05,31.98132231404959,0.014767741746728662,0.013582316509740408,0.0002500000000000095,2.796453403326477e-06,0.3111929888084198,0.00011263827764215398,0.0035986813876197074,17.0,62.68680230893147,20.27120209861529,153.6,153.6,24,0.8571428571428571,0.3789934929630499,1.0200892857142858,0.22053074387111413,0.0002154604591836732,2.6857768032109193,0.026112080830081173,0.0,0.009722356972799627,0
496,-59.890625,-13.452083333333333,-22.367708333333333,1.1335396373197542,0.534044935427306,3.033356048163577,63.0,15.0,31.0,1794.828125,403.140625,670.359375,65.41178409795721,0.47932360909082344,1960.3016355282466,0.30704629752066115,0.0039458473152731675,0.5459679227878448,-0.00010660000000000022,31.98355371900827,0.012521683944806005,0.008146840964360788,0.0,-1.4993951935292497e-06,0.3070546380576872,0.00012742104523885692,0.0036347328832360853,16.0,63.208228273639456,23.79753336295442,153.6,153.6,20,0.7142857142857143,0.4410918199584518,1.0379464285714286,0.26753607990277667,0.0025035727040816328,5.399875297307973,0.04412444289083609,0.0,0.008171381830397765,0
497,-60.58020833333333,-13.214583333333334,-20.670833333333334,0.8610942398660878,0.4327670578832091,2.2762321144577697,63.0,15.0,27.0,1815.53125,396.0,619.390625,65.40499376136704,0.4086556115754324,1960.0858458529121,0.30342011570247934,0.003303511355492693,0.403713958462691,-0.00010660000000000022,31.977768595041326,0.015292606289217045,0.013582316509740408,-0.0003333333333333262,1.648612355822706e-06,0.3034213615055902,0.0001175832064893022,0.0029755460346778386,16.0,56.82955976538509,9.79092086545742,93.65853658536585,93.65853658536585,18,0.6666666666666666,0.2988295979413171,1.0844907407407407,0.18028454851368886,7.346938775510536e-07,1.4631435620635014,0.006174257743997153,0.0,0.004219857780250538,0
498,-60.447916666666664,-13.245833333333334,-20.919791666666665,1.5456241435276414,0.4329926545438027,3.4645261758664616,63.0,14.0,41.0,1811.6875,396.953125,626.671875,65.43253687445853,0.4504551468149636,1960.9212691735806,0.2999526859504132,0.003151470904204973,0.5238239679805413,-9.593333333333351e-05,31.97165289256198,0.01663149990691578,0.013582316509740408,-0.0004166666666666726,-1.0183377762099105e-06,0.29995421399637057,0.00012585172213414384,0.0028336090085507946,15.0,57.24873907754085,11.089142192167612,89.30232558139535,89.30232558139535,18,0.6666666666666666,0.1990153797931978,1.0833333333333333,0.194273858704474,0.004005081632653056,3.307831409224926,0.019151587174525364,0.0,0.005789771244421693,0
499,-59.51770833333333,-13.364583333333334,-23.478125,2.0206483484921094,0.5024894622996806,4.252883902056933,63.0,15.0,42.0,1783.640625,400.53125,703.65625,65.53040219963731,0.617228391361819,1963.8551427164573,0.2968657685950413,0.003349858299113215,0.48955545669610034,-7.461666666666635e-05,31.964710743801646,0.015378120131719351,0.016306430893243667,0.0,-2.026157379696856e-06,0.296867238076191,0.00012537247913642536,0.0030974482282082427,15.0,60.418206788117985,16.45524796237041,120.0,120.0,22,0.7857142857142857,0.2665594945230246,1.0485491071428572,0.21437506856331084,2.6448979591837034e-05,1.8771161000224226,0.016018559300958444,0.0,0.00853360071908557,0
500,-58.68333333333333,-13.452083333333333,-25.619791666666668,1.7540825395503925,0.5161918180827313,3.4913917888521033,62.0,15.0,42.0,1758.625,403.140625,767.859375,65.54539388792803,0.6326914016335905,1964.3012245411196,0.293842305785124,0.003010623964988254,0.4178416954916252,-6.395833333333323e-05,31.961900826446275,0.013256157127777187,0.016306430893243667,0.0,4.7583599888452595e-07,0.293854630301344,0.0001329482640091503,0.002652216124559844,16.0,63.057316895072375,17.265660934449315,120.0,120.0,21,0.7241379310344828,0.2981644927420817,1.009698275862069,0.22295880997463008,8.622448979591931e-05,3.558277212863821,0.010606718983563983,0.10757643042431157,0.0029808579683501778,0
501,-58.630208333333336,-13.421875,-25.903125,1.197968748867803,0.5185522966635092,2.1291602963864262,61.0,15.0,42.0,1757.203125,402.234375,776.078125,65.53263526063878,0.5753324801784656,1963.9333177787607,0.29082939669421487,0.0030796157978664174,0.3448757143467044,-5.330000000000011e-05,31.95859504132231,0.014276246533347916,0.01631664156355113,0.0,2.8618324497934754e-07,0.290829328944527,0.00010551447034832484,0.002786008882981931,14.0,65.69348539666406,20.95094118643278,123.87096774193549,123.87096774193549,24,0.8,0.3223266416243964,0.9875,0.24415031230780762,0.0001832155612244879,3.751784179975465,0.024184317169846866,0.03835314105695119,0.006446084318742722,0
502,-58.967708333333334,-13.53125,-25.104166666666668,0.6551073054066961,0.5154513596515841,1.3391474796385279,61.0,15.0,28.0,1767.171875,405.515625,752.375,65.51915081649983,0.48330592597611083,1963.524617564607,0.28813355371900823,0.0029436767529106593,0.4629252337767662,-5.330000000000011e-05,31.952314049586775,0.015034963690931021,0.01631664156355113,-0.0001666666666666631,2.231173923686595e-06,0.28813543945432984,8.875298863408578e-05,0.002742779807218138,15.0,64.36970362907745,18.83961528523546,123.87096774193549,123.87096774193549,25,0.8620689655172413,0.3970674097704138,1.0026939655172413,0.26970025983960516,0.0002446989795918354,2.1269411135793552,0.03834884677809518,0.24823284436314158,0.01803004631075998,0
503,-59.23229166666667,-13.577083333333333,-24.414583333333333,0.5855899432172843,0.5441888395176399,1.1286957043665735,61.0,15.0,28.0,1775.140625,406.890625,731.671875,65.50219431839562,0.4989968020672946,1963.0388022734833,0.28545893388429755,0.002371092532416559,0.3909635729549288,-6.395833333333323e-05,31.944876033057845,0.014437995240940155,0.01631664156355113,-0.0001666666666666631,-5.089542376424981e-07,0.285454293720443,8.491305799110173e-05,0.0021165465009006985,14.0,68.08822708323689,23.324947438713085,137.14285714285714,137.14285714285714,26,0.8666666666666667,0.435436172774317,0.975,0.304336068694352,0.0017760204081632535,2.451415740611981,0.04121506564815188,0.26656058484270195,0.016812760465453644,0
504,-59.359375,-13.457291666666666,-24.108333333333334,0.5818573216075684,0.5460549407009233,0.9856963133857315,61.0,15.0,28.0,1778.9375,403.3125,722.484375,65.47680256124086,0.4924358059168263,1962.266714712137,0.2828370991735537,0.0029894041375502643,0.5164634002810997,-8.528333333333304e-05,31.940082644628095,0.009999658487440562,0.005438879099482356,0.0,9.566491099153608e-07,0.28283526270794335,0.00010098143961858401,0.0026656247859881427,14.0,63.40023807814598,20.418106210433386,137.14285714285714,137.14285714285714,23,0.8214285714285714,0.44635953500596437,1.0295758928571428,0.2899611780112418,0.0005062500000000028,2.145767979142203,0.06312940069825103,0.0,0.029420422576856505,0
505,-59.309375,-13.466666666666667,-24.227083333333333,0.5353305297119404,0.5428832491634111,0.8639154046484464,61.0,15.0,28.0,1777.421875,403.5625,726.09375,65.47558007655792,0.4250944658756197,1962.2262032673952,0.2800566859504132,0.0031804621241040593,0.43896262344452147,-7.461666666666681e-05,31.934958677685948,0.01343019706827864,0.010881166018169807,-0.0001666666666666631,6.786978176725012e-07,0.2800548601589583,9.746074045938155e-05,0.002842166876095892,16.0,65.72611594436086,24.01954214984149,137.14285714285714,137.14285714285714,23,0.7931034482758621,0.37705214164929685,1.0048491379310345,0.2676646918481925,0.002086531887755103,2.680674616907175,0.0865954327650081,0.3846346631661586,0.03230359709412158,0
506,-56.411458333333336,-16.095833333333335,-24.54375,11.424866609283916,9.671219294323178,4.371565616286687,96.0,57.0,59.0,1690.34375,482.8125,739.5,65.4278741369882,2.4674030033822048,1960.7147892183345,0.2780164132231406,0.003915796691616292,0.710383690678301,0.0,31.931322314049588,0.013541619271579243,0.010881166018169807,0.0,4.4468877750517003e-07,0.2780299198899812,9.883897247993583e-05,0.003592150484062915,14.0,65.91063441012454,23.916677067093268,132.41379310344828,132.41379310344828,22,0.7586206896551724,0.34785996740016356,1.0016163793103448,0.266284830429867,0.003455760204081625,1.9479508380202337,0.07604167198847624,0.03475753140253144,0.03903675108441642,0
507,-56.07083333333333,-16.433333333333334,-24.903125,11.4919892086715,9.675663916353347,5.86728133247205,96.0,57.0,59.0,1680.28125,493.125,751.734375,65.47925339379238,2.5952039081469263,1962.3450304158548,0.2763355454545454,0.003987787866238084,0.793013856798298,-4.263333333333341e-05,31.92388429752067,0.013321944912138483,0.010881166018169807,-0.0003333333333333262,8.638087468092088e-07,0.27632658365373186,0.000103026330297226,0.003679239602273621,13.0,67.87501400875918,23.330478152785798,132.41379310344828,132.41379310344828,24,0.8,0.3589061784580266,0.9661458333333334,0.25172204223138445,0.0008102155612244945,2.114515638763451,0.015426527213225459,0.10674931310470306,0.007295537063157759,0
508,-56.13125,-16.698958333333334,-24.454166666666666,11.510116134839821,9.609240288125308,5.929269148798095,96.0,57.0,59.0,1682.078125,501.09375,738.265625,65.42773467452933,2.601296540713058,1960.7849880130298,0.2745384214876033,0.004445414219471427,0.8764376519913091,-5.329999999999964e-05,31.907355371900827,0.025185874141403577,0.02722851646099478,-0.0004999999999999894,6.224488579981729e-07,0.27453649081506976,0.00010109448296367456,0.004168268742119948,14.0,69.25840018260551,24.854612839594495,153.6,153.6,26,0.8387096774193549,0.35018828640818356,0.9506048387096774,0.25157319947547835,6.747448979592265e-07,1.2682412328291812,0.05039627416407741,0.2615986359533715,0.03973713585360559,0
509,-58.94479166666667,-14.161458333333334,-24.39375,1.967992303490342,1.4591571333926157,4.180455828913876,74.0,17.0,40.0,1766.328125,424.921875,732.765625,65.51856788927117,0.9412819657071542,1963.4109502354308,0.27201171074380165,0.003272278116749189,0.6913086770631272,-0.0001599000000000003,31.888016528925622,0.025115266000954938,0.021789637361512362,-0.0003333333333333262,-6.716097205560615e-07,0.2720409691611563,0.00011695084998109505,0.002937608954078744,15.0,68.09684600923809,23.448690835939008,153.6,153.6,27,0.9,0.3759081138011678,0.9619791666666667,0.2525483185685574,6.457270408163312e-05,3.2840998734388647,0.07414734002443622,1.5373188342527857,0.022577675126181425,0
510,-59.09375,-14.153125,-24.533333333333335,0.541566497148165,0.42877080245938703,1.4350280678633278,62.0,16.0,30.0,1770.96875,424.140625,735.234375,65.54840725394068,0.45763683367595465,1964.4044965803,0.2690410991735537,0.0030466095921029214,0.5007427891439955,-7.462499999999992e-05,31.870661157024795,0.016248867077612226,0.016347350442824322,-0.0003333333333333262,1.4592469905634422e-06,0.26904653041217763,0.00010466308928040488,0.002647792513115607,17.0,65.09355602787524,23.933183299813425,153.6,153.6,23,0.7931034482758621,0.329093489925898,1.011853448275862,0.26664216922783085,0.004580389030612253,2.265185239725804,0.04662218586049448,0.1015118918210324,0.020582063242712105,0
511,-59.04479166666667,-13.980208333333334,-25.026041666666668,0.5925527036451882,0.16015603827899286,1.6926153820632797,63.0,15.0,30.0,1769.453125,418.96875,750.21875,65.65925328584993,0.3749439219489476,1967.752748980614,0.2660915537190083,0.003379648111054212,0.5464646122656397,-6.395833333333369e-05,31.86586776859504,0.014752471230865588,0.010901651431798862,0.0001666666666666631,-1.1569760688869247e-06,0.2660893772250086,0.00010899293854836658,0.0030323930415252077,16.0,57.41995094194457,13.346349382436495,91.42857142857143,91.42857142857143,20,0.7407407407407407,0.3767113394806018,1.0949074074074074,0.2223954643962399,0.0006411747448979539,2.598236867078427,0.011968226322117356,0.0,0.004606287622873646,0
512,-59.403125,-14.019791666666666,-23.91875,0.7209590148140647,0.15351424449831647,2.180802246307537,63.0,15.0,27.0,1780.25,420.15625,716.828125,65.59414809133925,0.3152821563668083,1965.7914226637126,0.26247616528925616,0.0035194582212361276,0.5544843746179302,-3.197499999999983e-05,31.863884297520663,0.014280073432366754,0.010901651431798862,-0.0003333333333333262,-1.6953032460862523e-06,0.2624996803276144,0.00011273720320480349,0.0031867503566333547,15.0,55.81685075389075,11.288237908011743,87.27272727272727,87.27272727272727,19,0.7307692307692307,0.3554404178269545,1.1147836538461537,0.2030298551064203,0.00047306250000000056,1.0926511730288626,0.028561047818907948,0.0,0.02613921855749795,0
513,-59.666666666666664,-14.1375,-23.009375,0.6947221666888779,0.35037182630266756,1.997632876525364,63.0,15.0,26.0,1788.15625,423.671875,689.5,65.52770457254368,0.3566863049006258,1963.7777893417988,0.2591143140495868,0.0035381458141517134,0.6494579837815535,-0.00013857500000000005,31.85429752066116,0.0202801228369716,0.021817002711917166,-0.0001666666666666631,-1.3057792942701939e-06,0.2591402581652985,0.00011267710362769417,0.0031799908693061984,14.0,68.68071555195773,27.569169833173493,142.22222222222223,142.22222222222223,26,0.8666666666666667,0.3442639183448331,0.9791666666666666,0.28018703450651594,0.0015265765306122436,1.8672081363852662,0.06094219901564335,0.0852315698845093,0.03263813917050594,0
514,-59.65,-14.164583333333333,-22.90625,0.6803797958983399,0.38459371600286035,1.546354078954752,63.0,15.0,27.0,1787.59375,424.5,686.5625,65.4697859932488,0.4041930209711726,1962.033474978384,0.2556891404958678,0.0032611889919809804,0.6137484581999301,-0.0001385749999999998,31.844214876033064,0.02158021998048589,0.021817002711917166,-0.000500000000000019,-9.916599519697007e-07,0.25570149841353756,0.00011799508930556165,0.0028597712038724546,14.0,74.09912364118787,29.91167332129072,147.69230769230768,147.69230769230768,27,0.84375,0.3727355183411752,0.916015625,0.2797472330592331,0.0009324298469387728,2.3533375402684134,0.03754685215061167,0.2408148619490083,0.015954724517048754,0
515,-59.25833333333333,-14.208333333333334,-24.0375,0.6037498562226652,0.4162497914580725,1.3951739736200166,62.0,15.0,27.0,1775.890625,425.796875,720.390625,65.52516603944368,0.4063440701401605,1963.704480519712,0.25286638842975206,0.002996973697747463,0.5286904482239143,-8.528333333333327e-05,31.833140495867767,0.015213796362320207,0.01636788732738669,-0.0003333333333333558,-1.223761835355221e-07,0.2528710187232934,8.694026676834219e-05,0.0026714988543953275,15.0,79.26616634597927,31.398922357404555,147.69230769230768,147.69230769230768,30,0.8823529411764706,0.40860151308605325,0.8658088235294118,0.29347212018615515,0.00017556250000000105,5.224286623159481,0.016123271966359168,1.1425977503268145,0.003086215043195377,0
516,-59.041666666666664,-14.29375,-24.515625,0.640908643169125,0.5094548761503156,1.1518850605456836,63.0,16.0,28.0,1769.375,428.375,734.703125,65.52045589988656,0.5590769216802893,1963.541619155053,0.24995911570247936,0.002798837935334204,0.4473543839145861,-1.0658333333333353e-05,31.829008264462807,0.01281817915394544,0.01091535128011779,-0.0001666666666666927,-1.1928108778384367e-08,0.2499806380243304,8.991532556209272e-05,0.002408425893997468,16.0,75.21502550018451,29.724756018839262,147.69230769230768,147.69230769230768,28,0.875,0.3850714088573116,0.9033203125,0.28522145819065287,0.00022930612244898073,3.9452549877812673,0.025320868038997954,0.2477925813163286,0.006418056150342238,0
517,-58.99791666666667,-14.288541666666667,-24.730208333333334,0.5283581421620082,0.5031918520112936,0.9360399510333709,63.0,16.0,28.0,1768.09375,428.21875,741.09375,65.55657628914126,0.49359758846240126,1964.635499023837,0.24730566942148766,0.0027887555605804314,0.45201072968560413,-2.1316666666666706e-05,31.828016528925616,0.011896234192031412,0.01091535128011779,0.0,-7.098908823713469e-07,0.24732044792440955,7.987665856739115e-05,0.0025259681437331616,16.0,70.60447193659114,25.54089694697416,147.69230769230768,147.69230769230768,28,0.875,0.3266937872766504,0.93359375,0.24785456373773915,0.000385841836734691,4.385073667508069,0.02194675705696684,0.7196288640863855,0.005004877619180034,0
518,-59.00208333333333,-14.258333333333333,-24.659375,0.5322865704257018,0.4999305507323548,0.9352003044134448,63.0,16.0,28.0,1768.21875,427.296875,739.0,65.52699362805737,0.5016450290760675,1963.7566843594973,0.24474733884297523,0.0025718738595911493,0.40786051074449226,-6.395833333333346e-05,31.82586776859504,0.01309024123849535,0.01091535128011779,0.0,1.0366448412236308e-06,0.24474487923296456,7.54122050075278e-05,0.002291819665744308,17.0,68.60095310244292,25.285182881456794,147.69230769230768,147.69230769230768,24,0.7741935483870968,0.3078296843764963,0.9561491935483871,0.23369927304363577,0.00010433163265305782,2.266954560807533,0.00934272010320944,0.10575848820803477,0.004121264830240524,0
519,-58.97708333333333,-14.033333333333333,-24.782291666666666,0.20283365858642782,0.3210226714043038,0.5566819094095737,60.0,16.0,27.0,1767.46875,420.578125,742.6875,65.49632742142549,0.2792298433705551,1962.8433676821342,0.2425589669421488,0.0021922363272716904,0.4616223887946935,-7.461666666666658e-05,31.82289256198347,0.014962101795218195,0.01637817513192648,-0.0001666666666666631,1.5239999632725647e-06,0.24256091804081675,7.596426232703911e-05,0.0018788190491209078,16.0,62.58175878568351,19.42339156387795,142.22222222222223,142.22222222222223,24,0.8275862068965517,0.29100158013807614,1.019396551724138,0.2122119931370818,1.433163265306227e-05,2.066108241575342,0.03364744996255924,0.0908752914710698,0.016285424589809548,0
520,-59.259375,-13.736458333333333,-24.044791666666665,0.8026100813647516,0.6277638541658975,1.9898371893023197,65.0,16.0,27.0,1775.90625,411.671875,720.625,65.44710551393582,0.4357998559181224,1961.3588629120109,0.24096254545454546,0.001863157827697132,0.41655569601952996,-2.1325000000000047e-05,31.81611570247934,0.013809321371375478,0.01637817513192648,0.0,-6.308494071342555e-07,0.24096283953923045,8.701028273171634e-05,0.0014900458559463257,15.0,61.8088595088302,20.28559500352706,142.22222222222223,142.22222222222223,22,0.7857142857142857,0.3434341983715528,1.0424107142857142,0.24245222941008063,8.999999999999966e-06,2.7106345825041185,0.0675262538915953,0.0,0.02491160347744612,0
521,-59.516666666666666,-13.555208333333333,-23.567708333333332,0.9104333522498442,0.6064531088747827,2.202649672916059,65.0,15.0,27.0,1783.671875,406.21875,706.234375,65.47709308838309,0.4612815790984637,1962.2710083748002,0.23952482644628095,0.0018777905192917301,0.42328715728945804,-2.1316666666666706e-05,31.810165289256197,0.01246373059273286,0.01092221412460393,-0.0001666666666666631,-1.4173209014374532e-06,0.23950687006669927,0.00011171088763020335,0.001373267467111362,14.0,56.25522750881232,9.733058908934906,78.36734693877551,78.36734693877551,19,0.7307692307692307,0.29738443133425796,1.0985576923076923,0.1918451468594416,0.00040000000000000056,1.090058463505558,0.013958965219418001,0.0,0.012805703259737893,0
522,-57.221875,-14.2375,-25.482291666666665,8.492750623387082,3.0882590160153343,9.372705216830262,85.0,38.0,65.0,1715.484375,426.671875,767.96875,65.49245239085964,2.57818020400365,1962.7652271436853,0.23861579338842973,0.0018849369365663935,0.46910231579169104,0.0,31.80107438016529,0.01742998522507608,0.016388475877112913,-0.0003333333333333262,-3.0333284555276607e-06,0.23864115750079928,0.000115309367159995,0.0012651952540257577,14.0,57.32515137338474,10.99551176621641,80.0,80.0,21,0.7777777777777778,0.3558433281075449,1.0862268518518519,0.2141704145722563,1.5715561224489764e-05,2.430174141747775,0.007190381122721695,0.0,0.002958792540500983,0
523,-46.1125,-14.576041666666667,-36.60625,17.047050392467703,3.050691342127314,16.811552405141928,85.0,38.0,66.0,1382.0,436.875,1101.78125,65.22100054713201,2.7566669423430037,1954.5955236257823,0.23919726446280992,0.0025167610785995606,0.5599433111520364,-1.0658333333333353e-05,31.79016528925619,0.019497127191408673,0.016388475877112913,-0.0004999999999999894,2.2742971110114042e-06,0.23918937440030422,0.00010218960522431921,0.002101721427232892,14.0,65.25459800332365,23.437349848160526,128.0,128.0,21,0.7241379310344828,0.3358466446906981,1.0053879310344827,0.25421672370825793,0.00265961224489794,2.642950124570363,0.013040519596696583,0.001242620579165474,0.004934077066178631,0
524,-35.2625,-14.401041666666666,-47.76875,15.190109515185641,3.107551112199211,15.429161462552008,85.0,38.0,66.0,1056.5625,431.59375,1436.59375,64.83512234611483,2.747656946865136,1943.047524640531,0.23843613223140495,0.003011433114648644,0.6082700642209714,-3.1983333333333167e-05,31.76933884297521,0.02284462564751983,0.021871940139021044,-0.0004999999999999894,-7.267452713910858e-07,0.2384379052414504,6.853057845250573e-05,0.0027150139312430415,13.0,69.28047517561636,25.312281277486928,128.0,128.0,21,0.7,0.3478037814147214,0.9552083333333333,0.2579697542294876,0.0005505727040816245,2.5830373123716304,0.03415586792903931,0.21007362107945485,0.013223141518493554,0
525,-26.703125,-13.486458333333333,-56.80520833333333,5.522528729459751,0.8635102527458619,3.255535983510328,49.0,17.0,66.0,800.453125,404.171875,1702.3125,64.51858631251619,0.9836896026695686,1933.5573473947475,0.23666,0.004073869786986606,0.7549234003507131,-4.264166666666676e-05,31.749338842975213,0.023416302055769937,0.027348541605492882,-0.0004999999999999894,1.0252941502607245e-06,0.23667256311371476,5.5913785695071976e-05,0.0038761210696364725,14.0,68.79647402794798,25.0034915030991,128.0,128.0,21,0.7,0.30484978547242936,0.9552083333333333,0.23606106495754206,1.0727040816327791e-06,2.4874560884117787,0.03438651227179678,0.23727653372340535,0.013823967559464457,0
526,-28.778125,-13.310416666666667,-54.25,9.375374471687783,0.89063170075452,11.380538944473003,71.0,19.0,63.0,861.953125,398.859375,1626.46875,64.54354718757521,0.8649998720154756,1934.2898866030437,0.23311852066115704,0.002890558120774106,0.5259780567326191,-6.395833333333323e-05,31.724380165289258,0.02317353013992927,0.021899512736938784,-0.0006666666666666524,-3.369002941200752e-06,0.23312940450298916,8.647509193705057e-05,0.0025144101311017565,14.0,60.7864324735073,15.814607143101984,128.0,128.0,18,0.6428571428571429,0.23284609346248594,1.0306919642857142,0.18041304136193428,2.2903061224490193e-05,1.567438174352077,0.01942620775832197,0.0,0.012393603828330943,0
527,-40.39895833333333,-14.433333333333334,-39.228125,17.903625068169777,1.6657497477779255,22.377282021082046,71.0,19.0,63.0,1210.59375,432.515625,1175.78125,64.82552380155337,0.9754300868015485,1942.7435623150495,0.23169128099173553,0.001871948722646326,0.38567920553337565,-2.1316666666666706e-05,31.703553719008266,0.02302924852924769,0.027400305492412257,-0.000666666666666682,2.7596235165512486e-06,0.23164866673090284,0.00010774329070638404,0.0013075549813710667,15.0,58.980542202482766,18.841982088113042,142.22222222222223,142.22222222222223,21,0.7777777777777778,0.48211125793123566,1.0949074074074074,0.304525744275606,8.688903061224356e-05,2.3417414204163616,0.030325211803884873,0.0,0.012949854983772312,0
528,-52.25833333333333,-15.663541666666667,-23.958333333333332,16.44935197980624,1.6802541841233094,20.403694858747738,71.0,19.0,63.0,1566.40625,469.4375,717.640625,65.10845629035204,0.9411665566299356,1951.2160876386934,0.2313741570247934,0.0019134111895517654,0.43750454450055604,0.0,31.68206611570248,0.02349318013831739,0.032890754245432155,-0.000500000000000019,-1.257895609009527e-06,0.2313802393740669,0.00013951262482755916,0.0011707294153330912,14.0,60.71233287394566,20.05031225748928,142.22222222222223,142.22222222222223,20,0.7407407407407407,0.49223042395246464,1.072337962962963,0.3133134132534932,1.5433673469388e-07,2.751100033645967,0.039394545725195136,0.0,0.014319561354876104,0
529,-62.041666666666664,-16.503125,-11.772916666666667,0.5207499933322663,0.5400526835797289,1.6622323823868776,65.0,18.0,17.0,1859.3125,494.59375,352.84375,65.293567843086,0.4460455735242705,1956.776513466272,0.2316806776859504,0.0018822095562048967,0.43750454450055604,-5.330000000000011e-05,31.667190082644627,0.02013274707912181,0.021941002227316913,-0.0003333333333333558,2.027519678123494e-06,0.2316968520843346,0.00013410128387208322,0.0009514168018319084,15.0,62.84011573902627,19.665376033227645,142.22222222222223,142.22222222222223,22,0.8148148148148148,0.35126189071031405,1.0173611111111112,0.21735390030637833,2.290306122448966e-05,1.793557335996279,0.017648116662388292,0.0,0.009839728180524084,0
530,-62.20520833333333,-16.330208333333335,-11.501041666666667,0.49851232675888324,0.5794429421987024,0.7610292908930786,65.0,17.0,14.0,1864.203125,489.421875,344.703125,65.34087754858022,0.4132346163023234,1958.187297657645,0.23122614876033054,0.0020536389378275057,0.43750454450055604,-3.197500000000006e-05,31.65859504132231,0.01602197793858318,0.01646094549155403,0.0,-3.6238707538111813e-06,0.23124482412230288,0.00013726532121298752,0.0011656601591516047,16.0,60.05664664827953,12.874369738980045,98.46153846153847,98.46153846153847,22,0.8148148148148148,0.2861813929371746,1.0381944444444444,0.1886698331513494,0.00012898469387754934,2.0397731620311057,0.006150087240216015,0.0,0.0030150839096696716,0
531,-62.29895833333333,-16.040625,-11.378125,0.5354116001705811,0.38919739127465897,0.7864348782374376,65.0,17.0,14.0,1867.03125,480.703125,340.96875,65.33575430878544,0.46841993484292443,1958.0328672847104,0.23052852066115703,0.0017596383789801075,0.38779468726690114,-2.1316666666666706e-05,31.657107438016524,0.013075623432441662,0.01646094549155403,0.0001666666666666927,1.2867002094766304e-06,0.2305232254325683,9.613102890776086e-05,0.001103106529523991,16.0,59.34180298468563,12.036481810501233,89.30232558139535,89.30232558139535,23,0.8518518518518519,0.281166520730701,1.0474537037037037,0.18372361598231163,0.001173062499999996,1.6946541338367327,0.005467551532540383,0.0,0.0032263524594022797,0
532,-62.303125,-16.003125,-11.260416666666666,0.47080452529862826,0.3010236442125436,0.676153207285318,64.0,17.0,13.0,1867.140625,479.59375,337.453125,65.30826713542507,0.4196154207030913,1957.2000822664743,0.22923886776859506,0.0018460472220805265,0.4902920449996028,1.0658333333333353e-05,31.659752066115704,0.011242099883063888,0.010970496738532799,0.0001666666666666927,-1.484325823001304e-06,0.22926112436648932,9.64919363067227e-05,0.001302529141035856,15.0,58.86725289800798,11.161712796099803,89.30232558139535,89.30232558139535,23,0.8214285714285714,0.2735077621367885,1.0502232142857142,0.1666911619701359,0.0006520727040816344,2.011833379295692,0.01087307272707924,0.0,0.005404559263692958,0
533,-62.15833333333333,-16.089583333333334,-11.375,0.3707162736589204,0.285583892616902,0.57282196186948,63.0,17.0,13.0,1862.796875,482.1875,340.890625,65.21003648429651,0.34924926635844933,1954.2531228289731,0.22807593388429753,0.0018240706395608861,0.4424971380979434,-1.0666666666666694e-05,31.663553719008267,0.01156079897523817,0.010970496738532799,0.0003333333333333558,-1.0074466716105772e-06,0.22808226239906493,8.827493263450591e-05,0.001409847127023651,14.0,58.192652667236594,11.041026659316163,89.30232558139535,89.30232558139535,20,0.7142857142857143,0.27860121008218763,1.0619419642857142,0.16643596433945962,5.73265306122448e-05,1.1033276854320446,0.01495208407698602,0.0,0.013551807205065314,0
534,-62.083333333333336,-16.177083333333332,-11.510416666666666,0.30161601784756426,0.3817392125376811,0.5203122393225907,63.0,17.0,13.0,1860.5625,484.796875,344.9375,65.18390490320719,0.3065260776968697,1953.4773851173627,0.22663807438016534,0.0017478527377369926,0.3944377794827154,-2.1325000000000047e-05,31.670826446280998,0.012958087353732802,0.010970496738532799,-0.0001666666666666927,-1.606525099322397e-06,0.2266344606682666,0.00010380223910024756,0.0012674318980173602,14.0,58.551960527955195,12.102867351992543,85.33333333333333,85.33333333333333,19,0.7037037037037037,0.3257843484680177,1.0642361111111112,0.19674053560150087,0.0023280625000000068,1.0511173565108132,0.0496602708445992,0.0,0.047245220086029785,0
535,-61.989583333333336,-16.428125,-11.865625,0.44475629250435816,0.5093302638841849,0.9669893274359339,65.0,18.0,16.0,1857.75,492.328125,355.5625,65.22738508638399,0.4065933175839764,1954.7754261392229,0.2254328181818182,0.0017127370632802569,0.4958909805303079,-2.1316666666666706e-05,31.674628099173553,0.014260928667850621,0.010970496738532799,0.0,2.5664910887751116e-07,0.22544091295631197,0.00011401901803391099,0.0012575366086931437,15.0,61.273287052095824,15.513063924406017,120.0,120.0,22,0.7586206896551724,0.33928204297825726,1.0285560344827587,0.207657041181796,0.0006285765306122402,1.0876425289811475,0.016211901697577635,0.32943305073083157,0.014905542276619308,0
536,-61.796875,-16.903125,-12.459375,0.674992766164942,0.7623911295227668,1.5331121755136945,65.0,19.0,20.0,1851.96875,506.578125,373.375,65.2907911746389,0.5525360830111197,1956.677104406987,0.22393171074380164,0.0019012060827862368,0.3989670878047318,-5.329999999999987e-05,31.67942148760331,0.013379243864362844,0.010970496738532799,0.0,-1.3195414296345148e-06,0.2239349058337957,0.00011595938122312119,0.0015123462960996983,15.0,64.24312138605207,19.098312315176035,120.0,120.0,26,0.896551724137931,0.38993242174354487,1.0032327586206897,0.2467931209136937,0.0006871887755102096,2.601492858397939,0.037554626424014775,0.09964467690331387,0.014435798392751232,0
537,-58.21666666666667,-17.080208333333335,-13.180208333333333,7.080411161946898,7.1468833503327795,17.88079230039683,82.0,47.0,59.0,1744.75,523.78125,562.125,65.34626954877604,2.330158662417326,1958.3036156931148,0.2222719752066116,0.0024445636818104344,0.40123266379071604,-5.329999999999987e-05,31.68123966942149,0.014521016284692817,0.016450553474296123,0.000500000000000019,-2.281731264766299e-06,0.22227316250633636,0.00011907791937926858,0.002176251358909212,15.0,79.8918292808472,25.724125731967224,137.14285714285714,137.14285714285714,29,0.8285714285714286,0.34507390446169817,0.8339285714285715,0.26887677954135536,0.0011877869897959138,2.018675659341373,0.005869768796997077,1.3315531708707335,0.002907732487799545,0
538,-54.81666666666667,-15.7875,-14.501041666666667,8.29066576873588,8.269588487343249,25.98889985323729,82.0,47.0,59.0,1642.703125,485.28125,787.71875,65.32934840899549,3.00211505266064,1957.8618619160234,0.22002022314049585,0.004064916337946682,0.9677339292052474,-0.00014923333333333316,31.681900826446284,0.013256157127777468,0.016450553474296123,0.0,1.2447051191027944e-06,0.22003290216936053,0.0001491905687061228,0.003746252532050876,15.0,87.75107522561366,28.616517640182806,147.69230769230768,147.69230769230768,27,0.7297297297297297,0.3541092171542716,0.7694256756756757,0.2811187147931918,0.003489433673469393,3.393238000430176,0.015573820358920984,1.1880763060384218,0.004589663429723061,0
539,-50.853125,-18.422916666666666,-9.083333333333334,8.605369606687928,12.479578978998273,31.97934446204647,82.0,64.0,66.0,1524.0,569.46875,920.953125,65.14833940794,4.014442350794498,1952.432954276825,0.2167429256198347,0.0048557409494351484,0.9677339292052474,-6.395833333333346e-05,31.67247933884298,0.019509734452469504,0.021941002227316913,-0.0003333333333333558,-6.327265106784081e-07,0.21674742931481303,0.00014709349136875268,0.004598873389148459,15.0,89.00011437744527,27.111154722975353,147.69230769230768,147.69230769230768,24,0.6153846153846154,0.32986303477432316,0.7572115384615384,0.30501546192660434,0.004215719387755093,4.9624686207750415,0.05811321192943183,8.693087747820883,0.011710544966701607,0
540,-50.52291666666667,-23.827083333333334,1.5145833333333334,8.313110618758914,12.95518299728165,29.223025236841163,74.0,64.0,66.0,1514.0625,720.40625,799.0625,64.8168494537029,3.5063908646944673,1942.4526185032746,0.21249305785123968,0.005774839045801858,1.185985023471449,-0.00013857500000000005,31.65859504132231,0.02086183534012928,0.02743492375018074,-0.0008333333333333452,1.1062482459842295e-06,0.21249748246019748,0.00014306772335088457,0.005560051747811621,16.0,79.58694606116617,28.814934947179104,147.69230769230768,147.69230769230768,19,0.5757575757575758,0.3669588716417175,0.8622159090909091,0.33273623453633056,2.7938775510203515e-05,5.013040310977607,0.02994111412184434,2.753706930672163,0.005972645792669766,0
541,-50.640625,-30.35,9.764583333333333,8.022560352491903,10.25408455202121,20.80461677111731,73.0,64.0,66.0,1517.609375,915.484375,616.59375,64.60185333462931,3.1436980449321608,1936.0688568030023,0.20748206611570247,0.0050381533507537594,1.0411187453410613,0.0,31.641239669421488,0.018700344626421686,0.01647135064664589,-0.0003333333333333558,-2.543895479823877e-06,0.2075079911388456,0.00011224676267047138,0.004791756018682638,16.0,71.66258908063946,24.833497579097294,142.22222222222223,142.22222222222223,22,0.7333333333333333,0.4381537603084262,0.9390625,0.3225556617824537,0.0006984693877551025,2.315667366595453,0.06050545195259583,0.21715965851856422,0.02612873196963186,0
542,-52.703125,-30.529166666666665,13.651041666666666,7.666647913813116,8.03943297993639,12.51374656454242,72.0,45.0,31.0,1579.515625,914.9375,502.453125,64.59195564718168,1.9706426208679706,1935.773173721321,0.20489204958677684,0.003970651048582243,0.989334083847455,-9.593333333333328e-05,31.629834710743804,0.015953624478695697,0.01647135064664589,-0.0003333333333333262,1.731572700900258e-06,0.2048820854347733,0.00011156404482386056,0.0037304614873272116,16.0,63.919497454201064,21.3861915412103,142.22222222222223,142.22222222222223,21,0.75,0.5441566035099809,1.0424107142857142,0.36920884415123345,0.003426429846938779,6.518686821887421,0.24325626224411778,0.0,0.03731675855746746,0
543,-54.184375,-26.535416666666666,13.158333333333333,6.9442996425875565,9.744912980271067,15.353200444496546,68.0,45.0,45.0,1623.8125,795.578125,522.046875,64.7043327121844,2.3395056324524566,1939.111537529271,0.20255580991735536,0.004148518547315697,0.7790101176213405,3.1983333333333404e-05,31.622066115702484,0.011916885400116066,0.016481768964499398,-0.0001666666666666631,-9.498937126287405e-07,0.20256178014903406,0.00013280526401153567,0.00389987879367612,15.0,68.47704752171816,26.40313334383635,142.22222222222223,142.22222222222223,24,0.8275862068965517,0.6548334520230261,1.0161637931034482,0.42829137920276367,0.002858429846938797,7.504315537617222,0.23764703551123248,1.2777402116954073,0.03166804944701065,0
544,-55.02916666666667,-19.573958333333334,20.457291666666666,6.600914025513605,10.728988621095525,14.14140820421587,68.0,45.0,57.0,1649.1875,586.40625,653.1875,64.67446749113333,2.392854934662475,1938.2213826203542,0.20362359504132235,0.004216904449181789,0.6633276416506371,-2.1325000000000047e-05,31.620082644628106,0.011244529819302204,0.01099132021147805,0.0,3.5944323566684114e-06,0.20360794425833825,0.00011406564800097367,0.004076261600777978,14.0,66.72376070698157,22.122709219893704,137.14285714285714,137.14285714285714,25,0.8620689655172413,0.523395853886971,1.0005387931034482,0.3435658489552927,0.0009258979591836717,7.029229979398477,0.062022414380129856,0.5358305640732051,0.008823500520242958,0
545,-56.02916666666667,-16.645833333333332,20.417708333333334,6.5991779264962664,9.105377493852496,15.763866216179242,86.0,41.0,57.0,1679.078125,498.921875,663.8125,64.78273614782418,3.374569928360324,1941.486059803884,0.20051547933884298,0.005950127568740345,1.015008870054979,1.0658333333333353e-05,31.618595041322315,0.012284895323015967,0.01099132021147805,0.0,-2.960141549197904e-07,0.2005117343924151,0.00013526375734017652,0.005772852820258275,13.0,75.2454888603578,31.349711819297145,153.6,153.6,29,0.9354838709677419,0.545049034969179,0.9304435483870968,0.36006111549827274,0.0011294400510204058,10.443992498140767,0.016513363094803935,1.5920288080923295,0.0015811350973053296,0
546,-56.807291666666664,-14.879166666666666,21.233333333333334,5.707939368248162,8.03857777463706,14.753733049262104,86.0,32.0,57.0,1702.484375,445.859375,680.328125,64.83679243791543,3.2209814284891003,1943.0922125541583,0.20050486776859505,0.005902281955314871,1.015008870054979,-0.0001279166666666667,31.615454545454547,0.013111095547141498,0.01099132021147805,0.0003333333333333262,3.42687792872551e-07,0.20050670072350293,0.00010753606972491196,0.005735464439542521,14.0,70.24513742285913,28.802851394105062,153.6,153.6,27,0.9,0.44067314483854875,0.9640625,0.29126134411026233,4.460331632652993e-05,5.289888166160561,0.0101744713171424,0.09701585148155473,0.0019233811750933676,0
547,-58.15625,-18.113541666666666,15.717708333333333,4.98963117583187,7.657146985437672,13.742365265178961,86.0,31.0,44.0,1742.859375,542.78125,524.109375,64.9390457676987,3.5492841692467265,1946.1411111354298,0.19654044628099177,0.0048976283144618465,1.015008870054979,-5.330000000000011e-05,31.610991735537187,0.014281986497340488,0.01099132021147805,-0.0001666666666666631,3.7014973016310095e-07,0.19652941083778527,0.00010298841336862237,0.004706092916245959,14.0,72.46240882167368,29.29295504293308,153.6,153.6,24,0.7741935483870968,0.5122681131904139,0.9501008064516129,0.3435533563929564,0.0010608979591836733,5.040940374608158,0.058192858380163776,1.144935142552836,0.011544048144923201,0
548,-58.030208333333334,-19.947916666666668,9.791666666666666,3.6023898257402993,7.389138695390838,17.37210207647755,84.0,31.0,33.0,1739.109375,597.921875,524.328125,64.99004576649762,2.6384957081409115,1947.6575465444798,0.1958955702479339,0.004748569724336308,1.015008870054979,-9.594166666666662e-05,31.606694214876033,0.013690101977420308,0.01099132021147805,0.0,1.2590348894249164e-06,0.19590493858465802,9.771263298690996e-05,0.004612496106464174,15.0,66.53508258528831,17.998788750176892,112.94117647058823,112.94117647058823,20,0.6666666666666666,0.4539602883807395,0.9755208333333333,0.29593280677963407,0.00026174617346938863,4.037975511133095,0.02192783346465572,0.29905650243154797,0.00543040278580158,0
549,-57.81875,-24.258333333333333,-1.5083333333333333,3.354173783636342,5.033836895340262,16.526554810028884,84.0,33.0,33.0,1732.859375,726.859375,453.515625,65.09865010628963,2.3732722148006067,1950.9641753645742,0.1918043140495868,0.0034604657333161806,0.7597891240159415,-5.330000000000011e-05,31.599256198347103,0.014780224070153837,0.016492200470109464,-0.0003333333333333262,8.717342657093733e-07,0.19180388313379473,0.00010431765562262322,0.0032430609858496206,16.0,68.20628075993504,16.1157595709344,112.94117647058823,112.94117647058823,18,0.5806451612903226,0.4102170093885268,0.9349798387096774,0.2596456023260013,0.0007406173469387782,2.5255200705505207,0.007164639446727959,0.5849203732166834,0.0028368966575530673,0
550,-58.177083333333336,-24.741666666666667,-5.757291666666666,3.039650444769742,4.976395672461032,13.780966983425506,69.0,34.0,33.0,1743.421875,741.71875,406.484375,65.20217946659935,1.5698198852217968,1954.045728571359,0.1896688429752066,0.0033531516345721873,0.7597891240159415,-8.527499999999993e-05,31.59231404958677,0.015034963690931021,0.016492200470109464,-0.0001666666666666631,-5.231789342461866e-07,0.18966594488686586,0.00010995481668864692,0.0031026247811297234,16.0,69.22368509936084,16.151319918808248,106.66666666666667,106.66666666666667,24,0.75,0.29724616017352223,0.912109375,0.19989735830526095,3.582908163265139e-06,1.3804096656705658,0.010234884092608058,0.6053057216442745,0.0074143816485349135,0
551,-57.13125,-27.0625,-8.852083333333333,4.2653475947648944,5.673793006740142,11.43491527412376,79.0,41.0,35.0,1712.125,811.09375,387.75,65.20581182269903,2.0155696984795206,1954.1525612764237,0.18668761983471074,0.002432438215794225,0.5366937058553006,-8.527499999999993e-05,31.57876033057851,0.016240457996120814,0.016502645188532398,-0.0004999999999999894,-5.489784018581489e-07,0.186694388331119,9.657842014631356e-05,0.0020946451052857463,16.0,72.40253253992535,21.90777154457149,147.69230769230768,147.69230769230768,27,0.8181818181818182,0.3384377344470564,0.8944128787878788,0.22954397001720178,0.00020306249999999947,0.9135628363424402,0.048934121881035006,0.6530199385689004,0.05356404609993628,0
552,-58.75208333333333,-23.952083333333334,-4.228125,5.099121230799371,7.387616033587711,11.3384045314016,79.0,41.0,35.0,1760.921875,717.625,283.609375,65.17312700102117,2.233265600438012,1953.2328605835237,0.18450980165289255,0.0028051638617444343,0.6698478512032802,-6.395833333333323e-05,31.567190082644636,0.01652561950406575,0.016502645188532398,-0.0003333333333333262,-1.7014928762697018e-06,0.1845308163095478,0.00011062725039008269,0.0024837616656424987,15.0,72.00494258472445,23.0371070917879,147.69230769230768,147.69230769230768,27,0.84375,0.3334580054991207,0.90869140625,0.25024735611501214,0.00022822576530612495,2.4976948766541223,0.06336761207749458,0.5809118127119421,0.025370437626224773,0
553,-57.09375,-25.63125,-10.522916666666667,5.955526363876944,7.666041358104368,12.05557857700695,79.0,48.0,41.0,1710.953125,768.265625,380.140625,65.25024267661497,3.060772883252476,1955.4711198469658,0.18275486776859504,0.0025718401713194314,0.6698478512032802,-4.264166666666676e-05,31.554793388429758,0.012603238043443205,0.016513103144885938,-0.0004999999999999894,-4.479016417424711e-07,0.18276269963899955,0.000163161960129099,0.002140044974267987,15.0,73.65485046758742,23.643701636120696,147.69230769230768,147.69230769230768,26,0.8125,0.4562082255511006,0.9033203125,0.30198211728132984,0.004648317602040832,3.708621273995802,0.09174368041339234,0.4223365586868405,0.024737948050042976,0
554,-58.14375,-23.347916666666666,-6.45,6.263000021621694,7.996600568974433,13.989415641834364,73.0,53.0,41.0,1742.71875,699.5,357.453125,65.2328619902985,3.3123455769796353,1955.07592825536,0.18132769421487602,0.002439196466536306,0.7973712094184155,1.0658333333333121e-05,31.548677685950416,0.011422910772344216,0.01101222288625351,0.0,1.7146447329345631e-06,0.18133272545202778,0.00015672314726949925,0.0018827355257648292,15.0,73.84306398803923,24.642861456861628,147.69230769230768,147.69230769230768,25,0.8064516129032258,0.5403404236566981,0.920866935483871,0.3638491536175252,0.00026638903061224816,5.743322146656258,0.10177327717841751,1.5173996082229626,0.0177202801061176,0
555,-56.434375,-26.208333333333332,-8.541666666666666,6.330635304562648,6.993623087419631,15.384865849991094,73.0,53.0,43.0,1691.375,785.1875,437.25,65.2283550755369,3.952086259983171,1954.872776793697,0.17981607438016528,0.0029646973509782283,0.7973712094184155,-1.0658333333333353e-05,31.543553719008266,0.012911619735164885,0.01101222288625351,-0.0001666666666666631,3.0412481198532366e-06,0.17981560443085612,0.00014842614727222122,0.0026607107249238303,16.0,77.32925237953236,28.037315841643977,147.69230769230768,147.69230769230768,28,0.8484848484848485,0.5221240517258566,0.9010416666666666,0.3899457478129153,0.00132704081632653,13.159725795424919,0.11278607802291124,9.670107329901759,0.008570549248231463,0
556,-56.48645833333333,-25.829166666666666,-1.2583333333333333,7.112329666848307,7.430229873444174,17.1850811429242,79.0,53.0,69.0,1692.84375,773.953125,402.171875,65.15234991623376,3.967504512826847,1952.4950361693427,0.17719428099173554,0.003743128755429251,0.8870586890184045,-7.461666666666658e-05,31.538595041322314,0.013317842696517855,0.016523574364353096,0.0,2.5327191869588263e-06,0.17718592229868807,0.00012229453970253817,0.0034865838400584097,15.0,83.68220385749663,30.00291798514768,147.69230769230768,147.69230769230768,34,0.9444444444444444,0.5093571973225526,0.8298611111111112,0.35675710469665944,0.0005897959183673439,5.680837046756877,0.09564420278487257,1.2345448571727082,0.01683628697631359,0
557,-54.459375,-26.959375,-6.807291666666667,7.802671526003663,7.5976569596186465,20.478274793015743,108.0,46.0,69.0,1632.171875,811.90625,513.015625,65.23836535112586,4.57079256216619,1955.2435778229233,0.1755450991735537,0.004226496261836942,1.2500288328948184,-6.395833333333323e-05,31.531157024793384,0.013185897967060302,0.016523574364353096,-0.0003333333333333262,-1.8667971370572778e-06,0.1755439897431293,0.0003062480447091482,0.003757877181983747,14.0,87.63886393528288,28.118453587836473,147.69230769230768,147.69230769230768,36,0.9230769230769231,0.3978363951251622,0.7644230769230769,0.2728074154229744,0.0012831747448979584,3.7002891335761396,0.020115411288959183,4.542268143876492,0.005436172840233885,0
558,-49.5,-26.525,5.385416666666667,12.986691906204085,8.696826528491107,28.42730853703393,108.0,46.0,69.0,1483.765625,799.484375,718.203125,64.94121101565587,4.227088653757308,1946.2546028755535,0.176063041322314,0.00567037458846407,1.5363304594332428,0.0001598916666666665,31.52338842975206,0.011891640164366654,0.011019208123068556,0.0,4.052310370176456e-08,0.1760463529237036,0.0003487600410653861,0.005137173230799246,14.0,84.05040911465616,25.97305726213205,147.69230769230768,147.69230769230768,32,0.8421052631578947,0.2665177763010555,0.7796052631578947,0.22610944588484533,0.0008306747448979637,0.9003272572991596,0.02714950489995457,0.918690890894786,0.030155151562775987,0
559,-48.385416666666664,-24.483333333333334,9.180208333333333,14.895937499635783,14.92459286621321,27.686109332237297,108.0,50.0,69.0,1449.9375,811.34375,725.59375,64.87868551247018,5.1737437612742525,1944.220097285449,0.17700396694214873,0.005392924066068263,1.5363304594332428,2.1316666666666706e-05,31.51181818181818,0.016262312563635695,0.016544556693688532,-0.0003333333333333558,4.107203002570036e-06,0.17697827213918227,0.00036925881200129554,0.0048877810370724145,15.0,83.65883646673593,28.317925597318048,147.69230769230768,147.69230769230768,31,0.8378378378378378,0.31565250155212,0.799831081081081,0.26119966897855545,0.0022022908163265333,1.535300746081999,0.035091540557827525,1.0179977476411612,0.02285646030419718,0
560,-43.19375,-17.998958333333334,29.584375,18.62116746082712,17.519364255444046,21.66047585333038,93.0,50.0,69.0,1294.5625,662.828125,936.828125,64.50344808930463,5.201459851847726,1933.049992667767,0.1784205619834711,0.0049746261621120445,1.3369912230292695,4.264166666666676e-05,31.500909090909094,0.0160577470296882,0.016544556693688532,-0.0001666666666666927,4.758405981840951e-06,0.17840954570823347,0.0002553180832851043,0.00441096248283777,15.0,81.68352965748417,31.62672029200703,142.22222222222223,142.22222222222223,26,0.7647058823529411,0.4296939565630615,0.8478860294117647,0.31420282439846037,5.36033163265311e-05,3.667424173712998,0.07957884484056323,1.4051686473027283,0.02169883849568333,0
561,-46.65416666666667,-16.025,25.28125,17.707319088601626,17.608396434655823,23.45745400586986,93.0,50.0,67.0,1398.453125,606.53125,861.71875,64.89198893848369,5.953166239437393,1944.6950940377278,0.17848398347107436,0.0041870650581737655,1.2804897467222067,-0.0001705583333333332,31.49264462809917,0.013833041952336571,0.016544556693688532,-0.0003333333333333558,6.536937478722443e-06,0.17845896808483813,0.00023280116788419432,0.003399817907723649,14.0,89.42479133982856,32.830470381198126,142.22222222222223,142.22222222222223,30,0.8333333333333334,0.5294151612358949,0.78515625,0.3357128407383786,0.00039857270408163244,4.307268612899866,0.05295275112513239,3.7571405358495316,0.012293812131090192,0
562,-47.44479166666667,-5.7625,25.886458333333334,16.32230943749272,20.03995618133932,24.992178442263302,102.0,49.0,67.0,1421.40625,530.59375,948.40625,64.87699392881932,6.158381180143142,1944.1684636936186,0.17745851239669422,0.004212475460586645,0.9470740695124196,5.329999999999987e-05,31.48818181818182,0.010601730717901046,0.01103320521558725,-0.0001666666666666631,-1.979098359648633e-06,0.17747319891132562,0.0002233592568635313,0.003488422277804964,15.0,87.08151166721373,32.50930269018884,142.22222222222223,142.22222222222223,31,0.8611111111111112,0.5612958341132216,0.8116319444444444,0.3573490684507349,1.961224489795968e-05,3.9312887993409364,0.02795615656046421,2.8574166882446566,0.007111193806252783,0
563,-55.99375,-5.314583333333333,16.290625,10.857407345717178,19.460028365679623,20.029663304942872,106.0,49.0,67.0,1677.984375,502.71875,665.796875,65.40068647658069,7.031565737823179,1959.7226747146474,0.17738450413223142,0.003923044685617897,1.1246715481844958,-1.0658333333333353e-05,31.48355371900827,0.012911619735165367,0.016555067854239533,-0.0001666666666666631,-4.906318533452426e-06,0.17738394224192042,0.00022938357122406829,0.003177806715656067,15.0,88.29526723221474,30.132104771320915,153.6,153.6,31,0.8378378378378378,0.43222106602200044,0.7723817567567568,0.2989357826528838,0.002219082908163269,4.738365293628485,0.028937025135544952,2.846228616576412,0.006106963761205908,0
564,-59.91354166666667,0.471875,13.15,9.360924097363316,14.902504006073666,16.173550939728727,106.0,46.0,57.0,1795.515625,338.265625,511.328125,65.45160391273545,7.082405094108978,1961.5151012014128,0.17737400826446284,0.003884801588253509,1.1246715481844958,3.1983333333333404e-05,31.47495867768595,0.014381115196136031,0.011040217105122237,-0.0001666666666666631,-2.325104022795955e-06,0.1773816077882303,0.000235519847833717,0.003098339491049385,15.0,88.96082952720887,33.54664126920223,153.6,153.6,32,0.8421052631578947,0.4426354603509926,0.780016447368421,0.3049958708346633,7.408290816326625e-05,2.804141160498355,0.009617656847941265,1.6276456910275725,0.003429804812761995,0
565,-62.578125,-5.473958333333333,10.869791666666666,8.301113167383537,8.64516657820603,11.488886113251533,106.0,46.0,55.0,1875.5,213.375,361.546875,65.54041314655863,6.650898654447951,1964.2389866546114,0.17927692561983474,0.003347363519496748,0.9922883227292831,1.0658333333333353e-05,31.46801652892562,0.01394320443567781,0.016565592379277287,0.0,-8.144348026287876e-07,0.17924494521695522,0.00022485596377667754,0.002381803318151047,16.0,90.33258189477972,30.124374016858322,153.6,153.6,31,0.7948717948717948,0.3691898441671767,0.7395833333333334,0.24294774012894357,3.906249999999891e-05,1.895630257375297,0.006604147426160038,2.178152376118893,0.0034838795173612533,0
566,-63.45520833333333,-4.234375,7.430208333333334,6.812524767411655,6.734725435584463,10.035111482021374,97.0,27.0,51.0,1901.546875,141.609375,253.828125,65.33771986264165,4.8118850932834825,1958.0152219073516,0.18012261983471076,0.0030210891480719824,0.9267947559689033,4.263333333333318e-05,31.462892561983466,0.014962101795217342,0.016565592379277287,-0.0001666666666666631,-4.994359084246618e-06,0.18014498614031477,0.0002023815721101967,0.0024080597573737698,16.0,84.45339456513912,29.83452806573274,153.6,153.6,31,0.8378378378378378,0.388073262677115,0.7964527027027027,0.26017832104673017,0.00361286862244896,4.387213829807317,0.012018607804671967,2.5119553693029255,0.0027394625087603297,0
567,-63.93958333333333,-3.457291666666667,6.679166666666666,5.733535833996525,6.32457582226644,7.153756540370162,97.0,27.0,51.0,1916.140625,105.640625,202.953125,65.2424995723828,3.5072246217815275,1955.2250187553377,0.18158139669421489,0.0025345570805763652,0.749197277296828,3.197499999999983e-05,31.465371900826447,0.015159827421881465,0.016565592379277287,0.0,9.063315909334461e-07,0.18158117986497335,0.0001304171398602941,0.002142229783143871,15.0,73.37160569510411,18.651182897462544,123.87096774193549,123.87096774193549,28,0.8484848484848485,0.3130122754307129,0.8697916666666666,0.2116217740510774,0.0003214336734693891,2.3875923226264812,0.007427216557312251,0.8533961578714366,0.003110755754626447,4
568,-65.015625,-1.2833333333333334,4.745833333333334,1.5997283704976293,0.7561782564683776,2.4005171607153506,78.0,7.0,30.0,1948.65625,39.25,143.015625,65.25537399167335,1.3531285502526935,1955.772079217074,0.18313546280991733,0.0017280991278640029,0.5518539191415858,3.1983333333333404e-05,31.46851239669422,0.014354494042442798,0.016565592379277287,0.0001666666666666631,-1.7571333503855604e-06,0.1831348937875311,7.088683647462822e-05,0.0013712356468399312,14.0,70.29852737158124,16.935340765223728,123.87096774193549,123.87096774193549,26,0.7878787878787878,0.2602277960929136,0.896780303030303,0.18757650719485988,0.0004746173469387774,1.0088654665623271,0.00839200366314933,0.9504432764185797,0.008318258421258863,4
569,-64.99791666666667,-1.0083333333333333,5.128125,1.4426523003559182,0.6422075642310324,2.495253958559796,78.0,7.0,30.0,1947.921875,30.984375,154.171875,65.26329510529241,1.2107244385833127,1955.869479761145,0.1846579008264463,0.0017611569657282715,0.3614393983961379,2.1325000000000047e-05,31.47479338842976,0.010609458866698096,0.011040217105122237,0.0003333333333333262,9.080867573145942e-07,0.18465724131267294,6.479078771451591e-05,0.001505534602511341,14.0,70.76037055839214,18.66568750791083,142.22222222222223,142.22222222222223,26,0.7878787878787878,0.3000320417459088,0.8939393939393939,0.18386459815770217,0.0016897971938775486,1.5990236779862732,0.020717079600382184,1.4815347587750731,0.012956080566907046,4
570,-64.97291666666666,-0.7208333333333333,6.09375,0.8739850264100003,0.5784167807232274,1.9951927903922801,73.0,4.0,15.0,1947.15625,22.109375,182.78125,65.29595446749396,0.806740465674733,1956.8403103665557,0.18573632231404957,0.0016154930277039086,0.4231609869997299,3.1983333333333404e-05,31.474628099173557,0.011137111092841425,0.011040217105122237,0.0,-5.463113724374308e-07,0.18574732669963334,7.166658102459729e-05,0.0012741689259957631,14.0,69.66252168802347,17.86214491752016,142.22222222222223,142.22222222222223,26,0.8125,0.30377175765032494,0.90478515625,0.18181314786531347,0.0001774604591836726,0.6434426929769369,0.013764248179174612,0.4446583301097319,0.02139156809053696,4
571,-64.95833333333333,-0.396875,6.854166666666667,0.6294287533593899,0.5202069149626906,1.3999937995894443,68.0,2.0,15.0,1946.71875,12.140625,205.421875,65.33785270746952,0.5603230410656593,1958.0940213570466,0.18623319834710741,0.0014639983325411348,0.481957592711546,-1.0658333333333353e-05,31.47495867768595,0.012406607606475904,0.011040217105122237,-0.0001666666666666631,1.687467588794809e-06,0.18622163852249682,6.675189533038076e-05,0.0009170506223541378,16.0,66.8014919746475,18.40540579332457,142.22222222222223,142.22222222222223,28,0.9032258064516129,0.31120826778461397,0.9485887096774194,0.19669144462497004,0.0008893176020408159,0.9676989103409367,0.006292930900595715,0.3222826370210776,0.0065029843821758655,4
572,-64.959375,-0.11458333333333333,6.685416666666667,0.5198313278122049,0.3375707230426767,1.2149227656064763,68.0,2.0,15.0,1946.75,3.671875,200.34375,65.31518655738704,0.46362338206107817,1957.4122462957248,0.18601119008264463,0.001576656748014188,0.481957592711546,-4.264166666666652e-05,31.47181818181819,0.011499191491521135,0.011040217105122237,-0.0003333333333333262,-6.906919503177816e-07,0.18602751268872658,8.083385755875495e-05,0.0009783465770737292,14.0,61.67961898303168,9.980037687080385,91.42857142857143,91.42857142857143,24,0.8275862068965517,0.24173705230137382,0.9962284482758621,0.1480985338241673,9.436734693877626e-05,0.52320733075585,0.0016086896728348145,0.1439817310391494,0.003074669597061695,4
573,-65.003125,-0.052083333333333336,5.980208333333334,0.05581428468591172,0.2221950938302244,0.7462572991919222,66.0,1.0,8.0,1948.0625,1.5625,179.21875,65.2822634956685,0.08557384008545386,1956.4277820486996,0.18621203305785122,0.0014800569674868456,0.4202360041079538,1.0658333333333353e-05,31.472644628099175,0.011190949342023403,0.011040217105122237,0.0,1.0364020467272508e-06,0.18620792880677106,8.16657826827989e-05,0.0009034745649048169,15.0,59.23609471503196,9.611755529809109,91.42857142857143,91.42857142857143,21,0.75,0.22624798571847365,1.0345982142857142,0.13643031710504325,0.00020921556122449115,0.6611482734733793,0.0035223215543716342,0.0,0.005327581868839982,4
574,-65.00208333333333,-0.015625,5.735416666666667,0.06451609403000842,0.12401959270615269,0.5597579772147563,66.0,1.0,7.0,1948.03125,0.46875,171.875,65.25712816939736,0.0786219827846799,1955.6737222605648,0.1864445867768595,0.0014523934630104195,0.481957592711546,1.0658333333333353e-05,31.473305785123973,0.010396155499845324,0.011040217105122237,0.0,-1.2610932487958528e-06,0.18644325404065007,8.09851594943111e-05,0.0008854147956833577,14.0,60.56337297551046,11.981212507318746,91.42857142857143,91.42857142857143,22,0.7857142857142857,0.2940441297347755,1.0239955357142858,0.17093299805426732,0.001060897959183677,0.9458185722725148,0.033408530285893065,0.0,0.03532234538979554,4
575,-64.984375,0.0020833333333333333,5.685416666666667,0.4142835494863391,0.24151396037404452,0.7180673086293667,70.0,4.0,12.0,1947.5625,0.953125,170.28125,65.23729068989226,0.36666757309663434,1955.1262550567703,0.18738536363636366,0.0018105795702385728,0.5984152944588932,9.594166666666662e-05,31.47545454545455,0.010909090909090677,0.011040217105122237,0.0003333333333333262,-1.6846940585216952e-06,0.18740822014366787,8.626796092764281e-05,0.0011953449682981694,15.0,61.18193180445397,11.173253299010437,85.33333333333333,85.33333333333333,24,0.8275862068965517,0.2955651319249641,1.0102370689655173,0.1643009792849551,1.3890306122449827e-06,0.3954543291162482,0.005164127142773214,0.5756024618659943,0.013058719458992599,4
576,-64.88229166666666,-0.26458333333333334,6.83125,1.1822026398199348,0.6557405429910691,2.1681074936835274,74.0,5.0,23.0,1944.4375,9.859375,204.703125,65.28421270469026,0.9734542595431778,1956.4810049888395,0.18914029752066122,0.0026452574798348037,0.6560413424438115,3.1983333333333404e-05,31.474462809917355,0.013233467042147219,0.016565592379277287,0.0001666666666666631,-9.381337859085709e-08,0.18913919856057482,7.226371989988936e-05,0.0023195692530168575,16.0,70.30261667167413,22.09826872339298,153.6,153.6,28,0.875,0.3282689776286926,0.9189453125,0.22205364933085955,0.0013769400510204026,0.8529878759347079,0.03031806668640288,0.56156546495157,0.035543373524717696,4
577,-64.85104166666666,-0.5322916666666667,7.65,1.1944746746013029,0.695969765816415,2.1204362758640025,74.0,5.0,23.0,1943.5,17.890625,229.28125,65.34440053387314,0.9900263643422995,1958.2886655903076,0.19148723140495866,0.0025217991143027326,0.6471513378528766,6.395833333333346e-05,31.47528925619835,0.013549686963252074,0.016565592379277287,0.0,-4.3360118456310525e-07,0.19148700935348098,7.236618601703639e-05,0.002224383595908676,17.0,72.114183581649,20.62787942382617,153.6,153.6,26,0.7878787878787878,0.2617041740344071,0.8839962121212122,0.19424539181005004,0.0003150625000000002,1.0077579596873987,0.021811809598141236,1.0205503624616943,0.02164389711683066,4
578,-64.85416666666667,-0.7510416666666667,8.383333333333333,1.1418111222478475,0.6873097906067459,1.5387133875055774,74.0,5.0,23.0,1943.609375,24.5,251.25,65.42296547998082,0.9416100423768571,1960.6576533796317,0.193686173553719,0.001785750145302903,0.4034995060118022,3.197499999999983e-05,31.471652892561984,0.015553007598277676,0.016565592379277287,-0.0001666666666666631,2.0396643443380318e-06,0.19366937443455393,6.0629151054504915e-05,0.0014568280642153217,17.0,73.60109338551207,20.80046473986497,153.6,153.6,26,0.7647058823529411,0.28964736593124596,0.8681066176470589,0.20003271132389597,8.16326530612233e-06,0.8827912726140899,0.006154420950412362,0.35593468844427123,0.006971547115761704,4
579,-64.95416666666667,-0.4979166666666667,8.040625,0.2922315957516496,0.6123688918635746,0.5414252266395302,67.0,3.0,11.0,1946.59375,16.484375,240.953125,65.45699067986557,0.28150690221101804,1961.6609985934942,0.19463756198347107,0.0013344281834315943,0.3447029002999874,3.197499999999983e-05,31.467685950413227,0.01630090655991917,0.016565592379277287,-0.0001666666666666631,5.747045775082777e-07,0.19463541845514137,6.673247228538716e-05,0.00088334937659017,16.0,67.2557783939792,13.044945619764112,96.0,96.0,25,0.8064516129032258,0.2911872920690393,0.9254032258064516,0.175332241383684,2.1556122448972438e-07,1.042617233750521,0.004224528316200334,0.4284507485316389,0.004051849690805308,4
580,-64.590625,-1.0135416666666666,8.564583333333333,2.8610377679043317,4.217377734635258,3.2761759710149203,73.0,27.0,35.0,1935.84375,31.546875,256.53125,65.43520392964261,1.125797503735366,1961.0414150880679,0.1952400743801653,0.0016175671772696077,0.5708747983576404,5.329999999999987e-05,31.461404958677683,0.015174237907475381,0.016565592379277287,0.0,5.39254756482174e-07,0.1952355172107255,9.039487794521847e-05,0.0009196013530721178,14.0,64.5409909735116,13.230465969786167,96.0,96.0,25,0.8333333333333334,0.2866607174310834,0.9651041666666667,0.17574633140828919,8.035841836734738e-05,1.1530718501195316,0.0026133115301414252,0.8543277979599101,0.0022663908843759562,4
581,-50.0875,-14.166666666666666,10.816666666666666,28.64474664605478,23.33794597264768,5.53678356288398,90.0,85.0,41.0,1604.625,426.140625,324.546875,64.88199741283285,3.5519002033397675,1944.461979603499,0.19437320661157026,0.0037520976500476986,0.6896756713179,-7.461666666666658e-05,31.46074380165289,0.01337107333299587,0.011047237912804809,0.0,-9.169678940616706e-09,0.19438087512499314,0.00011858380121713276,0.00347892579591353,15.0,69.17495569378613,21.90907776734747,147.69230769230768,147.69230769230768,29,0.9354838709677419,0.43168569476240465,0.9490927419354839,0.29115531474831685,1.9297193877553116e-05,9.840675845775456,0.01885820847181118,2.8133735642210618,0.00191635297893761,4
582,-24.922916666666666,-33.709375,14.563541666666667,36.57578171631773,27.503293659294243,6.183489774385542,90.0,85.0,41.0,1059.65625,1011.984375,436.9375,63.94283096844844,3.652309918453143,1916.2766458132965,0.19164575206611567,0.005154466353859945,0.7496910518119158,-8.527499999999993e-05,31.460247933884293,0.013389450017241787,0.011047237912804809,-0.0001666666666666631,-2.437590978812482e-06,0.19165223234212533,0.0001179108295051317,0.004950010547494427,14.0,67.29609072825718,22.822025905818805,147.69230769230768,147.69230769230768,28,0.9333333333333333,0.42522417388989636,0.9822916666666667,0.3013028711096011,0.0002102499999999957,6.042714985377044,0.054669940411528964,0.060592606391173434,0.00904724789168883,4
583,0.86875,-52.58645833333333,16.676041666666666,25.578096556184555,16.38783924001567,4.179594397976581,90.0,85.0,41.0,557.21875,1577.875,500.203125,63.033885655907234,3.3435399082429536,1889.0193778343387,0.18791397520661154,0.0050551253173973755,0.8710281065057774,-0.00014924166666666674,31.45694214876033,0.01303795953250552,0.011047237912804809,-0.0001666666666666631,1.2600094498959746e-06,0.1879066190870885,0.00010078424078706873,0.004924976693196004,14.0,71.17814492836636,27.29316983789814,153.6,153.6,25,0.8064516129032258,0.4130244456546529,0.9470766129032258,0.309834331833776,4.800510204081662e-05,4.733714418166273,0.040116567176526494,0.46550299417171215,0.008474648792198725,4
584,-1.0,-48.3375,16.9125,29.216148502725908,22.42855903567295,3.717449002116012,87.0,61.0,48.0,646.625,1460.0,507.0625,63.14065777996623,2.6920101126337683,1892.2149851343927,0.1842561487603306,0.0029251008251638933,0.6698478512032802,-5.329999999999987e-05,31.450991735537183,0.012291565251291117,0.011047237912804809,-0.0001666666666666631,-9.791522083183094e-07,0.184253261701049,0.00010723957363423615,0.002666263713474146,13.0,73.27302905558733,27.331588534512026,153.6,153.6,25,0.78125,0.34138205674779515,0.908203125,0.2539888687698427,0.00014399999999999784,3.0937934604287234,0.0025819255590382416,0.29831467643047643,0.0008345500732555206,4
585,-25.509375,-28.4375,15.683333333333334,38.60467258561725,29.728778320285322,3.2464296628073672,87.0,60.0,48.0,1171.90625,883.625,470.203125,63.89412522624931,2.7545664944546573,1914.8352127308099,0.18224746280991733,0.002588696672747293,0.7333755004429485,-5.329999999999987e-05,31.45082644628098,0.010724712857856521,0.011047237912804809,-0.0001666666666666631,3.2865610452631495e-06,0.1822426182662281,0.00011920907429844019,0.002240509063252861,14.0,75.05454808703428,26.35231384877729,153.6,153.6,26,0.7878787878787878,0.33641408780929866,0.8773674242424242,0.2344577256820552,0.0004115102040816342,2.5970029600542848,0.009428566327212857,0.49474284558436515,0.003630556634797125,4
586,-50.996875,-8.391666666666667,15.904166666666667,28.24839579930823,21.51648431371218,3.3114673442783977,87.0,60.0,48.0,1665.34375,305.375,476.78125,64.72263814567718,2.630729264620956,1939.6787933150954,0.1812748181818182,0.002225414245030225,0.7333755004429485,-1.0658333333333353e-05,31.45016528925619,0.012463730592732862,0.011047237912804809,-0.0001666666666666631,1.367697804697785e-06,0.18127260587608582,0.00013510956012961227,0.0017214969471082188,14.0,72.13085027998687,22.83209825851528,137.14285714285714,137.14285714285714,28,0.875,0.35661413195904507,0.9033203125,0.2396361804118951,2.0249999999999764e-05,2.4919412126828475,0.01611319094618055,0.33990099884960284,0.006466120012852525,4
587,-62.967708333333334,1.0708333333333333,16.448958333333334,0.24579581281466578,0.2565462379810357,0.8275836805205192,64.0,2.0,19.0,1887.046875,32.09375,492.96875,65.09522789456044,0.2638914333127681,1950.8099159922565,0.18143338842975207,0.0016455807403738187,0.5557780217708729,2.1316666666666476e-05,31.446363636363635,0.016262312563634487,0.01657613029431113,-0.0003333333333333262,9.108176249497838e-07,0.18141650289626415,9.849480977286229e-05,0.0009670390717534917,16.0,62.890040114414695,12.474083355288741,93.65853658536585,93.65853658536585,26,0.8666666666666667,0.29048244557175024,0.9911458333333333,0.19287788149536195,8.957270408163214e-05,1.2438976214929827,0.01958851713936334,0.02905458357836223,0.015747692415274746,4
588,-62.979166666666664,1.10625,16.739583333333332,0.30204741165732385,0.30815732589052625,0.8773158836600544,65.0,2.0,19.0,1887.40625,33.15625,501.734375,65.18208720761594,0.2534901551382879,1953.4420946986145,0.18206766942148758,0.0017135330057492927,0.4291348555845212,2.1316666666666476e-05,31.43793388429752,0.015950199116449005,0.01657613029431113,0.0,-1.2675508469762725e-06,0.182069831676004,9.091488252652718e-05,0.0009510608949363777,17.0,61.66939089193967,12.963917076418307,93.65853658536585,93.65853658536585,25,0.8620689655172413,0.31610642209434103,1.0134698275862069,0.19818360156718992,2.9387755102044577e-06,1.2498540443410995,0.012384617323941319,0.2994173059629294,0.009908850861438197,4
589,-63.009375,1.2833333333333334,16.623958333333334,0.2519003295783208,0.4506168611531925,0.8715700382626874,65.0,2.0,18.0,1888.3125,38.453125,498.1875,65.18561145490102,0.21558273897598432,1953.528577875596,0.18257510743801647,0.0016698938542089514,0.4922503725312049,2.1325000000000047e-05,31.430661157024794,0.014068048152696041,0.011054267655658302,0.0,-8.37960705939374e-07,0.1825830113120679,6.820622615899614e-05,0.0009061021880011407,16.0,59.62920765039345,11.555413040066373,87.27272727272727,87.27272727272727,22,0.7857142857142857,0.29508782237948533,1.0407366071428572,0.1818503031197323,0.0010057959183673545,1.072547811463265,0.020155542304715307,0.0,0.018792208691580218,4
590,-63.01145833333333,1.546875,16.388541666666665,0.2902476642407691,0.501965537703204,0.8732565716503689,65.0,3.0,18.0,1888.375,46.359375,491.140625,65.13413188021465,0.2542752002686559,1951.9881474010085,0.18271253719008262,0.0015871481625668097,0.4922503725312049,-1.0658333333333353e-05,31.428181818181823,0.014545454545454235,0.011054267655658302,0.0003333333333333262,-2.1824091638334507e-06,0.18271761402988138,7.873844358356119e-05,0.0007826433502573076,15.0,59.91543000354693,11.729175053970172,83.47826086956522,83.47826086956522,22,0.7857142857142857,0.32064049940877887,1.0362723214285714,0.1800052301248204,0.00018612755102041066,1.029449039798054,0.014989319516944407,0.0,0.01456052600708127,4
591,-62.911458333333336,1.79375,16.561458333333334,0.3892754465206981,0.4197748652551746,0.8064673210555747,65.0,3.0,22.0,1885.375,53.78125,496.359375,65.08635957503317,0.30816219131335437,1950.5625751783627,0.18304031404958673,0.0016046552784102488,0.5518539191415858,3.1983333333333404e-05,31.428512396694213,0.014354494042442798,0.011054267655658302,0.0001666666666666631,-1.8920795753422619e-06,0.18305329721700575,7.363298329676664e-05,0.0008869520752102976,13.0,64.86845161763318,19.86525211718,147.69230769230768,147.69230769230768,21,0.7,0.2884757850427562,0.9833333333333333,0.20459935018768322,0.00276751147959184,0.5452899328351857,0.018224528771379093,0.16890515330459438,0.033421722415857384,4
592,-62.8,1.8114583333333334,16.75625,0.7097534783289194,0.4412033241759279,1.4408339960476595,68.0,4.0,23.0,1882.03125,54.28125,502.140625,65.04162709656897,0.5044333099609004,1949.2045081870365,0.1833680661157025,0.0016957562282684838,0.5479357285447817,-1.0666666666666694e-05,31.42752066115703,0.015969029516382387,0.016586681624906032,-0.0001666666666666631,-1.5153355117605955e-07,0.18337022360203784,7.076438967654017e-05,0.0010882967150003136,14.0,65.9942399662391,20.090493559951053,147.69230769230768,147.69230769230768,24,0.8,0.347694841184345,0.9692708333333333,0.21261804829742356,9.71632653061226e-05,1.9786070290963,0.0030570475811786267,0.13045319567687547,0.00154505039971221,4
593,-62.32395833333333,1.6927083333333333,18.139583333333334,0.9854403406247156,0.5086224843606721,2.1949980621985876,68.0,4.0,24.0,1867.765625,50.734375,543.625,64.97603346381429,0.5902615035895566,1947.2468722508568,0.18486928099173555,0.0024395295415004866,0.54412091328724,5.330000000000011e-05,31.425206611570253,0.014776526703224154,0.016586681624906032,-0.0003333333333333262,8.731005126595244e-07,0.18487285580907775,5.846450967410481e-05,0.0021303920218450506,14.0,71.71625963046172,26.034076942192893,147.69230769230768,147.69230769230768,23,0.7419354838709677,0.34824242483984247,0.9193548387096774,0.24098857032019996,4.2908163265306295e-06,2.021861039401024,0.02274380812505388,0.2691769255813777,0.01124894722329272,4
594,-61.953125,1.4989583333333334,19.171875,0.9857794214266868,0.540060720287286,2.079322962979777,68.0,4.0,24.0,1856.640625,44.9375,574.578125,64.90919355075253,0.6172257212279544,1945.2380771645594,0.18657128099173553,0.0026357112522697136,0.5366937058553006,3.197500000000006e-05,31.417933884297526,0.015530154904523762,0.016586681624906032,-0.0003333333333333262,1.536816663532229e-06,0.186550609660155,5.253546022887002e-05,0.0024421621753878894,16.0,68.26298504386251,21.56448360108337,137.14285714285714,137.14285714285714,20,0.6666666666666666,0.30467023050086184,0.9432291666666667,0.21622363057755478,0.000496653061224488,0.8431411705688566,0.04629931422086205,0.20339547720220788,0.05491288509802515,4
595,-61.76354166666667,1.2729166666666667,19.653125,0.693214101075963,0.46825900210840116,1.1670344472386693,65.0,3.0,24.0,1850.953125,38.140625,589.03125,64.84135869377519,0.5105905847001471,1943.2076467461352,0.1887278429752066,0.0018777904371245614,0.5330336635922199,6.395833333333346e-05,31.416446280991735,0.015685941704618903,0.016586681624906032,0.0001666666666666631,2.15585328990573e-07,0.18872739838906416,5.771242322159211e-05,0.0015024451241559566,15.0,67.22950492576841,21.697151682422426,137.14285714285714,137.14285714285714,20,0.6666666666666666,0.30232631181333713,0.959375,0.22114021522931251,0.001222501275510203,1.5550572656956665,0.014153451340115258,0.7162555669579934,0.009101562786360543,4
596,-61.93958333333333,1.165625,18.965625,0.5268774301380625,0.4166653645812988,0.9894577771225679,65.0,3.0,23.0,1856.265625,34.90625,568.34375,64.79830652679873,0.41869391250371274,1941.9267482449582,0.1900492727272728,0.0017788862845115067,0.4689428584651012,2.1316666666666706e-05,31.410165289256202,0.01695806549246986,0.016586681624906032,-0.0001666666666666631,1.0116206287121733e-06,0.1900502689947976,7.772852086107583e-05,0.0013158443631383426,14.0,61.291897177984836,10.707045413890592,85.33333333333333,85.33333333333333,20,0.6896551724137931,0.2755182312641553,1.0064655172413792,0.1611576917576803,0.0001598418367346958,1.598140724003169,0.005977301457674643,0.05672438316521318,0.0037401596542150253,4
597,-62.06979166666667,1.140625,18.454166666666666,0.32647734469212747,0.3979316642025362,0.540045651362508,65.0,3.0,21.0,1860.15625,34.1875,553.03125,64.76853361591886,0.3316171139369034,1941.029110690902,0.19132854545454547,0.0017941572206000838,0.4689428584651012,3.1983333333333404e-05,31.4104958677686,0.015738106603196543,0.016586681624906032,0.0001666666666666631,1.9951805112616003e-06,0.19131958373709285,8.998704535862699e-05,0.0011311730227586078,16.0,61.334270909560395,10.279193318525156,85.33333333333333,85.33333333333333,23,0.7931034482758621,0.2558093172815168,1.0032327586206897,0.15151107321309265,9.506249999999963e-05,1.035492529637874,0.003062742164652506,0.16892017805994253,0.0029577636506210128,4
598,-62.06875,1.2416666666666667,18.509375,0.3557013318783049,0.46315644105300846,0.5915336925104098,64.0,3.0,21.0,1860.140625,37.203125,554.6875,64.786189088071,0.330270260107009,1941.573267068337,0.19240698347107438,0.0017859321985754727,0.5258142831590153,3.1983333333333404e-05,31.409008264462816,0.011741355791853002,0.011061306350752188,-0.0001666666666666631,-8.685289750248121e-07,0.19240780093592896,0.00011006867972156335,0.0011527122753652618,15.0,61.03545354912345,11.363420183355855,85.33333333333333,85.33333333333333,24,0.8275862068965517,0.2686766666974983,1.0134698275862069,0.16590453689148218,8.688903061224527e-05,2.355833811616668,0.004396826745639101,0.5085421328181106,0.0018663569238026266,4
599,-62.06666666666667,1.4614583333333333,18.686458333333334,0.38423806277995015,0.5088528339286539,0.5669949646430341,65.0,3.0,21.0,1860.0625,43.765625,560.0,64.83985925381944,0.3337692988962901,1943.1677754926818,0.1932950826446281,0.0015286691104906302,0.4061953560546191,3.1983333333333404e-05,31.40900826446281,0.012291565251291114,0.011061306350752188,0.0001666666666666631,1.2307486956462667e-06,0.1932925609633897,0.0001019658146438279,0.0008941824116869666,15.0,63.056428912052056,13.001034568626983,96.0,96.0,27,0.9310344827586207,0.29674280421381505,0.9886853448275862,0.1835474447164821,3.224617346938814e-05,2.294376947436738,0.004643433894163318,0.5644053188546908,0.0020238321777731115,4
600,-62.05416666666667,1.7208333333333334,18.861458333333335,0.36683234893098265,0.453210001605829,0.4879527367111378,65.0,2.0,21.0,1859.6875,51.578125,565.265625,64.88391305767135,0.3022713866943767,1944.4948198525985,0.19410903305785124,0.001462010016437427,0.4034995060118022,2.1316666666666476e-05,31.404545454545456,0.014993111365882083,0.016597246396699926,-0.0003333333333333262,-2.1051630819259895e-06,0.1941198938158388,9.389072143660204e-05,0.0009529464453726076,14.0,61.31617561270886,12.277463665957058,96.0,96.0,24,0.8275862068965517,0.2736606232521405,1.0123922413793103,0.17245588117757782,0.00013472576530612496,2.166008291846919,0.0019690747517695675,0.18001934321799004,0.0009090799694448864,4
601,-62.030208333333334,1.9322916666666667,18.965625,0.24179010855951533,0.25535709949772084,0.24123299810556598,65.0,2.0,20.0,1858.96875,57.90625,568.375,64.89465537027635,0.20247478788896833,1944.812260910377,0.1951343636363636,0.0016571250470280078,0.4596358158678046,1.0658333333333121e-05,31.39892561983471,0.015201220747660395,0.016597246396699926,-0.0001666666666666631,1.3930135529351744e-06,0.19513122525890117,6.2999455262402e-05,0.0013267189747304662,15.0,61.63170355773255,11.602527399070633,96.0,96.0,24,0.8275862068965517,0.27656060834704155,1.0043103448275863,0.1674788767583122,1.2755102040815954e-05,1.3250774282982898,0.0013216652176229705,0.5318790118878545,0.0009974248971400099,4
602,-62.06041666666667,1.9697916666666666,18.869791666666668,0.34232025900057717,0.23301457021086808,0.509006342393906,64.0,4.0,22.0,1859.890625,59.03125,565.5,64.89834669266001,0.28212862192184796,1944.9379221299373,0.19628653719008265,0.001709148219741819,0.5154551182007308,2.1316666666666476e-05,31.397438016528927,0.014114579861295032,0.016597246396699926,0.0,-7.009085501379049e-07,0.1962878542010517,6.360477393997265e-05,0.0013512716753106208,15.0,62.417644142626756,12.778417190812743,98.46153846153847,98.46153846153847,22,0.7586206896551724,0.3132246063416109,0.9973060344827587,0.180968725228971,0.00024918877551020473,0.5659998809918804,0.012912198095843538,0.4369594599072647,0.022813075637428928,4
603,-61.91770833333333,1.8520833333333333,19.057291666666668,2.029085117714522,0.6233276236369514,3.5074101554086723,71.0,6.0,41.0,1855.65625,55.5,570.890625,64.93681769110393,0.6561566014798689,1946.0398824016113,0.19696306611570247,0.0017921080515292532,0.5120781926458247,-1.0658333333333121e-05,31.397272727272725,0.012060453783110289,0.016597246396699926,0.0,-3.0753045144133255e-06,0.19697448078342497,8.942859941916736e-05,0.0012315420513592898,16.0,68.83497695068317,21.11999990909811,128.0,128.0,25,0.8064516129032258,0.3547253559093288,0.9410282258064516,0.23535446137601507,0.00045308163265305595,1.171976053750282,0.0499673081753765,0.29071399654848384,0.04263509311088984,4
604,-52.35729166666667,3.388541666666667,26.057291666666668,22.07771427627712,5.885192750165216,15.629227726653586,82.0,28.0,69.0,1653.421875,117.8125,804.625,64.7263759780307,2.9292708564778684,1939.7589538661514,0.1997540495867769,0.013971903288445473,3.4143789502334347,-0.00011725833333333333,31.3901652892562,0.01443042418890359,0.016607824635390237,-0.0001666666666666631,8.036125874898737e-07,0.19975405881990488,0.0004335417359397431,0.013652686180068868,15.0,75.15177114543354,27.776939002663042,147.69230769230768,147.69230769230768,24,0.7272727272727273,0.3759752942348739,0.9034090909090909,0.3031131515533895,8.622448979592521e-07,2.3101156471977795,0.0790258715083479,0.23332172965364498,0.034208621375387854,4
605,-47.01875,-0.7177083333333333,18.976041666666667,22.727636959676065,10.534096373915068,31.80023009872094,82.0,30.0,72.0,1493.328125,220.921875,986.734375,64.76086737052677,4.020631055407795,1940.8053866782254,0.19657207438016525,0.015715730488784812,3.4761005388370263,-0.00014923333333333316,31.38504132231405,0.013913782152551743,0.016607824635390237,-0.0001666666666666631,1.6120472022265933e-06,0.19657303278158367,0.00048567478597599556,0.015340488685310353,15.0,77.89110745011592,29.520334824014707,147.69230769230768,147.69230769230768,24,0.7272727272727273,0.4307515235028194,0.884469696969697,0.3227242995399394,0.00032657653061224465,2.4819231625938403,0.10334909359179145,1.2958070036451443,0.04164073052277011,4
606,-47.869791666666664,-1.3677083333333333,13.6625,23.30845527821604,11.847960397536665,32.701755973494755,82.0,30.0,72.0,1518.9375,282.953125,851.421875,64.92152048963116,4.279107459241301,1945.6429131755358,0.18946800000000005,0.018531106508064308,4.1188144943099765,-0.00019187500000000015,31.37842975206611,0.013048432632059589,0.01107541066614282,-0.0003333333333333262,2.009652051633575e-06,0.18945861994832294,0.0004930017664947463,0.018203005756758435,15.0,74.55919387972774,27.653321726123277,147.69230769230768,147.69230769230768,24,0.75,0.4260360799644223,0.9091796875,0.3053487790905506,0.001091358418367345,0.8458673675795514,0.10299445095835784,0.35964918799987855,0.12176193917147597,4
607,-56.708333333333336,-10.039583333333333,2.1458333333333335,12.191285024785351,12.39600472570587,25.234021002848955,79.0,38.0,72.0,1699.28125,402.75,539.25,65.18186304007367,3.406143561039758,1953.4364549206357,0.17870601652892562,0.007955586565617434,1.9756629145450464,-0.00012791666666666645,31.37661157024793,0.013939285052765331,0.01107541066614282,0.0,6.319999766888824e-07,0.1787158837794167,0.0002613173312488803,0.007624538934626656,15.0,73.22140055898039,26.059204110393708,147.69230769230768,147.69230769230768,26,0.8125,0.4591249731036413,0.91259765625,0.2973592723457192,0.00016714795918367176,2.021482538703788,0.01991839356112641,0.48397867391148397,0.009853359195424191,0
608,-61.932291666666664,-12.68125,5.713541666666667,4.1621557613329685,11.842563704881078,8.39706198361053,73.0,38.0,28.0,1856.0625,463.59375,251.359375,65.2130568516761,2.098840805475105,1954.3821031291614,0.17339904958677685,0.0027058936344907447,0.7096699664217092,-8.528333333333351e-05,31.369008264462813,0.016434440689891496,0.016618416366745426,-0.0001666666666666631,-5.846242181457977e-06,0.17341843677713373,0.00014698162749042284,0.0022847740401613845,15.0,69.82449140108747,22.276555171059645,147.69230769230768,147.69230769230768,23,0.71875,0.3180084075590232,0.9296875,0.2560307751277178,0.0037253584183673475,2.4137952028310976,0.025400174726218083,0.16438676579816308,0.010522920377183064,0
609,-59.68333333333333,-18.232291666666665,10.99375,4.793847329882568,6.2255520971983325,12.023239757687334,71.0,38.0,56.0,1788.5625,555.09375,396.34375,64.9466831706161,1.8985222680491078,1946.3445981860846,0.17103095867768592,0.0030285123980924858,0.7203758387480619,-3.1983333333333404e-05,31.357272727272733,0.017439387357501345,0.016618416366745426,0.0,5.168815071446017e-07,0.1710305073090015,0.00013325281745549136,0.0025825183658681776,15.0,65.37009989840766,18.619662323046004,109.71428571428571,109.71428571428571,21,0.7241379310344828,0.4539036567113035,1.0,0.3109606482892695,0.0013244400510204072,2.4348225215635133,0.1637103648128832,1.5300719287139637,0.06723708334509619,0
610,-56.159375,-20.205208333333335,19.23125,6.95615851429808,5.807015688509652,13.039230170431841,71.0,35.0,60.0,1683.015625,605.546875,587.125,64.6567395664752,1.898405989157292,1937.6822668992909,0.1693183388429752,0.0033096717211400796,0.8580574094734649,3.1983333333333167e-05,31.348512396694215,0.014122320240195312,0.011082476320797688,-0.0003333333333333558,-9.356417725581367e-07,0.16933394036053276,0.00011996035986349834,0.002929354661672905,14.0,66.9492585639255,21.452245304574845,128.0,128.0,22,0.7333333333333333,0.4340128110446304,0.978125,0.2757447302306973,0.0013716441326530621,1.1355678704313952,0.06439761029280826,0.7078867582009435,0.05670960932378617,0
611,-51.94895833333333,-21.26875,27.913541666666667,7.081114772048999,5.853654707744556,11.717856030716423,68.0,35.0,71.0,1557.3125,637.625,847.046875,64.39503806612021,2.283525592060719,1929.8495505126505,0.16844085123966943,0.003120660988102316,0.8580574094734649,3.1983333333333404e-05,31.34520661157025,0.011790118677771147,0.011082476320797688,-0.0003333333333333558,-2.0176362786614e-06,0.16844013299499988,0.00018722584910070366,0.0025724828424695265,14.0,68.80724234346376,22.204277094533687,128.0,128.0,22,0.7096774193548387,0.4219810823415745,0.9561491935483871,0.2800832473082543,0.0012934298469387759,3.211836610114229,0.016843456764018938,1.613380341796153,0.005244182319542059,0
612,-49.911458333333336,-16.622916666666665,32.96458333333333,9.188618070195895,11.275410923467737,8.86535836799932,85.0,40.0,71.0,1495.546875,509.359375,988.0,64.33294793417966,2.3602475360571566,1927.9440760455955,0.16774313223140494,0.0032022961414516532,0.9347859651767133,-3.197499999999983e-05,31.347851239669424,0.011727386297565801,0.011082476320797688,0.0001666666666666631,-2.4464005392586063e-06,0.1677484446741702,0.00016890267085429455,0.0025774171642074665,15.0,71.81806202559402,19.546158459428533,128.0,128.0,23,0.696969696969697,0.26225749121658803,0.8887310606060606,0.20645785467916594,0.00015006250000000146,2.0866439763744835,0.01913185281125535,0.11656734780839922,0.009168719258230477,0
613,-54.23229166666667,-9.34375,27.441666666666666,10.664544008767114,9.855548484863743,14.148642946311925,85.0,40.0,71.0,1625.09375,295.390625,828.6875,64.69176930811753,2.7414610676249196,1938.6571313453128,0.16484653719008266,0.005443343386543194,1.1489229645332613,-0.00013858333333333339,31.352809917355373,0.013919671584415315,0.016618416366745426,0.0003333333333333558,2.801948158605174e-06,0.1648312941642185,0.00017875191181749146,0.0051804196013093065,17.0,76.76870905181549,26.858364064591385,153.6,153.6,26,0.7647058823529411,0.3409189550340596,0.8676470588235294,0.2720153482751145,2.2224489795918514e-05,2.673879219984008,0.058846898060962605,0.39402164508350324,0.02200806140425242,0
614,-56.54375,-2.948958333333333,25.902083333333334,9.699235499297528,4.50214057402297,14.471264480332126,85.0,40.0,66.0,1695.1875,104.921875,781.5625,64.76889374874901,2.358448126048484,1941.0244441340876,0.16196042148760328,0.004733881369695298,1.1671096080684393,-8.527499999999993e-05,31.349504132231406,0.017145523940351237,0.022164961662544915,0.0003333333333333558,5.05822417133301e-06,0.1619419019020286,0.00017125228504152477,0.004368427347648897,16.0,81.1579134206242,30.417297872175297,153.6,153.6,27,0.7941176470588235,0.4664479457340824,0.8506433823529411,0.33995209725852765,0.011258725765306135,8.355506205898129,0.2286049520441137,3.4444538193895946,0.0273597968107237,0
615,-56.188541666666666,-2.504166666666667,27.714583333333334,6.342225716570686,2.1908862679036742,14.567650942861569,75.0,13.0,42.0,1683.9375,81.015625,836.421875,64.69194202015086,1.9271990023793384,1938.7248557944567,0.16023716528925624,0.0030647697750944337,0.8398092693023587,-2.1325000000000047e-05,31.345371900826443,0.018499109753611246,0.022164961662544915,-0.000500000000000019,2.5360273601787876e-06,0.16023251238177288,0.0001638796983651947,0.002736361374653608,15.0,82.9612867076794,33.93174511038308,153.6,153.6,28,0.8235294117647058,0.49329668488464606,0.8483455882352942,0.3480580937644578,0.0002865765306122477,4.041658625609869,0.10662143876510337,0.9420705084033191,0.026380614653968865,0
616,-55.748958333333334,-7.234375,27.092708333333334,5.844379329600697,8.385768302668614,13.686624742119484,89.0,28.0,42.0,1670.484375,218.1875,812.359375,64.66374116577896,2.1678415021575317,1937.8455480102452,0.15649476033057852,0.006912883716159061,1.4607266659943727,-7.461666666666658e-05,31.335123966942145,0.014888883338696719,0.016629021616597284,-0.0001666666666666631,-3.989512161187975e-06,0.15651277146510048,0.00015934107603242424,0.006750546404102507,15.0,79.8318010254601,31.953358413899732,153.6,153.6,28,0.8235294117647058,0.46918382702483113,0.8736213235294118,0.33870732377871093,5.896045918367416e-05,3.081938911568169,0.11838535860170027,2.6576730596581366,0.038412623351272976,0
617,-56.21145833333333,-8.230208333333334,26.608333333333334,5.392903705172557,8.167779938469442,12.788370910931368,89.0,28.0,42.0,1684.640625,247.140625,797.1875,64.73096742780143,2.1698170109272197,1939.9146701691218,0.1528899090909091,0.006973414851721852,1.3252460521229672,-0.00011725833333333333,31.3295041322314,0.014422849162561837,0.016629021616597284,-0.000500000000000019,1.137567714963812e-06,0.1528805146375781,0.00011938217695651135,0.0068713560102963474,15.0,75.49180302733579,27.645670624219008,147.69230769230768,147.69230769230768,24,0.7272727272727273,0.3391695899431249,0.8849431818181818,0.2644335517777294,0.0008786989795918361,1.3622299532327442,0.11404555422464435,0.8349875882030262,0.08371975227383587,0
618,-56.975,-13.0625,21.198958333333334,9.507639472199887,9.559912503958042,13.271955039917714,89.0,40.0,78.0,1708.0,394.546875,645.75,64.92092343468947,3.0628405204732445,1945.6210054538506,0.147953,0.004663186125705816,1.3365419370600868,-0.00013857500000000005,31.321239669421484,0.013334243986842341,0.016639640410839013,0.0,2.7337836229514294e-06,0.14794254207853288,0.00032589343919552533,0.0041233573112427835,15.0,72.53782978818884,24.470092246199908,142.22222222222223,142.22222222222223,25,0.8064516129032258,0.3786820105367651,0.9092741935483871,0.25865254012177497,0.007365317602040805,0.576837861852203,0.07905538522041272,0.476737746115759,0.13704957744377091,0
619,-54.68333333333333,-13.810416666666667,23.534375,10.962613232659852,10.249466237796103,15.851027359744698,86.0,40.0,78.0,1639.125,416.828125,733.5,64.80485098727875,3.417332807409283,1942.13615413157,0.1461240578512397,0.0055147974259754816,1.6230973419635326,1.0658333333333353e-05,31.317272727272726,0.012596733145955658,0.016639640410839013,-0.0003333333333333558,-4.1617045921545704e-07,0.14612959894204655,0.0003571664418862407,0.004988509065800419,14.0,74.30042007530645,25.0063992413349,147.69230769230768,147.69230769230768,25,0.78125,0.3849793635807828,0.8896484375,0.26398093865679223,0.0008347971938775509,3.7092064376076688,0.027261045445929326,1.1918609147229957,0.007349562744615507,0
620,-53.91770833333333,-14.39375,22.845833333333335,11.442815202049882,11.062943140841861,18.11638252997055,86.0,40.0,78.0,1616.1875,435.953125,746.5625,64.82444564096639,3.9436918838477504,1942.7350419251343,0.14489770247933886,0.00527741168033278,1.6933008139596435,-7.462500000000016e-05,31.317768595041322,0.014170601817754423,0.016639640410839013,0.0001666666666666631,-7.714517826829021e-06,0.144903542461112,0.00040494118063773087,0.004591041927990682,14.0,74.05919422444947,24.638151436065765,147.69230769230768,147.69230769230768,28,0.8484848484848485,0.3653022580632287,0.8882575757575758,0.25265286390535446,0.0002369400510204097,2.8099398119378134,0.008286805098545517,0.465662546848042,0.0029491041279032606,0
621,-54.68020833333333,-19.294791666666665,12.930208333333333,8.853014079392993,12.329316939984844,21.743110114622453,86.0,37.0,75.0,1638.78125,579.765625,613.125,64.93053282615274,4.0719915576083885,1945.9633422573563,0.14220192561983475,0.005707395230469115,1.6933008139596435,-8.527499999999993e-05,31.321900826446274,0.013256157127777933,0.011089550996401496,0.0,-2.155102324245207e-06,0.14221119609007674,0.0003567980315889876,0.005137040326392474,14.0,76.61982074853776,23.874608174023834,147.69230769230768,147.69230769230768,29,0.8285714285714286,0.2514891311532872,0.8455357142857143,0.21269592558439873,0.004123474489795921,2.893769320954055,0.04129708507843474,1.814092032124323,0.014271035627960624,0
622,-55.55833333333333,-22.735416666666666,7.847916666666666,6.122766032512502,12.972679458245658,19.308077860308163,86.0,42.0,75.0,1665.03125,683.1875,488.171875,65.06161190507184,3.2839873599759737,1949.7589283538264,0.14036254545454543,0.00547444668701099,1.6933008139596435,-8.527499999999993e-05,31.321239669421484,0.012302673762597574,0.011089550996401496,0.0,-1.2974454226271943e-06,0.14036861038852483,0.0003259019480938444,0.0049744674350117556,14.0,74.14435982506436,22.631667979884103,142.22222222222223,142.22222222222223,26,0.8125,0.42328207702886617,0.8876953125,0.29972515231650537,2.698979591837826e-06,5.451863875733476,0.012392363125396386,2.5454458820207924,0.002273050723176605,0
623,-56.360416666666666,-27.242708333333333,4.1375,6.507791470720992,8.770478949194501,13.314851122587388,86.0,54.0,66.0,1689.0,816.4375,343.84375,64.99039182260589,2.9304457699860254,1947.7038286978611,0.13712758677685952,0.003952062350340914,1.4809648657602228,-6.395833333333323e-05,31.313801652892565,0.013682117082032683,0.011096634710237108,-0.0003333333333333262,1.2176871494046135e-05,0.13712276824184352,0.0002678049319253369,0.0033872356010438347,15.0,74.86086061506748,26.341472827287575,142.22222222222223,142.22222222222223,27,0.84375,0.5078842226025025,0.91162109375,0.35821844669300246,0.0022528584183673472,3.495428326956221,0.028972380806962787,0.19095535486318008,0.008288649658049662,0
624,-56.80833333333333,-24.7,7.128125,6.450672876185519,9.443339804680686,14.21989658838541,68.0,54.0,53.0,1702.75,740.375,377.578125,64.9304589307947,2.2617938389064705,1945.8886064255735,0.13598584297520658,0.003139334858773192,1.1575051220301413,3.197500000000006e-05,31.306033057851238,0.014909054259543062,0.016650272775438704,0.0,-3.902309377619708e-06,0.13600219875196964,0.00018860507232838566,0.0026292152109963903,16.0,74.18416162461008,25.37699144285282,137.14285714285714,137.14285714285714,26,0.8125,0.5195582510264632,0.91748046875,0.3615388822631136,6.173469387755426e-07,2.617453730972445,0.022712296930983707,0.5308364671548365,0.008677248679595784,0
625,-52.31979166666667,-20.441666666666666,12.494791666666666,12.51252805351223,13.612675363629132,23.786900587086386,69.0,54.0,74.0,1569.84375,679.828125,647.1875,64.84227434948264,3.808745268426286,1943.30360446729,0.13573205785123968,0.003559203530779427,1.310938055842077,-4.264166666666676e-05,31.304876033057855,0.015326512570351582,0.016650272775438704,-0.0001666666666666631,-1.9839760400504463e-07,0.13572164056042213,0.00023128927259022524,0.00296093382002112,17.0,73.76912391841879,25.48574342244019,137.14285714285714,137.14285714285714,27,0.84375,0.41573526611527134,0.90966796875,0.3052562393937965,0.002801433673469395,1.7363182570024773,0.033644628096542256,0.9643626435515036,0.019376993797568676,0
626,-48.001041666666666,-17.432291666666668,19.591666666666665,14.542000913959441,15.558478361167925,28.157997926383587,85.0,45.0,74.0,1441.03125,643.921875,862.59375,64.90532512332143,5.052311745060197,1944.8904631343937,0.13732841322314052,0.004702587802914758,1.5361801834318252,0.00011725833333333333,31.305702479338844,0.015893574057845108,0.016650272775438704,0.0001666666666666631,2.932275097387419e-06,0.13731414594617702,0.00026443825418191334,0.004085862444684606,17.0,75.05987814744643,26.3285605210305,137.14285714285714,137.14285714285714,29,0.8787878787878788,0.4374476810234711,0.900094696969697,0.3074627010365583,0.0004561275510204099,3.1938677057488207,0.03935703673642699,3.297683875845025,0.012322688465018779,0
627,-41.723958333333336,-9.078125,35.21875,14.831759594361369,16.445843592968256,25.654029542565695,117.0,45.0,83.0,1255.46875,450.375,1212.734375,64.63858020138838,5.838788363066731,1937.1529082971829,0.14230765289256195,0.007203077418210884,1.7396926812744966,0.00012791666666666645,31.30603305785124,0.013994056521333073,0.011096634710237108,0.0,4.4977639016769595e-06,0.1422874364761668,0.0002475457030255946,0.0069242915616447645,17.0,74.32215663769311,28.899179018691033,123.87096774193549,123.87096774193549,30,0.967741935483871,0.5390813704426571,0.9339717741935484,0.3415829253177425,0.007581433673469393,2.635701584790977,0.04297083124138079,2.173722876536192,0.01630337496829656,0
628,-40.103125,-2.689583333333333,45.446875,12.335618761714997,11.859573130024069,13.47147026377256,117.0,42.0,83.0,1205.03125,254.84375,1366.296875,64.24852283007552,5.228549590463217,1925.4544044519698,0.14828069421487602,0.0070110307171209,1.762941414613464,0.0002025416666666666,31.308677685950414,0.01641115065190587,0.016639640410839013,0.000500000000000019,-1.9044388639501903e-06,0.14829120351890868,0.00020913073609905026,0.006711448437391583,16.0,74.2040022794447,28.252779996864202,132.41379310344828,132.41379310344828,29,0.90625,0.5115229671947702,0.92724609375,0.32865028116367095,1.0331632653061525e-05,1.7162640116935985,0.0822636850658928,3.3016812569950877,0.04793183595612164,0
629,-38.025,2.207291666666667,50.30104166666667,7.931306638883658,4.702808221151544,5.992877626671839,117.0,38.0,83.0,1141.90625,117.453125,1508.59375,63.932011534159784,3.8212652175330075,1915.9639005316517,0.15313313223140496,0.0039781155240906085,1.3480876691135422,8.528333333333327e-05,31.320247933884296,0.020265298676356396,0.016639640410839013,0.0003333333333333558,-3.290460391864753e-06,0.15313817143796302,0.00019650455228234493,0.003545967465629074,15.0,81.80549995725012,31.65758961176907,147.69230769230768,147.69230769230768,28,0.8235294117647058,0.41519329938267635,0.8423713235294118,0.29852404925366915,0.0046191441326530495,2.4613715184811435,0.025937661880985053,0.5269812489621573,0.010537889825340385,0
630,-36.00729166666667,0.9041666666666667,51.420833333333334,6.777025293710894,8.104987105000367,4.299222717215546,56.0,39.0,79.0,1079.046875,141.59375,1541.03125,63.73525813386526,3.060023792320011,1910.0698870517735,0.15546952066115702,0.0026892304349418884,1.2460217916717546,3.1983333333333404e-05,31.330330578512395,0.016054343883092626,0.016639640410839013,0.0001666666666666631,7.843512118467705e-07,0.15546463184944326,0.0001742470140637763,0.0020812010070657594,15.0,77.13035650592228,31.141357444558427,147.69230769230768,147.69230769230768,27,0.8181818181818182,0.41176210931552304,0.9019886363636364,0.34366977213041416,6.342984693877458e-05,4.4896658645367005,0.02145828282053215,1.5406776721289277,0.004779483255096643,0
631,-33.80104166666667,1.0708333333333333,53.04895833333333,6.156043690141466,7.366674915153754,3.8055194233635468,56.0,39.0,79.0,1012.921875,117.03125,1589.828125,63.706168069530655,2.4535654118136057,1909.197533230668,0.156526694214876,0.002589876782681112,1.2460217916717546,3.197500000000006e-05,31.34190082644628,0.014899889044281467,0.016629021616597284,0.0001666666666666631,8.25333678479926e-08,0.1565363733424444,0.00016616736854741448,0.002074010643528817,15.0,79.28188229443788,32.641804035329734,147.69230769230768,147.69230769230768,30,0.9090909090909091,0.42417450563473136,0.8925189393939394,0.3641655664308133,0.0007117461734693899,3.7420310285188796,0.03675025491564981,0.425584845835195,0.00982093805090542,0
632,-31.926041666666666,0.8020833333333334,54.45729166666667,4.764424256745393,7.268969137806879,3.10279594316651,56.0,39.0,79.0,956.65625,108.359375,1632.078125,63.757027442309465,2.3913458666472938,1910.7162306783316,0.15802777685950414,0.002016677996183568,0.6373726444821943,3.197500000000006e-05,31.34685950413223,0.016263992467835827,0.016629021616597284,-0.0001666666666666927,-1.4370699515172198e-06,0.15802788810425833,9.595368657587647e-05,0.0015843150530008726,15.0,73.17803967870209,29.485618388819127,147.69230769230768,147.69230769230768,29,0.9354838709677419,0.4006830106206152,0.9470766129032258,0.3485659123312749,2.4999999999999523e-05,3.023582013382732,0.05484667886651716,1.2203325180694733,0.01813963657137768,0
633,-31.36875,2.142708333333333,55.303125,4.684133513344099,1.4575410794430081,2.146894711214704,35.0,9.0,74.0,940.203125,73.25,1657.40625,63.831539428525474,1.1111139386209556,1912.9580759610678,0.15918000000000002,0.0019018807133818604,0.705377098376873,2.1316666666666706e-05,31.360743801652895,0.019419904982115484,0.022150830335992275,0.0003333333333333558,-5.561281869145468e-07,0.15918101238354224,7.813614944529418e-05,0.0014854860108598651,15.0,77.05605705748015,27.990613516432976,147.69230769230768,147.69230769230768,32,0.9411764705882353,0.3403651357922529,0.8713235294117647,0.26724363078727764,2.6082908163265562e-05,2.2671302875256254,0.0992419879757596,0.45030636993706386,0.04377427645945905,0
634,-32.297916666666666,2.173958333333333,53.420833333333334,6.053992814090181,2.861371494859977,12.271239382076377,58.0,21.0,94.0,968.0,89.265625,1637.015625,63.96794513373572,2.278275012820853,1916.973675114686,0.15998337190082645,0.0020494747004147665,0.705377098376873,-4.264166666666676e-05,31.371322314049582,0.020527834309104438,0.022150830335992275,0.0,1.1334463183620232e-07,0.15998506621987982,0.00014130088033944462,0.001378723949944408,15.0,69.1325112277214,22.260421543966856,123.87096774193549,123.87096774193549,27,0.9,0.313092111460223,0.9432291666666667,0.24355238160774687,0.0011951836734693932,1.1791537291107599,0.08189383070274793,0.7627557857687437,0.06945136048079742,0
635,-33.697916666666664,1.425,50.52916666666667,9.529471600936514,4.724118083480415,17.66467706957085,79.0,31.0,94.0,1011.125,112.9375,1589.3125,64.05876033256803,3.5243521373357245,1919.77093721349,0.16051201652892563,0.0028102842301575607,0.8398092693023587,-1.0658333333333353e-05,31.384214876033056,0.01655204993999329,0.022150830335992275,0.000666666666666682,1.603376031632178e-06,0.16051543547424688,0.00016874309354131126,0.0022314972058373873,14.0,63.01062904399481,19.344743965789675,120.0,120.0,25,0.9259259259259259,0.38099918846445974,1.0300925925925926,0.2700618661816227,1.1511479591837349e-05,1.8406162951838392,0.03462472941096714,0.0,0.01881148694682661,0
636,-41.14791666666667,-1.6208333333333333,25.029166666666665,14.200608695629526,7.730215562252381,40.43337090373358,90.0,31.0,94.0,1234.171875,177.09375,1336.078125,64.77431647358961,4.7745427752394995,1941.2965653161364,0.15571251239669423,0.007727920668145614,1.5276826769431322,-0.0001279166666666667,31.390991735537188,0.01473764834721209,0.016597246396699926,0.0001666666666666631,-4.904690791046323e-09,0.15571513871791218,0.00019604094435489864,0.007522350454622136,14.0,66.20602261423402,23.611496027819406,128.0,128.0,25,0.8620689655172413,0.41737639517051717,1.0048491379310345,0.2984758180930673,0.0006630624999999993,2.2636561733695952,0.013074368778608736,0.29122762564653076,0.005775775019377926,0
637,-40.454166666666666,-8.209375,7.376041666666667,18.40561461363232,29.17099222017268,36.40923716583834,104.0,73.0,77.0,1213.84375,614.3125,918.3125,65.07567197238762,6.232361832312937,1950.059819283084,0.1508073140495868,0.008286823820097773,1.9346939459644943,-4.263333333333318e-05,31.39314049586777,0.01477282841091164,0.016597246396699926,0.0,-7.387528792449686e-07,0.15078424357032158,0.00025937781576670547,0.008071013422366706,14.0,67.17731587349603,24.424168631228284,128.0,128.0,26,0.896551724137931,0.49740362434686064,1.0032327586206897,0.3252356187087644,0.002015368622448984,2.6526831945607188,0.09594545689893938,0.605284799567918,0.03616921051698668,0
638,-39.578125,-14.888541666666667,2.573958333333333,23.094194360294143,29.71466869028265,32.493216422789914,104.0,73.0,72.0,1191.921875,790.765625,775.359375,65.01885872554627,6.2755386244893,1948.560681619484,0.14486600826446283,0.004299252403771692,1.5249351497651071,-0.0001599000000000001,31.389669421487604,0.015208408086476955,0.016597246396699926,-0.0001666666666666631,5.2729009266705055e-06,0.14485156978027133,0.0002592270574690166,0.00388225025011281,14.0,73.59277198025319,26.3112561113837,153.6,153.6,28,0.875,0.4397622960374491,0.91162109375,0.2944651724359096,4.290816326530335e-06,5.20825333560683,0.003995849026410404,0.3568105373392419,0.0007672147971551839,0
