,ACC_X_mean_C,ACC_Y_mean_C,ACC_Z_mean_C,ACC_X_std_C,ACC_Y_std_C,ACC_Z_std_C,ACC_X_max_C,ACC_Y_max_C,ACC_Z_max_C,ACC_X_iabs_C,ACC_Y_iabs_C,ACC_Z_iabs_C,ACC_3D_mean_C,ACC_3D_std_C,ACC_3D_iabs_C,HR_mean_ECG_C,HR_std_ECG_C,HR_max_ECG_C,HR_min_ECG_C,HR_NN50_ECG_C,HR_pNN50_ECG_C,HR_rmssd_ECG_C,HR_rr_mean_ECG_C,HR_rr_std_ECG_C,HR_ULF_ECG_C,HR_HF_ECG_C,HR_LF_ECG_C,HR_UHF_ECG_C,HR_rate_L_H_ECG_C,resp_I_mean_dur_C,resp_E_mean_dur_C,resp_I_std_dur_C,resp_E_std_dur_C,resp_IE_ratio_C,resp_I_ampl_max_C,resp_E_ampl_max_C,resp_volume_C,resp_rate_mean_C,resp_rate_std_C,resp_I_mean_C,resp_E_mean_C,resp_I_std_C,resp_E_std_C,Temp_C_mean,Temp_C_std,Temp_C_dynamic_range,Temp_C_slope,EDA_C_mean,EDA_C_std,EDA_C_dynamic_range,EDA_C_slope,SCR_mean_C,SCL_mean_C,SCR_std_C,SCL_std_C,SCR_peaks_C,EMG_mean_C,EMG_std_C,EMG_dynamic_range_C,Target
0,0.8947229637929371,-0.005852114895979563,-0.2075289333604631,0.021506921874776364,0.04354100707949369,0.0670231142423232,1.6033999919891357,0.37300002574920654,1.8350000381469727,26.84028248522963,0.7813108523828642,6.274417001349585,0.9216378559756778,0.03264681654042689,27.647594868725786,93.683365606868,4.2999979193415,105.0,105.0,0,0.0,0.010579576439618139,0.6417391304347827,0.028003537999757078,3.154312369845843e-07,0.002793974113595401,0.0006817483248935358,0.00046025625097064924,0.24400667192160702,1.8814285714285715,1.5330357142857143,0.7412289849724344,0.45545695684753384,1.227256843331392,12.88909912109375,12.752278645833334,85.99579632168725,12.733193277310924,8.871598308629551,8.869236537388392,8.188451131184895,3.8288416151704663,3.296184357594698,33.73281478881836,0.03700172156095505,0.07492538541555405,4.8363095238095235e-06,2.1735412814175423,0.07211185039898066,1.7958511964418047,8.664812360491071e-06,-3.555433080709819e-08,2.1735409725773502,0.0006660334692147545,0.07136070741486385,2695.0,-0.0024720001184374406,0.018214259344394863,-0.3824583326507798,0
1,0.8961271449724834,-0.00572494326602845,-0.19748209534940264,0.03176871947297245,0.047822516646768475,0.05645149460969767,1.1530001163482666,0.20880001783370972,0.2972000241279602,26.882276349067688,0.8595926990679332,5.948410573346274,0.9206495023309156,0.031037439527334128,27.61793567526135,93.45835282090643,4.666880345131067,105.0,105.0,0,0.0,0.012484911528441674,0.6435403726708074,0.030951688505379698,1.821373361099537e-05,0.004724209179530313,0.0006318151365986922,0.0010467295463170254,0.1337398731911164,2.107142857142857,1.4785714285714286,0.8783542124046424,0.46219584593546487,1.4251207729468598,12.31292724609375,12.752278645833334,86.51916220528739,17.29193277310924,9.017715523522995,8.076985677083332,8.03209940592448,3.830662526429475,3.9476979640003163,33.76471710205078,0.03381878510117531,0.0745270773768425,3.7565685453869046e-06,2.1686072781178947,0.024697385673963214,1.3682281083438819,-3.578549339657738e-06,-3.316230756822621e-08,2.168607544803389,0.0006910847219728826,0.02243127113153124,2689.0,-0.0024915762126096674,0.018470749701765574,-1.1448183737431035,0
2,0.8955877542438961,-0.020603781339668094,-0.16041552388384228,0.05177623048052459,0.06425141068452275,0.1321756670595681,1.2130000591278076,0.2882000207901001,0.6389999985694885,26.86635005584785,1.3145811308281763,5.5388601492983955,0.9221767704704422,0.04587498714023073,27.663985080454918,91.6704996977839,4.282133132921128,104.73815461346634,104.73815461346634,0,0.0,0.01385888327536076,0.655904761904762,0.02975119807416287,2.570459641815895e-06,0.006748928818344316,0.0007054420546844611,0.005649562538101228,0.10452652171511922,1.8542857142857143,1.383061224489796,0.9487798286564203,0.47044636614982316,1.3407112291574443,14.951680501302084,22.347208658854168,110.94995843796504,15.759747899159663,7.416698498868606,9.430656433105469,9.428609212239584,6.222237146431063,4.650284246717468,33.778404235839844,0.026700103655457497,0.0745270773768425,-7.222493489583333e-07,2.1660110097993845,0.02228252730541108,1.3391782831450363,1.7075311569940477e-06,6.401271310052093e-08,2.1660109569603647,0.0006810389819616262,0.01983433816413733,2678.0,-0.002460916225901445,0.022454767800221376,4.672528118615922,0
3,0.8628360672678266,-0.031001743478434426,-0.24645907613209317,0.07406936611997726,0.06207677654171854,0.21511877745210375,1.2130000591278076,0.2882000207901001,0.6389999985694885,25.88389058947563,1.5051007252505848,8.11988271670682,0.9271497116664437,0.04688881569565038,27.813157098466263,93.2646400564202,5.212800949551925,103.7037037037037,103.7037037037037,0,0.0,0.01409614481698095,0.6453333333333333,0.035888969622846094,2.3354535610161128e-07,0.0076078665977991995,0.0007331586088170257,0.007263538460742286,0.0963684890359557,1.5608163265306123,1.4780357142857143,0.7463965356440844,0.4663306271590261,1.0560071799651358,23.134663899739586,22.347208658854168,105.36576567150298,13.885126050420167,7.6580259753315785,10.564371744791668,10.203336079915365,6.397121761166404,7.017123311908155,33.770999908447266,0.031061775982379913,0.0745270773768425,-4.260835193452381e-06,2.17454891296564,0.020267080579605423,0.9540346646870412,4.178001767113095e-07,-8.142834722229518e-08,2.1745489935609994,0.0006453346220506764,0.01769928642966715,2685.0,-0.002483092729866286,0.021373088439700223,4.672528118615922,0
4,0.8535159144798915,-0.03277949593180702,-0.26074590462730046,0.071017054113106,0.06579791258532355,0.23590977946804578,1.2130000591278076,0.2882000207901001,0.6389999985694885,25.603997148701122,1.6181302990657942,8.685307285955973,0.9279547929577758,0.03845064309918798,27.837156081654758,90.23096990230954,10.472382786504498,103.7037037037037,103.7037037037037,7,0.16279069767441862,0.050309537492231195,0.6757142857142857,0.09353978567705179,0.0003740513879217,0.10976550852190697,0.009037786520262225,0.12851248872647772,0.08233721723667381,2.1223809523809525,1.715,0.5130273405523287,0.2333266519937494,1.2375399139247536,26.266581217447914,22.347208658854168,153.59399246942428,15.128673469387756,8.03501492583507,13.99690416124132,12.860649956597221,5.199226835999485,8.173707450783926,33.757694244384766,0.026646574959158897,0.07257325202226639,-7.237025669642858e-07,2.1751955460210137,0.019292768722281466,0.9442971192298932,-3.0880882626488097e-07,-2.8707553726953144e-08,2.1751956151350242,0.0006407000210498057,0.016667925354258567,2691.0,-0.0025005588519687308,0.02533636850384206,2.119410642943753,0
5,0.8599359428371702,-0.048870133888153804,-0.25505320945807863,0.06272064902123739,0.06415797268604073,0.21307129173438374,0.9961999654769897,0.2849999666213989,0.634600043296814,25.796778713635035,1.9996770104765893,7.81205671106066,0.9274042471938209,0.017352761895865237,27.820808852499134,83.29097085884047,13.909046162133125,103.7037037037037,103.7037037037037,8,0.20512820512820512,0.05566992643173821,0.7416483516483517,0.12830641734016504,0.00032136049979175277,0.10700725438616653,0.013390618973950254,0.00962512347714634,0.12513748764757895,2.3423809523809527,1.9095238095238096,0.26445640133794607,0.7718392498858808,1.2266832917705737,26.266581217447914,30.999450683593746,129.2417005993071,15.503265306122449,8.734433373952486,11.846669514973955,12.468227810329859,8.564259249638665,7.486523273370213,33.75937271118164,0.027436906471848488,0.08431627601385117,3.3235095796130953e-06,2.164631735443541,0.01732304591209166,0.8785775902853412,-2.8156098865327383e-06,-1.6466334366168764e-08,2.164631870501067,0.0006539555656440087,0.014302294015747539,2699.0,-0.0025060604733572957,0.020714598438710086,-8.873029056339796,0
6,0.8839789237919308,-0.05403802891004653,-0.18961281913802738,0.045913291074829596,0.06675038661204252,0.168586494771854,0.9961999654769897,0.2849999666213989,0.6055999994277954,26.51822757090841,2.1654819998996597,5.848342287157263,0.9246902461609964,0.014995557430414705,27.739374105107775,75.01560132082761,8.621627775474773,95.89041095890411,95.89041095890411,7,0.19444444444444445,0.050250103346136284,0.8098412698412698,0.08795985593430605,0.00013841282399000416,0.07276038705400917,0.011300750216874957,0.006803259897550369,0.1553145973300904,2.2823809523809526,1.8661904761904762,0.277872954216144,0.8333722439895356,1.223016075529472,26.266581217447914,30.999450683593746,144.71136961437404,15.916224489795919,8.358295082040794,15.49619886610243,14.061024983723955,8.099173266821476,6.0611090496560225,33.78465270996094,0.03660844266414642,0.0940401703119278,6.430489676339286e-06,2.1490432814094977,0.01993714081027597,0.7753484848101491,-1.671200706845238e-06,2.2682124393834504e-08,2.149044358903261,0.0006755884303751434,0.017243103749691138,2696.0,-0.002495687170588603,0.02205076060767732,-8.873029056339796,0
7,0.8659305330231076,-0.05008740041369483,-0.27012688600449336,0.04560045890220651,0.047974250944717814,0.17073736819777177,0.9373999834060669,0.13359999656677246,0.4909999966621399,25.976672562190465,1.5496629994681903,8.103671151612486,0.9267160142051145,0.006525240612866624,27.800155133805358,74.41855226922021,6.201963091063057,83.66533864541832,83.66533864541832,7,0.19444444444444445,0.04219211925364383,0.8121825396825397,0.07154948980290272,8.144617076218313e-06,0.054016094412222874,0.0028029659567592215,0.0033325024091925533,0.05189131104830416,2.4547619047619045,1.5392857142857144,0.45798706771590325,0.3362971131296249,1.5947409126063417,18.45947265625,14.983520507812498,100.98721851167224,14.227448979591838,7.979410497574138,11.402774386935763,11.283704969618055,3.24204759052627,3.5952817281431413,33.8113899230957,0.03335866704583168,0.09599122405052185,2.74658203125e-06,2.129803954473615,0.02327861534840447,1.6403273738675805,-3.5422188895089287e-06,7.785598470300421e-09,2.1298041521236937,0.0006921530830247349,0.020912624664422483,2689.0,-0.0025320296957120347,0.017397585060189145,-6.394471451180212,1
8,0.8387865522078105,-0.017443048323903764,-0.3809941337335677,0.031184390285800622,0.030309798038885463,0.10517977746165712,0.9345999956130981,0.12339997291564941,0.4909999966621399,25.162346851910865,0.5779880071963582,11.42944558343717,0.9284075822244413,0.006080045114459981,27.850901341465743,74.91140592517542,6.00421270319295,83.66533864541832,83.66533864541832,8,0.21621621621621623,0.04441289980325807,0.8064864864864866,0.06949712569071707,2.6921273469387657e-05,0.06857388662679641,0.004517498887735746,0.003489586723583826,0.06587783061388353,3.0088095238095236,1.4657142857142857,0.8975326786791956,0.26648429137759777,2.0527940220922676,18.45947265625,14.983520507812498,89.03877614339193,14.104285714285714,8.7589838697272,10.869276258680557,11.045918782552086,3.3078534941920283,3.516614949043316,33.83796310424805,0.02895110473036766,0.06975724548101425,3.760928199404762e-06,2.1061678170238265,0.0236088624227001,1.6290351924026722,-3.1607491629464288e-06,-1.3534672432720682e-08,2.1061681028707273,0.0006921520480488362,0.02124824699401125,2679.0,-0.0026165288457711093,0.018583857309191366,-12.292255805209152,1
9,0.828055285334587,-0.007795029444353921,-0.42093555281275796,0.00906245164426474,0.009909696245239616,0.01856813718576039,0.8650000095367432,0.05299997329711914,0.48979997634887695,24.84047713143485,0.2880487258519445,12.627460584385055,0.9292078481843105,0.004575847142881748,27.874907277615073,73.69308420026968,6.767903548296474,83.66533864541832,83.66533864541832,12,0.3333333333333333,0.051154029106977986,0.8214285714285715,0.07918590886808907,9.386050745522655e-05,0.09299914633613592,0.010956883574468172,0.026722896789784796,0.11781703387755448,3.2782857142857145,1.572,0.8506892283703291,0.19449064821964568,2.0854234823700475,11.36077880859375,10.581766764322918,77.13130493164063,14.71404761904762,8.655957836413,9.120992024739584,9.051249186197918,1.4934804708795386,1.2808475964104067,33.864173889160156,0.03706531971693039,0.0689282938838005,1.8790108816964285e-06,2.0839070485924593,0.022771513087954092,1.471173917460903,-3.342401413690476e-06,1.1185021055299444e-07,2.083906456583409,0.000681087058920421,0.020368534731510592,2674.0,-0.0026354423040867102,0.018339620947848113,-12.762540267014288,1
10,0.8314563044025784,-0.013131953401224954,-0.4144532573734011,0.0067003333282408765,0.01058004975511921,0.013704759538339856,0.8650000095367432,0.05299997329711914,0.4674000144004822,24.942510560665813,0.42064302444458007,12.432997006901672,0.9292954470806262,0.004261603817934686,27.877540080630165,72.6147902138219,4.811958966045665,80.61420345489442,80.61420345489442,10,0.2857142857142857,0.04225203064513533,0.8300408163265306,0.05692047105382726,2.0305139525197856e-05,0.04311446341662308,0.011493059469069668,0.001961005425799551,0.2665708571624816,2.6754761904761906,1.6192857142857142,0.6713806551629145,0.1393980011373493,1.6522570210263199,11.36077880859375,10.504659016927084,72.3112543015253,16.11642857142857,8.446447055250086,8.190765380859377,8.134901258680555,1.4804968608826814,1.4971111745170727,33.8940544128418,0.03670061379671097,0.07164598256349564,3.907703218005952e-06,2.0610089109293717,0.0220114613349544,1.471173917460903,-2.597627185639881e-06,1.1001927905161237e-07,2.061008528532973,0.0006612264314120194,0.019598435448527893,2673.0,-0.002586954361222754,0.018080883792184744,-13.030244158167356,1
11,0.8312902944939478,-0.01710449611005329,-0.4156645049850146,0.005757163665153175,0.009421350479520713,0.011008168402252194,0.8650000095367432,0.05299997329711914,0.4674000144004822,24.937513549072403,0.5324120218413216,12.469369149548667,0.9296980044816086,0.004219623711045506,27.88961675067595,72.704163513857,5.331900307659769,80.92485549132948,80.92485549132948,12,0.34285714285714286,0.04678755849851647,0.8298775510204082,0.06310652886856664,5.6993255476884725e-05,0.055469322307152395,0.011740175550356464,0.0033041925218283896,0.2116516853288227,2.3080952380952384,1.5978571428571429,0.4020395846983218,0.07820151015470347,1.4444941141409628,11.36077880859375,10.504659016927084,73.41675843738375,14.374285714285714,7.874197020471431,7.9989454481336795,8.132561577690973,1.2975500089746368,1.545198793837224,33.912681579589844,0.02568933181464672,0.069307342171669,1.014346168154762e-06,2.0412585842150186,0.02069581025120835,0.802394011602173,-3.269740513392857e-06,-2.162021873876315e-07,2.041259438797704,0.0006577150304838467,0.018120662456994712,2677.0,-0.0025482163202886917,0.017902508364235428,-5.6602185412761745,1
12,0.8556339614391327,-0.02693441993281955,-0.33152226680233365,0.03560464225325163,0.012481339696024654,0.1234464308435349,0.9257999658584595,0.07059997320175171,0.4674000144004822,25.66777998609202,0.8087083132352147,9.945259432664939,0.9270221761623307,0.005859429387937069,27.809348263484893,73.4849115074877,5.231496830014959,84.33734939759036,84.33734939759036,8,0.22857142857142856,0.04124924969305619,0.8206530612244899,0.05862997855766823,2.2510183423573418e-05,0.03666471126739231,0.0067972375641239995,0.0028389519155987844,0.18538909292241199,2.2083673469387755,1.4730952380952382,0.5238806913399753,0.21486495785348222,1.4991341291648386,8.836263020833334,11.583251953125,68.25856795538039,15.019714285714285,8.291827419766024,7.294849214099702,6.928660074869792,3.0470191910070246,0.9039563913696468,33.922306060791016,0.02465483359992504,0.0716346800327301,4.053025018601191e-06,2.0291424110942633,0.013912044258519975,0.6892535621185708,-5.994524274553571e-07,-7.811155263588166e-08,2.029142593931466,0.0006686050535025992,0.009625243053800811,2685.0,-0.002516061043456636,0.017184608625613915,7.929852122556824,1
13,0.8804819042739414,-0.033356962604182104,-0.2474636098912784,0.03529489484901433,0.012776822515230697,0.12150454929558678,0.9257999658584595,0.07059997320175171,0.45420002937316895,26.413217413936344,1.000894450375012,7.423502153881959,0.9239793597489712,0.005812398976275155,27.718062397712522,73.86356877247681,5.3033742897589775,84.33734939759036,84.33734939759036,8,0.22857142857142856,0.04081772206497847,0.8164897959183673,0.05844969216302614,8.654315102040782e-05,0.04369903128179747,0.00451359096098956,0.005984417863377712,0.10328812398341804,2.467142857142857,1.5685714285714285,0.6485389125476092,0.2650555069578964,1.5728597449908925,8.932291666666666,11.583251953125,70.22125934419178,13.934183673469386,7.9038304081491395,7.789086235894096,7.7374267578125,3.2230000922573567,1.1676248481801739,33.927711486816406,0.025992348790168762,0.07512864470481873,7.963634672619048e-07,2.0212007530484506,0.01315640340182226,0.6449103319448777,-1.2897309802827382e-06,-7.550252059067201e-08,2.0212015928498825,0.0006716440465502918,0.008400994853780434,2684.0,-0.002544257942934637,0.01583926784531641,7.929852122556824,1
14,0.8869437427123388,-0.018935448470569792,-0.22625559041613624,0.028659496120882474,0.03438877840950387,0.09861579374810242,0.9257999658584595,0.10380005836486816,0.4477999806404114,26.60711428139891,1.1246194358808654,6.787117426778589,0.9219129431742702,0.004990082427303592,27.656068569845452,75.96988001166227,4.790009665225959,84.33734939759036,84.33734939759036,7,0.1891891891891892,0.03501943095222547,0.792934362934363,0.04998394220464466,5.791389587671772e-06,0.03487896068303655,0.0037596320268684295,0.004202066777500063,0.10779082728508403,2.373333333333333,1.6440816326530612,0.7791953230570131,0.34653337659049815,1.4435617345249916,11.406656901041668,11.77520751953125,76.62459571475075,14.82857142857143,8.743228796955869,8.563062879774305,8.531290690104166,3.1711075045720842,1.7480362713512767,33.9295768737793,0.026061100885272026,0.07356715947389603,7.266090029761905e-08,2.014895376889605,0.015120511889627012,0.6961603993397693,-3.269740513392857e-07,1.1597738889299089e-07,2.0148943875579555,0.0006633320524239707,0.011154645765127487,2694.0,-0.0025527021906601916,0.01510123405924298,7.929852122556824,1
15,0.8671799715189706,0.002783485009556725,-0.29702945698159083,0.02930853595659218,0.03343768440188426,0.09937367746226153,0.9242000579833984,0.10380005836486816,0.4477999806404114,26.014148859807424,0.9369134191955839,8.9105039951631,0.9230738368186981,0.00471568430663768,27.690899209382472,76.6247029459739,4.281736727578316,83.33333333333334,83.33333333333334,6,0.16216216216216217,0.02980092679926646,0.7855212355212353,0.04451015757217753,2.668460408163249e-05,0.03558649375479478,0.0019169887922204244,0.0030677099477562013,0.05386843686903369,2.825428571428571,1.7514285714285713,0.6217607650693245,0.2863900172535825,1.6132137030995106,11.406656901041668,11.77520751953125,79.22171173095703,14.363061224489796,8.489204220452178,9.149454752604168,9.511617024739582,1.1944306560107216,1.5741341341751236,33.92002868652344,0.029168155044317245,0.07356715947389603,-1.300630115327381e-06,2.001271452893984,0.017193679788913577,0.7715265089536082,-2.4159749348958332e-06,9.392639108237941e-08,2.001270673842548,0.0006514975493577548,0.013790914426363318,2696.0,-0.0025511327899471305,0.014972091784984005,1.5948082042106608,1
16,0.8470830103499549,0.02282980898448399,-0.36719085680019287,0.012184271012368086,0.013322095659824383,0.03684064989419848,0.9138000011444092,0.10380005836486816,0.4477999806404114,25.411240310498645,0.724764269718102,11.015338989709106,0.9244262993802026,0.004374598403616629,27.731470230593395,76.95130858425402,3.9713029375940603,83.33333333333334,83.33333333333334,4,0.10526315789473684,0.029707156852002082,0.7818421052631578,0.041316815684368964,2.155991270304028e-05,0.03155429623722175,0.0010990484514964542,0.002857180727528272,0.034830390233834656,2.827714285714286,1.6944897959183673,0.6102121410975507,0.2936831840233493,1.6687703239792846,11.406656901041668,11.77520751953125,77.70562656947544,13.096734693877552,9.102837404512648,8.6077880859375,9.308021182105653,1.5503638132799686,1.7766359349740357,33.90702819824219,0.026037970557808876,0.07007257640361786,-2.822149367559524e-06,1.9838855264414028,0.021175764648348114,0.936513877866969,-2.6702880859375e-06,-4.272086720267885e-08,1.9838858994720838,0.0006404590954063283,0.018353406648667293,2707.0,-0.0025324285850599378,0.015880577522456387,1.5948082042106608,1
17,0.8448013156709216,0.019899723546845573,-0.37616317150706335,0.003964415455036906,0.005082408970557307,0.007834305482850875,0.864799976348877,0.048599958419799805,0.41839998960494995,25.342835327301707,0.5969534207241876,11.284348145212446,0.9250277828285266,0.0032432026449690067,27.749510269375108,74.73594416904037,6.335032251026917,86.24229979466119,86.24229979466119,8,0.2222222222222222,0.0572381857900514,0.8092460317460317,0.07636251863945062,3.2541203831736584e-05,0.11403484561599131,0.008039709786268718,0.010118245250087624,0.07050222011386048,3.0862857142857143,1.68,0.04596893360893699,0.173579364897926,1.8370748299319728,9.82177734375,10.815327962239582,76.0939462570917,14.695833333333335,8.335524183949191,8.251973470052084,8.473002115885416,1.57070665357783,0.8667610597710818,33.90342330932617,0.02374732308089733,0.07003868371248245,-2.3890904017857145e-06,1.964155489317287,0.020844927454696703,0.8192422856295787,-2.3069835844494046e-06,-2.4735117121294032e-09,1.964155432794825,0.0006455310690831995,0.017919475262995824,2709.0,-0.0025052299988133006,0.015454134738517858,-8.773450067352345,1
18,0.8440956299077896,0.01530830431835992,-0.37910842897494634,0.004895985215137605,0.008766184284253204,0.010347109221893719,0.8689999580383301,0.04980003833770752,0.4390000104904175,25.321662897212164,0.4918894123179572,11.372712869260992,0.9255536692433404,0.0036417314501887526,27.76528847650659,75.72442804106399,7.205339497185744,87.68267223382045,87.68267223382045,8,0.21621621621621623,0.057932050274261744,0.80019305019305,0.08325106875058702,2.7775051062057527e-05,0.08829869233807434,0.010233586842746178,0.01528164037505679,0.11589737709324446,3.1871428571428573,1.5565714285714285,0.38859068579732503,0.2541164765879407,2.0475403817914835,10.238444010416666,10.815327962239582,75.10889841715496,15.495384615384616,9.071667698740537,8.491041395399305,8.520100911458332,1.4561658572763068,1.2782680011220349,33.91379928588867,0.02830403298139572,0.06731124222278595,6.8112327938988095e-06,1.9458601096829746,0.018017379546475358,2.2699368511125377,-2.6339576357886904e-06,-8.398509404609964e-08,1.945860157747771,0.0006562605821151821,0.014393116487469125,2709.0,-0.0025320035390334833,0.01582660446880035,-8.240384053121712,1
19,0.8439112682058698,0.011553627593176706,-0.3801417051042829,0.007839342268684596,0.011669009165666013,0.019447617801222977,0.8985999822616577,0.06319999694824219,0.4390000104904175,25.31611004616533,0.42852039281811033,11.403786010273866,0.9259520785765953,0.004001244172979404,27.7772455022653,76.27113767050783,7.208432324010179,87.68267223382045,87.68267223382045,8,0.21621621621621623,0.05704406142019216,0.7944787644787644,0.08342513490711603,4.111790753852558e-06,0.08902690233027902,0.006685625129383652,0.012051330775596938,0.0750966837482539,3.2525714285714287,1.5342857142857143,0.42991731525862464,0.24996489549453108,2.1199255121042833,10.238444010416666,10.815327962239582,77.58902079264324,16.25202380952381,7.9992224634548865,8.883748372395832,8.811197916666666,1.33595976770692,1.2330359373150217,33.93721389770508,0.03594748675823212,0.07040330022573471,3.3293224516369047e-06,1.9311989643966452,0.01646983105573849,2.019475712874789,-2.052670433407738e-06,-6.499411721460835e-08,1.931199467624801,0.0006843831278185635,0.012442028002543277,2701.0,-0.002524394125298349,0.016544466775044675,2.5534510911886343,1
20,0.8416601438862937,0.003668218047845931,-0.3859688288342385,0.014412316075883029,0.016800114027009868,0.03489065455984367,0.8985999822616577,0.07660001516342163,0.5080000162124634,25.248600316558566,0.3934146768280438,11.578512007892131,0.9268546518629807,0.004996122854340181,27.80431452989214,78.98418821600251,6.711508141729723,94.38202247191012,94.38202247191012,7,0.18421052631578946,0.04618901668142212,0.7651503759398497,0.06524558207256305,6.115878384006665e-05,0.05922055290572523,0.0048055536978785715,0.006125669744794967,0.08114672123255351,2.905952380952381,1.462,0.33695658359649977,0.16871325752680527,1.9876555273272098,14.410807291666668,13.487447102864584,97.56130487351192,14.369780219780221,8.596409765839152,9.731072319878473,9.792012532552082,1.9107457471096017,2.3394550554711104,33.96564483642578,0.03679603710770607,0.07545096427202225,7.0975167410714285e-06,1.9194637160716492,0.015022081955172592,1.9799643954410941,-2.4886358351934524e-06,-1.5986968153277619e-09,1.9194635558725073,0.0007005507713430634,0.010457770548489745,2689.0,-0.002518251665285284,0.01706241494268372,2.5534510911886343,1
21,0.840484001250494,-0.0006327246058554876,-0.38977417158512845,0.014058245979511214,0.015162409847139801,0.03426367753767363,0.8985999822616577,0.07660001516342163,0.5080000162124634,25.21331646612712,0.311472268147128,11.692674861848355,0.9273170575455276,0.004718990278001293,27.818188300654946,77.93653708122515,6.858700683995402,94.38202247191012,94.38202247191012,6,0.16216216216216217,0.04380046490191152,0.7758301158301159,0.06839938067087066,6.526001899208661e-05,0.067059018116009,0.0063087057790173874,0.015102827723325812,0.09407691845567463,2.705238095238095,2.2360714285714285,0.2274775411904036,1.1610297922841724,1.2098173880636747,14.410807291666668,16.701456705729168,99.52970261346725,11.68,6.750360568181044,11.066860622829862,11.813303629557293,3.495163187290538,2.387025747387192,33.9947509765625,0.031198037788271904,0.07970264554023743,-1.3064429873511905e-06,1.9074926580237717,0.015949644004649113,1.9799643954410941,-2.216157459077381e-06,1.176961450958266e-07,1.9074923908746535,0.0006931497593644443,0.011890198459094885,2690.0,-0.0024802743477524134,0.01679626241911914,2.704775898854953,1
22,0.838322982044447,-0.004736438458874112,-0.3963051620693434,0.012472938441022435,0.01136123072669022,0.029419116308666792,0.8969999551773071,0.07660001516342163,0.5080000162124634,25.148466032743453,0.22907772477184024,11.888671004942486,0.9278987600801196,0.0044344964895210795,27.835643321981802,76.23923207831905,8.802284455402447,94.38202247191012,94.38202247191012,9,0.25,0.059394908048087905,0.7978968253968253,0.0953597354805456,0.00030256117551020237,0.09892257125202691,0.015877265848075212,0.027235880511249304,0.1605019526597666,3.3938095238095234,3.5635714285714286,0.9914171354722172,2.0116356681130134,0.952361862764749,14.410807291666668,16.701456705729168,97.54109489804222,14.76904761904762,9.98823516560138,10.930514865451391,11.282323201497396,4.553012438155044,4.3103600165398355,34.01397705078125,0.028101060539484024,0.08242619037628174,4.057384672619048e-06,1.895526413531322,0.016469437364290875,1.8205566156420396,7.992699032738095e-07,1.2316108565023598e-08,1.8955258606784602,0.0006671633966879268,0.012642512643590634,2706.0,-0.002482495485706038,0.015989720551425772,-9.765930214119251,1
23,0.8381662490027292,-0.004114867318244207,-0.39799890521026793,0.004311589509605044,0.004449603744288798,0.008890560861449197,0.8605999946594238,0.020200014114379883,0.4390000104904175,25.143795755761012,0.14942444303206034,11.93938129918916,0.9279271695267683,0.0033646029446654474,27.83648690348058,74.47633787074726,7.595455568250646,85.02024291497976,85.02024291497976,6,0.16666666666666666,0.049160888955708,0.8146825396825397,0.08920130048414364,0.00015771259042065771,0.07114400582197583,0.008316016632802407,0.0027331463586009264,0.11688991274418306,3.4495238095238094,2.7782142857142857,0.3500171683511961,2.1888076557983873,1.24163345759952,9.835917154947916,10.60272216796875,68.90927690778459,18.183809523809522,7.341444802719912,6.837666829427083,6.940841674804688,2.3543886470796744,2.1563429285174105,34.02561950683594,0.0245087668299675,0.06563326716423035,1.453218005952381e-07,1.8822655587654773,0.01572340350879545,0.717527125951182,-1.5440441313244048e-06,1.248849590644329e-08,1.8822656387949805,0.000628495198750062,0.011687261165716233,2720.0,-0.0024725930031512635,0.015603077907457049,-10.231879360439999,1
24,0.836874267578125,-0.0032075431659108118,-0.401045924217928,0.004472062669392041,0.004876295071646983,0.009022654577611432,0.8588000535964966,0.020200014114379883,0.44359999895095825,25.105025312985692,0.1407287129334041,12.030816297956875,0.9280735168050364,0.0033756033978878824,27.840878150069937,74.27538926513131,7.566028250183847,85.02024291497976,85.02024291497976,9,0.25,0.0527964350771083,0.8167857142857143,0.0886004656703722,1.815803415243641e-05,0.09625262700735174,0.006278082156334722,0.0024454630155635792,0.06522504737304681,3.132857142857143,1.5879999999999999,0.4804564156580061,0.17852136441059488,1.9728319539402666,9.835917154947916,10.60272216796875,67.49301358177549,16.958690476190476,8.03448177761374,7.915608723958333,7.80078125,1.7873005054319206,1.2789570590856563,34.02529525756836,0.024652116000652313,0.0699215903878212,-3.633045014880952e-07,1.8702540668520062,0.015235171063646429,0.6887198028785306,-1.834687732514881e-06,-9.909290885995108e-08,1.870254637322481,0.0006208803230220807,0.011084465623826223,2713.0,-0.002486891987425822,0.015715144649948855,-10.231879360439999,1
25,0.8361430577210017,-0.002363943037532625,-0.4027616100453195,0.004421442557135306,0.004960978647564963,0.00882786385127074,0.8569999933242798,0.020200014114379883,0.44359999895095825,25.08310016019004,0.12981155220951351,12.082268158495426,0.9281534537041066,0.0033126649019295288,27.843278265282514,75.06056718138315,5.417037766392173,83.49900596421472,83.49900596421472,5,0.1388888888888889,0.035990766551546656,0.8036904761904764,0.060276549931588895,0.0001885297126197413,0.037423046045057924,0.004859905530137707,0.0013396410456745873,0.12986397537726635,2.942857142857143,1.5997142857142856,0.30765405963218373,0.13162531857433782,1.8396142168244332,8.895060221354166,9.006856282552084,66.08744143531436,15.010329670329671,8.411303229959392,7.639906141493056,8.000142415364584,0.9504046469272173,0.9577060712550453,34.02011489868164,0.025002818554639816,0.09172497689723969,-2.6085263206845236e-06,1.8591566055390127,0.01445429622303218,0.6791940907779057,-3.832862490699405e-06,6.960676742115959e-08,1.8591555565060116,0.0006353832574361328,0.010012904849257716,2695.0,-0.0025022982710923734,0.015931274776610247,-10.231879360439999,1
26,0.8357020859434491,-0.002308847793510982,-0.4039406382186072,0.0043272792861805305,0.004778268198520228,0.008536619036509258,0.8569999933242798,0.019999980926513672,0.44359999895095825,25.069876292603357,0.1258847024185317,12.11763143228633,0.9282644371835344,0.0033033544662279305,27.846608988457753,75.42921583573644,4.132996554451088,82.6771653543307,82.6771653543307,2,0.05555555555555555,0.027103085792492668,0.7978571428571429,0.0440514798822763,0.00013046301640982924,0.021957036202357748,0.0018037684773010254,0.0004062412696887644,0.08214990678511232,2.6514285714285712,1.6371428571428572,0.25226322501283766,0.11197059866762521,1.619546247818499,8.895060221354166,9.006856282552084,69.18898555210659,15.970659340659342,7.987900988534631,7.632731119791667,7.453647189670139,0.9617913637594665,0.6659523320755352,34.01552963256836,0.02377483621239662,0.08047927170991898,4.3451218377976193e-07,1.8497955480658845,0.013622341259788538,0.8877144190499817,-1.7983572823660714e-06,-3.716662266758755e-08,1.8497957892698718,0.000671014373447378,0.008715928050402758,2685.0,-0.0025082314776770304,0.016038593224052607,-9.17257454460917,1
27,0.8361259147893815,-0.0035838577094532195,-0.4031973620936984,0.004281507314603442,0.004628091288165764,0.008320376027145896,0.8569999933242798,0.025799989700317383,0.44359999895095825,25.08258272937366,0.142650862293584,12.09535457709006,0.9283239112757052,0.0033462161682974527,27.84839512819726,75.83681165050304,3.7170908262972118,82.6771653543307,82.6771653543307,1,0.02702702702702703,0.024424208280175184,0.793088803088803,0.03914208706724039,3.6215832736359914e-05,0.02028810780166698,0.0009270876479161498,0.0036064435649775343,0.04569611207605942,2.5762857142857145,1.6590476190476189,0.2577589444992894,0.13232270044158786,1.5528702640642942,7.873636881510418,9.008585611979168,67.78962068103607,14.574065934065935,7.920079183241043,7.23504638671875,7.5128173828125,0.9179039219058894,0.3588136675035157,34.01673126220703,0.023998618125915527,0.08047927170991898,-5.783807663690476e-07,1.8398546478894886,0.014865428166917145,2.5110374289366364,-1.52587890625e-06,-5.445676670859573e-08,1.8398550765432553,0.0007016925184716694,0.010389711211217725,2682.0,-0.0025319773823549324,0.016110679537583248,-8.93000663975728,1
28,0.8363436197383063,-0.004715477063542321,-0.40293946677730197,0.004099604183900849,0.004206385110924353,0.007935858674867664,0.8552000522613525,0.025799989700317383,0.44179999828338623,25.089115734951836,0.1592590247307505,12.087606717603547,0.9284069015755738,0.0033471297557932564,27.850881823128947,76.03235823468663,3.735063338629499,82.6771653543307,82.6771653543307,2,0.05405405405405406,0.027283470363977536,0.791042471042471,0.03881539980275376,1.8775419575177023e-05,0.02436748459501002,0.0008074864940927077,0.0018971270564161688,0.03313786824997378,2.767857142857143,1.7283333333333333,0.2934091777334705,0.08788294884909528,1.601460256233641,7.955423990885417,9.008585611979168,69.3677514212472,14.456326530612245,9.086419586831495,7.578362358940971,7.654673258463542,0.978083049732982,0.45693155142963926,34.02085494995117,0.02413902059197426,0.057116083800792694,3.3336821056547617e-06,1.8299775227814208,0.015211123859678531,2.5110374289366364,-4.722958519345238e-07,-2.516643125297126e-08,1.8299782907114617,0.0007082918672486002,0.010889833315873577,2682.0,-0.0025190799601060663,0.01607661092149184,-8.93000663975728,1
29,0.8365184675852457,-0.005176915256750016,-0.4025171240596544,0.004137638389806356,0.004262255476876777,0.00814346120755658,0.8552000522613525,0.025799989700317383,0.4455999732017517,25.094360456126076,0.17104188523122243,12.074944864639214,0.9283858537757974,0.003360292638473188,27.850253405779387,75.56365011509378,3.5067019222646487,82.19178082191782,82.19178082191782,3,0.08108108108108109,0.02856944437554635,0.7957528957528958,0.03710792311209209,4.137902540608072e-05,0.02949925863406474,0.0016195514662257014,0.012411930359971471,0.054901429433060346,2.8057142857142856,1.7428571428571429,0.20621565886029045,0.1249881627048199,1.6098360655737705,7.955423990885417,9.008585611979168,68.09341190883092,15.74345238095238,7.845067050487458,7.529093424479166,7.628519694010417,1.0365546307964533,0.5089663495449929,34.02460479736328,0.0239112451672554,0.06685401499271393,-2.906436011904762e-07,1.8195170129198648,0.014349221468702525,2.218761610767905,-1.2715657552083333e-06,6.575082836134467e-09,1.8195168370757322,0.0007041112301373059,0.009720969460211297,2681.0,-0.0025338693821034563,0.015947185251962648,-8.93000663975728,1
30,0.8408253816139131,-0.006972439220973423,-0.3840827525371597,0.01870509968313601,0.009808798307696624,0.07737662978104293,1.0248000621795654,0.22619998455047607,0.5917999744415283,25.223505877000946,0.24456474219049726,11.532718575979983,0.9278673223810459,0.007139064609020863,27.83469522630843,85.60766530429338,35.20388184534618,269.2307692307692,269.2307692307692,8,0.20512820512820512,0.0872352523860706,0.7518315018315019,0.13093271196326906,0.0024208006557267787,0.10697301671865082,0.01903096355161396,0.059109166967170994,0.177904336396039,2.4630952380952382,1.5942857142857143,0.4208296120263837,0.358976517256618,1.544952210274791,8.06182861328125,8.772684733072916,76.44263501848492,17.42742857142857,8.69882765109192,6.853875054253472,7.633216494605655,0.8540258607509199,1.7381668903161724,34.029300689697266,0.02413766272366047,0.06685401499271393,1.9560314360119047e-06,1.8124544372456874,0.014758373955361006,1.7076238428245136,1.7075311569940477e-06,-5.841639882361716e-08,1.812454938863591,0.0006880524265078025,0.010491361606463684,2673.0,-0.002485510042909043,0.01664558138695231,-7.465452891260708,1
31,0.8644809813726516,0.01070406587350936,-0.27868577159302577,0.03538644575863897,0.029709673658925642,0.156304195932542,1.0248000621795654,0.22619998455047607,0.5917999744415283,25.933183298366412,0.6887250188844545,8.372578861330236,0.9228067667410024,0.010061890733456395,27.682886047246647,89.14659070799367,33.901237072462074,269.2307692307692,269.2307692307692,9,0.21951219512195122,0.10474750983353508,0.71794425087108,0.12726281338838502,9.028877967513519e-05,0.3117278970219003,0.004055588361082987,0.12305973135378012,0.013010027013392593,2.2145238095238096,1.4891836734693875,0.6505044702072671,0.41081647860333576,1.4870723128226215,18.810221354166668,17.799173990885414,87.24279269263859,15.076952380952381,7.8280775802986655,10.020395914713543,9.809221540178571,3.7821544456098373,5.1881839799227,34.04279708862305,0.029708651825785637,0.07847855985164642,2.1769205729166666e-06,1.8254375407811683,0.027578363537323715,1.836714046673639,1.3805571056547619e-06,4.440613178642932e-08,1.8254368231845606,0.0006735718356908134,0.025500469238618022,2675.0,-0.0024830534948484598,0.01613773708339296,-7.465452891260708,1
32,0.8652202095531282,0.012743989970002855,-0.2622274382171177,0.04621313444466784,0.0329345206361367,0.17366447115587116,1.0248000621795654,0.22619998455047607,0.5943999886512756,25.9554331437179,0.8551581464494977,7.878577431482928,0.922375651736009,0.011597056720604989,27.66994220249546,90.04682580332747,33.86102016917658,269.2307692307692,269.2307692307692,12,0.2926829268292683,0.10706735434924568,0.7112891986062717,0.1309998327669639,1.4371835735110128e-05,0.3124797553038424,0.011167104320894539,0.13052478491018504,0.03573704898109673,2.0380357142857144,1.4087755102040815,0.666085096566007,0.5043342339908892,1.4466717369259743,18.810221354166668,17.799173990885414,89.54564034598214,15.905294117647058,8.553477010614916,9.311319986979168,9.649178641183036,4.619780919116027,5.172009742397547,34.06367492675781,0.03365971893072128,0.07650817185640335,3.9905366443452385e-06,1.8329615093663694,0.02574121604035772,1.2787784595859404,8.537655784970238e-07,-4.606790272218605e-08,1.832961459305085,0.0006521708139878088,0.023502860872086074,2682.0,-0.0024656898197370066,0.015609866872158182,-7.465452891260708,1
33,0.8443732761882601,0.007467866363979521,-0.3152499999517486,0.058138150394808415,0.03648901728863654,0.19882182814443022,0.94159996509552,0.08239996433258057,0.5943999886512756,25.32998057135514,0.9896671434385436,9.458863712208611,0.9254738779561233,0.012011432890001636,27.7628899476282,80.13266909693496,7.264186644968329,90.71274298056154,90.71274298056154,8,0.20512820512820512,0.039432739237059304,0.7551648351648351,0.07092615641275578,4.235087646813832e-05,0.040374331461346495,0.007492745768087546,0.006501263031991278,0.18558191546183092,2.1391836734693874,1.549795918367347,0.6337821392902284,0.35710647044961896,1.3803002370292332,14.713643391927084,12.84088134765625,77.17198806036087,15.528482142857143,8.252433059109856,8.127804710751489,7.795846121651786,3.27974212669275,3.671332816113939,34.080177307128906,0.02771996334195137,0.07650817185640335,5.086263020833333e-07,1.8342659283942209,0.02349497731716065,1.2787784595859404,-2.3069835844494046e-06,1.761113163856338e-08,1.8342658334731725,0.0006585813607243247,0.020985219582869766,2685.0,-0.0025281846639650346,0.014284856339254734,-7.8699694298128655,1
34,0.8038935999983833,-0.01910478123312905,-0.4557894666734196,0.03980113694224577,0.022312372926044582,0.12117836409808548,0.9198000431060791,0.0722000002861023,0.5943999886512756,24.115592571326665,0.8075409985865866,13.67325700019087,0.933299379615953,0.008508063012144094,27.997661767088555,76.58300542236896,6.55747008751323,90.71274298056154,90.71274298056154,7,0.1891891891891892,0.037520213750847645,0.789073359073359,0.06575054918195977,1.829744273219547e-07,0.032285110394406256,0.010027313149753102,0.006179030140076857,0.3105863051808069,2.150714285714286,1.5010204081632654,0.7233358804306388,0.32242585812220337,1.4328348062542489,11.883951822916666,11.25518798828125,57.605312020438056,13.946380952380952,8.154823752841585,6.941426595052083,6.15936279296875,2.650241614004321,2.386210931547741,34.08509826660156,0.025323670357465744,0.05744319036602974,-2.906436011904762e-07,1.8141522781490502,0.01905754758438539,0.930574258575336,-3.342401413690476e-06,6.54570956581786e-08,1.814152489581581,0.0006557451458575536,0.016022097711710693,2683.0,-0.0025779869799261793,0.014002375840595969,-7.8699694298128655,1
35,0.7863211049295608,-0.030970914187885466,-0.5074647429727372,0.008850087998306345,0.00784398596424028,0.01564732834855331,0.8253999948501587,0.054000020027160645,0.5627999901771545,23.58849257647991,0.9320598520551409,15.223242289168494,0.9365620289007575,0.0040987830869676925,28.095521026862876,75.1798726395092,4.439400665275878,83.66533864541832,83.66533864541832,5,0.1388888888888889,0.03085468622118171,0.8008333333333333,0.04658931271178956,2.633665306122442e-06,0.0349770533122727,0.00494259098080053,0.02942427195698074,0.14130953047054653,2.4764285714285714,1.6371428571428572,0.5429071092292868,0.12405835800330499,1.5126527050610818,7.0916748046875,7.319742838541666,52.99398251488096,14.813775510204081,8.50312942918935,5.768449571397569,5.79559326171875,0.9587455049021688,0.8561680248274366,34.0887451171875,0.026806818321347237,0.0694953203201294,-5.812872023809524e-07,1.798225076963411,0.015955405118240455,0.8767081036857696,-2.3978097098214285e-06,-4.065655313796898e-08,1.798225314912199,0.0006690663593953159,0.012151475352268765,2681.0,-0.002604472796682301,0.013750864352361317,-7.8699694298128655,1
36,0.7837143146026703,-0.034786066322099594,-0.5124257527078901,0.008026499354287725,0.005071345646017084,0.014183527194317444,0.8062000274658203,0.054000020027160645,0.5694000124931335,23.510324009486606,1.0435279896429608,15.372038009762765,0.937163067773758,0.003879361370483566,28.11356350534082,74.58427127242301,3.4279132884893486,82.3529411764706,82.3529411764706,2,0.05555555555555555,0.026625575727086806,0.8061507936507937,0.03686375516612964,1.7798066805497774e-05,0.01695513898779627,0.0030337852964241606,0.0006952633985088985,0.1789301343154884,2.65047619047619,1.668,0.24528293626108946,0.13240506803297347,1.5890145026835674,6.3238525390625,6.763407389322916,51.24014086042132,14.434175824175822,8.048576450308724,5.719774034288194,5.944254557291667,0.46273558426038697,0.7051107630232204,34.1016845703125,0.030913207679986954,0.07491512596607208,3.195626395089286e-06,1.7856185751059845,0.0154162346349426,0.7862317416547938,-6.539481026785714e-07,1.0048442479388762e-08,1.7856185191639884,0.0006358432857926138,0.01142659890966215,2705.0,-0.002621180375106766,0.013271239568197434,-9.137789969162942,1
37,0.7824568382898967,-0.03721759980065482,-0.5147989429689589,0.007976496220538492,0.004578244480224001,0.01403933905577375,0.8062000274658203,0.055800020694732666,0.5694000124931335,23.472576148765427,1.11647370832307,15.443252574758871,0.9375009601477625,0.003929730413607784,28.123690842986083,74.12680788077881,2.3430706928600076,80.45977011494253,80.45977011494253,1,0.027777777777777776,0.02279583614988919,0.8102380952380952,0.025796825201489248,1.3136926280716279e-05,0.020459490736102544,0.0007774375174298489,0.004751425507571032,0.03799886944683296,2.686,1.6730952380952382,0.22567703128360136,0.13172951225557986,1.6054077131065887,6.3238525390625,6.763407389322916,55.53818359375,15.27978021978022,8.158581768089984,6.131510416666667,6.073760986328126,0.3285223269916078,0.16049346726449967,34.121700286865234,0.030176792293787003,0.0799519494175911,2.8308686755952383e-06,1.77404464446308,0.014738001539884584,0.8500633078621269,-1.0899135044642857e-06,8.51506612227683e-08,1.7740443840779454,0.0006438556868132413,0.010433903966952398,2708.0,-0.0026483767816301903,0.013499301215596941,-10.280863813131393,1
38,0.7810850572472527,-0.038603485924857,-0.5173718000849088,0.007054493967423651,0.004372918360947294,0.012255892972088032,0.801800012588501,0.05620002746582031,0.5694000124931335,23.43143014601299,1.1580534348743303,15.520416573967253,0.9377962579840476,0.0038663972095938433,28.132544481390426,73.55809267422848,1.8291378948671293,77.20588235294117,77.20588235294117,0,0.0,0.019660381792958596,0.8161904761904764,0.020465113282804096,4.7469287796750986e-07,0.020394254131571546,7.263614752374692e-05,0.004568239061938982,0.003561598627492915,2.734857142857143,1.7347619047619047,0.11315007192003991,0.1824058170294133,1.5765028822399123,6.269022623697916,6.110026041666667,53.478436351957775,14.173626373626373,8.378913441496419,5.927734375,5.826416015625,0.2410658527161047,0.22796775661940877,34.13964080810547,0.02795862965285778,0.05972229689359665,3.4121558779761903e-06,1.7633417675446446,0.01457091346350304,2.4367950479975513,-1.4168875558035715e-06,-9.70124960720381e-08,1.7633425291891311,0.0006530507209296807,0.010114794886758293,2698.0,-0.0026331143596956693,0.013529081155481489,-10.425352709636114,1
39,0.7818101240112668,-0.038321600408781145,-0.5162777428513482,0.006735105433087427,0.006367619643727671,0.011966375148535435,0.8049999475479126,0.06000000238418579,0.567799985408783,23.453197863187107,1.150321012692792,15.487590571301324,0.9377910147601555,0.003929099454194776,28.132398182161694,74.22685252502579,4.334099974258265,86.77685950413223,86.77685950413223,0,0.0,0.02241927533854605,0.8109126984126983,0.04429358964509734,1.741443998334022e-05,0.015372687996620572,0.0016652239243762266,0.0005260368630544993,0.10832353617937852,2.770714285714286,1.7754285714285714,0.08650724479117657,0.133439277637158,1.560588992597361,6.068013509114584,5.81573486328125,53.20108744303386,15.35186813186813,8.535032533068552,5.655449761284724,5.531351725260417,0.24491313024360062,0.31197750193062634,34.150733947753906,0.02592865191400051,0.05739690363407135,1.3791038876488095e-06,1.7533374010940421,0.014331027897333018,2.267924587095686,-2.5794619605654763e-06,-1.937436459777525e-08,1.7533372363781785,0.0006937544166307358,0.009846705144929737,2676.0,-0.0026218909648740686,0.014091326780117819,-9.147059620762723,1
40,0.7847635240952174,-0.02733687659388497,-0.5098668954145341,0.008300367138331875,0.01703770778413353,0.015571427126988491,0.8162000179290771,0.06000000238418579,0.567799985408783,23.54177472284862,0.8537212958080428,15.295285719547953,0.9365612417633934,0.0044759314628299764,28.095495025210017,76.73127736464131,6.325653150640371,91.50326797385621,91.50326797385621,2,0.05405405405405406,0.027613915779389236,0.787065637065637,0.062220313815427114,0.00025007872319866717,0.016818035517176977,0.0028160603748012348,0.00358639706843999,0.16744288427296233,2.3685714285714288,1.8002380952380954,0.4698215032307049,0.17186534965692885,1.3156989816161884,8.485310872395832,9.156188964843748,60.2875954037621,16.232857142857142,7.865712669096085,6.597880045572916,6.515519883897569,1.3822928099063707,1.3987167545461763,34.15627670288086,0.025254542008042336,0.056216996163129807,2.2524879092261905e-06,1.7438677934049271,0.013919121105650783,2.267924587095686,-5.267915271577381e-07,-4.123790794407376e-08,1.7438673028151621,0.00070592056987819,0.00916413620543586,2679.0,-0.0025337146217553628,0.015386828202111482,-5.8634564126439495,1
41,0.7863713810500644,-0.020511171948342097,-0.5064848191965194,0.00867725504058887,0.014982401558467699,0.016179162034375534,0.8162000179290771,0.06000000238418579,0.562999963760376,23.590021717207772,0.6498001554182598,15.193810147302491,0.9358780936465364,0.004610359418642808,28.075003129911835,78.7550387179634,7.572008406405017,92.71523178807948,92.71523178807948,5,0.13157894736842105,0.03363441884846728,0.7690601503759399,0.07526485730394204,6.061644981257765e-06,0.029524351046116736,0.003695642293448872,0.0013845479179315037,0.1251726850041959,2.4371428571428573,1.7569047619047617,0.552013753156087,0.17983631383355983,1.387179834665944,8.485310872395832,9.156188964843748,61.55249968029205,14.875054945054945,8.001353625971324,7.549845377604166,7.275051540798611,1.2806342504048807,0.9885201326703928,34.1504020690918,0.029083924368023872,0.06476382911205292,-2.394903273809524e-06,1.7359913635762507,0.012992340395291117,0.8338049809842097,-2.724783761160714e-07,-1.2955583298911267e-09,1.7359917615033773,0.0007044827764166618,0.007853104763526995,2683.0,-0.0024924306641090008,0.015804484256971847,-5.8634564126439495,1
42,0.7869009523334958,-0.01645768683013462,-0.5051723049623625,0.008800248289017472,0.010385794182218093,0.016054326435039443,0.8162000179290771,0.041999995708465576,0.5681999921798706,23.60590571292809,0.5275028871212687,15.154451148850578,0.9354713094773927,0.004416058517076014,28.062806150993005,76.96011772946896,7.77974210626527,92.71523178807948,92.71523178807948,5,0.13513513513513514,0.03294931860254294,0.7873745173745175,0.07698719710290867,3.6530922782173994e-05,0.037170809773811965,0.0027096021801584855,0.0016637622379300377,0.07289596854754259,2.8908571428571426,1.6804761904761905,0.5863986246051192,0.15150641904334572,1.720260697081326,8.175048828125,9.156188964843748,61.264017740885414,13.654615384615385,8.642296379117317,6.899922688802084,7.122870551215279,1.4067913251077941,1.2053745770020547,34.131553649902344,0.03611033037304878,0.06865093111991882,-5.516415550595238e-06,1.7281738589317548,0.013172787452041443,0.8421134352023106,-1.1444091796875e-06,-4.326813727836607e-08,1.728174591136746,0.0006954471360439658,0.008096196872258056,2694.0,-0.0024580716871090216,0.015780446581602197,-2.639633442499148,1
43,0.784534295241038,-0.021365239305155617,-0.5099650954490617,0.009234350765416623,0.006782643894695244,0.01621120512801552,0.8145999908447266,0.06319999694824219,0.5681999921798706,23.534901571529254,0.643374750656741,15.298236577723708,0.9361560444971682,0.004568747275689776,28.083345317793167,75.45798462568928,6.197042361147508,91.70305676855895,91.70305676855895,5,0.13513513513513514,0.032970817853550015,0.8003861003861005,0.06411487264668533,7.669469987505207e-05,0.04705896057616235,0.0029556109211938677,0.02590422404761688,0.06280654916740826,2.702142857142857,1.6780952380952383,0.541731131695068,0.13757043135342145,1.6102440408626557,7.315470377604167,7.267659505208333,58.74716222853888,15.892142857142858,8.838247929184039,6.353217230902778,6.363983154296875,0.8313249141081345,0.7562968378522631,34.11241149902344,0.032196447253227234,0.06906799226999283,-5.083356584821428e-06,1.7210250207114393,0.013255593299454959,0.8147197949592943,-2.379644484747024e-06,-7.9154783520709e-08,1.7210251218773067,0.0006893498156560664,0.008367779643957246,2685.0,-0.0025048223905725473,0.015618113101215806,-11.183468158475689,1
44,0.7843827427057993,-0.021952782151244937,-0.5102859811158408,0.009052469953514893,0.006103612746748992,0.015752979954004452,0.8145999908447266,0.06319999694824219,0.5681999921798706,23.53035399547645,0.6601630372234754,15.307857576353209,0.9362038985718902,0.004428566275328637,28.08477698614542,75.11711368109526,3.8284743836403554,83.49900596421472,83.49900596421472,2,0.05555555555555555,0.02508876370289978,0.8008333333333333,0.04091550804017886,2.665087946688873e-05,0.02901723634487008,0.0011221801526695163,0.0007668237070711553,0.03867288184623775,2.2471428571428573,1.7740476190476189,0.2149532459842923,0.08188434130817639,1.2666756140115423,7.682495117187499,7.535909016927083,59.681983148483994,15.473076923076922,7.506703772066364,6.810791015625,6.643659803602431,0.6726726929723194,0.58118317409628,34.10895919799805,0.027827231213450432,0.06363837420940399,1.6697474888392857e-06,1.7137219489094735,0.012644570136016086,1.568303957558078,-1.2352353050595239e-06,-7.365308428245856e-08,1.7137220869893133,0.0006983798179263006,0.007357839072560635,2672.0,-0.0025743708191165,0.01582971220214569,-11.183468158475689,1
45,0.7827309047097252,-0.02194280072620937,-0.5130812191253616,0.009538398054464983,0.006537448296940558,0.01649596019200887,0.8145999908447266,0.06319999694824219,0.5787999629974365,23.48080785555499,0.6598673087358474,15.391701430891242,0.9363690028739619,0.004518798263024021,28.08973022155656,75.78115683578163,3.2148227011719905,83.49900596421472,83.49900596421472,1,0.02702702702702703,0.025974215367274865,0.793166023166023,0.033359654292095954,2.836323265306133e-05,0.03907180603947738,0.0008183357225403417,0.001000283288850525,0.020944404814906982,2.3771428571428572,1.7247619047619047,0.3091330867217588,0.12986038202955386,1.3782440640530094,7.682495117187499,7.535909016927083,62.63272639683315,14.675714285714285,8.242990908970144,6.709798177083333,6.654188368055556,0.6545208253712147,0.6199101619508174,34.12070083618164,0.029504898935556412,0.06906799226999283,1.3049897693452382e-06,1.7069890563711996,0.012886989605479264,1.7785727338807482,-9.08261253720238e-07,-4.570263501085195e-08,1.7069893541334602,0.0007084183348696245,0.007669538579494029,2666.0,-0.002627599659967829,0.01583157613988929,-10.054925110847641,1
46,0.7843097044910703,-0.0215043532649676,-0.5103901332645189,0.00936917615042084,0.006797517225264614,0.016539897066152474,0.8137999773025513,0.05239999294281006,0.5787999629974365,23.528167563336236,0.6465977385640145,15.310984140762262,0.9362113987368142,0.004243898487279927,28.08500714745279,75.43276339273373,2.3848869250726557,78.79924953095684,78.79924953095684,0,0.0,0.021511404528327317,0.7962301587301587,0.025949437967204742,2.089795918367489e-09,0.021448728441574853,0.0007057412597923996,0.0005647512487880433,0.032903640964768596,2.4602380952380956,1.6752380952380954,0.33889417675514694,0.1402783109933513,1.4685901080159183,7.46551513671875,7.306009928385416,60.269847470238105,14.837857142857143,8.352101806841002,6.587575276692708,6.462978786892362,0.4984838867319617,0.4970258427307625,34.14508056640625,0.03341047093272209,0.06516053527593613,6.317138671875e-06,1.700134626099464,0.013112120829540271,1.677583554777389,-8.719308035714285e-07,1.372962880683024e-07,1.7001349724485717,0.0006999773563445805,0.007878034382156538,2671.0,-0.0026317193368396146,0.015461742014221317,-8.57684966193367,1
47,0.771190114458402,-0.01950060064452035,-0.5297307140770413,0.033429402541523275,0.01331452274926944,0.04965796717818622,0.8558000326156616,0.08980000019073486,0.692799985408783,23.134623719453813,0.6388761552316802,15.891127993762494,0.9377470458213749,0.010967621816528307,28.13106779241293,77.91143839491228,6.501421123411733,94.80812641083521,94.80812641083521,2,0.05263157894736842,0.031247283389918275,0.7750375939849623,0.05935088984019816,2.9499815077051148e-06,0.029295386327565735,0.003592403380190805,0.007638791371815383,0.12262693312941579,2.33,1.5661224489795917,0.5591325886591483,0.24954502539647017,1.487750847015898,11.592610677083332,14.303690592447918,69.43015986851283,15.913714285714287,8.433637150828623,7.779591878255208,8.158700125558036,2.7760502812654213,1.8551897734804608,34.166259765625,0.035127222537994385,0.07674834132194519,0.0,1.6971653708105603,0.012867633598870967,2.0086668734323427,-9.08261253720238e-07,7.927353634863037e-08,1.697165451232782,0.0006931210656911256,0.007319193729281409,2683.0,-0.0026104038235437448,0.016483493288288357,0.3868957639052833,1
48,0.746733571938106,-0.0182754862961315,-0.5655426378874552,0.04417458473304524,0.012911743760825198,0.06598938227707866,0.8558000326156616,0.08980000019073486,0.692799985408783,22.400947015285492,0.6022282961862427,16.965444993759906,0.9402781711009511,0.011539615034602631,28.2069933279106,80.76341658344646,6.994273741760624,94.80812641083521,94.80812641083521,5,0.1282051282051282,0.03573533214453349,0.7483516483516484,0.0630579032216957,6.31668111620159e-05,0.023707038292935405,0.007352331630597167,0.009262646087463858,0.31013286180029204,2.3393877551020408,1.3992857142857142,0.4883952762424033,0.33298357500707115,1.6718442353970684,11.592610677083332,14.303690592447918,64.07213207426524,15.236285714285714,7.839240796920888,7.362554640997024,7.456309000651043,3.6626899337938887,2.2470727814144147,34.181880950927734,0.027471233159303665,0.06975314021110535,4.7200520833333336e-06,1.6937628410400751,0.012974163507080888,2.0086668734323427,7.447742280505952e-07,1.423843110078333e-07,1.6937629821438533,0.0006733421012772605,0.007479430000475429,2695.0,-0.0025187486421777536,0.016173729616807464,1.2633748640192564,1
49,0.7167333153656551,-0.017635010120414553,-0.6097002095069204,0.036216522822995846,0.013872541731307498,0.052975182646432854,0.8558000326156616,0.08980000019073486,0.7193999886512756,21.50095417525087,0.6037268689274788,18.290160570953574,0.9433571070599508,0.011823996158334436,28.299358756136208,79.83587381432518,8.31828570575209,94.80812641083521,94.80812641083521,8,0.20512820512820512,0.04080553025850499,0.7597435897435897,0.07906231722316365,0.00015105914935443585,0.039696755014022096,0.007504294448181018,0.017736864040742054,0.18904050080492157,2.4076190476190473,1.3626530612244898,0.5914410319981747,0.27244217678581834,1.766861364884429,11.592610677083332,14.303690592447918,70.76093088785807,14.940666666666667,8.416542035044106,7.266387939453125,7.562226795014881,3.3733733523666074,2.341787132046071,34.18064880371094,0.026789024472236633,0.07442133873701096,-2.105712890625e-06,1.6914816698763042,0.013442448729058901,1.9064896861562404,-7.266090029761905e-08,5.605992590647329e-08,1.691482072709481,0.0006843122664168703,0.008380421686202356,2701.0,-0.0024960315668561914,0.016463524146578156,-5.818471327519036,1
50,0.6920288116250719,-0.01418496280624753,-0.643268952710288,0.01780372279937678,0.0109795164944307,0.02203618597099072,0.7474000453948975,0.06300002336502075,0.7193999886512756,20.759868063075203,0.4628405882205282,19.297157581278256,0.9453991547576415,0.006602182492779793,28.360624106033928,79.14316439874354,6.72327122126507,92.3076923076923,92.3076923076923,6,0.15789473684210525,0.03487429162314578,0.7637218045112781,0.06628109547176389,4.9592563098708624e-06,0.050952930347911936,0.0033746014448623705,0.008482098451640635,0.06622978152228418,2.703095238095238,1.4283333333333335,0.3201056550351579,0.10546759074906707,1.8924820803467242,10.037638346354166,10.714111328125,61.84317808605376,15.76265306122449,8.404004006440912,6.8151685926649295,6.760643853081596,2.124244941000588,1.6268238013267273,34.18045425415039,0.027374736964702606,0.06629195809364319,4.069010416666667e-06,1.6839710157670598,0.012948449002279053,1.4464276537438199,-5.812872023809524e-07,2.6289278099883283e-10,1.6839706493432784,0.0006723966119012062,0.0076249824763466745,2712.0,-0.0023912806084289886,0.01389386023981203,-5.818471327519036,1
51,0.6810429638964789,-0.008949162979920705,-0.65600035293897,0.016340750076704644,0.010293377704179646,0.020202455110685563,0.7474000453948975,0.06300002336502075,0.7193999886512756,20.430304916926794,0.31285858865295135,19.679088302424976,0.9460304165036089,0.006605545180586612,28.379563015788705,77.17888834966665,4.819441296205747,87.86610878661088,87.86610878661088,3,0.08108108108108109,0.029524769569644227,0.7805019305019304,0.04964875659089758,2.8712100624739693e-05,0.04072107337388065,0.0012341439228634498,0.011017847453356808,0.030307254220244977,2.587142857142857,1.50265306122449,0.21941170570103924,0.08308353508717752,1.7217166915659377,10.037638346354166,10.714111328125,65.07318398611886,15.160666666666668,8.745436669986974,6.921573215060764,6.832958403087798,1.8431711067074152,1.4541851917280864,34.187889099121094,0.03005555085837841,0.06977470219135284,2.5431315104166665e-06,1.6761105160821954,0.014181282711375292,1.3517507601273073,-2.434140159970238e-06,-5.9892345409567125e-09,1.6761107411878073,0.0006724710034822804,0.009504848706024955,2705.0,-0.002280328337461981,0.012589013262937022,-5.818471327519036,1
52,0.6730983925092788,-0.0045349724576586765,-0.6652782576367968,0.007296249086380881,0.005108738250999479,0.010827525541908158,0.6951999664306641,0.044200003147125244,0.7181999683380127,20.191985918113165,0.1660095875603812,19.957388157674245,0.9464904890541705,0.005431017825856117,28.393352942921716,77.00840447274753,3.07296100707241,85.19269776876267,85.19269776876267,0,0.0,0.021437578544590528,0.780375939849624,0.031137897464156534,5.283213061224502e-05,0.020571349184990824,0.00010238073681803949,0.002927518948677054,0.004976860579117391,2.432142857142857,1.5402380952380954,0.20216977778001105,0.09252841691344307,1.5790694079455863,6.64764404296875,6.570332845052084,53.17738153366816,14.234387755102041,8.230454512143794,6.014353434244792,5.6197950575086795,0.7729789918808606,0.31186420917273355,34.19943618774414,0.026957690715789795,0.07050909101963043,1.6697474888392857e-06,1.6674599393902094,0.01333770791418494,1.3141900977556067,-9.08261253720238e-07,-9.971270906704381e-08,1.6674597909120628,0.0006456638628469573,0.007984190388473238,2690.0,-0.0022426757986877856,0.00977966300944958,-9.520032957885784,1
53,0.6745586869432812,-0.004066839019457499,-0.6634271814170338,0.007728763963175815,0.004469651386971144,0.01113021878741861,0.6973999738693237,0.021600008010864258,0.7181999683380127,20.23578717972551,0.1489967254655702,19.901882299610545,0.9462330281434724,0.005313769830684042,28.38564236634425,75.14921492705322,2.3350778499954976,80.45977011494253,80.45977011494253,0,0.0,0.02028146613242558,0.7991891891891891,0.025046103194356264,5.901924864639731e-06,0.01958278777956172,0.00013371590037103737,0.0038188091267017414,0.006828236197840777,2.656190476190476,1.5897619047619047,0.3802878131911119,0.03105203737185872,1.6708102441216115,5.99212646484375,6.33636474609375,48.58312566848028,14.812448979591837,8.628934179909832,5.534939236111112,5.582919650607638,0.46371728087235026,0.38571446005092125,34.20461654663086,0.0252472385764122,0.07050909101963043,-2.762567429315476e-06,1.6610654852094098,0.012088042185700308,0.7228390587805694,-1.3623918805803572e-06,-6.948104816684214e-08,1.6610660864787463,0.0006498944824516577,0.005826702291850803,2677.0,-0.002225466883924426,0.00967912324062845,-13.06830962384346,1
54,0.6760336770386923,-0.0033274957991781687,-0.6616867431771187,0.00785633406226268,0.00445948435413159,0.011178442099336501,0.6973999738693237,0.021600008010864258,0.7197999954223633,20.28004945405892,0.13345814730439867,19.849651866768088,0.9460660833480683,0.005242452375340544,28.380630958340845,74.28014567232117,1.9758653882789523,77.06422018348624,77.06422018348624,0,0.0,0.0196128713612278,0.8083333333333333,0.021828282637497944,2.2324660724698097e-05,0.017425834617436242,0.00018130576806125933,0.0013096412488483693,0.010404423778924499,2.8423809523809527,1.6582857142857141,0.3456696809740062,0.07942857142857143,1.714047783138066,5.749613444010416,5.513916015625,45.5307639712379,14.641208791208792,8.531167437583557,5.385386149088542,5.27001953125,0.22996759074899048,0.2668187375753556,34.20576095581055,0.02520357258617878,0.06741398572921753,-5.812872023809524e-07,1.656917780729982,0.011728450139672999,1.3020006995165208,-2.361479259672619e-07,-5.571056675602628e-09,1.6569181772203343,0.0006385589464332418,0.005053602613499789,2682.0,-0.0023427577899936313,0.009817738557721114,-11.352775072128441,1
55,0.6783441719725019,-0.0027628572838647027,-0.6589366479033516,0.008284657798421595,0.004486128450115281,0.011526598407109808,0.7006000280380249,0.021000027656555176,0.7197999954223633,20.349353159240312,0.12347827630383627,19.767157722796714,0.9458065320061662,0.005251891864011807,28.372842562250444,73.4273219025255,1.948862070692185,76.78244972577696,76.78244972577696,0,0.0,0.019676251216753104,0.8177142857142857,0.021850806070887224,1.3512876301541114e-06,0.016039118863166963,0.0002627475056798323,0.0002715372653257365,0.016381667092898653,2.8662857142857145,1.667714285714286,0.20151993875119584,0.09693086111623425,1.7186911084461196,5.749613444010416,5.809427897135416,45.86645297095889,14.949523809523809,7.823039023880745,5.399597167968751,5.398111979166666,0.24327167238963704,0.19261425316496056,34.210750579833984,0.025899440050125122,0.06200492009520531,1.5273321242559524e-06,1.653490529265394,0.011681597170926235,1.3020006995165208,-1.1080787295386906e-06,1.7259380057012783e-08,1.65349065571013,0.000645302484598963,0.005158850891320182,2702.0,-0.0023155788212559075,0.009866770584569015,-11.352775072128441,1
56,0.6790448861122131,0.0012870476274263291,-0.6576997621059417,0.010215927184281551,0.012897808130526245,0.012954859651686993,0.7488000392913818,0.06939995288848877,0.7303999662399292,20.370370154721396,0.22604513479130608,19.730063434626373,0.9455580626482378,0.00557566975965116,28.3653933693696,80.553890136381,29.660604677879334,247.05882352941177,247.05882352941177,3,0.08108108108108109,0.09662120676317328,0.784980694980695,0.11484737545707828,0.00021466435918367268,0.2080872094424513,0.0071305184279409455,0.13267565846224352,0.0342669712715474,2.690714285714286,1.661190476190476,0.7412458486651141,0.17755025477458922,1.6197506091443314,8.695475260416666,8.43475341796875,49.407885814848406,16.15030612244898,8.8721955562263,5.791710747612846,5.786149766710069,1.226932333510192,1.3297560650630744,34.214012145996094,0.030378790572285652,0.07518099248409271,-3.4121558779761903e-06,1.650563669592975,0.011765374872767163,1.3020006995165208,9.445917038690477e-07,1.7808749192260157e-08,1.6505632816894307,0.0006540598500615493,0.005376826570956668,2706.0,-0.0023260175157209777,0.012299572765163606,-1.0365956268791734,1
57,0.6766766674972716,0.011717876298086984,-0.6590470289871806,0.011202473033323704,0.017758188563605417,0.01308482216982081,0.7488000392913818,0.06939995288848877,0.7303999662399292,20.299345024909293,0.47286242374352044,19.77045772675957,0.9449613268461494,0.005635545801743321,28.347489772077594,83.77693649719642,28.672749071194215,247.05882352941177,247.05882352941177,4,0.10256410256410256,0.09478252568422386,0.7525274725274725,0.11523482340515984,1.0640910287380314e-05,0.3532442968062039,0.009946113285403775,0.07571782777212954,0.02815647237713335,2.4564285714285714,1.5769047619047618,0.7621017974390717,0.2816586159941123,1.5577532840102672,8.695475260416666,8.43475341796875,52.22351909819104,14.503061224489796,8.102087084122248,6.459062364366319,6.203375922309028,1.3626631533485156,1.5925144874269606,34.14174270629883,0.11645153164863586,0.15342774987220764,-1.7836797805059524e-05,1.6494859236148725,0.011659428792650667,0.7713905164369195,1.453218005952381e-07,2.0706216791018142e-08,1.6494860126383082,0.0006635331237526185,0.0053045936641858155,2699.0,-0.002326126501881607,0.013571539774480402,-1.0365956268791734,1
58,0.6745557152032852,0.023850494958105543,-0.6597920194523675,0.011672798631508247,0.016576632166435592,0.01383428278780573,0.7488000392913818,0.06939995288848877,0.7303999662399292,20.235723170382634,0.7710125639183181,19.79280144069876,0.944187101550437,0.005736860126108901,28.324262953623464,84.68977072785786,28.499452277947373,247.05882352941177,247.05882352941177,6,0.15384615384615385,0.0955989092513806,0.7436996336996337,0.11416876706424095,2.2659465222824027e-06,0.34437040610148895,0.0066849548982747965,0.08148741476341606,0.019412106208408286,2.7666666666666666,1.5382857142857143,1.0951102409845765,0.30185737948743346,1.7985388806339773,8.695475260416666,8.43475341796875,52.97483854747953,14.201978021978022,8.015899203674719,6.724650065104167,7.047383626302083,0.958190066316033,1.4453751091765905,34.032020568847656,0.14392399787902832,0.15499833226203918,-1.748075939360119e-05,1.651194772120459,0.012093798748264384,0.8322109987328414,1.4713832310267858e-06,-3.393083266792053e-08,1.6511942770502246,0.0006453099682180473,0.0061554425537866855,2683.0,-0.0023583188340082764,0.014667175661948511,-1.0365956268791734,1
59,0.6739379819404511,0.03387644682611738,-0.6590420765138808,0.009939166356713177,0.008662741333847413,0.012608944971456225,0.7034000158309937,0.07539999485015869,0.7142000198364258,20.217160886781556,1.016241976278169,19.770333581141063,0.943387407982877,0.005430454417828165,28.30027211079134,79.2700503669833,6.369547042342501,92.51101321585902,92.51101321585902,5,0.13157894736842105,0.029319361027374088,0.761766917293233,0.060708698735002946,2.611418575593498e-05,0.025098275747136176,0.003412651895669923,0.0010200894779362466,0.13597156753126044,2.795714285714286,1.6985714285714286,0.9333971309585393,0.46571136429115834,1.6459209419680403,6.639302571614583,7.4993896484375,51.668305097307474,15.104285714285714,8.766498363861096,6.181640625,6.312594943576388,1.1366563270227559,0.6037432273309807,33.9150505065918,0.07097462564706802,0.11784578859806061,-1.1160714285714286e-05,1.6519452144938318,0.012112950083296697,2.1874903241207146,-1.2352353050595239e-06,-6.984573290010939e-08,1.6519457548517782,0.000710354786310876,0.005553010990972396,2710.0,-0.0024028178833932017,0.014324752110634891,-13.224330209009821,1
60,0.6771778677020754,0.03549866569609869,-0.6550064382326035,0.01007710756477485,0.008686870317211819,0.01286141323025113,0.7070000171661377,0.07620000839233398,0.7142000198364258,20.314379888262067,1.0649158279384885,19.649242861270906,0.9429602912134285,0.005636386753916644,28.28745973430364,77.95950892883887,5.069200720991866,87.1369294605809,87.1369294605809,4,0.10526315789473684,0.027884601851347335,0.7729323308270677,0.05086570360535248,4.1757971511870036e-05,0.022477808331299195,0.0037108360546393663,0.006877068295750986,0.16508887343221168,2.7,1.6792857142857143,0.42673096879402966,0.47105739355964993,1.6078264568268823,6.852010091145834,7.468566894531249,52.3220196678525,15.4,8.795406351402837,5.844031439887154,5.816887749565972,1.002274874193619,0.8659387781927976,33.864810943603516,0.03139791637659073,0.07090142369270325,-8.675711495535714e-07,1.6518310696549328,0.0120402672893893,2.1874903241207146,-4.722958519345238e-07,5.13304149993078e-08,1.651831139974783,0.0008039233026247444,0.00602058120861721,2710.0,-0.0023840134112382296,0.014524026176242153,-13.224330209009821,1
61,0.6765945255359014,0.0310689518508457,-0.6565727239676884,0.008776345365853745,0.010802310836271938,0.011905793770945949,0.7070000171661377,0.07620000839233398,0.7121999859809875,20.296892480339324,0.9320166982923235,19.69622200472014,0.9434711736508027,0.005547989301505785,28.302788183796764,78.78036755280627,3.8560656520259733,87.1369294605809,87.1369294605809,1,0.02564102564102564,0.02291112047589106,0.7634432234432236,0.037490229599289264,6.264884031653469e-05,0.022994837173170187,0.001087972979147841,0.00823132712507839,0.04731379356829111,2.9435714285714285,1.4597619047619048,0.3927642747376651,0.1373322518285135,2.0164736584570218,6.852010091145834,7.468566894531249,49.56155664353143,14.188775510204081,8.803039212411832,5.608062744140625,5.921546088324653,0.9903797481724971,0.8426379935466018,33.86176300048828,0.030398627743124962,0.07207009196281433,7.251557849702381e-07,1.6502146777422801,0.011916430956501006,2.3547016751027376,-7.266090029761904e-07,-1.3525644692284383e-08,1.6502147304606785,0.0008910474531161913,0.00586622203096631,2710.0,-0.0023739256522103858,0.014127888644283536,-13.224330209009821,1
62,0.6766693067948023,0.026403228720029197,-0.6572021618371918,0.0092321214349542,0.009249287864749609,0.012384195940490339,0.7070000171661377,0.07620000839233398,0.7121999859809875,20.299114918112753,0.7920450043678283,19.715133998010838,0.9438149891584307,0.005529801952856773,28.313108209647773,79.09056493440633,3.2724880778284766,84.67741935483872,84.67741935483872,1,0.02564102564102564,0.024033408541049,0.75992673992674,0.03151992835676779,6.503540857975915e-06,0.02760739257068658,0.0007940003430705242,0.007614789815976001,0.028760424985356664,2.8273809523809526,1.5034285714285716,0.3063560427726384,0.12779000631616588,1.8806220701887748,6.852010091145834,6.863606770833333,50.29272998628162,14.052637362637363,8.20870229441232,5.743798149956597,5.6278076171875,0.7970629550409707,0.7053261695051091,33.88113021850586,0.041587501764297485,0.08023101091384888,2.0999000186011904e-06,1.6497483804540278,0.011629503164283305,2.3547016751027376,2.724783761160714e-07,-4.471499836482745e-08,1.6497481096177202,0.0008276229333370189,0.005868614962137457,2694.0,-0.0023478714206503558,0.013528394349847555,-9.320446935003046,1
63,0.6751312400670278,0.02247262904757545,-0.659730304712341,0.007560326789147451,0.006149830504290664,0.010444129944176024,0.7053999900817871,0.04980003833770752,0.7121999859809875,20.252977773462025,0.6741494428259985,19.790970998534135,0.9443139106707524,0.005155797414798884,28.328075125272953,78.30831691486947,2.898175101454907,84.67741935483872,84.67741935483872,1,0.02631578947368421,0.0220289134577757,0.7672556390977444,0.028496860548338047,4.757740274885518e-06,0.021556507010708322,0.000606037216067209,0.0034210874213898503,0.028113887642657338,2.855142857142857,1.4816666666666667,0.23940845466120303,0.11621999039666304,1.9269805560019282,6.472371419270834,6.616414388020834,45.95955352783203,14.985604395604394,8.098154439466056,5.492919921875,5.411359998914931,0.6344368222068039,0.7064591482327084,33.90595626831055,0.031033484265208244,0.0743720605969429,4.484630766369047e-06,1.6477946400455075,0.01202926547001665,2.3494289318144492,-3.4513927641369047e-07,-9.448396042896213e-08,1.6477950516136486,0.0007595708498930837,0.0058888145858698405,2691.0,-0.002354242751600742,0.012475144540863424,-11.930406897417472,1
64,0.674821601833616,0.023088762323061625,-0.6599320476452509,0.0077502766961570204,0.00645988161009901,0.01066561254528775,0.7053999900817871,0.04980003833770752,0.70660001039505,20.243686769264084,0.692632583975792,19.7970112864886,0.9442537600301069,0.005289761375240547,28.326260854350362,78.55799630458803,3.417482408779398,84.67741935483872,84.67741935483872,2,0.05263157894736842,0.026399075682894603,0.7652255639097744,0.03357387019722856,6.909387755102001e-06,0.02891016743813443,0.000701870992600857,0.0025372553210395964,0.024277652286269453,2.888571428571429,1.473809523809524,0.1826136772042029,0.11759976707213116,1.959935379644588,6.472371419270834,6.616414388020834,50.067283703032,13.74978021978022,8.20871910467472,5.633646647135416,5.709465874565971,0.6346832984580708,0.6635929797716261,33.92015075683594,0.023770611733198166,0.07047108560800552,2.098446800595238e-06,1.6449320640435,0.011879403273687692,2.3494289318144492,-1.1625744047619049e-06,7.595820801789438e-08,1.6449317574365285,0.0006898353997384651,0.0057414193241561925,2697.0,-0.002369511712704901,0.012225138250867995,-8.336676714298482,1
65,0.6727203640994571,0.02130087665716807,-0.6627594862296468,0.00598747063781669,0.005378040069320411,0.009078537032664643,0.7006000280380249,0.04340004920959473,0.7109999656677246,20.180654494421823,0.6389872997147696,19.88183530117784,0.9446569378164719,0.005197595342211662,28.338359949913002,79.12438802145805,3.4151994031092783,84.84848484848484,84.84848484848484,1,0.02631578947368421,0.0231687257110866,0.759736842105263,0.03334043915818721,3.408653327780087e-05,0.020828728479592544,0.0010193597519274694,0.0017962691306861798,0.04894008546542877,2.9757142857142855,1.5565714285714285,0.2783784435316953,0.12987152207045993,1.9117107195301029,7.085978190104166,6.471455891927083,46.24833206903366,14.929340659340658,8.66070524055963,5.44586181640625,5.5775146484375,0.6349252757609345,0.7925368513318016,33.92584991455078,0.025655779987573624,0.07356920838356018,1.1582147507440476e-06,1.6422920922745774,0.011642606599419339,2.295646161598825,-7.811046781994047e-07,1.755975369403573e-08,1.6422920831892924,0.0007918426450166121,0.005915295851877538,2685.0,-0.002409862748816277,0.011446301427184663,-8.336676714298482,1
66,0.6720874402806872,0.02182094309443519,-0.6632736673298336,0.01212818651691652,0.010599173117538264,0.02389814947361958,0.7849999666213989,0.0934000015258789,0.8167999982833862,20.16166220843792,0.6626400083303452,19.89728001986231,0.9448093213185902,0.0165994575356221,28.34294211296311,90.30531773235082,37.10119534933759,274.5098039215686,274.5098039215686,6,0.14634146341463414,0.13359950048788446,0.7129616724738675,0.1246208346883352,0.00010492448413160968,0.557071547477156,0.0020137081777316856,0.8116020637559331,0.0036148106771047434,2.85,1.6402380952380953,0.45655944915448293,0.07785131767927304,1.7375526201190303,7.085978190104166,6.471455891927083,46.85375656854539,16.23,8.234912353854606,5.572835286458334,5.614759657118056,0.7276448779649383,0.9008690860790832,33.93818283081055,0.02682531252503395,0.07668881118297577,1.3761974516369048e-06,1.6416470031898127,0.012547384603534271,0.6790402449554311,2.1798270089285713e-06,7.985686983353671e-08,1.6416469989213198,0.0008556579078758703,0.008327452899210833,2669.0,-0.0024561186551105454,0.011910841395307108,-9.561984812871716,1
67,0.6724559544835772,0.022668695367517925,-0.66274155296882,0.014745887292285709,0.012477571358027933,0.0263078919185992,0.7849999666213989,0.0934000015258789,0.8167999982833862,20.17271206310817,0.6885187190771103,19.881293874766147,0.9448300477428777,0.01728188473607974,28.34354373327003,91.70951703408006,36.50781746751388,274.5098039215686,274.5098039215686,8,0.19047619047619047,0.13747491739185175,0.7005442176870749,0.12398585783368736,4.79202998750488e-07,1.0334155672188896,0.00704510932241237,0.38958181537373854,0.006817305202177328,2.4769047619047617,1.677857142857143,0.648964332776016,0.3686810006931587,1.4762310202923228,6.691182454427083,6.280619303385416,48.594687470935646,15.717040816326529,8.119602768297973,5.416242811414931,5.029212103949654,0.8064882693214925,0.810055546399308,33.938358306884766,0.02822003699839115,0.06421294063329697,-3.6185128348214288e-06,1.643125981718272,0.013253306959459366,0.8575820967070529,5.812872023809524e-07,-3.39720203948329e-08,1.6431259131911364,0.0009007144198375273,0.009227098656949588,2667.0,-0.002468094054440488,0.012872133843979415,-9.561984812871716,1
68,0.6725852682647251,0.02587893378450757,-0.6620655719637871,0.014884185010791104,0.013302530561419102,0.02631423574893608,0.7849999666213989,0.0934000015258789,0.8167999982833862,20.176600047945975,0.7848357285772051,19.861026301767144,0.9445438739370785,0.017299981908995163,28.33497304010572,89.57162249074433,37.90582055867288,274.5098039215686,274.5098039215686,10,0.24390243902439024,0.14116100230385364,0.7252613240418118,0.1432699398407084,7.996198917117821e-06,1.160253298897371,0.013369182327674164,0.29081375370520424,0.011522641082235545,2.6923809523809523,1.585952380952381,0.809773910945563,0.37952478042535787,1.697642996547065,7.21160888671875,9.485880533854166,47.393104335239954,14.27265306122449,8.54810615919035,5.718977186414931,5.669182671440971,1.9005294646378836,1.108780644874512,33.9246711730957,0.03381051495671272,0.06537223607301712,-7.978166852678571e-07,1.641445796572931,0.013676763865823248,0.9204022088084383,3.0880882626488097e-07,-7.376189647061701e-08,1.6414458864694061,0.000861207390057881,0.009451406908605051,2696.0,-0.002476119795309226,0.014194092187632767,-9.561984812871716,1
69,0.7322317055236726,0.09056980055002939,-0.4777881052494049,0.0897574512748358,0.09389003741173323,0.2784332368071605,0.899399995803833,0.2654000520706177,0.7289999723434448,21.965869022863252,2.7173955874783653,14.369386434214455,0.9309012983553867,0.021615090267996614,27.925739710075327,79.47375300421305,8.564410391781442,96.55172413793103,96.55172413793103,7,0.18421052631578946,0.040278950115337185,0.763609022556391,0.080708953741049,6.987595168679716e-05,0.048926518978463514,0.0055836118504412995,0.0016934909939599026,0.11412240165500216,2.9916666666666663,1.338,0.6721224462599354,0.16695740627538536,2.2359242650722466,8.801676432291668,9.485880533854166,55.93900546119326,13.878021978021978,8.495762126460878,6.350521511501737,6.24658203125,2.221280080514627,1.4649171945228838,33.916316986083984,0.02939564175903797,0.06419752538204193,-7.120768229166667e-08,1.6560473264293962,0.026963478672483304,0.9994338122819256,-1.453218005952381e-07,-7.95637748859918e-08,1.6560468609666992,0.0007627792994773651,0.024930396246120555,2713.0,-0.0023804386651695903,0.01590347844913352,-8.523159240939957,1
70,0.7971824282634826,0.1481083528314318,-0.31052797191199805,0.09375488080681038,0.088835389903216,0.2684038489339204,0.9026000499725342,0.2654000520706177,0.7289999723434448,23.914364847881455,4.443100584915706,9.351589862619127,0.9176910027699542,0.02071432311844063,27.529403115201816,80.33180641587377,7.7806235695595,92.10526315789473,92.10526315789473,4,0.10526315789473684,0.03017507290497802,0.7542481203007517,0.07617006161176723,9.291386189087881e-05,0.027113591124754657,0.0037528549692207236,0.002763717825396056,0.13841231697981807,2.874285714285714,1.657857142857143,0.5753905505952333,0.36983610085630986,1.7337354588539422,13.692220052083334,20.274861653645836,72.37763933454241,15.361978021978022,8.478072400553696,8.559346516927084,8.145209418402779,5.5719555259400835,3.451453373449655,33.94169235229492,0.050605423748493195,0.08244465291500092,9.560721261160714e-06,1.6641216024683347,0.026116217438911456,0.9994338122819256,6.721133277529762e-07,-7.416976153071447e-09,1.6641220940191244,0.0006958624775254629,0.024015128098173605,2732.0,-0.002310242858831499,0.017649157664066238,-5.014185690816106,1
71,0.8635360845838275,0.20149774293104808,-0.1434538383682569,0.030156441791965256,0.030090135141826062,0.1009774425469652,0.9026000499725342,0.2654000520706177,0.7289999723434448,25.904990537507192,6.044783287899834,4.339361713486058,0.9048790394064805,0.00895034568027088,27.145063668260377,82.08491424217695,6.228329298202746,92.10526315789473,92.10526315789473,5,0.1282051282051282,0.030149110280374338,0.7353113553113554,0.05768238765809859,9.938055410245705e-05,0.027060364505838753,0.0016436725533357489,0.00449311788837628,0.060740961304534435,2.539142857142857,2.077857142857143,0.6406148831953786,0.6851896554572159,1.222000687521485,13.692220052083334,20.274861653645836,86.10466185070219,14.538791208791208,8.795540200819058,8.960164388020834,8.777058919270834,5.898788613099909,3.0847063089975824,33.99655532836914,0.06236139312386513,0.09522006660699844,8.265904017857143e-06,1.6759582805801565,0.01723321320448238,1.7359299751201454,1.52587890625e-06,-2.32340213935607e-08,1.675958353545644,0.0006421042903445272,0.013746824909303915,2705.0,-0.0022805419503368145,0.01830273522363896,-5.014185690816106,1
72,0.8695935701472418,0.19276840928054992,-0.1610904668938546,0.005282829873210744,0.010405586060387193,0.01622824303184776,0.9026000499725342,0.24080002307891846,0.2386000156402588,26.086581390074322,5.782764135599137,4.832452721127442,0.9053604148400076,0.004983473429150659,27.159526237800282,81.90797096231726,5.389782461027515,92.10526315789473,92.10526315789473,4,0.1,0.027134180220963672,0.7358214285714285,0.05022234999256316,7.0995058725531435e-06,0.024743572288287916,0.0021783650108916515,0.0026138191027976353,0.08803761176888575,2.464857142857143,2.132285714285714,0.5342548501398553,0.6527083919316183,1.1559694492831303,13.692220052083334,11.4788818359375,96.0465864635649,15.06845238095238,8.094217732437976,9.456624348958332,8.210367838541668,3.4950362626594464,3.2398490372603312,34.05714797973633,0.05330263823270798,0.09165632724761963,9.136381603422618e-06,1.6720474575208566,0.011405060892590014,1.6247038239745377,1.6348702566964286e-07,-1.1407166864387348e-08,1.6720472952625751,0.0007427577072910234,0.004839774312460794,2723.0,-0.0023350655467764183,0.018322050341260613,-4.167905596987783,1
73,0.8699270654859997,0.19057469486622583,-0.1634368002159255,0.004969709348857865,0.0075530340121458825,0.014903377064290214,0.8919999599456787,0.24080002307891846,0.2386000156402588,26.096562964575632,5.716969131742205,4.902891149308,0.9055842084631249,0.004949708799013999,27.166230304103482,86.98321218364029,23.18221167176679,221.0526315789474,221.0526315789474,7,0.17073170731707318,0.09178585325170135,0.7136933797909408,0.09606233230761113,2.431093710953014e-07,0.45254340688919664,0.0010188628863619254,0.22349901350807236,0.0022514147170226914,2.8205714285714287,2.230857142857143,0.8235674513594959,0.6285328559593429,1.264344262295082,12.621358235677082,13.303629557291664,92.42428370884487,14.937857142857142,8.689588451070602,10.740315755208332,11.30120849609375,1.0619685247803845,2.0249258086577853,34.10603713989258,0.04379313439130783,0.08383738994598389,4.9365815662202384e-06,1.6730365614216474,0.011372194184701175,1.6247038239745377,5.267915271577381e-07,4.6031945453359275e-08,1.6730364878402708,0.000827672042441406,0.005693830902959561,2694.0,-0.0024167920889090846,0.01791074497488357,-7.65807285957313,1
74,0.8695439800194331,0.19095017093136196,-0.16501495271921157,0.004587270132070599,0.006778180338187267,0.013527306951890295,0.8919999599456787,0.24080002307891846,0.22299998998641968,26.085081543496678,5.72823855647019,4.950211295826095,0.9055540506503541,0.004524571553693911,27.165333224794345,86.41500831662746,23.298307022376374,221.0526315789474,221.0526315789474,4,0.0975609756097561,0.09075083628107394,0.7187456445993031,0.09666731066866151,1.4545661974177348e-05,0.3594176217599653,0.003217905123592845,0.11637046869390016,0.008953108942838373,2.9225714285714286,2.0808571428571425,0.8313983303287716,0.6909854542312621,1.404503638610463,12.621358235677082,13.303629557291664,86.42593158540271,14.844642857142857,8.906936246983198,10.441569010416666,10.129781087239582,2.095818149364393,1.8016880294118929,34.14116287231445,0.03568023443222046,0.07446753233671188,3.991989862351191e-06,1.6720139806051832,0.011549521226877118,0.6641503175762891,1.0899135044642857e-07,6.829342539579833e-08,1.6720141483540205,0.0009166208008388363,0.006774113089542214,2701.0,-0.002480191518270335,0.017347903401950016,-7.65807285957313,1
75,0.8686608084213167,0.19190832337879,-0.1690272382043657,0.004348835206449439,0.006042989570581989,0.013320152193199451,0.8913999795913696,0.218999981880188,0.23100000619888306,26.05858039549419,5.756975129927907,5.070556860395841,0.9056410429224856,0.00421542922543454,27.167931012082935,85.45692401835697,23.74487978110796,221.0526315789474,221.0526315789474,3,0.075,0.09128222032098836,0.7279285714285715,0.09871105535338781,5.421767596834643e-05,0.36555884699988883,0.005245430609701061,0.07863378550298744,0.01434907307742618,2.6542857142857144,2.0054285714285713,0.6586690352211675,0.7276096733377682,1.3235503632996155,10.419413248697918,10.602010091145832,83.56033819289433,17.114642857142858,7.830918663691186,9.142456054687502,9.356445312499998,1.3443341836630454,1.0638856201336773,34.160377502441406,0.027216410264372826,0.06280986964702606,8.719308035714285e-07,1.6682311436271822,0.012026516868563708,1.019723523380073,-1.3260614304315476e-06,2.7211597276176214e-08,1.668231240276995,0.0009144449222674855,0.008166024721252598,2666.0,-0.002494983119990938,0.016321112925202032,-7.65807285957313,1
76,0.8675903317985081,0.1944887807198933,-0.17103619064887365,0.004226636271838775,0.006359549143765733,0.012676891374481076,0.8874000310897827,0.22179996967315674,0.23100000619888306,26.026464668171748,5.834385278735842,5.130843433737755,0.9055364349956189,0.003876204027913549,27.164794223864476,77.52511620957608,3.7634744709830232,84.33734939759036,84.33734939759036,1,0.02631578947368421,0.026577115678185423,0.7757894736842105,0.03809359744521447,7.464959999999982e-05,0.01440772597856896,0.004130559700632098,0.002613530137508371,0.2866906066076059,2.962619047619048,1.5574285714285714,0.40568277599527075,0.07227159658862801,1.9022503516174405,11.459859212239582,10.743916829427084,81.24655042375836,15.034615384615385,8.418914921932995,9.64752197265625,9.480672200520834,1.3902059750027451,1.3240478211614446,34.169795989990234,0.025576259940862656,0.05697515606880188,1.3064429873511905e-06,1.6641438719738235,0.011782973633959075,0.9911546247880374,-9.627569289434523e-07,1.1853019376433632e-07,1.664143981994139,0.0009227780274141293,0.007310551719766519,2682.0,-0.0024774101914510765,0.015472135344392833,-16.59968722637935,1
77,0.8657612173954646,0.19977740982032957,-0.17246145722979592,0.0063571919782036915,0.009353521127653598,0.014376387850523961,0.9149999618530273,0.24020004272460938,0.23100000619888306,25.971597236139434,5.993043008872441,5.1736100026113645,0.9052618825208328,0.00565332470509157,27.15656475958424,79.26545858187927,7.893433257503093,98.36065573770492,98.36065573770492,4,0.10526315789473684,0.05264855011311029,0.7644736842105262,0.0766625054890975,0.00025018200816326493,0.04527581992161327,0.012949863042026525,0.016165185267887468,0.2860216129591209,2.7271428571428573,1.7008571428571426,0.5136861584545132,0.26086919077169224,1.6033932471023016,12.847798665364582,11.475321451822918,103.30476837158203,14.13131868131868,8.470347548125774,10.700768364800346,10.25921630859375,0.7458487475123674,1.1577669418199292,34.17543029785156,0.02653905190527439,0.060462672263383865,1.3093494233630952e-06,1.6602933727544318,0.01173290791160794,0.9644052734812248,7.447742280505952e-07,9.73181733638611e-09,1.6602925561634916,0.0009267277160151306,0.006966316866142426,2672.0,-0.002419743434138925,0.015648468120414524,-15.105367674840458,1
78,0.8647994458448319,0.20370591554755257,-0.17111080995911643,0.006308963151880863,0.008458975993240615,0.0141897589414486,0.9149999618530273,0.24020004272460938,0.2305999994277954,25.94274837536471,6.110892180715289,5.133073870199067,0.9049499518924765,0.005601960994764739,27.14720646799431,78.71088207906273,8.702933198144795,98.36065573770492,98.36065573770492,5,0.13157894736842105,0.05394323996984762,0.7717669172932331,0.08684061613799914,8.598060141607607e-06,0.07704331522471117,0.015249891148021253,0.009863661454815147,0.19793918659317952,3.1268571428571432,1.8117142857142858,0.9519961413058482,0.3629385735400211,1.7259107396309732,13.874715169270832,17.148844401041664,90.19136723109654,15.062738095238094,8.641062672002437,10.533833821614582,10.927876790364582,3.491168559186957,3.0750527240991583,34.184844970703125,0.027038976550102234,0.06240072101354599,7.266090029761905e-08,1.6563512343383109,0.0121370469884848,0.8138955492228189,4.3596540178571427e-07,-7.398344625176033e-08,1.6563512125734197,0.0009506156967124112,0.007133660981992999,2690.0,-0.0024426000117460924,0.015755061852959624,-15.105367674840458,1
79,0.8644963601146426,0.2052886205684571,-0.16979722884155454,0.006369519175124291,0.007888037953521151,0.014021772893885471,0.9149999618530273,0.24020004272460938,0.2305999994277954,25.933651374833925,6.158375188452857,5.0936700080973765,0.9047627455647616,0.005678871289059684,27.14158719644539,79.4959553945633,8.730479456506316,98.36065573770492,98.36065573770492,4,0.10526315789473684,0.05384242909115209,0.7641729323308271,0.08681646107713574,6.321632653061481e-08,0.08322194254559531,0.012332862329327725,0.019673815629925165,0.14819243521708045,3.474642857142857,1.9594285714285713,1.029766356995605,0.3813034572759762,1.7732939632545932,13.874715169270832,17.148844401041664,89.60404386974515,14.068051948051949,8.466446998388532,10.183029174804688,10.007670084635416,3.7649597315239394,3.4409076653100663,34.194583892822266,0.026656676083803177,0.06588400155305862,5.827404203869048e-07,1.6534826822618287,0.011672444486287676,0.8100674796861689,-2.361479259672619e-07,4.624838463410387e-08,1.653482593752736,0.0009353446866091957,0.0063947035067372735,2704.0,-0.0024274836312668147,0.01573452840260283,-4.374796446844959,1
80,0.8649287025758199,0.2032744104464849,-0.1710015431756065,0.004307261588015143,0.005763953955058811,0.012393507824529727,0.8955999612808228,0.2359999418258667,0.23339998722076416,25.946622220107486,6.097938456279891,5.12978700957128,0.9049057041077421,0.0038360953256691703,27.145871454862874,78.34731880482664,4.774819497690566,89.171974522293,89.171974522293,2,0.05263157894736842,0.029479769536310055,0.7687593984962406,0.048409916176037245,6.13120959600167e-05,0.025989827516204187,0.004090140821240909,0.0022431399172285513,0.15737468125522497,2.9171428571428573,1.7817142857142858,0.6400771637155976,0.31618697645796967,1.6372674791533033,12.08221435546875,11.17950439453125,77.3136710030692,15.39845238095238,8.207899576750323,9.31195068359375,9.056172688802082,1.8412928407891536,2.31883688964115,34.20088195800781,0.025713426992297173,0.05540835112333298,-1.3805571056547619e-06,1.6511843094490386,0.011200700591637852,0.7371111925157768,-2.1071661086309525e-06,-1.220997224941049e-08,1.6511840095392465,0.0009217511291953871,0.00578770126201374,2710.0,-0.0024507630751772237,0.01561514355854652,-7.751766720103978,1
81,0.8643725309315182,0.20139047636872245,-0.1775794952455021,0.0047561364951828455,0.006156113728525644,0.01568513316377827,0.8955999612808228,0.2359999418258667,0.24540001153945923,25.929941356522697,6.04142029106617,5.327101000206811,0.9052741629400057,0.004207756987231608,27.156924249277356,78.42751026508151,4.390467517705053,89.171974522293,89.171974522293,2,0.05263157894736842,0.027895479016971925,0.767406015037594,0.042385696753454716,3.0403971678467493e-06,0.022222238473908463,0.0031026039699782976,0.004832135931457225,0.1396170765434419,2.2078571428571427,1.8885714285714286,0.33130000585202385,0.2595207514018162,1.1690620272314673,12.08221435546875,11.17950439453125,89.1724578130813,16.34622448979592,8.153182687276889,10.093366834852432,10.088500976562502,0.8790767920224859,1.4328149340811176,34.20878982543945,0.026077937334775925,0.05695252865552902,3.5603841145833334e-06,1.6514927584479795,0.011110310288785282,0.7294262642214399,1.9981747581845239e-07,5.185189886806663e-08,1.6514918590616023,0.0008960980118695915,0.005474431359374455,2718.0,-0.002448786066223409,0.016123615365214575,-7.751766720103978,1
82,0.8631619877815246,0.20094351421083723,-0.18532543817872094,0.004633984809517946,0.00529512904098128,0.015338571803491215,0.8858000040054321,0.2231999635696411,0.24540001153945923,25.893621204836027,6.028022854924202,5.559511716791562,0.9055613760594173,0.003976087475109228,27.165546336243636,78.76531869349176,3.6163542003141926,85.71428571428572,85.71428571428572,1,0.02631578947368421,0.023438551410503914,0.7633834586466165,0.03547653352573103,2.0082938775510047e-06,0.016122272865800584,0.002351146829831129,0.010295790488464532,0.145832219154317,2.064761904761905,1.7479591836734696,0.20052595242604354,0.18265112300875636,1.1812414866705583,11.093037923177084,10.707295735677082,86.63798421223957,15.191142857142856,8.142761523248106,9.492340087890627,9.506429036458334,0.8387321492333116,1.1555078165322443,34.22122573852539,0.03027966618537903,0.0662405788898468,2.9064360119047617e-06,1.649447215363489,0.011270780785269654,0.7294262642214399,-4.3596540178571427e-07,-8.198577158851614e-08,1.649447275667015,0.0008715245828760826,0.005617063401857965,2725.0,-0.0024784150438520785,0.015903626964732614,-10.75669247658527,1
83,0.8625273301204046,0.20239269546667735,-0.1864604856258347,0.004345283303999157,0.006146686732357114,0.015550949216023313,0.8858000040054321,0.2266000509262085,0.24540001153945923,25.874586760742325,6.071480006831033,5.593560854494572,0.905519850178008,0.004000910223650405,27.164300725692414,78.11060939136948,3.8302732340875743,85.71428571428572,85.71428571428572,2,0.05263157894736842,0.02391033996869646,0.77,0.0379595012864529,3.8896859641814984e-07,0.017506881961401426,0.0012917099186902778,0.0015271599915872964,0.07378297983262785,2.199047619047619,1.8416666666666668,0.5259928523522194,0.23416288398426352,1.1940530058177117,11.093037923177084,10.52520751953125,82.0243428548177,14.013673469387756,8.078934287206012,9.035746256510418,8.843197292751737,0.8925767634232206,1.152502901745354,34.242008209228516,0.03268909081816673,0.06350269913673401,5.015055338541667e-06,1.6472695265592356,0.011596537091148862,0.7201657854362192,-4.3596540178571427e-07,-9.136756583902388e-08,1.6472701492986934,0.0008411580858471236,0.005865699706454575,2740.0,-0.0024687959253149403,0.01575157491196702,-10.75669247658527,1
84,0.8663419021708625,0.18188072436196465,-0.17272483811775843,0.01217695859664432,0.0836680767327187,0.029868096813343945,0.937000036239624,0.23259997367858887,0.24819999933242798,25.988992779425214,5.9478560192670145,5.18915200067418,0.9063388543513058,0.007305391125541788,27.188849208887053,84.33729128976339,31.63791175443424,274.5098039215686,274.5098039215686,5,0.1282051282051282,0.11291375757083266,0.7471428571428571,0.10094581497757166,6.244224906288385e-07,0.6265092245699156,0.004622065409914654,0.27077237923690833,0.007377489793685954,2.605714285714286,1.8357142857142856,0.5390530876384226,0.18072604893015495,1.419455252918288,11.55548095703125,10.390625,87.00573541550409,14.48857142857143,8.992836556362295,9.352332221137152,8.942192925347223,0.9280987105339152,1.360843689082328,34.26005172729492,0.02999970130622387,0.06503823399543762,2.910795665922619e-06,1.645386409182803,0.012748614611881079,0.7201657854362192,-5.4495675223214284e-08,-1.688980572254505e-07,1.645386547785109,0.0008035368817515029,0.007759491181831746,2748.0,-0.002451791904533564,0.017052826251622875,3.2800595254054015,1
85,0.880370989033154,0.06508769567239853,-0.09669467633394968,0.048868681234374385,0.17549770258999278,0.1234405327586014,1.2091999053955078,0.2465999722480774,0.5321999788284302,26.40986452809402,5.4107548816714965,4.123805710886206,0.9140085515774954,0.04065551969133522,27.41893966643752,86.753500493691,30.847824091321826,274.5098039215686,274.5098039215686,5,0.12195121951219512,0.11058448612453997,0.7254006968641115,0.10431149134678662,9.615203265306139e-05,0.5242102779946302,0.0018856025928342159,0.1632122335011821,0.003597034762552922,2.3445714285714288,1.9845714285714287,0.656487499298116,0.21905250512148908,1.1813993665418947,21.896260579427086,25.849609375,112.08997235979352,15.444523809523808,7.429120900771277,14.645650227864584,13.742696126302082,6.430571525704149,5.226115360704168,34.27973937988281,0.030260158702731133,0.06346774846315384,1.6741071428571428e-06,1.654113730296232,0.018269235210067344,0.8738687717390363,2.5612967354910712e-06,-7.044418726046766e-08,1.6541143008996404,0.0008407799186350588,0.015341436772106837,2723.0,-0.002424046207760568,0.018762102901311316,-1.2487094188158467,1
86,0.8946761713992981,-0.07068779020082383,-0.026668400145712354,0.048437388495349704,0.17256991786633505,0.11814661128345548,1.2091999053955078,0.2857999801635742,0.5321999788284302,26.83901914196355,5.387209590290274,2.712491572499275,0.9222599222658769,0.040929617834271376,27.666489006068918,90.46783347159803,29.66383807187114,274.5098039215686,274.5098039215686,4,0.09523809523809523,0.10908050465490632,0.6911904761904762,0.09304059150868703,5.34032846314035e-05,0.487381711891464,0.0009384480412512374,0.19669129508460398,0.001925488828067111,1.8557142857142856,1.8102380952380954,0.9605316696680927,0.4792265712332359,1.025121662501644,21.896260579427086,25.849609375,113.02293163481214,15.431530612244899,7.527870847322027,11.399519178602432,12.279612223307291,7.126108450535035,7.368379972113926,34.30794906616211,0.04292631521821022,0.07620745152235031,4.807245163690476e-06,1.6617157874655244,0.017147983616175214,0.9778521743607558,1.2715657552083333e-06,5.726685614955193e-08,1.6617155879541912,0.0008754564262496775,0.014044212710117061,2711.0,-0.0023984911328162203,0.017783862290769826,-1.2487094188158467,1
87,0.9061950387330282,-0.18107908575307755,0.02674269524926231,0.045138811165286674,0.04354997983809551,0.07982206665580902,1.2091999053955078,0.2857999801635742,0.5321999788284302,27.184554876259394,5.43383400116648,1.418726001892771,0.9292241834311752,0.039272732778660294,27.87539804176287,82.95691919361569,8.361951909258732,95.23809523809524,95.23809523809524,5,0.125,0.03094787231180754,0.7313214285714287,0.08026892776975486,0.0003075800123281964,0.040873954430876554,0.0008652406506722045,0.0016808541467407078,0.021168508472441654,2.5837142857142856,1.9154761904761903,1.9989529095738794,0.5568811452880447,1.3488626476072094,21.896260579427086,25.849609375,112.40265524727958,12.952747252747251,8.067952075611293,10.2564697265625,11.643049452039932,7.118637507176678,7.132453331371703,34.34546661376953,0.04505613073706627,0.07810503989458084,5.388532366071429e-06,1.666560458442176,0.012812801001327047,2.4913793382428113,4.54130626860119e-07,2.697405979972039e-08,1.6665600496781185,0.0008822359553964724,0.0077966359724734625,2697.0,-0.002380146582259104,0.014616062233873742,-8.47222426915792,1
88,0.9079270958673387,-0.18700320947170257,0.016525904981862932,0.008355427690971537,0.03867657404213952,0.041026666195256425,0.9665999412536621,0.2857999801635742,0.2541999816894531,27.23653287598065,5.629404711255005,0.9020430075696536,0.9288474361672793,0.008138520405563647,27.864100147225805,77.63516580017526,8.449138720103065,91.70305676855895,91.70305676855895,5,0.13513513513513514,0.03421619936988514,0.7819305019305021,0.083773534593653,0.00026294277117867485,0.05154408010400387,0.0011999156809150602,0.0022999921601443234,0.023279408197680738,2.5954761904761905,1.8079999999999998,1.8511947634309565,0.5459689757202141,1.4355509903076276,14.451700846354168,12.005208333333332,97.52704039074125,14.347472527472528,9.553760701074193,8.356221516927084,8.436116536458334,2.4843507816525783,4.017553910847831,34.37690353393555,0.03395172581076622,0.0796605721116066,5.317324683779762e-06,1.6624615615983502,0.012158133838213899,2.4913793382428113,-8.35600353422619e-07,3.295917370511055e-08,1.6624608132108365,0.0007885576019104145,0.006080441843411477,2705.0,-0.0023837147891581055,0.011480989617015314,-7.134697883601002,1
89,0.9091735718193509,-0.13456577153432936,-0.036630799963360744,0.0068582965791778435,0.07345565487965328,0.07546972861147722,0.9665999412536621,0.2125999927520752,0.2541999816894531,27.273910440291676,4.056615287406104,1.8072885800685201,0.925815493856289,0.007103999397074512,27.773140177980906,74.77652284462653,5.802093644427782,87.68267223382045,87.68267223382045,4,0.1111111111111111,0.03508590041830572,0.8071428571428572,0.06152355152533255,4.78627238650556e-06,0.049209908357753254,0.004357228132813905,0.0013768895637506088,0.08854371565045606,2.0878571428571426,2.04,0.5878282119826516,0.5577847340361777,1.0234593837535013,15.160624186197916,16.907857259114582,108.6463918776739,16.944183673469386,8.133512996427624,10.954827202690971,11.093461778428818,3.166926566311978,3.120810907293561,34.38869857788086,0.026819242164492607,0.05447615683078766,1.3108026413690476e-06,1.6594996083822087,0.011809846621394731,2.201760171125978,-5.449567522321428e-07,2.8167771031747994e-08,1.6594998008022466,0.0006887096322306889,0.00482116912821705,2709.0,-0.002380554190499857,0.014715696111016167,-5.8829578183487286,1
90,0.9095300764072509,-0.0912393335671652,-0.0856725143960544,0.00670358687606601,0.06434147461171025,0.0756508407424282,0.9665999412536621,0.2053999900817871,0.2541999816894531,27.28459743508271,2.7568180055703437,2.9623638646517483,0.9234588204985938,0.006401217282580701,27.702436297807616,75.5918948439266,4.881976220910942,87.68267223382045,87.68267223382045,1,0.02702702702702703,0.02782965676968308,0.7969498069498069,0.049991904653161216,1.605133860891298e-06,0.028672053711209903,0.003425214908729964,0.0027269376812964425,0.11946179172337448,1.9154761904761903,1.871190476190476,0.50302176463013,0.5240062942101765,1.0236671332230562,15.160624186197916,16.907857259114582,96.1844439551944,14.779387755102041,7.358477186593886,10.709177652994791,11.005910237630209,3.0552919400554255,3.335025742223211,34.393795013427734,0.027334703132510185,0.05871446430683136,-2.9209681919642856e-07,1.657884742275805,0.011494926819704527,0.700677700773348,-9.445917038690477e-07,8.819652453624541e-09,1.6578843232384266,0.0006410014834905035,0.004724078298394551,2703.0,-0.0023636700544951727,0.0165244592706573,-5.8829578183487286,1
91,0.9103296096722285,-0.054148619245915186,-0.1283238860595794,0.005511095594329822,0.01432725930432566,0.024337660912778284,0.9315999746322632,0.08340001106262207,0.2505999803543091,27.308611575875965,1.6247745773621969,3.849463581783431,0.9213630665396277,0.004141839553266688,27.639586920830553,75.61405272355219,4.555004684818179,87.68267223382045,87.68267223382045,0,0.0,0.018959618144398525,0.7962162162162162,0.04515734117894327,1.4570579591836794e-05,0.009019862573994907,0.0019686921707119326,0.0013334380306044313,0.21826188088362378,2.1664285714285714,1.5624489795918368,0.6324354985798517,0.23770858789986835,1.3865595611285266,15.160624186197916,12.352498372395832,87.49721338181268,13.42457142857143,8.404213378026606,9.220479329427084,9.142659505208332,1.8548902718873017,2.884586685239466,34.402225494384766,0.030132072046399117,0.06797494739294052,1.967657180059524e-06,1.6552876020680098,0.011425266235392967,0.6891630420325778,-8.719308035714285e-07,4.499768313436893e-08,1.6552869948735092,0.0006561571206567484,0.005223845635459894,2692.0,-0.002361799851978775,0.018085212211292875,-5.8829578183487286,1
92,0.9107746858312971,-0.05052100978862672,-0.1250482097892534,0.003971476538590222,0.015108799239953931,0.017151718123489826,0.9290000200271606,0.08340001106262207,0.19739997386932373,27.321943574973513,1.5155657222441266,3.7512551508205276,0.9209916734384531,0.0035387688046333494,27.628436837825376,72.97734315923606,2.383961794112111,76.78244972577696,76.78244972577696,0,0.0,0.01830260699300852,0.8230555555555554,0.027028062970857972,5.6060364181590885e-05,0.011450822070752412,0.0007818526080806534,0.002253734690156392,0.06827916836448401,2.7535714285714286,1.575952380952381,0.4384828125146393,0.22320853960857998,1.7472427859193231,10.007832845052084,11.035970052083332,76.52528156098866,14.469285714285714,8.542981497798069,8.648986816406252,8.491092258029513,1.4814791428790663,1.163631911673659,34.4162483215332,0.029300382360816002,0.06489229947328568,5.100795200892857e-07,1.6507777547411713,0.01244023533458066,1.054312855767225,3.0880882626488097e-07,-7.810664616764266e-08,1.6507778076183255,0.0006569451884589205,0.007327922587392649,2678.0,-0.0023809639784638232,0.017752293502516045,-6.767440469332957,1
93,0.9083366283064797,1.7371506918044318e-05,-0.07496759076061703,0.006258835404603199,0.06725922537201458,0.06848603369720264,0.9290000200271606,0.12559998035430908,0.16820001602172852,27.24879913491862,1.8227918738552502,2.717601435780525,0.9164597386313467,0.007101477804509785,27.492478057527823,72.9117945428515,2.9407991160989813,78.35820895522389,78.35820895522389,1,0.02857142857142857,0.024179202913690436,0.8242448979591838,0.03306586009325614,2.0268461474385534e-06,0.020077790363211275,0.002063798154254796,0.004565844232710512,0.10279010373752645,2.7845714285714287,1.6557142857142857,0.5483313462735123,0.27252223275714366,1.6817946505608283,19.041239420572918,11.035970052083332,111.74742293584913,12.286753246753246,7.59997336903129,11.31060791015625,9.162928263346354,1.3638908994773726,3.9085454434487965,34.42246627807617,0.02716730535030365,0.06525405496358871,1.4590308779761905e-06,1.6467842293503137,0.012140469793077016,1.9343475700832966,-3.633045014880952e-07,7.230257691426202e-09,1.6467841433287018,0.0006792917770765303,0.006586517146044289,2697.0,-0.0023957403221219376,0.017472094552572842,-3.293688306156955,1
94,0.9041690942503157,0.057557666406745,-0.03309752427112488,0.006905715436162853,0.06944961475987801,0.06484934012372169,0.9290000200271606,0.14639997482299805,0.16820001602172852,27.123785113266536,2.4539754338349615,1.5853459951281548,0.9115680096702431,0.007086651451742123,27.345739352084795,72.85652749159576,4.409342509756961,82.6771653543307,82.6771653543307,3,0.08571428571428572,0.029820390713082744,0.8265306122448979,0.049562853712617025,2.177269870887129e-05,0.0202503268914622,0.005074789934443466,0.000494736061224079,0.2506028649139023,3.9666666666666663,2.572142857142857,1.0312038624324928,0.8383185917206476,1.542164213644358,19.041239420572918,25.060323079427086,105.52507178896951,13.529206349206351,8.637313612747214,15.353630913628473,13.286209106445312,6.87715926226563,3.8697806187943535,34.41943359375,0.027691902592778206,0.0698959156870842,-5.3187779017857145e-06,1.644245196930494,0.011537187313321262,1.9459005174367827,-4.904610770089285e-07,-7.88917136595984e-09,1.6442450977280292,0.0006950417633586347,0.0051063089793672795,2711.0,-0.002433750335502997,0.015419414348456305,-3.293688306156955,1
95,0.89959931294691,0.11032598095564615,0.0019041423201560973,0.004759012941674926,0.026081460308857538,0.028244033698743256,0.9287999868392944,0.14820003509521484,0.13580000400543213,26.986688816973142,3.351243143549987,0.5887049968753543,0.9071591658718524,0.00415158724291879,27.213473318433458,72.77909270412998,5.004238658432819,82.6771653543307,82.6771653543307,6,0.17142857142857143,0.03431458868176274,0.8282857142857143,0.05641557587374413,2.001192836318081e-07,0.019016967807936394,0.010108422272271149,0.001354271086430931,0.5315475303088318,3.2864285714285715,2.5428571428571427,1.3127310292295375,0.8903158118880958,1.2924157303370787,17.011820475260418,25.060323079427086,109.55448281424385,16.702428571428573,7.854790973978745,10.301971435546875,13.068364461263021,7.16905572145915,4.543552386577871,34.40461349487305,0.03190428391098976,0.07570039480924606,-6.043933686755953e-06,1.644900040276635,0.01148911594238839,1.9459005174367827,-7.811046781994047e-07,-2.404265512089507e-08,1.6449000088953898,0.0007017152155427218,0.00500380963135706,2718.0,-0.002473190247311512,0.012867769266854819,2.009031586094872,1
96,0.8981766934451603,0.12123760002567655,-0.009726905490670885,0.00356453179997705,0.006952589661458928,0.016850269975793097,0.9165999889373779,0.15540003776550293,0.06339997053146362,26.944015374779703,3.6369660007102147,0.47814485907554627,0.9065584471330779,0.003361386375454552,27.195457616040326,72.42528668366745,5.258816510625061,82.6771653543307,82.6771653543307,8,0.22857142857142856,0.03798969974762588,0.8327755102040816,0.059811114597576376,6.631941757600963e-05,0.04755193938675754,0.005771265948718604,0.008460788851816343,0.12136762502531727,2.678,1.9366666666666668,0.46388035051275534,0.3209569732609143,1.382788296041308,10.41046142578125,11.8328857421875,82.34934314546129,15.452637362637363,8.399309922430934,8.166870117187498,9.059278700086805,1.8330706725080936,2.1271262943473253,34.3822021484375,0.036904919892549515,0.06838485598564148,-3.426688058035714e-06,1.6448783701950298,0.011227095153968103,0.7617208170635553,-1.2715657552083333e-07,6.242422121656296e-08,1.6448784368283667,0.0006686140756136717,0.004804764664731689,2690.0,-0.002482719997196934,0.011816625335079434,-16.831725578785054,1
97,0.8999206556535903,0.11167165698891594,-0.013177791053340548,0.004829090371581463,0.01839350405618563,0.015072430078115063,0.9177999496459961,0.15540003776550293,0.06339997053146362,26.996335526704787,3.3499664240224023,0.5049947202205658,0.9072357506388866,0.003675818292685104,27.215774759595412,74.04722748096879,4.7973745305405835,82.19178082191782,82.19178082191782,5,0.1388888888888889,0.03458289572006427,0.8138095238095239,0.0543639786703544,4.928613077884055e-07,0.03983218535925126,0.004269981400492624,0.009893421686472064,0.10719927520875769,2.5145714285714287,1.8516666666666668,0.372295033322679,0.17764984413216187,1.358004371865758,10.855305989583332,11.8328857421875,91.02315993536087,14.344395604395606,8.262106277754484,9.699930826822918,9.675394694010416,1.436431765335615,1.1362327073301084,34.36511993408203,0.03180010989308357,0.06879372149705887,2.8395879836309523e-06,1.6443427758729774,0.011280064934228338,1.2152126425751506,7.266090029761905e-08,1.1304378690987472e-08,1.6443427498855525,0.0006562909795727751,0.004856000621041212,2679.0,-0.0024733144915346293,0.013169802862745173,-10.699627752906533,1
98,0.9003109792754763,0.10990722816331046,-0.015422543403648195,0.004772153582165125,0.017435431175290176,0.014068441284500346,0.9177999496459961,0.15540003776550293,0.06739997863769531,27.008046806880404,3.297045273440225,0.5331875749996731,0.907407000988703,0.0038126576675672117,27.220915511816223,74.76680743405878,4.0762122055310845,82.19178082191782,82.19178082191782,3,0.08333333333333333,0.03098198479639738,0.805,0.04604481204819157,3.5007749437734255e-05,0.0334039944290591,0.002104272573260302,0.007619951001167254,0.06299463909111823,2.37,1.9620000000000002,0.4000272099588765,0.215318653276904,1.2079510703363914,10.875447591145834,11.023763020833332,86.34173169817244,15.262747252747252,8.062505725582543,9.177229139539932,9.653015136718752,1.1764250337974604,1.716381770444173,34.362701416015625,0.02957550622522831,0.06416977196931839,4.148937406994048e-06,1.642669947293479,0.011232598511012612,1.6313337253593314,-4.904610770089285e-07,2.5866179443871674e-08,1.6426704839056694,0.0006486375515972055,0.004607339651407153,2690.0,-0.002415146397883583,0.01333766240968651,-10.699627752906533,1
99,0.9000961317959286,0.11060023748874664,-0.018575409877867925,0.004850760887428938,0.01771160339662797,0.017718023584088572,0.9177999496459961,0.14820003509521484,0.08060002326965332,27.001601239613123,3.3178439818109786,0.6263152854357447,0.9074068288602558,0.0038093217583788216,27.220910835600847,75.66324052680064,5.110504177647137,87.86610878661088,87.86610878661088,3,0.08108108108108109,0.03468680733614155,0.7966795366795367,0.05491411742694561,2.4698871470220744e-05,0.027836135703816697,0.004925334632985756,0.0027920203918075284,0.17694031547311462,2.257857142857143,1.8257142857142856,0.33451940346191733,0.2702870733883075,1.2366979655712051,10.875447591145834,11.884867350260418,87.02691236223494,14.722857142857142,8.378253138690468,9.04081556532118,9.254692925347223,1.5163514947444896,1.5734538085625338,34.362548828125,0.03020341321825981,0.06416977196931839,-7.992699032738095e-07,1.6509539490341885,0.020535886901083877,1.8112594242258346,1.7801920572916667e-06,1.096183676351917e-08,1.6509539984175348,0.0006479803702654541,0.017747475532274595,2706.0,-0.0024225814337617106,0.012815235552936285,-5.814672927583589,1
100,0.8979609028725397,0.12179880973270961,-0.03124846698272796,0.003654362945988362,0.005637967233188512,0.017986183366605155,0.9163999557495117,0.14820003509521484,0.08459997177124023,26.937543657592364,3.653786006314414,0.9593454356278692,0.9069187427896312,0.0034982339512511272,27.206265443168856,75.22434005175802,6.2354986628232325,87.86610878661088,87.86610878661088,6,0.16666666666666666,0.03855101500631977,0.8030555555555554,0.06589532754673742,7.865155918367348e-05,0.024480245274232672,0.010958709442738116,0.003966759411183087,0.44765521423402543,2.521714285714286,1.7454761904761904,0.695856776255879,0.27132631741418295,1.4447142272541265,10.281880696614584,11.884867350260418,75.42852100190663,14.3478021978022,8.066323069039814,8.100748697916668,8.212365044487848,1.74705291173833,1.8794822008394254,34.34811019897461,0.03738574683666229,0.06997603178024292,-4.951113746279762e-06,1.6606877573410288,0.02144103174028471,1.8112594242258346,6.902785528273809e-07,-1.8804340449955734e-08,1.660688599837785,0.0006336288397623992,0.018768657849691082,2718.0,-0.0023772410112167276,0.011071209419026921,-10.88370429417554,1
101,0.8972378747122628,0.1246096484263738,-0.037276571824437096,0.0042958123020221855,0.009138544373933605,0.019309074087085164,0.9177999496459961,0.207800030708313,0.08459997177124023,26.915868527037755,3.7380941671133043,1.1710127257449285,0.9068701545845423,0.003773747291837285,27.20482113609677,75.54145463629258,6.404123814510725,87.86610878661088,87.86610878661088,9,0.24324324324324326,0.04099665380958263,0.8,0.06789564036995714,5.778481899208662e-05,0.036832084712679784,0.012409356666580308,0.012196824321567046,0.33691703207633733,2.6885714285714286,1.6402857142857143,0.48474833922454275,0.037660134283957536,1.6390872670266503,10.281880696614584,11.884867350260418,69.94951389857701,15.018351648351649,8.209641321442485,7.642347547743056,7.71685791015625,2.1013019249352216,1.7894771907038272,34.31927490234375,0.03762504830956459,0.07309485971927643,-8.22230747767857e-06,1.6700519209197349,0.016165051194021993,0.9767491717155496,2.506801060267857e-06,-4.758117581533573e-09,1.6700520377517618,0.0006295292219466515,0.012475150653938985,2705.0,-0.0024233181802075644,0.010949986852079865,-7.217434651306914,1
102,0.8975375608943758,0.12242825783434369,-0.03361232413280578,0.004840331221754053,0.011380485919975128,0.02812617472100917,0.9177999496459961,0.207800030708313,0.10479998588562012,26.924844541123935,3.6726771636520112,1.2264427323852267,0.9069830429891534,0.004233859571356883,27.20819694097581,75.74971366191807,6.601295523241134,89.36170212765958,89.36170212765958,10,0.2777777777777778,0.040901645522081316,0.7980555555555556,0.06886688396632332,4.0065332778009205e-06,0.036907685540422897,0.008598938594549445,0.004479299934927498,0.2329850400706247,2.3352380952380956,1.7459523809523811,0.3750470869908436,0.11540056433758504,1.3375153416064367,16.08673095703125,14.986775716145832,77.47706255231584,14.50265306122449,8.162953894570352,7.976498074001736,8.498602973090279,3.0315234697661166,3.6678580468660837,34.29902648925781,0.030676141381263733,0.06190519779920578,-2.913702101934524e-06,1.6779730532386292,0.016045277695713775,0.80716212982003,2.361479259672619e-07,-6.783532424306609e-08,1.6779729484671397,0.0006482290562820301,0.01240472438954384,2706.0,-0.0024024189940452982,0.011762501705797644,-7.217434651306914,1
103,0.8978329516876311,0.12113908591156915,-0.032448171666690284,0.005135468501287631,0.011809378689884888,0.028425263243174573,0.9182000160217285,0.207800030708313,0.11580002307891846,26.933705122045108,3.6340002916540417,1.1938311590892927,0.9070747972647843,0.0045511905462763584,27.21094782177501,76.08917789710338,10.57732140228409,99.29078014184397,99.29078014184397,9,0.24324324324324326,0.06324376050354996,0.8038610038610039,0.1115912409625185,5.378575993336103e-05,0.10178010263828481,0.014788919419363038,0.008362723553507746,0.145302657749533,2.154571428571429,1.9768571428571429,0.28407156327451094,0.3842112514155275,1.0898973840150312,16.08673095703125,14.986775716145832,103.24898311070034,12.83654761904762,7.154953530236327,10.1414794921875,9.499674479166666,2.997178937906629,3.6500873857001404,34.29925537109375,0.030597370117902756,0.06384497880935669,1.819428943452381e-06,1.6905940139266993,0.02162425324763878,0.868533621210011,3.1607491629464288e-06,5.395705287628996e-08,1.6905936065338463,0.0007032161678710514,0.019118585895494297,2705.0,-0.0024031208649197507,0.012197230755319793,-6.3189204058402915,1
104,0.8978435230879557,0.1213842953046163,-0.033422419144993734,0.004836613785720593,0.010596836331742174,0.026366581782961033,0.9182000160217285,0.1629999876022339,0.11580002307891846,26.934032549772944,3.6413412877491544,1.1787678698556763,0.9070746184016641,0.0045515116874589754,27.210950452184075,75.98725785008365,11.134819042996526,99.29078014184397,99.29078014184397,8,0.2222222222222222,0.06484833168593453,0.8068650793650795,0.11904943781679457,5.489297859225329e-05,0.08958685516840877,0.013934124168579589,0.005572081895219441,0.15553759692072786,2.362857142857143,2.4305714285714286,1.1410582270642546,0.5765510402738133,0.9721405901022687,16.08673095703125,18.713175455729164,109.39218350365047,14.664285714285715,8.912488581820929,11.403971354166666,11.05548095703125,5.823196140701273,3.7030355472419565,34.30741500854492,0.03006041795015335,0.06384497880935669,4.946754092261905e-06,1.7036186411893797,0.015678504416932113,0.8951994976964304,9.80922154017857e-07,4.339669392321538e-08,1.703618135938837,0.00078832266627454,0.012059004078834949,2723.0,-0.0023908730001882352,0.012441742679298201,-2.3573153149900397,1
105,0.8979504760276703,0.12015565712395168,-0.03688469551006953,0.006814500410392934,0.023168131416426114,0.02187251655879551,0.9437999725341797,0.1629999876022339,0.11979997158050537,26.937227995140212,3.6049047142267225,1.1564568554929324,0.9072718048796646,0.005692001428473132,27.21685249221475,80.16046643176769,11.384475671566378,99.29078014184397,99.29078014184397,6,0.15384615384615385,0.05950791767807236,0.7656043956043957,0.12152286130828667,7.433969179508498e-06,0.09355033943133231,0.014925541451264578,0.022397608041656445,0.1595455616943026,2.2077142857142857,2.0611904761904762,1.3532508402859735,0.7667767223580235,1.0710869816333604,13.893229166666666,18.713175455729164,102.10644952683224,16.79769230769231,7.5241677497280435,8.173604329427082,8.722042507595484,5.573358962129483,4.083849735798439,34.31603240966797,0.02660442888736725,0.0576447919011116,3.059023902529762e-06,1.714775445466836,0.016110202087316117,1.1165896071858896,2.434140159970238e-06,6.693165244191559e-08,1.7147751563334659,0.0007978564562223889,0.012559900794317623,2728.0,-0.0023533970189942594,0.013372763956381555,-4.59506841140419,1
106,0.8955766208455677,0.12927439058678492,-0.04647498120012737,0.007315767645873864,0.025953332125278835,0.026825607910349405,0.9437999725341797,0.16499996185302734,0.11979997158050537,26.8660153395789,3.878477432472365,1.441779711672238,0.9068327045117242,0.005516422451872305,27.203682202022225,81.01648825746057,7.804116816359727,92.51101321585902,92.51101321585902,6,0.15789473684210525,0.03851991411963147,0.7481954887218044,0.07937841509557578,3.4277877551020693e-06,0.03458978044551847,0.0050023167277669775,0.004048521306480962,0.14461834285551498,2.197142857142857,1.668809523809524,1.0451180970276488,0.42017927552744244,1.3165929519189612,11.324055989583332,11.417948404947918,79.56267918178014,15.013076923076923,7.24494719927616,8.497029622395832,8.670145670572918,2.586119332845653,3.261000798131031,34.31995391845703,0.027283545583486557,0.06264641135931015,5.827404203869048e-07,1.7228138287302075,0.01684400427622762,1.8895598716743818,0.0,-8.719601405289822e-08,1.7228148083447623,0.0007977849071378152,0.013394521784603028,2731.0,-0.0023658475979845455,0.012876126069611055,-4.59506841140419,1
107,0.8943583463146573,0.13296368677559353,-0.056931838537965504,0.007146339545001754,0.025645187559781377,0.028022860185210184,0.9437999725341797,0.16499996185302734,0.11979997158050537,26.829467818055836,3.9891620324339185,1.7547302881308964,0.9067880295851626,0.005188812084355231,27.202344413387852,79.76783642220978,8.185473699915665,92.51101321585902,92.51101321585902,5,0.1282051282051282,0.03661202516497808,0.7605128205128204,0.08150500055574864,0.00010721123265306125,0.04003119836797811,0.0044449422324351635,0.012449777846910058,0.11103695151906261,2.8754285714285714,1.7223809523809526,0.982158971296378,0.4208193066969348,1.6694498202930603,11.324055989583332,11.417948404947918,77.53763783772789,13.463626373626372,9.008627551736048,9.098754882812498,8.059946695963541,2.547198295084476,1.4753828435604022,34.326499938964844,0.027608532458543777,0.06148470193147659,1.4561244419642858e-06,1.7324000334468355,0.013461114396125073,1.8895598716743818,3.996349516369048e-06,-2.0748635906044858e-08,1.7323998217661118,0.0007884077322262887,0.008818104423848366,2732.0,-0.0023797694901433264,0.01225000389654751,-4.59506841140419,1
108,0.8924517852465311,0.14090524025190443,-0.07269757183109012,0.0036752611036066953,0.005577111635456494,0.011582516458513336,0.9121999740600586,0.16499996185302734,0.12220001220703125,26.772269843050413,4.226953921828951,2.1808540120720865,0.906519831060048,0.003158317756605655,27.194293017268915,75.94447232936145,6.236210346193983,88.23529411764706,88.23529411764706,6,0.16666666666666666,0.03934818780302243,0.795436507936508,0.06580723192587981,5.081071153685976e-05,0.05888912200376881,0.005716488319219929,0.009565116827592597,0.097072058891523,3.0092857142857143,1.9017142857142857,0.739280193216099,0.24005339542081308,1.5824068509615385,8.960164388020834,8.93890380859375,75.3410881405785,15.567142857142857,7.730974660560358,8.113072713216146,8.165039062499998,0.7941884654751978,0.6744286621323261,34.3325080871582,0.02671159617602825,0.06264641135931015,-5.100795200892857e-07,1.7345006327068038,0.011727193712017038,1.7493296527520243,-3.0880882626488097e-07,1.0305549705103329e-08,1.7345005638483064,0.0008240026832779399,0.006011038150400391,2728.0,-0.002479888536743786,0.010088364102780934,-11.986568506845806,1
109,0.8928917467253549,0.13834455580370766,-0.07488731470278331,0.0036813621203762915,0.0045702086279547196,0.013288448974402078,0.9121999740600586,0.16100001335144043,0.13099998235702515,26.785478544575827,4.150133245502199,2.2465238698891232,0.9067546970152531,0.0031526092463496436,27.20134710986478,74.58679142786602,4.522672914549909,84.16833667334669,84.16833667334669,8,0.2222222222222222,0.04035989696219298,0.8073809523809522,0.048746765693047575,1.0512526447313733e-06,0.07220442591047181,0.0016609169826458641,0.005787691550251606,0.023002980242586228,2.5305714285714287,2.03,0.38960639478471454,0.13719344305150494,1.2465869106263197,9.618428548177082,10.08331298828125,84.8150411696661,16.2425,7.839763704377587,9.02752685546875,8.938720703125,0.656786666404991,0.3582645562337363,34.33660125732422,0.02656109631061554,0.060716647654771805,-7.266090029761905e-08,1.7321152707734713,0.012101372924292607,0.9498322116914135,3.269740513392857e-07,9.140785399981284e-08,1.7321147479129821,0.0008154871580180011,0.006854464606077593,2718.0,-0.0025001229073262137,0.010308530297915425,-10.166134614930137,1
110,0.891316498921031,0.14559038293929327,-0.07152474307730085,0.004340910183682593,0.012051152804322025,0.018306278746903482,0.9121999740600586,0.18320000171661377,0.13099998235702515,26.738222967641693,4.367506916778428,2.1459658638068606,0.9062257336663962,0.00340044012229479,27.185480676873965,74.68752581249903,4.823082036214517,84.84848484848484,84.84848484848484,11,0.3055555555555556,0.044894433998900495,0.8067460317460317,0.05279770479523945,3.963344872969596e-05,0.09962777250366422,0.001924551893313427,0.021057539523337554,0.019317423695713397,2.7142857142857144,1.97,0.22895146977078806,0.06464344908963383,1.3778100072516317,11.29608154296875,10.08331298828125,90.13720913841611,15.537738095238094,8.21237417630724,9.59967041015625,9.408203125,0.5074578114321137,0.8834790027214752,34.34335708618164,0.027707356959581375,0.06379975378513336,2.3295084635416668e-06,1.7273611128032222,0.012065680236840905,0.8968444521978715,-2.506801060267857e-06,1.501816499271001e-08,1.7273598586855703,0.0007997311277093205,0.006652482371253954,2712.0,-0.002504401703992518,0.010687324810704467,-8.331681103663945,1
111,0.8900713755289713,0.15112352483045488,-0.07100049546786717,0.004232819611739148,0.011232755038524668,0.018283435122385547,0.9101999998092651,0.18320000171661377,0.13099998235702515,26.700871408752032,4.533498316322055,2.130225149818829,0.90585501183225,0.00339363165181971,27.174359746097018,73.44498109025247,4.980865503848119,84.84848484848484,84.84848484848484,11,0.3055555555555556,0.042469677057728555,0.8206746031746032,0.055259115572613655,3.0272453144523086e-05,0.08168248477394781,0.002641327050790095,0.022174762937704744,0.03233651691791497,2.6182857142857143,2.205142857142857,0.4979774603537877,0.544252792405162,1.1873542368489247,11.29608154296875,10.262349446614582,83.86366133916945,15.097380952380952,8.368436769009856,9.250813802083332,9.403483072916668,1.0542266843695804,1.2234954980197865,34.351192474365234,0.027627015486359596,0.06109194457530975,2.6942661830357143e-06,1.721579179009519,0.01235948893581882,0.8968444521978715,-2.724783761160714e-07,-9.173515790244833e-08,1.721579498943644,0.0008315005785074517,0.007204879240875302,2713.0,-0.0024786918687000766,0.010854362911048387,-8.331681103663945,1
112,0.8899464042867933,0.1524327431803658,-0.06849000028201511,0.003990842215212227,0.009974945237747078,0.01654022648319169,0.9085999727249146,0.18320000171661377,0.12940001487731934,26.69712770002229,4.572761152556964,2.054937436878681,0.9057094740731639,0.0032523615151511215,27.16999827311319,73.08064267804832,5.168990619322037,84.84848484848484,84.84848484848484,9,0.25,0.03846470496048024,0.8250793650793651,0.05770599937021883,1.863419841732624e-05,0.05088516810238009,0.004237209235249127,0.0019176594139323209,0.0832700252993944,2.674,2.1334285714285715,0.4627481353119577,0.577468507843519,1.25338154546672,9.05731201171875,10.262349446614582,76.13862900506882,14.643928571428571,8.191331201046513,8.189839680989582,8.667643229166664,1.1333420283174527,0.7296819018898674,34.3624382019043,0.028329821303486824,0.062233150005340576,2.4021693638392855e-06,1.7157616793987303,0.012429432466770545,0.7514208270170469,-9.80922154017857e-07,1.5064497851376686e-08,1.7157614692727943,0.0008803908509504925,0.007646269342187686,2721.0,-0.0024795702971547487,0.01077185528096575,-8.949079782381173,1
113,0.8921637935979025,0.143536733911151,-0.06407793373437155,0.00482353116907232,0.014724937533469488,0.017356529517564983,0.9162000417709351,0.1993999481201172,0.11900001764297485,26.76364195074354,4.305902731588908,1.9226865835274969,0.9061982390045719,0.003331840446125423,27.184656578291946,72.50416771029853,5.791002797755079,84.50704225352113,84.50704225352113,9,0.2571428571428571,0.03960716464222601,0.832857142857143,0.06686045692117616,6.933111203665263e-07,0.042851093064048836,0.00346828725552467,0.001563988824695135,0.08093812800389193,2.5714285714285716,1.940952380952381,0.5617792434465222,0.21341835040654172,1.3248282630029442,10.263773600260416,11.075236002604168,78.30101957775297,14.979230769230771,8.376209537820245,8.164306640624998,8.441501193576388,1.2582964256194173,1.1469562035471303,34.37630844116211,0.031293824315071106,0.06840026378631592,1.1669340587797619e-06,1.710475069540727,0.011795342342531358,1.2173633452418395,-1.4168875558035715e-06,1.4541338101457062e-07,1.710474185113803,0.0009114762982550789,0.006832408416956818,2721.0,-0.0024893790516113817,0.011350558973518313,-7.7606849577458625,1
114,0.894600429722241,0.13369467694986434,-0.05903292403050831,0.004719541467366134,0.01428270093287545,0.015711587890594306,0.9162000417709351,0.1993999481201172,0.11860001087188721,26.836735748818942,4.010642737065043,1.771363149540765,0.9067137010634384,0.0035312234458186376,27.20011656422086,71.97206937986724,6.2933312930476575,84.50704225352113,84.50704225352113,10,0.2857142857142857,0.04687663562572547,0.8400816326530611,0.07377607192040654,1.4620478800499622e-05,0.06319510610685532,0.008268563753671241,0.008574297510290685,0.13084183670314747,2.456,1.92,0.5080088381040597,0.23539083146421602,1.2791666666666668,11.200358072916668,11.075236002604168,78.10113292875744,13.96032967032967,8.303374153938691,8.561299641927082,8.492618136935763,1.2156610108153916,1.8052252612298891,34.3931884765625,0.030630774796009064,0.06683346629142761,6.568545386904762e-07,1.7059568121151596,0.011613702661513745,1.1304019600059603,6.539481026785714e-07,8.731802589637517e-08,1.7059552234104889,0.0009335622738217554,0.006848103653914526,2714.0,-0.00248838291810323,0.011760149979372842,-7.7606849577458625,1
115,0.8966759237221309,0.12482899083977654,-0.05139807652007966,0.005441212818732819,0.01897228470506498,0.015583854331357358,0.9234000444412231,0.1993999481201172,0.11220002174377441,26.899001283134734,3.7446900109733856,1.5433014385615076,0.9071209747227579,0.003962262573469046,27.212337586136233,72.94047443211232,7.4766223927077755,88.60759493670886,88.60759493670886,10,0.2857142857142857,0.05175085758230679,0.8312244897959185,0.08462515037880129,0.00014897946122449006,0.0595102543107081,0.017139275038664817,0.003342366578599372,0.28800540742405845,2.5382857142857143,1.956,0.7084155358464207,0.287777408311865,1.2976920829681566,11.200358072916668,11.075236002604168,86.53717324393136,14.229642857142856,8.15724141223508,8.958170572916668,9.315897623697918,1.4426250072199363,1.649251471491572,34.40584945678711,0.027806026861071587,0.06024056673049927,8.762904575892857e-07,1.705098655086365,0.011772703767090966,1.1285422255725481,-5.267915271577381e-07,5.889559025737747e-08,1.7050985927492075,0.0009529799734880402,0.007138971185728563,2701.0,-0.0024780466706291514,0.01269242327364261,-6.59152094801398,1
116,0.8961183529694875,0.010832790806179955,-0.062214838272049315,0.008832223323345259,0.1761272259462899,0.031663622062158094,0.9501999616622925,0.3450000286102295,0.19419997930526733,26.88227316047464,4.761819721119744,1.8830250059706823,0.9159139455010777,0.01480456935299948,27.476097014159535,76.00351234707915,8.294438094691746,91.1062906724512,91.1062906724512,7,0.19444444444444445,0.047191687759456175,0.7988888888888889,0.08709542757608532,1.5869654310703835e-07,0.05216861099956463,0.011674707954735276,0.012780277301913785,0.2237879776947235,2.704285714285714,1.8678571428571429,0.5478499720149073,0.5171130943816376,1.4478011472275334,13.45428466796875,11.032307942708334,88.9626212710426,16.391978021978023,7.94616083832883,8.762715657552084,7.164154052734375,2.62727983612401,3.8285073713258124,34.41514587402344,0.028151553124189377,0.06913168728351593,-1.5302385602678571e-06,1.7105217519461964,0.016752261586516517,0.7674648876889227,1.5803745814732144e-06,-4.050656400709829e-08,1.710521748395283,0.0009480721048214061,0.013947011004787941,2680.0,-0.0023807002319551004,0.014947803219540867,-8.421557966947221,1
117,0.8934306395167396,-0.10868019981043679,-0.08852512400490897,0.012129775632621206,0.18983346542646692,0.054644541876872184,0.9501999616622925,0.3450000286102295,0.38260000944137573,26.8016680426257,5.914141140750476,2.672173435091972,0.9256192409336275,0.016288457917162567,27.767260965777428,79.22723898481313,7.615429041094448,91.1062906724512,91.1062906724512,4,0.10526315789473684,0.03902846628249741,0.7646616541353384,0.07677487016311726,6.306304639733457e-05,0.032072496532077374,0.009564688479940193,0.0025111914351965215,0.2982208906118066,2.59,2.2345238095238096,0.3998009708924312,0.8068113169346268,1.1590836441129462,13.45428466796875,15.391133626302084,110.86065761021206,15.453076923076923,8.338666941227489,9.451761881510418,9.358469645182293,4.534313374307047,3.8165414729392384,34.43351364135742,0.035825781524181366,0.07105444371700287,4.375639415922619e-06,1.7180846830838226,0.01644441314159774,0.8644610244941052,-1.0899135044642857e-07,4.043251518633235e-08,1.7180842615245047,0.0009210968987786368,0.01343658393023966,2695.0,-0.002225447266415513,0.015612030699806033,-8.421557966947221,1
118,0.8823788197948819,-0.15091235252221424,-0.18222833314679918,0.017373399176941026,0.14325224381359633,0.1130805961144725,0.9501999616622925,0.3450000286102295,0.4437999725341797,26.470101450937136,4.886173420889037,5.482302852187838,0.9316980684211623,0.011093062802006328,27.949626706978435,82.44046876102286,6.6117915423770866,92.71523178807948,92.71523178807948,4,0.1,0.035685702847990844,0.73275,0.062024014029459035,2.508987655143683e-05,0.053734655006470074,0.0015210475303004825,0.013480946768156431,0.02830663991640658,1.9504761904761905,2.1459183673469386,0.8132481554594985,1.2112888417132976,0.9089237597083532,14.575500488281248,16.1285400390625,109.62280803862072,15.816761904761906,9.090231603384735,9.02621799045139,8.179234095982142,6.119019285076988,4.544558474487058,34.45552444458008,0.03683709353208542,0.07644762098789215,2.1943591889880953e-07,1.73043503113505,0.01727787888348045,1.306891686025839,1.9073486328125e-06,-7.385547046428627e-08,1.7304351240529472,0.0009191403846603784,0.014377543984539462,2690.0,-0.0022654103117950484,0.016362878015239883,-8.421557966947221,1
119,0.8761313809213184,-0.08681061943939754,-0.25465223774172013,0.015281607902384428,0.12123384867176333,0.09044327061302081,0.9406000375747681,0.31379997730255127,0.4437999725341797,26.282686141899653,2.7509482826079643,7.639260417989322,0.928985100923703,0.009374621817519179,27.868220171043234,82.6083971747664,6.396933504859332,92.9203539823009,92.9203539823009,4,0.1,0.033728686314195865,0.7309285714285714,0.05984976940606525,1.741443998334033e-05,0.03452253780920512,0.00205744738088369,0.0032944124678582444,0.059597222899849804,1.9726190476190475,2.030952380952381,0.8480090394953108,1.2548229857727276,0.9712778429073857,14.575500488281248,16.1285400390625,102.40087047758558,15.171836734693876,7.461294595079927,8.347201877170138,8.281436496310764,5.6836917958490085,4.24718624784721,34.47566223144531,0.029536286368966103,0.06290751695632935,5.031040736607143e-06,1.7647399873280774,0.04856759961961476,1.699332257151169,4.9954368954613096e-06,5.648857043477416e-08,1.7647402810738755,0.0009201560524059971,0.04762218103559664,2698.0,-0.0024111553246813394,0.017384759242369176,-5.304246292838291,1
120,0.8714180946123032,-0.029643352877526057,-0.3099670282261712,0.010785973469593733,0.03353792351286206,0.02806398152625404,0.9457999467849731,0.11540001630783081,0.4437999725341797,26.14130998126098,0.9781608559829849,9.2985111324702,0.9264517401336902,0.006608507738293669,27.792218107439872,83.42626579287915,6.127854846480927,92.9203539823009,92.9203539823009,4,0.1,0.032331356114053286,0.7234285714285715,0.05789927918905592,7.959307621824248e-06,0.032097690748628414,0.002763707567741999,0.0028211248916503937,0.08610300315327503,1.800952380952381,1.9648979591836733,0.8619597456810865,0.8476934429740159,0.9165628029358817,11.774190266927082,16.1285400390625,92.95134785970052,13.719523809523809,8.343559766020796,7.40503946940104,9.306611560639881,3.8875812448921794,3.4373366155462812,34.48598098754883,0.02902500331401825,0.0648069977760315,1.823788597470238e-06,1.7996364295791998,0.044332942713694895,1.9692274837641377,6.6121419270833336e-06,6.3736693418741244e-09,1.7996355410487266,0.0009321554468117912,0.0433000954200392,2683.0,-0.002625066821594805,0.02003694552139952,-8.234594141397586,1
121,0.8748732190132141,-0.0487723907487733,-0.30130285689944314,0.008601830438290343,0.03371059959803251,0.02311202425244297,0.9457999467849731,0.11540001630783081,0.3733999729156494,26.244950713259833,1.5289120026145662,9.038640135569231,0.9275072434172641,0.006338935822531851,27.82389184046627,82.50456781184553,4.761793658723612,92.9203539823009,92.9203539823009,3,0.075,0.027148640216778704,0.7296785714285715,0.042500285113089266,3.598041082882119e-05,0.02739272067272728,0.0012918897561580052,0.013536807126004906,0.04716179059366803,2.581142857142857,2.141190476190476,0.877622204991349,0.46220737509950216,1.2054709218280886,13.274637858072916,11.706644694010416,86.59069293794178,14.082637362637364,8.329512676463363,9.918538411458332,9.55991956922743,2.0276033540242473,2.2558939477455677,34.5036735534668,0.03504612669348717,0.06787529587745667,6.6382998511904766e-06,1.826480701817631,0.020581330738997948,1.9692274837641377,4.0145147414434525e-06,1.7744347048743085e-08,1.8264804249836304,0.0009144327321550083,0.018378272197459567,2681.0,-0.0026555044765353437,0.020545875308399148,-8.234594141397586,1
122,0.8764646670080367,-0.028793343294234504,-0.2893063523372014,0.0072043810435672455,0.059196220849662876,0.02581971533730425,0.9457999467849731,0.11540001630783081,0.3669999837875366,26.292695724538394,1.7905994191765786,8.678769141520773,0.9256865301263438,0.006688493558120091,27.76927990789257,82.13994203853721,4.8382063318968,92.10526315789473,92.10526315789473,3,0.075,0.02699497016932413,0.733,0.043205489069263935,1.0450045814244061e-05,0.021512653746032947,0.0034187121658887515,0.0043091706813581775,0.15891633855349813,2.4595238095238097,2.089714285714286,0.8424872742399352,0.5636378921518564,1.1769665481724547,13.274637858072916,11.706644694010416,91.8052243913923,15.236373626373627,8.894937928865074,9.961293538411459,9.918965657552082,1.438792259735127,1.7466236552178755,34.523006439208984,0.035483911633491516,0.06941211223602295,1.8979027157738096e-06,1.8291885719646255,0.011954330615618552,1.9139911154957812,3.633045014880953e-08,3.5147856136159274e-08,1.8291884480364038,0.0009025868921170675,0.007621994717228685,2682.0,-0.0026576624025158027,0.019485035690611385,-8.234594141397586,1
123,0.8763807623670214,0.009865199475061325,-0.2807648665252186,0.006272381743274403,0.059461222453538506,0.021351394307772793,0.9063999652862549,0.10220003128051758,0.34579998254776,26.290176442435808,1.7007808448161397,8.422523424327373,0.9224758954051112,0.006209449769128355,27.672957137953496,80.28450745471429,4.515770909569136,92.10526315789473,92.10526315789473,1,0.02564102564102564,0.02463481943670056,0.7496336996336996,0.0408219038441472,2.089795918367332e-05,0.016527875779742286,0.002730657601977505,0.0027780375646019747,0.16521527862185342,2.682,2.081142857142857,0.8364602775496081,0.5688164583284366,1.2887149917627678,10.977274576822918,13.1121826171875,77.29935164678665,15.963809523809523,7.888232610592874,9.359130859375,9.2481689453125,2.2659328819684026,1.2263182182868015,34.53386688232422,0.029345180839300156,0.06438972055912018,5.856468563988096e-07,1.8331771021564542,0.0129095018468943,0.9835293075594438,-1.9255138578869047e-06,2.1117257839862683e-08,1.8331765913597193,0.0008553169240074583,0.00928354659619599,2682.0,-0.002642567819268651,0.01689916021197162,-8.596471038804095,1
124,0.876829371770223,0.03903821865149907,-0.2693804094564347,0.010787135411240368,0.041791039994817036,0.03237187079403257,0.961400032043457,0.2215999960899353,0.4057999849319458,26.303609724470547,1.5430671321919986,8.081127140862602,0.9196465976584678,0.008970031298788744,27.58808795613727,80.76960263043202,5.568288775548296,92.10526315789473,92.10526315789473,3,0.07692307692307693,0.028386620348727163,0.7462637362637362,0.04953960235432808,7.05325740941272e-05,0.024721709895473863,0.002932313983602196,0.01435156317978345,0.11861291132370477,3.112285714285714,1.8102857142857143,0.8065216825912345,0.3579161913074065,1.7192234848484849,12.944641113281252,13.1121826171875,89.96512821742466,15.588809523809523,8.479972681442112,9.8690185546875,9.0721435546875,2.3554110436499203,2.0300281729828566,34.5388298034668,0.029542826116085052,0.06323441118001938,5.856468563988096e-07,1.8461968432062665,0.027440024115884372,1.5092931559244787,7.28425525483631e-06,-5.73098870205428e-09,1.8461970990968555,0.0008047878476895661,0.025976215468123152,2695.0,-0.0026255899551658256,0.01789753181838647,-1.2856781248244857,1
125,0.8776362573078701,0.008097257128783635,-0.22828921896219254,0.02351599790866822,0.07352453217839267,0.15026373769496765,1.033400058746338,0.3309999704360962,0.4391999840736389,26.327835147806578,1.7897262862324714,7.856902279172625,0.9222996655242066,0.01811932775888949,27.667659686847966,82.41110166644287,7.548622068677416,101.44927536231884,101.44927536231884,4,0.1,0.029661442163686554,0.73375,0.06240395681790226,0.0002206376783007081,0.015667384577874376,0.004430345985599142,0.006322439421036343,0.28277508371472015,2.757714285714286,1.7273469387755103,1.1893797388829634,0.6278671511688344,1.5965028355387525,24.91973876953125,21.641133626302086,101.42815442766462,16.448061224489795,8.397544441986817,12.308797200520834,12.726629348028274,7.132528684570264,6.611139544162951,34.535884857177734,0.030047664418816566,0.06476485729217529,-1.0230654761904762e-06,1.8960554323550163,0.0675738874424894,1.6515554628502969,6.7392985026041664e-06,-1.7377462577097105e-08,1.8960557668592173,0.0007435226130426678,0.0669779256738765,2702.0,-0.002598461120061991,0.018529774578830885,-1.2856781248244857,0
126,0.8772543237493152,-0.020729209621747336,-0.2005266857885179,0.028294611938725792,0.06919183769913029,0.19688560241801278,1.033400058746338,0.3309999704360962,0.4391999840736389,26.31635842672416,1.5946468632136073,7.882772421240807,0.9242165444416238,0.019789271602847377,27.72517550343635,89.11552727014357,11.136432062909465,106.8702290076336,106.8702290076336,5,0.11627906976744186,0.032673250561203425,0.6838205980066445,0.08473287596116667,0.00035818266122448925,0.02521041610435281,0.003102045416923439,0.010336247800329157,0.12304618075652635,2.1757142857142857,2.14625,0.8706511754932369,1.0480158457820206,1.0137282635826608,24.91973876953125,21.641133626302086,128.51125996907552,16.256517857142857,8.134993100619699,13.738199869791668,13.79803975423177,6.0747958928939765,5.967130463344135,34.53122329711914,0.03173511475324631,0.07172094285488129,-2.9355003720238095e-07,1.945383549531263,0.0644918247651591,1.8813462484593284,1.0989961170014881e-05,5.985757874901461e-08,1.9453830315062188,0.0007563920822444696,0.06383844144946633,2696.0,-0.002577219717355349,0.022169515255025897,-3.628066157679934,0
127,0.885897485613823,-0.053579857570784435,-0.06093203796943029,0.029534683499954147,0.05668830404795811,0.24148327345798026,1.033400058746338,0.3309999704360962,0.4391999840736389,26.57563699696745,1.8626911532878876,6.719278570072992,0.923826556349915,0.018503942639953773,27.713489723542338,89.41405996819168,12.26995947176837,106.8702290076336,106.8702290076336,6,0.13953488372093023,0.04369809846576634,0.684485049833887,0.09879318375123197,2.1019082049146565e-06,0.04400308347833404,0.009367043493248692,0.012175772992496864,0.2128724342206786,1.8014285714285714,2.3373214285714288,0.8477985898664799,1.1385627884373728,0.7707235082894033,16.3336181640625,21.641133626302086,138.50148359026227,12.567809523809524,7.8457100694794395,12.204813639322916,14.5318603515625,5.342630863998948,3.078060905883307,34.517276763916016,0.031083445996046066,0.07365545630455017,-2.7029854910714284e-06,2.008015407527562,0.0367768449744281,2.057359718582365,3.360566638764881e-06,9.553644971658832e-09,2.008015613618918,0.0007679096621994714,0.03561703285947076,2677.0,-0.002575922782043861,0.02018348756072091,-3.628066157679934,0
128,0.8933519233976092,-0.06076599082208815,0.034042676494235084,0.021940589606037942,0.027918055297907717,0.2100563616011102,0.9703999757766724,0.15439999103546143,0.4129999876022339,26.79927913052695,1.8333271508131708,5.790145149571555,0.9209800354103526,0.010455869653396658,27.628067018529173,88.89164983594942,11.427981284630572,106.8702290076336,106.8702290076336,7,0.16279069767441862,0.04441609072899437,0.6866777408637875,0.09193987063851215,0.00012094612844648057,0.06643578504871228,0.006205072978497086,0.008601312898568116,0.09339955829448512,2.4434285714285715,2.503265306122449,1.3834557736158466,1.1090806515812035,0.9760965269851622,30.827534993489582,37.925618489583336,151.36702306838262,16.02704081632653,9.013832785029248,18.105916341145832,16.285473051525297,9.878749995289818,7.133261047429483,34.507808685302734,0.027539050206542015,0.06287257373332977,-1.2395949590773809e-06,2.04667121840343,0.05491578547115756,2.4419207204641986,7.62939453125e-06,1.382139712367506e-08,2.046671282263792,0.0007991525667026688,0.054154186728076335,2667.0,-0.0025397698928399243,0.01824003049186675,-3.628066157679934,0
129,0.9037798282078334,-0.07243786676724752,0.14747048593135106,0.006001949601274122,0.007623940904190841,0.020009941228403872,0.930400013923645,0.11019998788833618,0.24500000476837158,27.112107417668614,2.173029003015586,4.423854577967099,0.9188367720093742,0.0068043121094906595,27.563785280281976,83.51619329105888,7.820094442437932,98.59154929577466,98.59154929577466,7,0.17073170731707318,0.044327745031659774,0.7250871080139373,0.07158175127800842,5.943465955851732e-05,0.10200455592086173,0.0028533252864659116,0.09053078394066127,0.027972527900416617,1.6536734693877553,1.8446938775510202,1.434044791771279,0.5675129693927602,0.8964487222037838,30.827534993489582,37.925618489583336,137.06971195765905,17.73638655462185,8.249900041122359,11.958690824962797,11.403605143229166,11.413725341671952,9.332793814950998,34.500343322753906,0.028532052412629128,0.05979634076356888,-2.6259649367559526e-06,2.104194295627152,0.05464964505076723,1.2815820371116473,6.103515625e-06,-7.024318379285892e-08,2.1041943931367157,0.0007740406006045613,0.053911376334572915,2663.0,-0.0025682654143980494,0.012963754286747169,-7.0310108455917675,0
130,0.9046359614701498,-0.06858439982505071,0.1423484193086624,0.005543424751971141,0.005059436905512169,0.017819734105085888,0.930400013923645,0.09200000762939453,0.2200000286102295,27.13778584412166,2.0574375661781854,4.2702498649699345,0.9185127182269186,0.006432107183074217,27.55406931354884,90.75258872476117,28.109501316980815,262.5,262.5,7,0.16666666666666666,0.09650384208972534,0.6872789115646258,0.09029689154302759,4.7292934610578715e-06,0.404896960114773,0.0014435862974451204,0.1108204028903653,0.00356531769721343,1.3426530612244898,1.87,0.9656733563876475,0.6643625147616383,0.7179962894248608,16.851603190104168,37.925618489583336,128.06741936093283,15.020840336134453,7.524812019744456,9.28683326357887,11.751505533854166,10.74217600882041,5.02573736337922,34.4890022277832,0.031271953135728836,0.07603500783443451,-1.7496744791666667e-06,2.165631974097076,0.06444590954361783,1.562029528629122,1.0208856491815475e-05,-7.680128422552869e-08,2.1656315788610705,0.0007596133013182215,0.06382248748023894,2669.0,-0.0025808751131828544,0.012994930787896576,-8.626369738689965,5
131,0.9052622184469586,-0.0671222189381009,0.13823284767355237,0.005571485920266625,0.005310161310461377,0.01721455630516543,0.9321999549865723,0.08740001916885376,0.21379995346069336,27.156570267762458,2.013564282442842,4.146787287337439,0.918383375898524,0.006399350681105277,27.550185933927953,95.71805678628179,37.40566588371705,262.5,262.5,10,0.22727272727272727,0.13638407894978957,0.6683116883116883,0.11137872375175949,3.1669471053727277e-06,0.7636007909478917,0.0026840907144234706,0.35002435694743794,0.0035150444397675246,1.3965079365079365,1.8796428571428572,0.8842648434881234,0.6825551297163042,0.7429645111575569,16.851603190104168,17.08831787109375,107.42662346249536,14.754586466165414,9.628589707697195,9.818363896122685,9.821980794270832,4.709061841513438,4.495908261831037,34.4699592590332,0.033269938081502914,0.07449627667665482,-1.1683872767857142e-06,2.2320802004801297,0.063238302103756,1.901000070863304,7.756551106770833e-06,-4.43652933267581e-08,2.2320801560473504,0.0007172299712860313,0.06259913941837918,2673.0,-0.0026168034908958947,0.012905974016973548,-8.626369738689965,5
132,0.9057771803083874,-0.06724596177680152,0.1351974481514522,0.005358771225351575,0.0053125076569820575,0.015803326713289264,0.9321999549865723,0.09179997444152832,0.21220004558563232,27.172026123574803,2.017275853284768,4.055701301693916,0.9184235789380142,0.006122391845664525,27.551394868511935,100.39036405000934,45.97002315238962,274.5098039215686,274.5098039215686,13,0.29545454545454547,0.167984647975304,0.6553896103896104,0.13080025688770272,1.774300708038196e-07,1.223769959266972,0.006080503470394119,0.4657461720389326,0.004968665413258134,1.3573214285714286,1.89,0.8499875261689769,0.5371718267263943,0.7181594860166289,16.851603190104168,17.08831787109375,107.3557115827288,17.309682539682537,8.039375991899387,10.353660583496094,10.111071268717449,4.206280456410464,4.265744815472769,34.45037078857422,0.0319729819893837,0.06948813050985336,-3.3554803757440477e-06,2.2943193450109614,0.05447169118794645,1.1186721347939264,9.591238839285714e-06,-3.951302398880151e-08,2.2943198598162806,0.0006885202524599037,0.0537016546058579,2698.0,-0.0026399107366725095,0.012806681443978535,-11.414251045182866,5
133,0.9053237232423964,-0.06675624754882994,0.13834227671509697,0.005657065856455209,0.006563533834095163,0.016337889484325407,0.9321999549865723,0.09179997444152832,0.20420002937316895,27.158416697297778,2.0025885693090304,4.150076015676771,0.9184263816551178,0.006404409588560396,27.551478492190196,95.11032746536699,39.046800702077874,274.5098039215686,274.5098039215686,10,0.23255813953488372,0.14383508805531248,0.6751162790697673,0.11272785081396354,0.00013604127880049904,0.9847888186350433,0.0025922787338488696,0.4199334704145483,0.0026323194219872153,1.0448214285714286,1.8922222222222225,0.39971988757179466,0.5199546950049079,0.5521663451052763,15.938313802083334,17.08831787109375,102.43975292387462,15.452255639097745,7.724760534121066,9.097404479980469,9.424879286024305,3.987479925459428,3.6211501862490136,34.43546676635742,0.028909021988511086,0.062150903046131134,-1.2410481770833332e-06,2.3500953740797965,0.051793715062660825,1.3022664954131236,6.5031505766369045e-06,7.478177282305751e-09,2.3500952522472494,0.0006704453387142377,0.05095178898875873,2703.0,-0.0026293260007521965,0.012924007197683987,-8.163872455227366,5
134,0.9054283804609662,-0.06722051409596488,0.13792574359121776,0.00553534284721138,0.006209348119138853,0.015900316584899012,0.9309999942779541,0.09179997444152832,0.20420002937316895,27.161557985288756,2.016514137174402,4.137593164869717,0.918490864877358,0.006261599917600836,27.553416074455683,88.2507210876585,30.38767820721015,274.5098039215686,274.5098039215686,6,0.14634146341463414,0.10600587199754162,0.7105923344947735,0.09647545671881859,6.987595168680733e-07,0.44631974188736384,0.004371069764441967,0.30476387089155815,0.009793583734293069,1.1294642857142858,2.0423214285714284,0.4709136460008309,0.6758173198023989,0.553029640640028,15.938313802083334,16.105753580729164,105.43350045340402,13.925238095238095,8.258181183685972,9.780184427897137,9.858932495117188,3.828846518454739,4.298863450100936,34.4306526184082,0.027559304609894753,0.0571366585791111,-1.4386858258928571e-07,2.388871287704678,0.03587970689005543,1.3022664954131236,6.085350399925596e-06,1.3526654428828533e-08,2.388871493601698,0.0006494985824050388,0.03464655161382691,2697.0,-0.0026620349272802484,0.01296246015017872,-8.163872455227366,5
135,0.9024939042897452,-0.07417282829114369,0.07561258141199748,0.01076263042699233,0.023147528860724985,0.1452985884429945,0.9645999670028687,0.22420001029968262,0.32819998264312744,27.073538128733635,2.225198848247528,4.681100869306496,0.9205406911981328,0.009070620855160742,27.61489995799466,86.79361508388895,29.02763248823813,262.5,262.5,6,0.14634146341463414,0.1003516775329315,0.7227874564459931,0.10377491783124788,0.00024945946122448926,0.35000113821642986,0.010674053426924138,0.1594911602654237,0.030497196327183465,1.6436734693877553,1.9879591836734696,1.4251155867689511,0.840853327895975,0.8268144954316805,15.543619791666666,16.105753580729164,104.41526612781344,14.354107142857142,9.037641576995332,9.50228736514137,9.653218587239582,3.7118744125545993,4.909557271852539,34.432701110839844,0.02784416638314724,0.05868566781282425,1.4575776599702381e-06,2.427622207170055,0.03397198061020819,0.749539252354823,3.2515752883184523e-06,1.66208069150325e-08,2.427621773434403,0.0006445735818347462,0.03272895427613828,2688.0,-0.0026510752789673706,0.015288870152366659,-8.075052912725596,5
136,0.8945864854086013,-0.06481866646380652,-0.03950483782234646,0.023279021064900818,0.042871022229617396,0.20767170310889455,0.9709999561309814,0.22420001029968262,0.4301999807357788,26.83629513365882,2.1203882735967636,5.581533146543162,0.9227072784020767,0.012873369176846497,27.67990760825169,91.23216103237966,38.55879893076749,262.5,262.5,8,0.19047619047619047,0.1360017128694876,0.7088435374149659,0.13009275232504744,0.00025370638500624534,0.5979175241540935,0.009617574809927143,0.44136654579480666,0.016085119471173973,1.7087755102040816,1.9810714285714286,1.4192909634099553,0.8374501965088151,0.8625511859692497,15.543619791666666,17.324117024739582,104.85230531238375,16.56563025210084,8.807937221403183,9.379679361979166,9.261093139648438,3.9179007440525777,4.9982136152846355,34.434486389160156,0.027568982914090157,0.06022103130817413,-1.6043526785714287e-06,2.463817673634077,0.06115836072882961,1.2640232079513483,1.1934552873883929e-05,4.431527472820739e-08,2.463817647613021,0.000638565051464529,0.0604969450734065,2699.0,-0.0026720071609778254,0.01987160495455226,-12.880334344666736,0
137,0.8972446475483122,-0.0688934285555567,-0.09477020953382764,0.025493079104370733,0.048102109172828575,0.1779504249485636,0.9781999588012695,0.22420001029968262,0.4301999807357788,26.916039283616204,2.242590993515083,4.834681425605502,0.9236956810137543,0.013856668875582227,27.70955827991083,101.11407110224978,51.81443508082377,262.5,262.5,13,0.3023255813953488,0.19751726745442477,0.6732225913621264,0.16397937436810253,0.00034241614260724433,1.1346314253135632,0.005965500148520931,0.9715671838429428,0.00525765461402792,1.5222448979591838,1.8598412698412699,0.8170810798478922,0.8001854786245262,0.8184810836513492,12.003987630208336,17.324117024739582,92.88719228108724,16.153095238095236,8.258314112706477,8.452293759300597,8.80176685474537,4.234251086542576,3.8461567922725255,34.44362258911133,0.030923224985599518,0.06870229542255402,1.6770135788690477e-06,2.5149278961802137,0.06483599926392439,1.1334267576488672,4.8319498697916664e-06,-3.73083477380793e-08,2.5149283588231985,0.0006504498635761875,0.06421644132572404,2710.0,-0.0026976123695560627,0.02246293605518206,-12.880334344666736,0
138,0.9028771427926563,-0.07558610492377055,-0.05982577137152354,0.025203068174225,0.04796658762652366,0.15593835858735175,0.9781999588012695,0.19179999828338623,0.4301999807357788,27.08503128375326,2.4432424279621667,3.4698917148794446,0.9228122717927956,0.012238792286842437,27.68304854946101,95.41988927032291,46.966916892574794,259.25925925925924,259.25925925925924,12,0.2926829268292683,0.18611221105032527,0.7020905923344949,0.1594787107727665,1.779806680549765e-05,1.103334475011605,0.018445614210481232,0.4996453962345661,0.016718062045770136,1.575,1.7697619047619046,0.8540630184335242,0.5782376560274094,0.8899502219830486,12.003987630208336,17.324117024739582,93.25831386021206,12.006285714285713,7.20424158508906,9.342990451388888,9.221988254123263,4.3383601465464094,3.190980789547863,34.461570739746094,0.037624720484018326,0.06870229542255402,1.8979027157738096e-06,2.5310883095852392,0.05427002244139829,1.118271739763634,1.6167050316220238e-06,4.0723520225520657e-08,2.5310884876805155,0.0006534655544541696,0.05351487876155657,2694.0,-0.0027123298606874374,0.021367353317497922,-12.880334344666736,0
139,0.9140852476017816,-0.09989695276816686,0.022867009381453196,0.0070729946754345486,0.02591992508123725,0.05675528565253915,0.9781999588012695,0.18000000715255737,0.21019995212554932,27.421246856621334,2.9967945830311096,1.5974289977124758,0.9219228654085617,0.0074433614644983555,27.656367307827033,87.54443410532288,41.447242882060266,259.25925925925924,259.25925925925924,12,0.3076923076923077,0.12599485949311418,0.7519047619047619,0.1521939099311437,0.002212454410662225,0.6238220247160191,0.04498768405993786,0.4631118563405633,0.07211621628847986,3.0796428571428573,2.6711428571428573,1.6872013341141996,1.6697509040670264,1.152930794737405,10.853780110677082,10.61309814453125,87.19179920014882,14.424805194805195,8.367905740589261,8.303375244140625,8.374979654947916,1.9724100026364706,2.8972403033161496,34.48638916015625,0.03401520475745201,0.06945423036813736,5.398704892113095e-06,2.5268369955957732,0.036193656701770424,0.8964853053465449,-7.048107328869048e-06,-4.69492701263449e-08,2.526837058454991,0.0006455668239606015,0.035030371885798745,2696.0,-0.002782237943561467,0.01696137057462271,-0.5247107987976999,0
140,0.9139802855991181,-0.11308176199311301,0.04929745695420674,0.0034102007869662465,0.007434561568233343,0.012581184834431321,0.9301999807357788,0.1462000012397766,0.1109999418258667,27.418106853706497,3.3922870026741707,1.4793402801241193,0.9223818350410518,0.0038243162426493207,27.670141654988104,73.85149970894207,5.331543380993119,83.16831683168317,83.16831683168317,8,0.2222222222222222,0.0361878803222259,0.8167857142857143,0.06034422703922433,3.187408979591827e-05,0.03183244478402706,0.005658461773541609,0.0011689391279823842,0.1777576875396301,4.166785714285714,1.6123809523809525,0.564380078005044,0.052584021956097696,2.584243945658594,10.759379069010418,10.67962646484375,87.10723005022321,16.64685714285714,8.519848417737517,9.722315470377604,9.718831380208334,0.6826223252854546,1.1407789675822329,34.50384521484375,0.028669023886322975,0.06248912960290909,1.678466796875e-06,2.4967562158382153,0.01932051620460806,1.4124452506338148,-2.9427664620535716e-06,-4.1748708972697066e-08,2.4967561248475123,0.0006808516687924823,0.017006025082946193,2692.0,-0.0027650377476909583,0.013059436790253483,-7.670291637159052,0
141,0.9137986666815622,-0.11735929507300967,0.048108999618462156,0.0036024370320349823,0.0074169761397884695,0.01568109990330676,0.9309999942779541,0.149399995803833,0.11660003662109375,27.41265657186508,3.520612995028496,1.4439075599397933,0.9227212321137035,0.0038854860310773066,27.68031905798044,74.11361593120014,4.258521753746251,80.30592734225621,80.30592734225621,9,0.25,0.03835464401087783,0.8123809523809524,0.049071884889632225,5.591376926280726e-07,0.04658618139372122,0.0021417426023271867,0.003332378343912347,0.04597377458835564,3.6365714285714286,1.6537142857142857,0.3128259606117323,0.06548157553612984,2.1990324809951622,10.759379069010418,10.67962646484375,82.89889751615979,15.062261904761906,9.055333780915358,9.608723958333334,9.841796875,0.63607331712398,0.931389350691586,34.51100540161133,0.027635572478175163,0.06440514326095581,1.1669340587797619e-06,2.4778868242602288,0.02121513290385415,1.4124452506338148,-2.234322684151786e-06,-7.38667939021626e-08,2.477887185813574,0.0006783572523944472,0.019104244335463944,2679.0,-0.002792236333937595,0.012634976722745014,-7.875542196135,0
142,0.9134560187544142,-0.11933902799231666,0.05182383803242729,0.003903637173594513,0.007053419914490832,0.018495544508865543,0.937000036239624,0.15399998426437378,0.11660003662109375,27.40237427694457,3.580008982590267,1.5556349982534137,0.922886366114126,0.0041522899998200965,27.6852717570163,75.46460642447353,3.888230155344636,82.51473477406681,82.51473477406681,5,0.1388888888888889,0.03332672432051881,0.7972222222222224,0.04174203312372424,1.88604081632653e-05,0.03883512608490763,0.0030172643402647773,0.004794599162894965,0.07769420739533449,3.466285714285714,1.674857142857143,0.3028579514814003,0.06907316440424839,2.0696008188331625,10.72967529296875,10.532023111979166,84.03646196637835,15.488690476190477,8.75874722074933,10.02880859375,9.6474609375,0.49752882316322306,0.4241064498691741,34.513301849365234,0.02739880420267582,0.060153160244226456,-2.9195149739583332e-06,2.4628367255309738,0.023037109173694087,1.4048037050048152,3.9600190662202384e-06,-6.770142498614312e-09,2.462836477476861,0.0006882005691025038,0.021093868631298605,2677.0,-0.0027822096071597035,0.01350180669204012,4.08731097223039,0
143,0.9131207710788364,-0.12125011397827239,0.05534156200999305,0.003945742502988685,0.0076980896348525195,0.01832156709958715,0.937000036239624,0.15399998426437378,0.11660003662109375,27.392325275199752,3.637331705050809,1.6611262891122274,0.9230094703998598,0.004224694324983154,27.68897309966326,76.25152492996152,3.644081797736751,82.51473477406681,82.51473477406681,3,0.08108108108108109,0.031598566229420935,0.7887258687258688,0.03889934084999544,1.8718707205330953e-06,0.03762340138331512,0.002861120120062033,0.00867473548637471,0.07604629073571366,3.3211428571428576,1.735142857142857,0.3421700257629418,0.157688921355837,1.9140457763872882,10.931193033854168,12.077433268229168,82.47672787620907,15.607261904761906,8.690128214657607,10.14971923828125,10.3233642578125,0.9979558742714498,0.618669655669796,34.51499938964844,0.027706265449523926,0.07946974039077759,4.3887183779761906e-07,2.495287590995016,0.06194977419879713,0.9508758148790729,2.4704706101190477e-06,4.815114691324799e-08,2.495287631226012,0.0006891997187430038,0.0612917919387614,2678.0,-0.0027993836463516618,0.014602086444550496,4.08731097223039,0
144,0.9130361709594726,-0.12139226668505441,0.05765174314237776,0.0038013784023236954,0.008033643144381607,0.01455425712669395,0.937000036239624,0.15399998426437378,0.1128000020980835,27.389775700228554,3.641596571973392,1.7301791518075125,0.9230211890301854,0.004190021523479421,27.689311363084062,76.16076536354882,3.42931440058952,82.51473477406681,82.51473477406681,2,0.05405405405405406,0.02927990650890244,0.7894208494208494,0.0358775564643891,4.574360683048739e-06,0.03159342307821314,0.0009325526529931073,0.006309434988309564,0.029517303354070445,3.3237142857142854,1.6425714285714286,0.3413593474355619,0.20394356962610202,2.0234823447556094,10.931193033854168,12.077433268229168,74.97701241629464,15.585714285714285,8.452458604606415,9.4039306640625,9.8958740234375,1.3131794750695316,1.2478536626416294,34.519866943359375,0.02857017330825329,0.07946974039077759,1.3151622953869048e-06,2.5123758399141987,0.0561557880357343,1.238956474548965,1.816522507440476e-06,-2.5257711246356718e-08,2.512375526546436,0.0007359649738027486,0.05540658969489719,2699.0,-0.0028002555356366958,0.014906464166925605,4.08731097223039,0
145,0.9134265709888367,-0.10628323826051894,0.027556009567919232,0.008880606913007343,0.034488686839968155,0.057181323179997426,1.0929999351501465,0.20660001039505005,0.17340004444122314,27.40149998681886,3.188314433523587,1.7934081463302884,0.9224210574033375,0.008999570294561825,27.671313330625225,78.15591997591812,4.417736469972897,88.23529411764706,88.23529411764706,2,0.05263157894736842,0.027153015778319984,0.7701127819548872,0.04284007376747278,8.389064556434796e-05,0.021805778499607225,0.0017765316444387732,0.003426007799887978,0.08147068193280844,3.172857142857143,1.72,0.2909642659874794,0.2882544227672803,1.84468438538206,9.257914225260418,10.142313639322918,72.43098587762742,14.233116883116883,7.682388959045471,8.379923502604168,8.908793131510418,1.2291923593675378,0.5114452067330024,34.526512145996094,0.02860681340098381,0.08100657165050507,4.379999069940476e-06,2.519265272907856,0.04679526076025289,1.238956474548965,-5.30424572172619e-06,-5.069713292834296e-08,2.5192651634027388,0.0007352498853242273,0.04588907136443153,2689.0,-0.0028075161936578167,0.018233125149518147,-21.104885823047574,0
146,0.9120668377251853,-0.1088481244075866,0.0402669428955941,0.009183642622966764,0.036171781659477674,0.06636920281611965,1.0929999351501465,0.20660001039505005,0.17340004444122314,27.360705560275488,3.2652635893651416,2.1747724318504336,0.9225243526685876,0.009037934018565605,27.67441421074494,78.46168286128035,6.80598634320728,92.3076923076923,92.3076923076923,5,0.13157894736842105,0.038406626335796765,0.7705639097744362,0.06794318998135543,1.427297559350267e-05,0.04105527418063586,0.00874242839243649,0.0034295899727835575,0.21294288168607445,2.829142857142857,1.9394285714285713,0.6384423647137026,0.5503583989973614,1.4587507365939896,11.48529052734375,10.544840494791668,72.03953247070312,15.166071428571428,8.291706230890465,9.133544921875,9.402954101562498,1.2630415901628331,1.5862086113420106,34.53168487548828,0.028077540919184685,0.0670923963189125,5.100795200892857e-07,2.483279586638685,0.02512864615128666,1.0569857168299066,-3.4332275390625e-06,-8.252228278126348e-08,2.4832792613048196,0.0007177737085122336,0.023245399474600855,2692.0,-0.0027845222934882565,0.018613939024312503,-21.104885823047574,0
147,0.9114876662208921,-0.09910640061185473,0.02714375203280222,0.010700499621061153,0.04195903418857763,0.0847021378374289,1.0929999351501465,0.20660001039505005,0.22860002517700195,27.343320843832835,2.973064446917602,2.433385276879583,0.9221227988154602,0.010377133063412708,27.662367707573317,80.71022804663677,7.390990903920104,93.54120267260579,93.54120267260579,6,0.15384615384615385,0.04046653282985339,0.74996336996337,0.07212081205229083,7.459318617242803e-05,0.04382219279156567,0.011497290720663541,0.00808718789566815,0.2623622869660779,2.8031428571428574,1.8509523809523811,0.6386135492660037,0.5536555491640822,1.5144327244661693,11.48529052734375,11.367899576822916,97.50412815638951,15.732527472527472,8.490201021890023,9.212219238281248,9.53096177842882,1.4246481886516185,1.669836444169081,34.53247833251953,0.02795141190290451,0.0670923963189125,-3.869919549851191e-06,2.4629414249026182,0.025027660015797495,0.9575402023138282,-5.086263020833333e-07,3.288362621139034e-08,2.4629407492596527,0.0006586135730001592,0.023213311897963274,2692.0,-0.0027108323908403916,0.021088384515924374,-21.104885823047574,0
148,0.9099624566520963,-0.09811531487249192,0.06841371384404954,0.008095955312094397,0.03656359286981226,0.07377853934016802,0.9678000211715698,0.18300002813339233,0.22860002517700195,27.297585842353957,2.9433001604676248,2.7045259862286706,0.9214823367222688,0.007398686557957845,27.643159916227418,82.46190446526496,8.554008450247084,96.7741935483871,96.7741935483871,7,0.175,0.041250089196421334,0.7358928571428571,0.08039074694190589,2.1287866055810076e-05,0.05488290275054282,0.01133006724587865,0.01764557306750259,0.2064407434383851,2.912,1.6433333333333333,0.6012616666949047,0.3047153982372773,1.7720081135902637,19.74212646484375,22.311299641927082,95.94765595935638,14.618791208791208,8.171507239422944,11.13360595703125,11.034766303168402,5.261995696186564,4.617010214206712,34.53499221801758,0.028522197157144547,0.06593743711709976,-1.4677501860119048e-07,2.449070629088812,0.027885672794142127,1.6046929832268033,-3.360566638764881e-06,8.553421879557405e-08,2.449070594010793,0.0006669472143588258,0.026178902023503887,2696.0,-0.0026275320885482388,0.017772647547082184,-0.18148944866813216,0
149,0.9045044375203904,-0.056398600112824215,-0.00972959102619262,0.015583046825307215,0.06198738507738268,0.1472673469280776,1.0525999069213867,0.18499994277954102,0.3637999892234802,27.133850982700075,2.2728851493341584,3.725843846116747,0.9203662319161813,0.010133232802891466,27.60966378209391,83.98136771782485,6.14577248171176,96.7741935483871,96.7741935483871,4,0.0975609756097561,0.029650171214703376,0.7182578397212543,0.052294788149565716,1.0312609745939444e-06,0.026643072180432322,0.003859616847798088,0.002986411403763997,0.14486380630807044,2.0835714285714286,1.8738775510204082,0.8787675932766282,0.4958896439149616,1.1119037246787193,19.74212646484375,22.311299641927082,107.2489741734096,15.015809523809525,8.618426793742172,10.977867974175346,10.89717320033482,5.691262953883827,5.162108523820333,34.53789520263672,0.028805846348404884,0.06670811027288437,-2.4820963541666665e-06,2.439254717874298,0.025178227462950807,1.5773727057190257,1.2534005301339286e-06,1.9219387900595654e-08,2.439254289474392,0.0006520945541890595,0.023334074189246257,2698.0,-0.002604063008718335,0.02033456738388308,-7.117280071442536,0
150,0.897280895051502,-0.030538923899332684,-0.0541449147320929,0.06600748503247643,0.068944391152686,0.18899128714736804,1.5004000663757324,0.24739998579025269,0.5465999841690063,26.917105280160904,2.003557434465204,4.939052998082978,0.9216850062388929,0.06559020759577751,27.64922349982386,89.90436159206678,29.312976264526963,272.72727272727275,272.72727272727275,6,0.13953488372093023,0.11913173898759294,0.6959468438538206,0.09668640574931527,5.6403165347784486e-09,0.6131617603329613,0.001751134407471512,0.32864126426953977,0.002855909355013601,1.9724489795918367,1.6765306122448982,0.8389364759397604,0.5428774739172709,1.1765063907486304,15.01922607421875,16.207784016927086,108.27201959519161,15.3075,8.204582833044329,9.766961960565476,10.233895438058036,4.24422122101525,3.662754681535028,34.540218353271484,0.02891291305422783,0.06670811027288437,3.869919549851191e-06,2.4539678858879674,0.034977914650605915,1.7182525101576671,3.069923037574405e-06,-2.0008805343599006e-08,2.4539677900802195,0.0006599597283529959,0.033636639913047044,2703.0,-0.002633604797418501,0.019627764839266666,-7.117280071442536,0
151,0.8973367618492671,-0.020758581116085962,-0.12281031463543574,0.06957563808736984,0.07453670976618929,0.15777023168804286,1.5004000663757324,0.24739998579025269,0.5465999841690063,26.91880899838039,1.856263147039073,5.1651002903069765,0.9226360143150525,0.06897302262988746,27.677771834609064,96.09199011772024,29.284762642019434,272.72727272727275,272.72727272727275,5,0.1111111111111111,0.11584648532979025,0.6535873015873016,0.10956588103844148,0.00010877212894627219,0.5965580950587561,0.0013981080047053126,0.38616749769678393,0.0023436242275240776,2.0163265306122446,1.4518367346938776,0.5797254085810244,0.28352807902422766,1.3888107956142814,22.896626790364586,16.207784016927086,129.7953130812872,14.261696428571428,8.164586440198734,11.928740001860119,11.441795712425597,3.611444145290608,5.4144852038482245,34.51716995239258,0.043880216777324677,0.07520870864391327,-7.003057570684524e-06,2.4916666529586298,0.05166636296726202,0.9323284413113192,6.394159226190476e-06,-2.9757526992584004e-08,2.491666777727953,0.0006281938228699181,0.05082169557793652,2706.0,-0.0026584950567830105,0.020875803745207987,-7.117280071442536,0
152,0.9012445049115589,-0.02694150530440467,-0.13329755270197277,0.06892112529586113,0.059957414869721455,0.13158978672428584,1.5004000663757324,0.24739998579025269,0.5465999841690063,27.03605086164815,1.4622718659043312,4.901851861774921,0.9228620207866987,0.06871910627492929,27.684532683236803,96.83229795471433,29.10305816014104,272.72727272727275,272.72727272727275,6,0.13333333333333333,0.11608166788003506,0.6480000000000001,0.10839727050977001,6.781690562265707e-05,0.6194636722555354,0.001810304534602436,0.3228343052145782,0.0029223740078428134,2.436666666666667,1.8030952380952383,0.6675239386095304,0.7095123441067881,1.3513799022844315,22.896626790364586,18.047281901041668,110.49398157028926,13.795204081632653,8.398747175196409,11.781904432508682,12.136433919270836,4.5895058388769785,6.168755361625882,34.482025146484375,0.05108743906021118,0.08217490464448929,-2.9166085379464286e-06,2.5225999224646296,0.03373275449848073,0.7771449166165099,1.961844308035714e-06,-3.581961988559342e-08,2.522599835397656,0.0006144860234199598,0.032424279708148034,2702.0,-0.0026948964344331817,0.017352165386284268,0.8431000365964914,0
153,0.9063116376683825,-0.030156133816355752,-0.14758193349270593,0.024342139561563534,0.046835636146810924,0.047778541842403884,1.2125999927520752,0.23339998722076416,0.2850000262260437,27.18803870150021,1.0755594359125409,4.447013432638986,0.921203803506077,0.023303693088767216,27.634792452693198,92.01389699352559,11.358308627561419,112.9032258064516,112.9032258064516,2,0.045454545454545456,0.023435377019812374,0.6619155844155844,0.08021593259739128,4.285744939608501e-06,0.010509574891839658,0.0035798308767127467,0.002757671496517405,0.34062565932066086,2.1218367346938773,1.8123809523809524,0.6747843686615161,0.7115321528470429,1.1707454395315666,16.2939453125,18.047281901041668,88.33852313813709,14.878285714285713,8.90502720052987,8.166678292410714,8.187035454644098,4.418555347062924,3.675530256622129,34.444053649902344,0.03484537452459335,0.07370884716510773,-5.108061290922619e-06,2.5276655628819573,0.02747895140614206,0.6693290486283767,-2.089000883556548e-06,6.152457847484686e-08,2.5276648996587445,0.0006618178176597591,0.025945383184794234,2686.0,-0.0026764211004833105,0.01537394322489946,0.8431000365964914,0
154,0.9062278378804525,-0.021323076645533245,-0.15081660016093934,0.00992589831069878,0.028818370596377513,0.03639372526049527,0.9878000020980835,0.22780001163482666,0.2850000262260437,27.185537850686483,0.7030120075174741,4.524321433433465,0.9201197194245689,0.009079743207224659,27.602282245757564,86.50915438062616,6.717495839715353,98.82352941176471,98.82352941176471,2,0.047619047619047616,0.025609542770924067,0.6977551020408163,0.05406879580677239,2.2561266139110456e-08,0.011061007851760025,0.006046616560038397,0.002374479377873654,0.5466605431507998,1.8485714285714285,1.490357142857143,0.7853716785506005,0.37276664884320854,1.2403546609154086,14.478556315104164,11.966756184895832,69.81514652797154,16.636666666666667,8.39667864366012,7.253952026367187,7.408281962076822,2.625496904121176,3.2724041004765265,34.42770004272461,0.02824448049068451,0.057527534663677216,-2.0403180803571427e-06,2.5230842932911863,0.021096173985705746,0.7750023511026816,5.631219773065476e-07,-8.334669236717206e-09,2.5230844221072033,0.0007349956873404659,0.01908615841211085,2679.0,-0.002615798638494893,0.01436323309802354,0.14953340686040273,0
155,0.9073208662214733,-0.018297076284885406,-0.14177338115658078,0.009509876056003482,0.028285470817953826,0.0339431008479879,0.9878000020980835,0.22780001163482666,0.3330000042915344,27.218325700930187,0.611945572750909,4.252976720375674,0.9195835728129049,0.008620974182328114,27.586186796432926,87.89918121400963,6.877009045387589,101.20481927710843,101.20481927710843,2,0.046511627906976744,0.024361626056178372,0.6867441860465117,0.0531399684684445,2.045483715118718e-06,0.01213397522854982,0.005297262505617396,0.003464350940412599,0.43656447337666876,1.7910714285714286,1.3780357142857143,0.6448907319247572,0.2885775613740116,1.2997278735259816,14.478556315104164,11.966756184895832,74.88195590064639,14.762539682539682,8.046387684824936,7.8617095947265625,7.834421793619791,2.48924745323743,2.9764041029126176,34.42620086669922,0.027472982183098793,0.057527534663677216,0.0,2.520333155638422,0.020885575660979393,1.016102292719133,1.1807396298363096e-06,2.0174120707380357e-08,2.5203329323151507,0.0007577416109050866,0.018791230835475566,2690.0,-0.002586245951178664,0.014342910411463228,2.310257742436885,0
156,0.9075074472881499,-0.014858514334474292,-0.14176332412163417,0.006745979454587655,0.010629869842122277,0.027972630242462576,0.9442000389099121,0.06939995288848877,0.3330000042915344,27.22393270441464,0.489193713750158,4.252703723652022,0.9191285351851392,0.005575717035633683,27.57255043228211,87.7460186583673,6.223762646285309,101.20481927710843,101.20481927710843,1,0.023255813953488372,0.02259845105934977,0.6871428571428572,0.04737434357377458,3.922337959183678e-05,0.01682588208207981,0.0033552283155868063,0.0035015730472979833,0.19940876200245392,1.8773214285714286,1.4244642857142857,0.6468453421674097,0.24588909635053288,1.317914002757929,14.478556315104164,9.309183756510416,73.32289661225819,14.53888888888889,8.728189955495868,7.732175191243489,7.149594624837239,1.8080525486640755,2.9821232641998896,34.43083190917969,0.027841715142130852,0.05791839584708214,4.3741861979166667e-07,2.522914347538045,0.01866271237969244,1.016102292719133,9.264264787946428e-07,-1.3268488020406317e-07,2.5229149103390047,0.000732433897567651,0.016181160731654272,2696.0,-0.002587045909597683,0.01392466569062479,2.310257742436885,0
157,0.9065461900915418,-0.018047238193807148,-0.1516211622811499,0.006379505199114123,0.010004119087005256,0.020544895474622384,0.9459999799728394,0.07980000972747803,0.3330000042915344,27.195091131329537,0.5509824304069791,4.548419439877782,0.9196049347900288,0.0055055928457759615,27.586834782153748,88.22160131045668,5.8160679786110885,101.20481927710843,101.20481927710843,1,0.023255813953488372,0.021016445039519056,0.6830232558139534,0.04439244378542485,9.949518367346904e-06,0.012998556746094469,0.0024934486329876797,0.0016155842125590777,0.1918250373247675,2.099183673469388,1.6008163265306123,0.5010489621523722,0.16906337270385968,1.3113207547169812,11.069437662760416,13.823649088541668,76.71149488176619,14.820446428571428,8.263260982875325,8.266456240699403,8.316287086123511,2.3403910573788007,1.7673220427272665,34.43635559082031,0.02718387357890606,0.05559045821428299,4.0079752604166666e-06,2.5236633912556896,0.016975065091761107,0.8072457007897207,-1.2897309802827382e-06,-9.388832110013718e-09,2.523663854473075,0.000699896093001927,0.014178544266555152,2708.0,-0.0026452510585433433,0.01375842618764527,1.0403702034204294,0
158,0.9064650568564733,-0.01997908576329549,-0.14657024808724722,0.02819051722422827,0.03779711729079739,0.03832686286377695,1.3166000843048096,0.2549999952316284,0.23100000619888306,27.192614705647742,0.8738805741497448,4.429100870192051,0.9200414583990691,0.027872771208832754,27.59988760393676,91.24029671400541,6.204955972033774,101.94174757281554,101.94174757281554,0,0.0,0.01724636525128225,0.6607467532467532,0.04635857724589688,4.823727713452726e-05,0.007468732995391339,0.0024690388923252547,0.0011887630446427815,0.3305833658598856,2.19530612244898,1.4259183673469387,0.5978970504739349,0.23929613571144573,1.5395734936310292,22.166748046875,13.823649088541668,104.75816991896858,15.386517857142858,8.156451105406395,10.608346121651786,8.137352353050595,2.6173380867715546,4.964595555499659,34.4377326965332,0.027056710794568062,0.06369593739509583,1.0201590401785713e-06,2.5299021223773104,0.02047649688212068,0.687717530744783,3.1607491629464288e-06,2.2998681913796422e-08,2.529901682657475,0.0007156419092705488,0.018489349555654844,2698.0,-0.0026405428564041595,0.015579924264709423,-2.16937042535387,0
159,0.9052244378612155,-0.005674876269840059,-0.14784115284965152,0.029221837634488525,0.04635483178306297,0.040244844982158495,1.3166000843048096,0.2549999952316284,0.29420000314712524,27.15545470723084,1.015510573898043,4.467177013073648,0.9192980795475911,0.028876778038192562,27.57764407021391,96.61146314817232,8.292344289548364,118.30985915492958,118.30985915492958,2,0.043478260869565216,0.026282953616244338,0.6252795031055899,0.049605246993645415,1.779806680549781e-05,0.029766978057357268,0.0024627715229215124,0.039558834895148796,0.08273501993302974,2.0014285714285713,1.9285714285714286,0.6300196674240478,1.0529874895084104,1.0377777777777777,22.166748046875,41.0198974609375,132.18633568173362,14.896554621848738,8.467083486964547,11.271216982886907,16.447677612304688,12.837447431471723,5.608000892767766,34.42551803588867,0.032673344016075134,0.0714334025979042,-2.697172619047619e-06,2.5903832111510314,0.07692191515010013,1.1141648732933005,8.138020833333333e-06,4.7185073386037564e-08,2.59038317567182,0.0007338517119690424,0.07648224845800955,2692.0,-0.002593081563173331,0.01648329213949238,-2.16937042535387,0
160,0.9023563136600313,0.019549504935741424,-0.14576011478049414,0.030945063141560165,0.06195282791379136,0.04732542979929566,1.3166000843048096,0.2549999952316284,0.40039998292922974,27.069440552677428,1.3538105787975447,4.404613728097507,0.9176290605433681,0.02945274821660246,27.52756779799831,95.7634589789389,27.280749727820773,254.54545454545456,254.54545454545456,8,0.17777777777777778,0.06865457621221914,0.6556190476190475,0.11692174253555676,0.0009521632653061238,0.18937717270382817,0.013737460968666734,0.49387005758745295,0.07254021576376105,2.0285714285714285,2.260357142857143,0.5943194816414008,1.1289772665414246,0.8974561542107757,22.166748046875,41.0198974609375,157.12605510893323,14.937142857142858,8.68435990086518,12.220848931206598,17.73797353108724,12.605991238230292,5.713068679293198,34.4052619934082,0.036901600658893585,0.07607811689376831,-2.4050757998511907e-06,2.640329080050085,0.07294304845812954,1.1141648732933005,7.792881556919642e-06,-1.2058375409815653e-07,2.6403297139852504,0.0007416186422640705,0.07253339185909878,2669.0,-0.0025401469849557017,0.016916731363072805,-2.16937042535387,0
161,0.8970516850380671,0.007000943041983105,-0.10765537180787041,0.03372000189676109,0.09291032766895652,0.1387039615206884,1.1113998889923096,0.24199998378753662,0.5058000087738037,26.91025326541492,2.052863863025393,4.901324153031622,0.918927829183916,0.03033511365632502,27.56647354145273,102.8224818835029,30.10060329801398,254.54545454545456,254.54545454545456,10,0.2127659574468085,0.21070686374969694,0.6263525835866262,0.17161509824666538,0.00014715175343606854,0.5398242715690256,0.005409674986229251,1.7014838752924215,0.010021177763100141,1.8145714285714287,2.3194285714285714,0.32251233167374027,0.8089936303071558,0.7823355506282337,28.748881022135418,72.88706461588542,268.5738009498233,12.854081632653061,8.673613698679416,14.26165771484375,22.857279459635414,25.752268119003922,8.199355055738346,34.370059967041016,0.041956719011068344,0.07808759808540344,-7.0669991629464284e-06,2.727037252434594,0.07204826418764823,1.0457406159398637,8.501325334821429e-06,3.3979226411540935e-09,2.7270374743872274,0.0007293841155852658,0.07164955903490973,2659.0,-0.002559215203619396,0.020395453208721444,2.2725536732947953,0
162,0.8797695615405128,-0.05435439050197601,0.057770904438836236,0.0392501839860451,0.11611026447339248,0.2366479982248237,1.1113998889923096,0.24199998378753662,0.5058000087738037,26.391852560469083,3.3192792991229467,6.617238862386771,0.9221466100633101,0.030926261514925817,27.663112791497696,103.01852119677766,29.597938755001227,254.54545454545456,254.54545454545456,8,0.16666666666666666,0.20789915388229968,0.6235714285714286,0.16867556307370457,0.0003386801739275303,0.525050904778098,0.0037186677438472873,1.551525972594505,0.007082489926227069,3.1317142857142857,2.1671428571428573,1.168258917346315,0.5089035833464499,1.4450889914304548,62.09330240885417,72.88706461588542,266.71163366408575,14.305476190476192,8.498067824278161,35.215535481770836,24.896911621093754,25.21241031984513,22.312054234224984,34.33220291137695,0.047165513038635254,0.07501469552516937,-5.241757347470238e-06,2.7463645856951846,0.06746411292680773,1.5449769624836704,4.23249744233631e-06,-4.534195005647767e-08,2.7463653932089986,0.0007337970379444009,0.06701164451070153,2651.0,-0.002605780630609852,0.020634714877693895,2.2725536732947953,0
163,0.8497506192581994,-0.14301447634753728,0.2456071232614063,0.046820213709279385,0.09432134029465417,0.22258758214099647,1.1113998889923096,0.2662000060081482,0.5614000558853149,25.49132986349719,4.879327006893498,9.324950845880167,0.9286872740683308,0.03203030947505526,27.859299966035234,102.7726000475805,15.3334073696133,123.16715542521993,123.16715542521993,1,0.020833333333333332,0.025268853960167436,0.5977083333333334,0.09379505247789494,8.936036651395247e-05,0.007202297609667137,0.003980146153601939,0.014925767988906585,0.5526217284133981,3.422,2.2953571428571427,1.1210707709459684,0.3906135610570025,1.490835537575852,62.09330240885417,27.806193033854168,245.24424373081752,15.578831168831169,8.12216449893428,32.937825520833336,14.769821166992188,8.511657696113636,23.315700627251196,34.29340362548828,0.04158548638224602,0.08006685227155685,-6.554013206845238e-06,2.7715109625371728,0.052022049846254546,1.5449769624836704,3.578549339657738e-06,1.4782562718782496e-07,2.7715105466093917,0.0007236683518679137,0.051446605637667675,2647.0,-0.002613586219434119,0.02015230376546929,2.2725536732947953,0
164,0.8198243623063678,-0.19028078112715766,0.39462444723220097,0.02423224642510883,0.03363662373098461,0.05422346519663688,0.9019999504089355,0.27139997482299805,0.5614000558853149,24.59355472632817,5.708140290932996,11.838218702673911,0.9318672622777606,0.018150177586825054,27.9546998821912,102.72452259505627,39.26670905732314,278.1456953642384,278.1456953642384,9,0.19148936170212766,0.10788480168579173,0.6262310030395137,0.1194303404167627,0.00028410822423989904,0.3574630739706307,0.013252957656394452,0.513007787753346,0.037075039693423885,2.4305714285714286,2.286857142857143,0.742087293396409,0.34916974411320584,1.0628435782108945,18.70361328125,16.858418782552082,134.83241017659506,16.569880952380952,8.120973381270073,13.505147298177084,12.047465006510418,4.142087257647564,3.741764737691311,34.264564514160156,0.03231729939579964,0.06618611514568329,-2.6186988467261904e-06,2.7655697091409897,0.01873322621331306,1.2867009864841856,-4.722958519345238e-07,4.86201815380102e-08,2.765569187770951,0.0007505113120520636,0.01701795198391684,2655.0,-0.0025605164983773096,0.01647827293900231,-6.059288756703632,0
165,0.8039898101261684,-0.20794771432592754,0.42649484715575264,0.01193354957554998,0.02327486892524661,0.03171549963726892,0.8932000398635864,0.2749999761581421,0.5614000558853149,24.11851673236915,6.238184286909444,12.794373414686747,0.9342959287216223,0.017912033689708815,28.02758131872185,103.90208781844613,47.80391536055322,280.0,280.0,11,0.2391304347826087,0.14117790837825497,0.636273291925466,0.13436216875396442,9.044135610162477e-06,0.5133759559881433,0.01199817326870589,0.7067501125859309,0.023371124277941434,1.9628571428571429,2.3642857142857143,0.41249448563619867,0.19791257604079138,0.8302114803625378,18.70361328125,17.586161295572918,132.9337137858073,15.549387755102043,8.727207076547149,13.657701280381945,13.528340657552084,3.0105907703973385,3.9264709447186648,34.24292755126953,0.031750861555337906,0.06892315298318863,-3.708612351190476e-06,2.7708709958019577,0.01832065756397183,1.0411649281681066,3.4513927641369047e-07,-9.192788427123843e-08,2.7708710489002093,0.0007402854598011435,0.016501221441634333,2675.0,-0.0025454066570676694,0.015586771744675923,-5.456833567601463,0
166,0.8004525052819933,-0.2033779619279362,0.43507213300182707,0.009852532034234132,0.02159891945703906,0.02802503909393384,0.865399956703186,0.2749999761581421,0.5582000017166138,24.012418444156648,6.10105071497815,13.051549561449459,0.9340498849422881,0.016564132626012508,28.020155121437472,113.70595060660908,57.34512897966925,280.0,280.0,17,0.3469387755102041,0.17213729985102008,0.6016326530612245,0.15259439012201498,0.00015697532961265852,0.8233023605000972,0.01580150033867536,2.8541164362394085,0.019192827686145685,2.120952380952381,2.0869047619047616,0.6320195826352749,0.30136810120897645,1.0163148887621223,19.470113118489582,21.3433837890625,141.15702623639788,14.191428571428572,8.540956344401247,15.839708116319448,15.056084526909721,3.4176382367558733,3.1252384683491417,34.21675109863281,0.03670402616262436,0.07126189768314362,-3.4165155319940477e-06,2.7677223674570186,0.020302469828159093,0.6165154953408217,-8.719308035714285e-07,7.812305007550282e-08,2.767723049722198,0.0007085385455399805,0.01846009611428984,2692.0,-0.0025814570992806147,0.015298928320853396,-5.456833567601463,0
167,0.7965758198272614,-0.20038928569498515,0.4437717520509447,0.010569688326193072,0.012389953157516849,0.028434295089797373,0.8487999439239502,0.2749999761581421,0.565000057220459,23.89614773767335,6.011386142245361,13.312516704371998,0.9340569763720631,0.015283119827984826,28.02038211834277,119.83774231125118,65.47261479682938,280.0,280.0,20,0.40816326530612246,0.21433699783158247,0.591661807580175,0.17230735566971744,4.71548481466058e-05,2.02327151332214,0.01358395002383126,2.458597191179044,0.006713854237747309,2.307857142857143,1.9252380952380954,0.6506729901694509,0.37532540681085313,1.1987385604748948,19.470113118489582,21.3433837890625,123.97757364908853,14.873673469387755,8.658730081382647,12.917226155598959,13.597852918836807,3.9840605896143897,3.737183014876262,34.193443298339844,0.03361152857542038,0.07518099248409271,-6.975446428571428e-06,2.752672904480367,0.020505716733262583,0.6474063794478203,-3.2334100632440476e-06,-1.5348717666092237e-08,2.752673077355998,0.0006377590706181548,0.01855246624776372,2694.0,-0.0026259888445137286,0.01340690397087152,5.265097373056481,0
168,0.8145735149383545,-0.1605676095457304,0.3487020854240372,0.04413273808599602,0.0816109475697487,0.21882549250612357,0.9950000047683716,0.2581999897956848,0.5721999406814575,24.435994591031754,5.1299358522892,11.751358563985143,0.9311203973397029,0.02031157345035208,27.93229968408162,116.67077470526931,61.00979194036193,280.0,280.0,17,0.3469387755102041,0.19539827198283397,0.59533527696793,0.16117146519164094,9.769506972094953e-05,1.9650540069702416,0.00834228761695723,1.9558010922358449,0.004245322310413,2.7602857142857142,2.5964285714285715,0.48235679909445983,1.3196430021264178,1.063108665749656,16.902364095052082,20.16448974609375,140.77181599934897,14.915494505494506,8.544127066589812,12.956380208333334,13.285437689887152,3.701089341790693,3.1335447697032,34.17713928222656,0.026721876114606857,0.06590352952480316,1.1625744047619049e-06,2.7381156230051173,0.018315436622040066,0.5016425241920253,-2.506801060267857e-06,2.264624132542251e-07,2.7381140409824773,0.0005775307970951278,0.015966890113845403,2693.0,-0.0025993613457487887,0.014762024993328897,-3.9292765544319224,0
169,0.8501568671351387,-0.08139837154887972,0.16806550474393936,0.05751879444386852,0.11512738568113913,0.2851160054596605,0.9950000047683716,0.2581999897956848,0.5721999406814575,25.50348601409367,3.529342563876084,8.359178284321512,0.9246902786889962,0.020979972070240435,27.73939076129846,111.68930858785814,51.59285820355227,280.0,280.0,11,0.22916666666666666,0.1451999385159244,0.6023214285714286,0.15400482173960534,0.0027507242009162844,1.0295457659146952,0.019255505100765086,0.3556121348708882,0.018702913205279052,2.326,2.775714285714286,0.5269143136009412,1.4589456634774276,0.8379825012866701,20.05401611328125,24.467264811197914,137.8058784848168,14.213076923076922,8.814580842587104,14.605875651041666,14.805670844184029,5.784301697782117,4.243497603280986,34.20030975341797,0.046922650188207626,0.08214310556650162,5.019414992559524e-06,2.7230169164482216,0.02061394898313004,0.8813411043877462,-8.719308035714285e-07,-2.7787711030973372e-08,2.723017194105699,0.0005528936196131504,0.01851879952237582,2704.0,-0.002623894130506434,0.01543692557022345,-3.9292765544319224,0
170,0.8904878095785776,-0.009567438207921528,-0.008399752534571148,0.04097536977112887,0.08747471818336691,0.20242720981541965,0.9950000047683716,0.2581999897956848,0.5721999406814575,26.71342171592372,1.8499524261695999,4.479373715519905,0.918202991043643,0.018479190617061294,27.544763518997613,90.89476249923152,15.279946248589658,117.6470588235294,117.6470588235294,2,0.046511627906976744,0.04382745122693724,0.6791029900332225,0.11432849002460627,7.152326530612296e-07,0.06948507586386009,0.005245996587875794,0.0402332223965802,0.07549817745258146,2.189142857142857,2.867142857142857,0.3277873875373661,1.3850558082029527,0.7635276532137519,20.05401611328125,24.467264811197914,139.786549668085,15.458791208791208,8.04808535098186,13.658548990885416,15.255974663628473,5.3804397094561125,4.543831757590147,34.24875259399414,0.06720317155122757,0.09446217119693756,1.156034923735119e-05,2.7137124591211803,0.017421218749616912,0.8341286514812942,-1.1625744047619049e-06,-3.6905894999589476e-08,2.7137126571354626,0.000547806051642791,0.01478830199155578,2710.0,-0.002648082518996491,0.016052819718213047,-3.9292765544319224,0
171,0.906772075965291,0.02501946645123618,-0.10108244775874274,0.01121912782764247,0.024226943699046415,0.06364206084690338,0.9687999486923218,0.12419998645782471,0.2839999794960022,27.201910707524846,0.7974718436598778,3.0824788622345243,0.9152934541928291,0.008958289324253807,27.457518049602264,86.93223649440328,16.196676057809096,117.6470588235294,117.6470588235294,4,0.0975609756097561,0.04728657746298907,0.712404181184669,0.12029639810547879,2.101754668887973e-05,0.0686694698110374,0.0058107754845055665,0.018623142579073597,0.08461948957077264,2.196734693877551,1.613809523809524,0.31056209201154217,0.23219254657462038,1.3612106394638115,20.05401611328125,12.858988444010418,116.12517874581474,15.814666666666666,8.46277596287013,12.590579078311013,11.096716986762154,1.19940794274989,4.38038381189223,34.309051513671875,0.052062127739191055,0.08476027846336365,7.277715773809524e-06,2.7001069174579855,0.017746318563293017,1.3395297605160794,-1.7801920572916667e-06,3.759680882931055e-08,2.700106533899305,0.0005529974302485007,0.015077488036532255,2700.0,-0.0027283377479606625,0.014818109339669204,-2.2268740469930863,0
172,0.9048076475972221,0.015187218569573903,-0.13185441941306705,0.010520858232749217,0.02134836607870137,0.061310799197817976,0.9598000049591064,0.12419998645782471,0.2839999794960022,27.142937142252922,0.5425682618362563,3.9595445843679564,0.9168240272205948,0.0072302889655400555,27.50341587485966,82.6619464790293,9.417656074909583,100.71942446043165,100.71942446043165,6,0.15,0.0395394734837221,0.7350357142857142,0.08104356821475467,0.0002712676224906288,0.0542807346154548,0.004440685264008241,0.020527486037075625,0.08180960142613637,2.2390476190476187,1.7587755102040816,0.22374923200060748,0.19790215883899853,1.2730718650885742,19.341227213541664,20.013936360677082,125.39048738025484,15.729714285714286,8.517416877111476,14.288194444444443,13.554774693080358,3.1527645910726396,3.7007253749317126,34.34144973754883,0.03166242688894272,0.0688348114490509,3.930954706101191e-06,2.7152889439346826,0.03286463624813857,1.4961001477644782,-4.54130626860119e-07,2.6963695430231613e-08,2.7152886117162747,0.0005439892015025292,0.03151894142078462,2702.0,-0.002717554657228004,0.014720662644627888,-15.996474744948706,0
173,0.9013585237491698,0.006517151707694644,-0.16927205732039044,0.010056060982580103,0.021836785834276822,0.043125849404630705,0.9598000049591064,0.12419998645782471,0.2839999794960022,27.039471426776476,0.42982083614383426,5.077932576750006,0.9184403514656866,0.006915219132894637,27.55190003975071,82.89063328156924,10.122090453911834,100.71942446043165,100.71942446043165,9,0.225,0.044326461226170136,0.7346428571428572,0.08888237469044268,6.354514952103206e-06,0.0684264134596153,0.006709036811625539,0.015817062787757727,0.0980474713260422,2.2323809523809524,1.7314285714285713,0.25740815238857484,0.19024688578534055,1.2893289328932893,19.341227213541664,20.013936360677082,117.3362263997396,14.679693877551019,8.166825469206591,13.297983805338541,13.246951633029516,4.063743323706548,4.397779264298302,34.3523063659668,0.02614075317978859,0.055277686566114426,7.266090029761905e-08,2.717218616566064,0.0323176203193526,1.4961001477644782,7.084437779017857e-07,8.033085161338344e-08,2.717218693083482,0.000579769608890821,0.030936682482539266,2701.0,-0.002710252584465844,0.014514362774853651,-14.054773203825361,0
174,0.8992611051854633,0.005780666047618502,-0.1860023811743373,0.010099994019943893,0.019906928783468947,0.029089368550805104,0.9598000049591064,0.08840000629425049,0.2932000160217285,26.976574298483985,0.43720770384584157,5.579774578085967,0.9190106994439107,0.008041054965014895,27.569025563409294,82.83233896636077,9.200460559788397,100.71942446043165,100.71942446043165,9,0.225,0.0454156914954909,0.7334285714285714,0.08211788440270187,5.34987755102049e-07,0.04976018514014768,0.01717884818982312,0.005292089569493578,0.345232802921443,2.182857142857143,1.948095238095238,0.6402481449210375,0.26710168598793305,1.12050843314593,19.341227213541664,20.013936360677082,116.36479775565012,14.911224489795918,8.336171504469943,12.074822319878471,12.359805636935763,4.401336050242263,3.93608704682342,34.3502082824707,0.026085391640663147,0.056059591472148895,-2.1798270089285714e-07,2.724989565955611,0.02679446393659344,0.6414503528573103,-8.35600353422619e-07,-6.480385622394415e-08,2.724990051587046,0.000586053830462148,0.02516118794287501,2721.0,-0.002670854087398368,0.01459123353568577,-13.298253361946957,0
175,0.8990591048456373,0.009053751959687188,-0.18540005717107227,0.009715442919010248,0.021954530196671315,0.026156802807525904,0.9529999494552612,0.09660005569458008,0.2932000160217285,26.9704892882279,0.5228548592329025,5.561743572311742,0.9186756808072645,0.007615030079594675,27.55896070991985,84.7368839687824,9.062348081940852,101.44927536231884,101.44927536231884,6,0.14634146341463414,0.03576710380063941,0.7166202090592334,0.08043854172150207,1.7575183673469463e-06,0.020506707293005695,0.011878961323536403,0.0014548511876608112,0.5792719988541509,2.175,1.805,0.6095508271541872,0.3895791816505474,1.2049861495844876,16.746419270833332,23.763427734374996,113.79984457833426,15.047040816326529,8.115278152593469,12.241855197482638,11.997138129340279,6.2868312652875185,3.3282900015625594,34.354278564453125,0.026601415127515793,0.05875662714242935,-8.748372395833333e-07,2.701209911896634,0.02174520331618897,0.641699973594349,-3.0154273623511904e-06,1.0851920187871504e-08,2.701210480964947,0.0006542166512046552,0.019694282671994412,2740.0,-0.002654083297000738,0.014713312949075382,-10.630898028485321,0
176,0.8989823240155266,0.017127199797403243,-0.18198880015100752,0.009245273605560277,0.01728354325617645,0.028602759708652725,0.9529999494552612,0.09660005569458008,0.2932000160217285,26.968192720498358,0.5938094260011401,5.45941300456013,0.9180024448677213,0.007503884129412064,27.53876757046203,85.64369658770458,8.374115075766715,101.44927536231884,101.44927536231884,4,0.09523809523809523,0.030355451889776782,0.7077210884353742,0.07351778608689544,0.00031437461057892544,0.02465866592653442,0.0036550879828268117,0.0024054142334447547,0.14822732072028624,2.3445238095238095,1.8490476190476188,0.8024322789857576,0.4588588823624345,1.2679629152716974,16.746419270833332,23.763427734374996,114.13781622023811,13.445510204081634,8.420139519095446,12.567986382378471,11.620873345269096,5.90879306977636,2.940125018766277,34.35866928100586,0.027407145127654076,0.05875662714242935,-2.547491164434524e-06,2.6867294475002677,0.021029825138762736,0.546926642312399,-1.7983572823660714e-06,-4.213502942993221e-08,2.6867297563199783,0.0006925781196448916,0.018952583591216966,2741.0,-0.0026472912794703227,0.014500063769728146,-10.630898028485321,0
177,0.8999317522616613,0.022151714324951173,-0.17418561905906313,0.0068210374024406965,0.014064912675883997,0.025278087039487692,0.9321999549865723,0.09660005569458008,0.2807999849319458,26.996658996428764,0.697061288356781,5.2252954288891384,0.9173677887582572,0.005306337367211514,27.51971015901917,84.24281121646253,9.038653927400084,101.44927536231884,101.44927536231884,4,0.0975609756097561,0.03512514071436698,0.7209756097560974,0.0820156955588867,0.0005408187548521452,0.026756748543318172,0.005973873948232138,0.01455227238701189,0.22326606458033046,2.5504761904761906,1.83,0.6863457740395508,0.4908077473899115,1.393702836325787,14.520060221354166,11.263122558593748,112.21516680036272,15.166263736263737,8.440890244076556,11.023373074001734,9.367594401041668,2.258155341886412,2.06951404400057,34.35466003417969,0.029691236093640327,0.06262585520744324,-5.459740048363095e-06,2.672895053064112,0.013808958456903988,0.5076568960048872,-5.086263020833333e-07,-3.651934290961192e-08,2.6728952471215583,0.0007698604946178125,0.010529842589926076,2736.0,-0.0026852119241996663,0.014096414881003768,-2.173272593046586,0
178,0.9007522184394655,0.025136438633714404,-0.16790453340609868,0.005212161329838823,0.007413162531297718,0.020881028725055338,0.9229999780654907,0.06980001926422119,0.25120002031326294,27.0212818388428,0.7544765862396785,5.036876287886074,0.9168854939427691,0.004178740421392538,27.505253734973167,79.80302404761872,8.568651955541855,93.75,93.75,5,0.1282051282051282,0.036987093867752764,0.7606227106227107,0.0818562733665568,2.6281316118283284e-07,0.03260589140755073,0.006513088574384975,0.002187149265615802,0.19975189431185747,2.3862857142857146,2.1597142857142857,0.4840379475763006,0.2526599715516682,1.1049080566212464,12.8033447265625,12.390238444010418,98.51147998628161,15.583095238095238,7.792095502768369,11.2098388671875,10.89404296875,1.2372522310389207,1.53987739744928,34.34001541137695,0.033218663185834885,0.06418313086032867,-2.255394345238095e-06,2.686909056692985,0.028971460732110956,0.6247288353565688,1.7256963820684524e-06,1.1961633430562354e-07,2.686908907622903,0.0007881072223688249,0.02760781109152945,2724.0,-0.002739048907827306,0.013517031358452633,-0.9751602069107148,0
179,0.9006518471468062,0.020684419586544944,-0.16837540019409997,0.013904790312755953,0.033620439186246284,0.024868079749601837,1.0206000804901123,0.1534000039100647,0.2922000288963318,27.018267414399556,1.0084020195688521,5.051082291517939,0.9174472083670893,0.01358634416223981,27.522114976655743,87.85903888354369,32.82227411648493,280.0,280.0,7,0.175,0.09278498182308381,0.72325,0.12312677534201263,2.7193032236567984e-05,0.2875357057369559,0.012301465067036174,0.08264357131834031,0.042782391270355234,2.632857142857143,2.0335714285714284,0.39374393419364023,0.2264195581802301,1.2946961714085004,12.945353190104166,18.1561279296875,111.60623045421784,15.820879120879122,8.661874736592607,12.287556966145832,12.739902072482641,2.481111074999333,0.8464162133777346,34.322776794433594,0.028012441471219063,0.05994030088186264,7.266090029761904e-07,2.698855592854721,0.028595274812411694,0.6247288353565688,1.5440441313244048e-06,8.905312613249937e-08,2.6988550149930366,0.0007582446854959901,0.02720911341291844,2737.0,-0.002731071120869244,0.015081019032419877,-4.546423469072906,0
180,0.9014491138231187,0.01330281933148702,-0.15194713357516698,0.030475882801161206,0.061533594874473865,0.06486463057257662,1.1682000160217285,0.2824000120162964,0.39139997959136963,27.04205712897437,1.4325747288124902,4.733806009122303,0.918640568585104,0.02995813739205584,27.557783108133997,92.27777335921976,31.52673397870444,280.0,280.0,7,0.16279069767441862,0.08765545679493142,0.6858471760797342,0.12050786926451645,0.0002812534350687213,0.24604340368349242,0.007652800594803711,0.16360502828637857,0.031103457683621508,2.4404761904761902,1.6942857142857144,0.8755308075740897,0.5469320742812136,1.4404159640247327,14.95513916015625,18.360595703125,120.8290762765067,16.664285714285715,8.912023812545282,12.935672336154513,12.217915852864584,4.343466950311694,1.302572692753319,34.31161880493164,0.02680232934653759,0.0882069393992424,1.746768043154762e-06,2.7497826459935593,0.06558279998398911,0.9734202537780199,8.628481910342262e-06,1.0758215483596021e-08,2.749783063943971,0.0006731542693538915,0.06498619380744222,2727.0,-0.0027971450706123367,0.0214269537165096,-5.737700847902306,0
181,0.9033720286573682,0.005991676140399207,-0.11671621916123799,0.040482595630556416,0.08294148939904958,0.09481601644023306,1.1682000160217285,0.2998000383377075,0.39139997959136963,27.099872859716417,1.8704462940352304,4.094077721834183,0.9195989243097739,0.039819903985517886,27.586648477566612,99.86089916133754,29.186231946970373,280.0,280.0,6,0.1276595744680851,0.08293528121110591,0.6272644376899696,0.10487170574905293,5.484460408163308e-05,0.17688488423738094,0.007395626343687672,0.2593203399763797,0.041810391970874584,1.7244897959183674,1.9910714285714286,1.0601024287854774,0.9438349231962642,0.866111467008328,22.122802734374996,23.069356282552086,151.09378916422526,15.80781512605042,8.280519265599137,13.210594540550593,15.221099853515625,5.757758310280596,5.180630281764665,34.30675506591797,0.02659478411078453,0.0882069393992424,4.3596540178571427e-07,2.7753062239374855,0.06536817808260056,0.9734202537780199,3.4695579892113095e-06,-1.0205120322194941e-07,2.7753067894662173,0.0005962324926758528,0.06476252613573272,2718.0,-0.0027838814548637567,0.023777062945151462,-5.737700847902306,0
182,0.8872928094863891,-0.014515495621022724,-0.048948952453477045,0.09845162276950242,0.10079174791284458,0.21822410373665574,1.4082000255584717,0.305400013923645,1.069200038909912,26.617565427422523,2.2909947154351644,4.790771718025208,0.9231343732174414,0.0720528711089965,27.69272435681823,98.74025930890389,11.16734070001483,116.66666666666667,116.66666666666667,6,0.1276595744680851,0.047010448346841725,0.6161094224924011,0.0753274525573846,3.889685964181943e-07,0.09086292084563344,0.0026529675276959802,0.13234781958759162,0.029197471344808445,1.5773015873015872,1.7868253968253969,1.0488606158993588,0.9021261803377025,0.8827396286754907,38.05887858072917,25.586954752604168,200.62691635858442,16.171857142857142,8.443404866207347,16.825052897135418,17.71133987991898,5.8692231390838785,9.05515169825041,34.31416702270508,0.031150197610259056,0.0882069393992424,1.4561244419642858e-06,2.8056098985578903,0.05120827286587812,0.8959786770027307,4.1961669921875e-06,-8.58175069627838e-08,2.805610267053517,0.0005679504756620053,0.0504478926496533,2707.0,-0.0027933131172046123,0.025167769364066835,-5.737700847902306,0
183,0.8580939807437715,-0.026505352610633488,-0.1593544286546253,0.10093915581903092,0.08679939727443926,0.29267694721244514,1.4082000255584717,0.305400013923645,1.069200038909912,25.741468279446874,1.951634432716029,7.927295573651791,0.9279617199114126,0.06849334121549412,27.83739174385524,100.27575317363915,11.58087562858047,116.66666666666667,116.66666666666667,6,0.125,0.04988871680314101,0.606904761904762,0.07449737093779882,1.0726293377759214e-05,0.07231940851019106,0.0051317220988550735,0.05630873242294888,0.07095912708041473,1.5851785714285713,1.807551020408163,0.8380824010617259,0.956354446621045,0.876975838319973,42.626241048177086,43.456319173177086,241.28314862932478,13.75404761904762,7.868137909378414,24.252052307128906,24.139985584077383,9.743373142032825,13.754178947631107,34.31397247314453,0.03176989033818245,0.0727354884147644,2.906436011904762e-07,2.801931797280254,0.031916104480273176,1.0906154995206154,-1.5077136811755952e-06,2.9349691574579875e-08,2.8019322237360393,0.000600472593009834,0.03063649145994352,2716.0,-0.002722613794804414,0.019727360046307353,5.328856483800852,0
184,0.8456119046211242,-0.034366762340068815,-0.23800399995701654,0.09426959662674259,0.06721945836523106,0.2879762886876636,1.4082000255584717,0.305400013923645,1.069200038909912,25.36709142438003,1.607657139812197,9.88960542419127,0.9301046397911705,0.06424473443469818,27.90181362557989,99.28503426265532,11.383267292658271,116.66666666666667,116.66666666666667,10,0.20833333333333334,0.054896183549516586,0.6126488095238095,0.07312508479170231,1.8297442732196773e-07,0.09396104607638175,0.0021764622437234283,0.15510232194000154,0.02316345267116506,1.5282142857142857,2.4073214285714286,0.6998544856042634,1.4867907222557297,0.6348193754172539,42.626241048177086,43.456319173177086,228.30737769717263,13.476904761904763,8.646060553525986,25.237859090169273,22.733256022135418,9.608678601909158,12.602520850521005,34.303993225097656,0.03791435435414314,0.0766138881444931,-1.6755603608630953e-06,2.8083717531831165,0.0316855978465167,1.0906154995206154,7.084437779017857e-07,5.485382489073e-09,2.808371749971783,0.0006738050866007075,0.030422273658841974,2712.0,-0.002689815499624646,0.019619705946708123,0.13780652889371725,0
185,0.847620351865178,-0.025803838531176248,-0.36532887595891955,0.0367232235159715,0.028973931590300386,0.09926697799507764,1.0318000316619873,0.2003999948501587,0.649399995803833,25.42742255602564,1.0097521475383213,10.979345278229033,0.9296407994303065,0.0200321591561673,27.88790626855465,100.01627256756666,9.135857960951661,116.02209944751381,116.02209944751381,6,0.12244897959183673,0.03683191735512043,0.6048979591836735,0.054862669789604204,5.604331528529808e-06,0.025697684016971173,0.0022767951186877886,0.0481746502645283,0.08859923396926181,1.736,2.1779591836734697,0.9622464786707643,1.450831039050856,0.7970764617691153,42.626241048177086,17.755228678385414,159.8757785615467,17.065639097744363,8.287475395853775,17.263956705729168,10.3936767578125,5.142612880518763,13.591067101175067,34.29090118408203,0.031168561428785324,0.06965863704681396,4.3596540178571427e-07,2.8027201123444456,0.024841512030960237,1.0374006015315396,1.0354178292410713e-06,3.2597491746684205e-08,2.802719863837749,0.0006852249714323803,0.023186148595599726,2707.0,-0.0027572953708398557,0.017441911073573162,2.9097999044666087,0
186,0.861299665695145,-0.026715238616580053,-0.33572368538095837,0.01950595794308322,0.025907027365278563,0.06655588612764811,0.9881999492645264,0.2003999948501587,0.649399995803833,25.837798542295182,0.9960552930406161,10.091155132310732,0.9276491120715521,0.014480274167359778,27.828136548284622,96.3659133675992,9.103104451047988,116.02209944751381,116.02209944751381,6,0.13043478260869565,0.034126614985083646,0.628136645962733,0.058665936149944524,3.6570404997917314e-05,0.03597404761389551,0.0012082384364516903,0.028728794443798635,0.03358639120678181,1.4592207792207792,1.676984126984127,0.8522090390551248,0.528311581107375,0.8701458503635503,25.33111572265625,13.6090087890625,108.15639597574871,15.09025974025974,8.681456467029927,10.260333436908144,8.25325294777199,3.6855644117596054,5.822924620528721,34.302635192871094,0.03877301886677742,0.079312764108181,2.1841866629464288e-06,2.793400396954916,0.024996711237928928,0.745301730779369,-1.5622093563988095e-06,-7.815190657262553e-08,2.7933998439781744,0.0006609543386532568,0.023370370080440017,2698.0,-0.0028062715717034306,0.018889575800327216,2.9097999044666087,0
187,0.8575663986206055,-0.03263738135496775,-0.3534908283466385,0.00926011677010162,0.009012819233272016,0.02398924845567462,0.9160000085830688,0.07279998064041138,0.46299999952316284,25.725758529986653,0.9798821541666984,10.604245564682143,0.928500623767065,0.008375488569894868,27.85369405294863,90.82853672809523,7.804135605562124,112.6005361930295,112.6005361930295,5,0.11363636363636363,0.031128132091386613,0.6652922077922078,0.05512978408510563,0.0001683850502290712,0.020820992448256956,0.0024236521638488044,0.020485584117460556,0.11640425737975339,0.9784126984126984,1.9653968253968255,0.2816073434645696,0.7286108852614276,0.4978194152802455,14.140726725260416,15.081685384114584,87.33110889253163,14.011000000000001,8.696180619521822,7.842181170428241,8.026835123697916,3.91231276741334,3.1762599340498965,34.33205032348633,0.0386553555727005,0.0823708027601242,4.441034226190476e-06,2.7815477523705625,0.01336112007901752,0.6339205634828968,7.992699032738095e-07,-4.727888466899768e-08,2.781548155057092,0.0005902539751438853,0.009889398395619106,2708.0,-0.0029359781811915207,0.017127999080476883,-7.379752117307144,2
188,0.8596127128033411,-0.03427207630305063,-0.3476436950450852,0.009625182321025189,0.009432917578806004,0.024748486501120395,0.9134000539779663,0.09780001640319824,0.45179998874664307,25.787153098412922,1.0285148600595337,10.428807565655028,0.9282748175890847,0.008043917866989823,27.846915930689523,86.63617633437347,5.261541941119335,98.59154929577466,98.59154929577466,5,0.11904761904761904,0.029683916402347972,0.6950340136054423,0.040979548924461,1.1799926030820534e-05,0.026258966453928417,0.002169010238868636,0.0075230678612041735,0.08260074678392934,1.0320408163265307,2.2975,0.2679833521904461,0.785229314614917,0.44920166107792414,14.140726725260416,15.081685384114584,89.18653019496372,13.857563025210085,8.14830025602606,9.120992024739582,9.049263000488281,3.1530152654520935,2.6953027224621144,34.363311767578125,0.03477311134338379,0.06880707293748856,1.8935430617559523e-06,2.78925984923337,0.01949194822606274,0.6144039152421479,1.2715657552083333e-07,6.525108867515382e-08,2.7892596345861893,0.0005780718163072424,0.01729996614690252,2692.0,-0.002951600257456118,0.01747822041545671,-0.3346999372764773,2
189,0.8571986176740556,-0.03403031445117224,-0.3528328188714527,0.017635718633586473,0.015019678838218632,0.03817035628164828,0.920799970626831,0.09780001640319824,0.5670000314712524,25.71474467303072,1.056537718134267,10.584448994738715,0.9286085948146122,0.010871686895707397,27.856928761870503,86.65124902634086,5.4805320995530025,98.59154929577466,98.59154929577466,6,0.13953488372093023,0.029556159586200247,0.6951495016611297,0.04308592262575945,3.242953835901704e-05,0.025777967629380314,0.0004944980124026698,0.011965839216080642,0.019182971268808177,1.0869642857142856,2.054642857142857,0.39279118764534005,0.7448619068015774,0.5290283330436294,14.140726725260416,15.081685384114584,82.24341590518044,16.44857142857143,8.320619321642567,8.75176747639974,8.318341573079428,2.8650937307241593,3.0338669142475307,34.38825988769531,0.03388430178165436,0.07416057586669922,4.153297061011905e-06,2.805009003361261,0.02406006168098252,0.6144039152421479,2.0345052083333333e-06,2.0953337580217503e-08,2.8050086171044444,0.0005653111038899105,0.022337927086503465,2696.0,-0.002946693700504589,0.017854671804076988,-0.3346999372764773,2
190,0.8458475893849419,-0.0299056192835172,-0.37986234285150255,0.024801818579142175,0.01598559659756618,0.05560754536833532,0.920799970626831,0.09780001640319824,0.5670000314712524,25.374216110110282,0.9355684334891183,11.395312142670155,0.9297699257273268,0.011774713074465716,27.89176210639382,85.60275034999587,4.960323188532129,95.67198177676538,95.67198177676538,7,0.16666666666666666,0.03409353806777896,0.7032653061224489,0.04069403448410299,1.509877551020414e-05,0.04042240584682292,0.00046063742179456413,0.0016760247493441103,0.011395596381375921,1.1444897959183673,2.2157142857142857,0.45319431764533685,0.7786494999239248,0.5165331122777931,13.07098388671875,13.105875651041666,87.62511524018785,14.337321428571428,7.3831254076061015,8.345177060081847,8.515813918340774,2.280517455265879,3.3553869086083945,34.409812927246094,0.030558815225958824,0.07107601314783096,3.136044456845238e-06,2.8189978493513888,0.01813216551343628,0.7274612285212995,9.80922154017857e-07,7.810770316264866e-09,2.81899829616845,0.0005512991625865142,0.01570853194704283,2682.0,-0.0029043612959929735,0.017713448179885245,-1.110929219667195,2
191,0.8331208090611867,-0.028029667295160748,-0.41176814291590735,0.021987445589262987,0.01507662206342069,0.04739631613449512,0.920799970626831,0.08319997787475586,0.5670000314712524,24.992421414681843,0.8793237305964743,12.352471858901637,0.9312662373574926,0.011371301481448557,27.936652696828148,86.00644526080276,5.8072293405889726,95.67198177676538,95.67198177676538,8,0.19047619047619047,0.039523039887277255,0.7008503401360544,0.047901603394417056,1.3422503290295696e-05,0.05594850745561913,0.0008543084022172827,0.01201456055592727,0.01526954767997982,1.4085714285714286,2.1301785714285715,0.597178497129964,0.617813969383427,0.6612457037471707,14.00665283203125,15.90545654296875,102.26698303222656,14.216470588235294,8.950840720741184,9.708455403645832,10.01172383626302,3.2702700600548438,4.015002016821626,34.426475524902344,0.029132096096873283,0.07107601314783096,-7.992699032738095e-07,2.8455792469703822,0.03320189097312467,0.9032584570665532,3.633045014880952e-06,-2.670984948363184e-08,2.845579707419977,0.0005420619479288289,0.03194803623930892,2697.0,-0.0029124676866205774,0.016915803919631524,-5.723646215381395,2
192,0.8237198281742277,-0.026561657985051473,-0.4350328953635125,0.011949444398204842,0.008857200597646215,0.02381827430520259,0.8794000148773193,0.05739998817443848,0.5335999727249146,24.71040284522942,0.8007778799959592,13.05037428945303,0.9323020003175063,0.008661793657319339,27.967718034184653,85.04163242841385,5.305189210425509,95.45454545454545,95.45454545454545,6,0.14634146341463414,0.03744928543499644,0.7083275261324042,0.04483019501596193,5.105755268638077e-06,0.04758805416702665,0.0008109939964986261,0.044900341423575636,0.017041965902874778,1.3244897959183672,2.0535714285714284,0.623720815063671,0.6320371178715274,0.6449689440993789,14.00665283203125,15.90545654296875,96.85125354585195,17.75857142857143,8.066054952515437,9.175720214843748,9.490369160970051,3.6468920960052382,3.9426647265185393,34.43943786621094,0.028873438015580177,0.0733833760023117,2.4791899181547618e-06,2.8797257372858547,0.052833678574603346,1.2079808514526924,5.7220458984375e-06,4.514337862852235e-08,2.879725790936517,0.0005419178921716526,0.052061986195794954,2703.0,-0.0029362419277002435,0.015665434798552452,-8.056159565745508,2
193,0.8284753520829337,-0.02967827699581782,-0.4243863334854444,0.014613241066681848,0.009421872021924666,0.031104798730248656,0.8885999917984009,0.07440000772476196,0.5313999652862549,24.85304584818227,0.8916947369490351,12.73104314740215,0.9319571586184601,0.009036076268282898,27.957378886452528,86.6703171775422,6.185639662786962,98.82352941176471,98.82352941176471,6,0.14285714285714285,0.03689949758264559,0.6958843537414966,0.0506979492524263,7.086203681799272e-05,0.05972909758161284,0.001963394071516322,0.05971579207110981,0.032871651356084414,1.1512244897959185,1.8751785714285714,0.49785395341784483,0.45466063678622665,0.6139279252316107,14.00665283203125,15.90545654296875,94.49001036144439,14.365294117647059,7.024884695532277,7.917320614769345,8.71185302734375,3.5945725230360996,3.8423951951467705,34.45354461669922,0.029480988159775734,0.0617489255964756,2.0417712983630954e-06,2.9186524150996065,0.038602243595267996,0.8076274293535878,4.868280319940476e-06,8.808638978159848e-09,2.918652971831831,0.000534614325638434,0.037556585068636635,2688.0,-0.0029306160620885613,0.01590653656055512,-11.871945129951694,2
194,0.833366466210002,-0.03172194338980175,-0.41329994305258705,0.0161643844831902,0.010695230013625939,0.034766015576252696,0.8910000324249268,0.0942000150680542,0.5313999652862549,24.999809557710375,0.9550191563367844,12.39842672011682,0.9315643096147911,0.00975088635841244,27.945611430469334,85.61685775125252,6.338889071072487,98.82352941176471,98.82352941176471,6,0.14634146341463414,0.03483488750886247,0.7046689895470383,0.052481502005819636,6.878840483132084e-07,0.02778072534769742,0.0025269596081009533,0.007164977122613613,0.09096089380223465,1.2825396825396826,1.7750793650793653,0.7606620155759293,0.6421933472782833,0.7225252615577216,15.280965169270834,16.64703369140625,86.40716334751674,15.060642857142858,9.76460073141127,8.41117576316551,8.013113516348378,3.9283694546054733,4.118488242023142,34.466644287109375,0.029758810997009277,0.059427157044410706,5.103701636904762e-06,2.937516738821124,0.03700597047374363,1.1624529251430427,4.904610770089286e-06,-1.2970047193930981e-09,2.9375170891604787,0.0005528677758377708,0.0358831620612069,2682.0,-0.002923813145942083,0.016418772257668936,-9.401617642662012,2
195,0.8366267901545479,-0.03473751441921507,-0.40645783853814715,0.014534786796011228,0.010643083667140235,0.031194595094059276,0.8910000324249268,0.0942000150680542,0.526199996471405,25.097646276014192,1.0447295735989297,12.193095870443752,0.9314334482326219,0.009403454426483783,27.941680603750502,84.59364723567452,6.446682091077411,98.82352941176471,98.82352941176471,5,0.12195121951219512,0.03401680257083046,0.7133101045296167,0.053142593967718074,9.82630570595495e-08,0.0369521986046385,0.0016698811277723832,0.020490261444339304,0.04519030506517055,1.4323214285714285,1.9575510204081632,0.7302711047820473,0.6329585832395564,0.7316904712260217,15.280965169270834,16.64703369140625,94.18413827078683,15.611596638655461,7.930097951045116,9.343757629394531,9.425542922247024,3.8653523230896383,3.4042018911438734,34.480735778808594,0.028993461281061172,0.05786902457475662,1.1669340587797619e-06,2.9583166567554167,0.037198991643813156,1.1624529251430427,1.071748279389881e-06,-7.07045187435614e-08,2.95831721568033,0.0005669497658352551,0.03605519639101144,2680.0,-0.002924859413084124,0.01642175593051832,-9.401617642662012,2
196,0.8311980283600944,-0.035211857032208214,-0.4190606479616392,0.014171213569413551,0.00898588756843374,0.030746941636969657,0.8910000324249268,0.0942000150680542,0.5133999586105347,24.934726850816183,1.0586108523607254,12.571273724564485,0.9321513614527313,0.007914993787934154,27.96320588728311,82.33363473187657,5.412071271489549,91.70305676855895,91.70305676855895,5,0.1282051282051282,0.03280479648458856,0.7319413919413919,0.04876978156477851,6.126130112453156e-06,0.03177838415336598,0.0034542013507316196,0.003993035167418544,0.10869656978344977,1.2389285714285714,1.8396428571428571,0.5845566739863988,0.44307583885785495,0.6734614637934382,16.846211751302086,16.64703369140625,98.50703001476471,15.005238095238095,8.26010193037754,8.783810933430988,10.118942260742188,4.164281103432408,3.5015598601932107,34.49127960205078,0.028538499027490616,0.059022996574640274,1.6799200148809524e-06,2.992524233813922,0.058186800532057194,1.5928472431475658,9.827386765252977e-06,-5.1806255057312816e-08,2.9925243901040117,0.0005806161858314028,0.05746850643754139,2696.0,-0.0029597153669765727,0.015150845339221305,-4.348825843084302,2
197,0.8321948186442966,-0.037359676139695305,-0.4167839717127028,0.015039226634490328,0.008148303334000611,0.032236834447320506,0.8930000066757202,0.07580000162124634,0.5133999586105347,24.9646509878976,1.1207137127859252,12.502956865685327,0.9321607853011051,0.0078036967706900835,27.963501327294267,81.68133593281176,4.872048566369569,91.70305676855895,91.70305676855895,5,0.125,0.03328908627923155,0.7372142857142856,0.04456358676437661,5.00298209079549e-06,0.048013843074567894,0.0032930336866161414,0.02613878992228433,0.06858508871080983,1.4598214285714286,1.8926785714285714,0.4969480516828983,0.2727172766991561,0.7712991791678461,16.846211751302086,15.105692545572918,98.12759479341054,16.26825396825397,8.890102748750767,9.8065185546875,9.588839213053387,3.1438520043098928,2.9236140562637707,34.50043869018555,0.02782447636127472,0.05632089823484421,2.0417712983630954e-06,3.0450173272592025,0.05646436443567607,1.360983161637384,5.685715448288691e-06,-1.0224990709900603e-07,3.0450171150122403,0.0005628973347262117,0.055755743579843704,2703.0,-0.0030027016884519634,0.014976897265184754,-2.982863161932718,2
198,0.8292065231345949,-0.03870814316897165,-0.4234711238599959,0.015200431130078943,0.007895088727986067,0.03279622736311316,0.8930000066757202,0.07300001382827759,0.5133999586105347,24.875043836917197,1.1611922950829778,12.703499144400869,0.9325892839006162,0.007468381039599383,27.976362318630983,80.19762761905376,5.943667979822525,91.70305676855895,91.70305676855895,9,0.23076923076923078,0.03635515231562906,0.7523809523809524,0.05728584064854418,0.0003267683371928363,0.033084933184682856,0.0013176393746488408,0.023207672854133707,0.039825964504557644,1.2317857142857143,1.7676190476190474,0.45346722650066357,0.3051611967617611,0.6968615301724138,11.062113444010416,15.105692545572918,95.89559522356306,14.894436090225565,7.942244822705278,8.338228861490887,9.212861237702548,3.0544339769154503,2.7061988156695183,34.509769439697266,0.028826383873820305,0.060157276690006256,1.1683872767857142e-06,3.0767030008894665,0.04202397652237925,0.8900373634980432,4.668462844122024e-06,7.641478233123492e-08,3.0767031368440905,0.0005508611839632855,0.04112336469657373,2689.0,-0.0030098577197588804,0.01449635942303107,-1.7402275397925961,2
199,0.82930234175069,-0.040575867275396985,-0.42354071439164026,0.01436798813046371,0.007477591102454452,0.03130499808088535,0.8930000066757202,0.07300001382827759,0.5061999559402466,24.877873252545083,1.2172154468297958,12.705628288899149,0.9327210467476352,0.007022613200389852,27.980294090222145,78.74902794207401,6.637351545529442,94.17040358744394,94.17040358744394,7,0.1794871794871795,0.034215937769146804,0.7674358974358976,0.0658798515409373,2.0158267388588002e-05,0.03182807194437463,0.0022395521184148054,0.015090072312242972,0.07036405228468856,1.2591836734693878,1.7775,0.53610726111346,0.39959849109028506,0.7084015040615402,11.062113444010416,10.559590657552084,87.88618636358352,12.771344537815125,7.625255856933238,7.867460704985119,8.086204528808594,1.5274610945693712,2.671693760408495,34.51996612548828,0.029048211872577667,0.058613672852516174,3.633045014880952e-07,3.0905676753139173,0.017834016922354295,0.9198678706317215,-2.3251488095238097e-06,3.8396378662218216e-08,3.090567776621265,0.0005631558920929795,0.015620068380190527,2692.0,-0.0030047658863342815,0.01414583796601988,-6.130123153948329,2
200,0.8268955992971148,-0.035934457730679284,-0.42888341921851747,0.01222872983495561,0.010177330078032084,0.02680302199835225,0.875,0.06540000438690186,0.5238000154495239,24.805650693178176,1.0780475890210697,12.865954005122184,0.9326916338154272,0.006814891763325208,27.979411489100176,77.87376364149027,7.425925878027304,94.17040358744394,94.17040358744394,8,0.21052631578947367,0.04309458036856673,0.7773684210526315,0.0726160882623189,3.500774943773417e-05,0.03729136982331235,0.005277243794639706,0.03219721143365929,0.14151380921761383,1.72265306122449,2.0142857142857142,1.400434840543196,0.5690475905843503,0.8552178318135766,11.366678873697916,14.431355794270834,83.58779878162201,14.198035714285714,9.448075145113108,7.3865036737351195,7.781226748511905,3.1752743025725887,2.92019384896992,34.53184127807617,0.029105572029948235,0.07169219106435776,2.265566871279762e-06,3.0892193166989723,0.018376800121781743,0.8980974131644461,-1.0899135044642857e-07,1.496175604278128e-07,3.08921846291582,0.0005608596735706065,0.01626573691658066,2685.0,-0.002978637544185024,0.012955278529791404,-10.447867268935546,2
201,0.8424975235121591,-0.036322105311212084,-0.38878478097064156,0.02341644247771873,0.01207702881689349,0.05673321221373765,0.9398000240325928,0.09500002861022949,0.5238000154495239,25.27372227685792,1.0903551599383354,11.66302557195936,0.9306473268631161,0.009130889700965775,27.91810123857704,80.77306128160735,6.803411905783059,94.17040358744394,94.17040358744394,3,0.07692307692307693,0.03631228675958029,0.7482783882783881,0.06503002525716978,0.00023193425139525164,0.019229012009117825,0.00435734301633703,0.01050469948248407,0.22660254277603592,1.64625,1.708392857142857,1.3359352257111565,0.5944717417890562,0.9636249608027595,11.366678873697916,14.431355794270834,81.12019696916853,18.045079365079363,7.792329899703298,6.480573018391927,7.121620178222656,4.317665317408427,3.284979155683874,34.537933349609375,0.02804194577038288,0.0770983099937439,-2.4079822358630953e-06,3.0855795422211574,0.022503369926359786,0.8980974131644461,3.851027715773809e-06,-5.778947931423266e-08,3.085580063209128,0.0005695298139169909,0.020844524892153465,2682.0,-0.0029445379542473423,0.014192309583681645,-5.925316322863448,2
202,0.8599052477961495,-0.038175571929840814,-0.3436193713432267,0.020858261176870358,0.013029375888222294,0.051274229228121256,0.9398000240325928,0.09500002861022949,0.5238000154495239,25.79593700528145,1.1459753013082914,10.30806828315769,0.9284970840366008,0.009783918216576386,27.85358575110044,81.318205503582,6.18612384540756,94.80812641083521,94.80812641083521,5,0.1282051282051282,0.03109529374733552,0.7421978021978022,0.057465067908308944,9.39237877551019e-05,0.025441845411245383,0.0041019726530135865,0.016139150209112618,0.1612293678665503,1.153174603174603,1.5796428571428571,0.4996201631061462,0.40840827786489764,0.7300223578767553,11.08795166015625,12.65594482421875,91.83850606282553,14.120285714285716,7.81145870252314,6.402192292390046,6.620648701985677,3.9009070181193115,2.8137002437627268,34.54110336303711,0.02766760066151619,0.0770983099937439,1.605805896577381e-06,3.094799044835988,0.028056121994280474,0.6464527569458617,1.998174758184524e-06,-2.5029180634683597e-08,3.094799285608294,0.0005551066055477216,0.026788207070357263,2666.0,-0.002936649535940997,0.01524917675706935,-9.089138110148712,2
203,0.8721189807994025,-0.043728905405317035,-0.31109617125988004,0.009965115797507263,0.009245365328663942,0.02040728331142853,0.9398000240325928,0.09500002861022949,0.3813999891281128,26.162338281103544,1.3125008770823479,9.332390280663967,0.9272584371047528,0.00880851600524724,27.81642478714166,80.40185622671409,6.08604973242754,94.80812641083521,94.80812641083521,8,0.20512820512820512,0.03676353444775543,0.7505128205128204,0.05648197239471919,8.359183673469404e-05,0.031397568644162085,0.0076697971641432145,0.008004671222156371,0.2442799711999133,1.7496825396825397,1.8032653061224488,1.1501088931541965,0.5890985920769166,0.9702856999144913,13.151753743489584,13.057861328125,96.42930762881323,14.522380952380951,8.38177976164902,9.061279296875,10.20050048828125,2.8435592480096643,2.818335687814827,34.54562759399414,0.028739601373672485,0.07286691665649414,5.827404203869048e-07,3.106747669899136,0.032519619791092656,0.6464527569458617,2.4704706101190477e-06,-1.3250597248672174e-08,3.1067476801433567,0.0005635848586084587,0.03144455074731312,2661.0,-0.0029369154621729323,0.015611937863930569,-9.089138110148712,2
204,0.8670385144154231,-0.040166171953791664,-0.3215920953041031,0.02021286804769012,0.01169405902020589,0.05843036909483123,0.9406000375747681,0.07819998264312744,0.5324000120162964,26.00993643249784,1.2127714427028384,9.64728757343122,0.9277195383996991,0.009298374390046497,27.830273986810607,79.48150684999413,6.9251784467158295,95.89041095890411,95.89041095890411,8,0.21052631578947367,0.038147245709387136,0.7603383458646618,0.06273179077336573,0.0002850997790920453,0.031683971579726494,0.003836193675435841,0.007823810129277452,0.12107679322280708,2.1278571428571427,1.7820408163265304,1.1982067809004915,0.6012139600335934,1.1940563444800734,13.151753743489584,13.057861328125,105.89118601481121,15.28327731092437,8.632923533254642,8.694419860839844,9.054681687127976,2.5835455344285294,2.9370488172734843,34.558998107910156,0.03254270181059837,0.06396831572055817,5.5483863467261905e-06,3.124931919978327,0.025127639678898993,1.092397958303987,-1.0535830543154763e-06,4.543890094866651e-08,3.124931899707623,0.0005752686200992745,0.023608856130023472,2664.0,-0.0030012783291941455,0.014674845443575227,-15.779902787001463,2
205,0.8621355330830529,-0.036051429129782174,-0.335663266704196,0.02134937241926038,0.015835296915586328,0.060303680210236736,0.9406000375747681,0.10460001230239868,0.5324000120162964,25.862820421031543,1.1139734403150423,10.069439144006797,0.9281543201728332,0.010947862062387244,27.843301257835893,82.39111792429968,8.672613979932628,101.94174757281554,101.94174757281554,7,0.175,0.037914636002919895,0.7359285714285714,0.07350104122544449,4.8783097709287815e-05,0.03827656672713762,0.004010646636104695,0.00990972634507378,0.10478073085016779,1.50125,1.6955102040816328,0.817223846354853,0.6842899444168294,0.8854266971593644,26.907246907552082,26.26708984375,103.999629792713,14.058991596638656,8.349434752592808,10.50982157389323,10.880839029947918,6.732931432096282,6.744506723548847,34.581703186035156,0.03530437499284744,0.06782083958387375,2.192905970982143e-06,3.122155715508618,0.02427671001738234,1.092397958303987,-8.35600353422619e-07,9.178076071895077e-09,3.1221559039336517,0.0005795535049717667,0.02269695888263844,2674.0,-0.0030184741656182294,0.015254832861647659,1.0081462165608892,2
206,0.8626995429197947,-0.035878771824496135,-0.3337645524371238,0.0222068284245411,0.016792592207005543,0.06162839237569603,0.9473999738693237,0.10939997434616089,0.5324000120162964,25.8797562875918,1.108780578332288,10.01247428740774,0.9280969879174923,0.01207220908570787,27.841594124190866,84.1026818334782,8.114422007685144,101.94174757281554,101.94174757281554,6,0.15,0.037759740617651194,0.7199642857142857,0.06834821370252869,4.142104523115362e-05,0.04133716417938644,0.004420918935539565,0.009328047681044921,0.10694780407176892,2.231142857142857,1.9530952380952382,1.4072376762832284,0.8060381891438374,1.1423625502864803,26.907246907552082,26.26708984375,106.42740551176527,13.327142857142857,7.364285192014562,11.78912353515625,10.742153591579862,7.152800595646792,8.190472366484402,34.59859085083008,0.03129454329609871,0.06279958784580231,2.486456008184524e-06,3.116804876473284,0.021990177310227947,1.092397958303987,-2.0708356584821427e-06,-1.1618587862087253e-07,3.1168052603539578,0.0005804678623915258,0.020213386085320296,2672.0,-0.0029966464173674023,0.015967404953872517,1.0081462165608892,2
207,0.869839304850215,-0.04019911456108093,-0.31663681893689294,0.016446677945874188,0.017048387142670058,0.036377170538178794,0.9490000009536743,0.10939997434616089,0.48019999265670776,26.093955288359098,1.2305647192682538,9.498620282369,0.927477774600074,0.01283265596650366,27.82301452918164,82.9152394835298,9.346194220846572,101.94174757281554,101.94174757281554,7,0.175,0.044075478764978984,0.7330357142857142,0.08406216571134503,0.00018987715118700573,0.05256222165632956,0.012703735857098135,0.011245038839995117,0.2416894769052888,1.4669387755102041,2.2134693877551017,1.240188650318911,1.1724773446418735,0.6627328047206344,14.968058268229168,18.059285481770836,101.93376007080079,16.52767857142857,9.410007778779127,9.787336077008929,9.315418061755953,3.975397617660937,3.885880575950407,34.60719299316406,0.02788369171321392,0.06162349507212639,3.662109375e-07,3.1172961679210403,0.021949378178094187,0.6108016834054338,2.9064360119047617e-06,-2.7539554543535216e-08,3.117296162085493,0.000578994868391722,0.02025138623289371,2699.0,-0.0029854055847601006,0.017210718994836966,1.1233649701699564,2
208,0.8770019055491401,-0.045224838330632164,-0.2945464761455854,0.016103721064188704,0.01998394461184036,0.02803461920866799,0.9758000373840332,0.14459997415542603,0.40560001134872437,26.308800309300423,1.3860985771673067,8.835969998623643,0.9269121179038905,0.014622187938139637,27.806035412496495,86.47394208618854,26.712237024382034,238.63636363636363,238.63636363636363,10,0.25,0.10470336359691905,0.7262142857142857,0.11681423854364079,2.7056982257392868e-05,0.43085840511487383,0.01230890690675757,0.16540166606394083,0.028568334192008663,1.039047619047619,2.38265306122449,0.4484263237148925,1.2082356914308896,0.43608850820842254,14.968058268229168,18.059285481770836,102.72608424595424,15.129333333333333,7.081259733938668,8.745490180121527,8.980276925223215,4.010901146019534,4.24135164449877,34.605106353759766,0.02775464951992035,0.06162349507212639,-1.4677501860119048e-07,3.14829691802483,0.04292258478661272,0.7447821098734307,5.703880673363095e-06,1.8647243690418662e-08,3.148297279453032,0.0005810915771133393,0.04208628109632856,2699.0,-0.0029847712853052384,0.01847213026819874,-4.7299357967523745,2
209,0.877817076966876,-0.04810004789488656,-0.2919514094505991,0.015152514516379872,0.019297433496465274,0.02643433192614013,0.9758000373840332,0.14459997415542603,0.4017999768257141,26.333273451839176,1.4723432926620756,8.758094997789179,0.9269451763644058,0.013618526249700804,27.807036907979345,84.31331129166628,27.467658463414338,238.63636363636363,238.63636363636363,10,0.2564102564102564,0.10526652787301567,0.7474358974358974,0.12148530434528278,1.596870637234518e-06,0.4717856756004695,0.008236201114188836,0.13076987665868217,0.01745750568561908,1.6263265306122447,2.046938775510204,1.2924902754127983,0.7869668785734749,0.7945164506480558,20.34332275390625,19.0155029296875,96.58818410237629,13.573571428571428,8.586964150171266,8.89158703031994,9.34510730561756,4.266529809905036,5.050671616885141,34.59751510620117,0.029295163229107857,0.08246517181396484,-1.8281482514880952e-06,3.1819920603204164,0.04416894297758814,0.7950275874303482,5.9218633742559525e-06,4.6872081004257274e-08,3.1819921265668984,0.0005881845986781881,0.04335866862973222,2699.0,-0.0030089073604381935,0.01767739603999124,-4.7299357967523745,2
210,0.8752356765724364,-0.0440288765884581,-0.29906203812360765,0.016861429833178915,0.020251147864283538,0.034239510218579586,0.9758000373840332,0.14459997415542603,0.503000020980835,26.255811725769725,1.3525207238963672,8.971412572264672,0.9268701929250379,0.013875896311578505,27.804768442530797,85.9405251641161,26.573618043263874,238.63636363636363,238.63636363636363,7,0.175,0.10106238391299145,0.7294285714285713,0.11095908420380433,3.493051228654754e-05,0.5021962802393211,0.004444531963418726,0.10108772714206692,0.008850188936685651,1.9869047619047617,2.3544642857142857,1.2567903771728182,0.7916991020029295,0.8438882568575401,20.34332275390625,19.0155029296875,100.74034067789714,16.206160714285716,9.008389962927389,10.6732177734375,11.181653340657553,3.363538209505928,4.817549533918905,34.591068267822266,0.029110796749591827,0.08246517181396484,-3.506615048363095e-06,3.2147606931001333,0.02745190404532869,0.8319358159885709,1.6530354817708334e-06,-3.893907941800603e-08,3.214760616981077,0.0005764569033628938,0.0261147654150833,2684.0,-0.0029990855276422848,0.016044311630243484,-4.7299357967523745,2
211,0.8758591713110606,-0.038792428978851864,-0.2954326667047682,0.018031086586705516,0.019257248469420497,0.0395127692995034,0.9817999601364136,0.1096000075340271,0.503000020980835,26.274489996518408,1.2050111555201666,8.862641572569098,0.9262537241545745,0.015028646035996086,27.786280174960957,88.72846550672837,28.87127409504666,253.01204819277106,253.01204819277106,5,0.12195121951219512,0.08877166306465879,0.7102787456445994,0.11581005178650489,0.0004194303999999995,0.3271575602566709,0.00534079283838386,0.0945725812398723,0.0163248339246501,1.6192857142857142,2.0351020408163265,1.252922773434371,0.710582997674977,0.7956778981147212,11.884053548177082,12.18658447265625,84.53121919177828,13.440982142857143,7.4030818651236014,9.177636040581598,9.994172595796131,1.7977000529045961,1.6575390472948581,34.587589263916016,0.028198638930916786,0.08246517181396484,-2.1798270089285714e-07,3.221233617316586,0.019600752628152616,0.8319358159885709,2.361479259672619e-07,-1.3708896448515982e-07,3.2212344017607135,0.0005674701424919467,0.017671258739621228,2690.0,-0.002968955213674721,0.015954331528890985,-5.59267478537905,2
212,0.8824309714975811,-0.03999168603477024,-0.268131143002283,0.022830102301084575,0.024204124758721066,0.057084569524552826,1.0025999546051025,0.16100001335144043,0.503000020980835,26.47165471630437,1.2417908680013248,8.043576004334858,0.9253249573598171,0.017818216775228678,27.758419511654324,92.84494641555285,26.736384024220005,253.01204819277106,253.01204819277106,7,0.1590909090909091,0.08771042228551611,0.6714610389610389,0.0951697480797859,0.0001348252734693874,0.2930206415297668,0.007185349973419623,0.1496440355594592,0.02452165122534445,1.7514285714285713,2.3732142857142855,1.3942257012845694,1.1758704439777403,0.7379984951091046,21.964619954427082,22.38983154296875,112.81852155412946,11.57857142857143,7.975720537684235,11.925618489583332,11.648152669270834,4.347759650494023,5.227909664974711,34.57819747924805,0.032137613743543625,0.07090142369270325,-2.5576636904761904e-06,3.2315252712866074,0.021176860933595273,0.7924369808930751,-1.0899135044642857e-07,-4.691422914751136e-08,3.2315257878864334,0.0005565731407983386,0.01943893791901077,2703.0,-0.0029296112096875594,0.019284895309165682,-1.3226809004251228,2
213,0.8928435809952873,-0.045012219369411466,-0.22785680959905896,0.019672288577879005,0.026741397312468225,0.04494578300040816,1.0025999546051025,0.16100001335144043,0.3830000162124634,26.784028858457294,1.4153484381948198,6.8353122879777635,0.9240913466526032,0.017084888560435333,27.72139770916212,93.21932218741871,27.5329295935035,253.01204819277106,253.01204819277106,7,0.1590909090909091,0.05629099255147306,0.6729870129870129,0.11149798794403219,0.0022417326114119104,0.105666048224333,0.009994204648964021,0.11137422032183308,0.0945829319531847,3.286785714285714,2.704857142857143,2.013036435034277,1.1957723488206613,1.215142072462237,25.700785319010414,22.38983154296875,118.36237320672899,14.556233766233765,8.754760555446461,15.719553629557291,14.495951334635416,5.327989923014771,8.289082348035816,34.54612350463867,0.05102492868900299,0.08326104283332825,-2.2626604352678573e-06,3.2512875683142695,0.03439840473175338,0.5263327744855398,2.5612967354910712e-06,-3.9976129559951496e-08,3.2512882373363374,0.0005417457214946058,0.03339679015969997,2704.0,-0.0029163257967068533,0.0216324441790489,4.574381744069495,2
214,0.8805785430840084,-0.045567600389321644,-0.2595663333535194,0.03791946865232248,0.02552701837845337,0.10278880931450458,1.0025999546051025,0.16100001335144043,0.6322000026702881,26.416122149654797,1.422147438951901,7.78654514329774,0.9258283171828856,0.019147828820888856,27.773510225848938,83.80677223724854,12.51295902379308,103.96039603960395,103.96039603960395,10,0.25,0.17738492263914796,0.7366428571428572,0.1485283419665989,0.0002734230977092877,0.8599548533084853,0.004501441055059466,0.3917974066019031,0.005234508576515582,2.925142857142857,1.7894285714285714,1.954930678869119,0.669394243373234,1.6346798658789716,25.700785319010414,22.38983154296875,157.47741248721167,14.891758241758243,9.283022418848137,13.411478678385416,14.717529296875,5.406875160303857,7.414947105715149,34.51722717285156,0.040655460208654404,0.07248494029045105,-3.653390066964286e-06,3.299404831081565,0.05776694210283972,0.9034367114604912,8.337838309151785e-06,5.4432114870863475e-08,3.2994046203580694,0.0005328493686694341,0.05718696323512522,2701.0,-0.0028932272698230887,0.019533237776794454,4.574381744069495,2
215,0.8526291815553393,-0.04055341013556435,-0.34131000009321033,0.04521445398988096,0.021025615023232396,0.1276035108006449,1.0025999546051025,0.11739999055862427,0.6322000026702881,25.577649303844996,1.2714568724802562,10.238865431249142,0.9292884855088563,0.017481604130998384,27.877323226411974,81.04308500243938,11.803870073031774,103.96039603960395,103.96039603960395,8,0.21052631578947367,0.18116525445252854,0.76,0.14517924770255605,0.0001436084298209083,0.8540967363342195,0.003867537671141963,0.310943933355347,0.004528219704645428,3.2367857142857144,2.1804761904761905,1.549443407307598,1.2047396948828009,1.4844398340248963,18.155619303385414,25.9222412109375,133.0513949439639,13.943333333333333,8.052710392855428,12.191874186197918,14.177822536892362,8.026359836896187,5.224909754958748,34.50653076171875,0.032221049070358276,0.06479363143444061,-7.295154389880952e-07,3.342444664761825,0.05083380712082211,0.7809812809328486,6.775628952752976e-06,2.8322718150667154e-08,3.342444568128962,0.0005216234915590095,0.05019056337740084,2691.0,-0.0029218012614168672,0.0157174457106744,6.915732993402046,2
216,0.8230767729055314,-0.04090332449050177,-0.42995631439061394,0.03149664610140457,0.01625473500583716,0.08138192440950404,1.0025999546051025,0.11220002174377441,0.6322000026702881,24.691067901424,1.2566784481491362,12.898242574419294,0.9336059914044913,0.01581182770263602,28.006838586221058,77.26001458405231,9.70028743235954,93.95973154362416,93.95973154362416,10,0.2702702702702703,0.18601852369176186,0.7931274131274131,0.1385556404801422,4.5907538525615085e-05,1.2976922156469064,0.005762142636667368,1.509536216320975,0.0044402999164134685,2.882857142857143,2.5334285714285714,1.595435240127965,1.319644540884292,1.1379271455960303,18.155619303385414,25.9222412109375,128.1381865728469,11.296,7.360834408113897,14.28517659505208,15.122884114583334,9.026157655620043,4.373383857419576,34.52545166015625,0.03312680870294571,0.06517080962657928,3.211611793154762e-06,3.3679928009206126,0.03425029644690049,0.6999527330539478,4.5413062686011904e-06,5.8485523893439965e-08,3.3679923913436927,0.0005306901164616199,0.033309131296027104,2694.0,-0.002941813300231611,0.011849973658206538,-2.2546653997447867,2
217,0.8145386015063241,-0.045336790805771236,-0.4561142192199117,0.013105062387194324,0.010080862192874702,0.02263525586333552,0.9138000011444092,0.10579997301101685,0.5435999631881714,24.435001330886568,1.3621258659022195,13.682760433767523,0.9350219611407821,0.009401720810703956,28.049322697436967,76.92919912100267,7.127986373256363,89.93576017130621,89.93576017130621,9,0.24324324324324326,0.04869731585445517,0.786988416988417,0.07648567763990666,1.9720849645980736e-05,0.08106574618235739,0.004251869837334505,0.01719404087114506,0.05244964781758653,4.785714285714286,2.3442857142857143,2.9346256236563475,0.6882225949037524,2.0414381474710543,20.385843912760418,20.882059733072918,98.3157269432431,14.913174603174603,8.531765793997046,13.57317606608073,13.654310438368055,7.98882697363867,4.642442122140129,34.54502868652344,0.03260459378361702,0.06746844202280045,1.0957263764880952e-06,3.3735756533275665,0.016330341189587025,0.41013964766003075,-1.1444091796875e-06,1.559177766355955e-07,3.37357520511534,0.0005346600033216175,0.014263323781242506,2691.0,-0.0029977689748218834,0.011184233894352275,-5.810580989274182,2
218,0.8174185153700056,-0.04732601904585248,-0.4502808762192726,0.013667927700471792,0.008403153026339137,0.025791185929895953,0.9138000011444092,0.10579997301101685,0.5342000126838684,24.52140046111175,1.4212485711489404,13.507762286577906,0.9348842814323919,0.008924106002770792,28.045194628084978,74.53378396441832,6.606997648244222,86.41975308641976,86.41975308641976,9,0.25,0.04508883360048133,0.8115476190476191,0.0740513511538429,0.00017923198667221994,0.053490276346364066,0.004725592041687682,0.004786629115976114,0.08834487993833104,3.0295238095238095,1.86,1.6829680347218992,0.919163328516644,1.6287762416794673,10.6732177734375,17.560526529947914,91.34285423642113,18.564285714285713,7.698186693458852,5.618014865451389,6.816914876302082,6.314533528619929,3.648480266560204,34.56010818481445,0.02987545356154442,0.06320254504680634,-1.1683872767857142e-06,3.3678727526646797,0.014601610376938745,0.39006825886014107,-3.9963495163690477e-07,-3.267095747710522e-08,3.367873638958328,0.0005897772098675396,0.012318748551659604,2692.0,-0.003045949576712865,0.01110436382114831,-5.810580989274182,2
219,0.8232117907376516,-0.04251506653569993,-0.4366731999857085,0.02045600176146264,0.01449841951177787,0.03675157230579116,0.9242000579833984,0.10579997301101685,0.5989999771118164,24.695167436429433,1.2889737052151136,13.09958342811891,0.933795406998383,0.01319602174373335,28.01252397582916,77.69725062685188,8.796591865075717,93.95973154362416,93.95973154362416,11,0.2972972972972973,0.046111862409528456,0.7821621621621621,0.08815609533799872,3.0236532111620116e-05,0.04488582803778727,0.012392209416928207,0.005439739137402073,0.2760828965101365,2.166666666666667,2.0495238095238095,1.5127599381215406,1.1789865550769245,1.0571561338289965,19.89288330078125,21.626383463541668,113.92738618396578,17.448163265306125,8.194433782935043,9.602101643880209,10.939110649956598,7.921124441710262,5.72409122990959,34.56680679321289,0.028131188824772835,0.05625711753964424,1.826695033482143e-06,3.3835778400549565,0.03637058367949384,0.8660078882345307,3.832862490699405e-06,-4.11477542171038e-08,3.383578258411768,0.0006168383652870155,0.03555139433157462,2684.0,-0.003089275935009419,0.011601822357754869,-9.909709315427186,2
220,0.8208480385428383,-0.03885558124950954,-0.44126580947637556,0.020607284532280314,0.015488859440461918,0.03893681367732453,0.9242000579833984,0.10540002584457397,0.5989999771118164,24.62427701336997,1.1849541471685683,13.23731128432921,0.9338369220221132,0.012083735220217124,28.013766960011864,82.51360885980901,9.486793886191945,94.80812641083521,94.80812641083521,9,0.225,0.03929120840703137,0.7375,0.09043869837224165,0.0003391610828821318,0.0420502350182556,0.00754398329466952,0.005529523434946655,0.17940406971315123,1.0173214285714285,1.751607142857143,0.4532824937416545,1.0539927577637178,0.5807931491487409,29.52646891276042,21.626383463541668,103.86603662400017,17.01404761904762,7.093083681383655,10.650660196940105,10.78142801920573,7.198864104406939,9.13141585431185,34.56929397583008,0.028273843228816986,0.06548528373241425,2.2641136532738097e-06,3.395331052932096,0.038452633029827876,0.8660078882345307,2.9427664620535716e-06,-9.509709700639673e-08,3.395331389197239,0.0006544558023743172,0.03770558213599384,2680.0,-0.003111931978081029,0.012515968056042742,-3.6488837693974023,2
221,0.8278126380102975,-0.03341110517013641,-0.4248011712431908,0.022972293011010708,0.016185551040770477,0.04601530138148477,0.9242000579833984,0.10540002584457397,0.5989999771118164,24.833193140285356,1.0225460085698537,12.743448137300355,0.9325211309996236,0.012551780627983915,27.97430702788275,85.34133517869999,7.618959367076765,94.80812641083521,94.80812641083521,8,0.19047619047619047,0.03461226602927687,0.7092176870748299,0.06937469031332126,9.153412744689694e-05,0.03578932959264294,0.005274808081504966,0.009271325520105848,0.14738493683852869,1.205892857142857,1.6542857142857144,0.8327209633521437,0.6742952264981075,0.7289507772020725,29.52646891276042,21.626383463541668,109.15937180292038,12.553865546218486,6.9707830284654095,11.453475952148438,10.561363583519347,6.563041162825234,8.83331704375285,34.56155014038086,0.0313800647854805,0.07128448784351349,1.754034133184524e-06,3.422265583875889,0.032192353530368284,1.142843071224182,3.505888439360119e-06,-5.046919720903931e-08,3.4222656352465726,0.0006688645885184462,0.03124393285274576,2682.0,-0.0030982563946452698,0.013788238453671622,-5.022068711187443,2
222,0.8347752287501381,-0.02979244822547549,-0.408072818949109,0.02065719296298807,0.013275929250613558,0.04799044267625072,0.8941999673843384,0.08219999074935913,0.5446000099182129,25.04204914825303,0.9038921623996325,12.241635997039932,0.9311766787414182,0.008760339384241927,27.93397262388282,83.99091877859287,7.197802402421749,94.80812641083521,94.80812641083521,4,0.0975609756097561,0.028806178475586565,0.7197560975609757,0.06315490325997218,7.559133027905084e-06,0.02273497166135346,0.0029997105766432085,0.01664668841821209,0.13194256941794796,2.0576785714285712,2.010204081632653,1.3695049637234855,1.2012654718507858,1.0236167512690355,12.779235839843748,12.712300618489582,73.45288870675223,13.145294117647058,10.281574455930693,6.947301228841146,6.485435849144345,3.8020728921471383,3.7842234457726445,34.553775787353516,0.032016508281230927,0.07128448784351349,-1.826695033482143e-06,3.431932238543421,0.02073353446806947,1.1221891950810408,9.08261253720238e-07,7.93710742325288e-09,3.4319326695250902,0.0006817095296346524,0.01928633696822148,2665.0,-0.0031010464403573787,0.013761898072231086,-5.022068711187443,2
223,0.8440968859195709,-0.026548257805052256,-0.38741789518083847,0.012765633629973785,0.010499942812862461,0.03075007307327814,0.9101999998092651,0.07740002870559692,0.5041999816894531,25.321726434741702,0.8007094487547874,11.621928569717067,0.9297554853406088,0.00839660598459047,27.89133615047318,79.29983211250146,6.784551328793213,92.9203539823009,92.9203539823009,4,0.10526315789473684,0.03488298934143079,0.7621428571428572,0.06480637110476092,1.7197101207833338e-07,0.05133906427250715,0.0029514124673811343,0.0027874500623412553,0.05748862993908637,2.444,2.5025714285714287,1.2593507883680644,1.1447147046762527,0.9765955017696083,10.25543212890625,12.712300618489582,80.90650809151786,17.07404761904762,7.187178773261514,6.798909505208333,7.486165364583333,3.464244860179061,1.8281078808771785,34.5516242980957,0.030968694016337395,0.06552330404520035,-8.036295572916667e-07,3.461639704372104,0.03760413308744158,1.3348093702620911,3.7965320405505953e-06,5.8057477421295234e-08,3.4616396401214993,0.0006837609546113501,0.03681701146008938,2662.0,-0.0031060707023623877,0.01322848621409796,-5.022068711187443,2
224,0.8381844576313382,-0.027318943540255228,-0.4012860191833405,0.015110459577018199,0.008725373580981808,0.03568682491303769,0.9101999998092651,0.06099998950958252,0.5133999586105347,25.14434330037662,0.8228717342019081,12.037987004092761,0.9305099724146269,0.007692705958855034,27.913965149010213,76.6520528347039,6.3835921921718715,90.51724137931035,90.51724137931035,5,0.13513513513513514,0.040918452168809565,0.788069498069498,0.06404736269424241,4.80057042898793e-06,0.06454178739347709,0.0020479872129091424,0.003156556618181536,0.0317311821630171,1.8717142857142859,2.591666666666667,1.048678624337722,0.978715115160684,0.7222048690858981,12.674458821614582,12.5067138671875,78.24290379115513,13.876938775510204,8.792615571494542,7.70477294921875,7.249993218315972,3.136646772488139,2.7587203423297253,34.564640045166016,0.03298836946487427,0.07897929102182388,2.9209681919642856e-06,3.490134335876584,0.04510555571709385,0.5940249019319429,5.431402297247024e-06,1.1440503973320302e-07,3.490134138044735,0.0006415755495351683,0.044490440910810974,2657.0,-0.0030655997814743197,0.011951535311719554,-5.894046161901482,2
225,0.8266200865507126,-0.028215924552508764,-0.42824121922538394,0.014287125281886527,0.007717243813315143,0.030883882322023347,0.9101999998092651,0.06099998950958252,0.5212000012397766,24.79741431074483,0.8479148789388793,12.846646576779229,0.9320185705037111,0.006806170398816544,27.959228076963825,76.66895492005857,8.218142328730012,95.02262443438914,95.02262443438914,11,0.2972972972972973,0.054187986385182504,0.7913513513513514,0.08229736748910392,6.993055293627651e-05,0.08655305418890945,0.011840196336299815,0.008488641644244468,0.13679697900038945,2.3865714285714286,3.282857142857143,1.3997389260946091,0.5273131741891808,0.7269799825935596,15.0701904296875,12.513529459635418,86.80965677897136,14.596493506493506,8.828053348469707,10.37353515625,10.3314208984375,2.5515067138826835,3.1072979177775912,34.5804443359375,0.030677348375320435,0.07897929102182388,2.6303245907738096e-06,3.5134732680663365,0.030679894009139858,0.5910790346362585,2.5794619605654763e-06,-1.9683304731950038e-08,3.513473247287428,0.0006160786621524278,0.0297489125356262,2666.0,-0.003016359834102022,0.011304413933253184,-5.561036743629568,2
226,0.8160007533459437,-0.027523696192673273,-0.45123977162156786,0.010569093866499322,0.007027071013129197,0.02225189758546566,0.8567999601364136,0.05760002136230469,0.5257999897003174,24.478853457484927,0.8257563146948814,13.53657386294433,0.9331976192549122,0.005527263485602958,27.994604463525015,75.86962232764745,8.97495742639658,95.02262443438914,95.02262443438914,11,0.2972972972972973,0.05357354493174115,0.8015057915057914,0.09067495024464796,0.00010016333194502282,0.05394401463407949,0.017497500377095805,0.00853996819107393,0.32436407441654597,2.097142857142857,2.8965714285714284,1.547314460869647,0.7619891262816213,0.7240086802130598,15.0701904296875,12.513529459635418,73.58989664713542,15.950714285714286,8.662804362431872,8.279276529947918,7.857584635416667,3.527021665619856,4.132628536015977,34.59027862548828,0.028424788266420364,0.06508345901966095,-1.6072591145833333e-06,3.5283094269622763,0.026176122795203795,0.7493134916436995,1.1989048549107143e-06,-5.5000068052477454e-08,3.5283095034053837,0.000612005718273923,0.02513186106934186,2664.0,-0.0030344449975968405,0.010686259291991572,-3.6606105054910945,2
227,0.8100634490875971,-0.024954668022337412,-0.463315819135734,0.007914503910778959,0.006282538926396604,0.016388046182458666,0.8425999879837036,0.05460000038146973,0.5257999897003174,24.30074447265693,0.7489158985870225,13.898798002643245,0.9337188097408988,0.005190118153572961,28.010221640334063,73.56514618807087,8.808059276935024,95.02262443438914,95.02262443438914,12,0.34285714285714286,0.05739231264743048,0.8264489795918366,0.0911247320142729,2.812029387755113e-05,0.05234500450554761,0.024854026781958895,0.007827439174945742,0.4748118185628358,2.1785714285714284,2.6139285714285716,1.6978110156604471,0.639006223820733,0.8334471922393768,15.0701904296875,11.653951009114584,64.3479514712379,13.763,6.727210006339015,7.493769327799479,6.666844685872396,2.966495122024747,4.625767769871454,34.59455490112305,0.02827669307589531,0.06314703822135925,3.662109375e-07,3.5347593187701163,0.022507187665628724,0.7493134916436995,-1.3078962053571429e-06,-4.2789787957154274e-08,3.5347593273262663,0.0006353218103812493,0.021391211191662558,2667.0,-0.003122754303831514,0.01044822297133139,-8.727270993187968,2
228,0.806336982227507,-0.024536134873117718,-0.4708227238087427,0.0069677843751434175,0.0056575607045113085,0.014367155702424961,0.8425999879837036,0.04739999771118164,0.5257999897003174,24.188952181083817,0.7362986181463514,14.124003142842225,0.934193674252683,0.004953810496189499,28.024468209312346,70.88070673049634,5.706594882961778,85.02024291497976,85.02024291497976,7,0.20588235294117646,0.0446632420991266,0.8515966386554621,0.06366060660910651,2.048208979591832e-05,0.03050391761789598,0.00786882503015219,0.0015922483666925035,0.25796112908250585,2.347142857142857,2.871714285714286,1.479894921807571,0.8948183717198408,0.8173316087951447,8.131917317708334,7.741902669270834,50.14104926699684,16.88154761904762,9.636106322257703,6.028483072916667,5.773050944010418,1.2365241545656682,1.8387777480401628,34.59701156616211,0.027911003679037094,0.08124455064535141,4.3887183779761906e-07,3.5626457530052047,0.03210753040753042,0.8992452251481327,2.452305385044643e-06,-1.1965004356406745e-09,3.562645842476298,0.0006563636966388016,0.031339293295279534,2674.0,-0.0032286735939006626,0.01034467466649031,-8.727270993187968,2
229,0.803807134208225,-0.02509528732867468,-0.4759802951642445,0.00671931630313613,0.005572247036805554,0.013733674250776854,0.8365999460220337,0.04739999771118164,0.5325999855995178,24.113060740573065,0.7530666202732494,14.278732426379408,0.9346294657663515,0.00504960524606818,28.037546438835925,71.71131024648126,5.523821675206533,87.68267223382045,87.68267223382045,5,0.14705882352941177,0.037915702482524995,0.8413865546218489,0.06135473899294882,0.00035007173677634244,0.030294623495247988,0.0013481360755275486,0.0029874065088293534,0.04450083612159818,1.9452380952380954,2.2928571428571427,1.5463997394577544,0.8972880531580347,0.8483904465212878,8.131917317708334,7.741902669270834,49.874944414411274,17.752142857142857,7.5119245097145475,5.293002658420139,5.3001573350694455,1.5555716414680703,1.9229954239258946,34.6004524230957,0.027999797835946083,0.08124455064535141,1.8281482514880952e-06,3.5795803314379,0.03201434377470996,0.7339820903217462,2.652122860863095e-06,-2.920381968471377e-08,3.579580262740349,0.0006455364152355981,0.031237939986295874,2692.0,-0.0032548629682998724,0.010329807253120358,-10.225350301358455,2
230,0.8016495721113114,-0.02546442070461455,-0.4803735999862353,0.00641851021768087,0.005460718414420463,0.013176243734213812,0.8295999765396118,0.048200011253356934,0.5412000417709351,24.04834887760026,0.7639000496268272,14.410514713908945,0.9350219828975869,0.005271657047869972,28.049325907631978,76.45182001712118,6.665373781116348,87.68267223382045,87.68267223382045,5,0.13513513513513514,0.03592714345989963,0.7907722007722008,0.0685670804562506,0.00016779236917950833,0.03026585702061821,0.001083968738338787,0.014185574124183222,0.0358149031630047,1.2981632653061224,1.94125,0.866710114354293,0.5929248831781617,0.6687254425273007,10.08880615234375,8.5809326171875,52.260766674223404,16.351008403361345,8.253227412874365,5.135817754836309,5.356699625651042,2.07629803673644,2.3884565174327608,34.60660934448242,0.028992285951972008,0.08935995399951935,0.0,3.5925434178485456,0.022858468903885463,0.7339820903217462,4.5413062686011904e-06,6.265381323140736e-08,3.592543311232628,0.0006251785606362028,0.02162687691430458,2709.0,-0.0032152072638933116,0.01039267008490202,-11.3831785092702,2
231,0.8010177339258648,-0.02482294437431154,-0.4815296571964309,0.0067006046672662125,0.005720580141699877,0.013746722546649683,0.8289999961853027,0.048200011253356934,0.550599992275238,24.029373874919756,0.7446754742094449,14.44520671589034,0.9350688540163316,0.00540676985581468,28.050720461883976,79.49568547549515,5.149577251593572,87.68267223382045,87.68267223382045,5,0.13157894736842105,0.034259964590541744,0.7580075187969924,0.05025129062867866,1.1092977925864256e-05,0.025553463785940922,0.0015091995276313675,0.015708174546391927,0.05906046789874738,1.4894642857142857,1.7258928571428571,1.019914446567126,0.6519188464816454,0.863010863942059,10.08880615234375,8.5809326171875,55.17575044177827,15.178968253968254,8.708423031866333,5.128771464029949,5.123481750488281,2.4379358376167644,2.605632976857811,34.61369705200195,0.028850805014371872,0.07667547464370728,1.4619373139880951e-06,3.603248710626875,0.027349035002009924,0.5376127015813638,2.7792794363839284e-06,4.1354360483846915e-08,3.603248840278684,0.0006468392961060808,0.02632105621678211,2711.0,-0.003212421577627628,0.010419480075867538,-11.3831785092702,2
232,0.8009146006845292,-0.024707648918742227,-0.48173037146102815,0.006805226658735165,0.005895017116330867,0.014081349121029315,0.829200029373169,0.0493999719619751,0.550599992275238,24.026296020490783,0.7412171819806099,14.451218572429248,0.9350871639479892,0.005491706673182324,28.051278764047588,79.9111109011362,5.764847558781919,91.1062906724512,91.1062906724512,6,0.15384615384615385,0.036208609096698374,0.7548717948717949,0.056189592668956866,0.00025620902224073196,0.020286992292158922,0.006946766738516963,0.006721298275136128,0.3424246748100723,1.49,1.5889285714285715,0.9564835445396104,0.35959994069373646,0.9377388177118453,10.08880615234375,8.5809326171875,58.679815673828124,15.757218045112781,8.154107404008627,4.988414623119213,5.015665690104167,2.6160135629405397,2.6652287059652,34.61919403076172,0.028356976807117462,0.07782797515392303,2.2641136532738097e-06,3.622894991886547,0.03974761577849788,0.6477349946069512,3.505888439360119e-06,-2.78094292042843e-08,3.622894859954349,0.0006821325884755255,0.0390339430995255,2704.0,-0.003207780946908034,0.01047111321569213,-10.363001712725238,2
233,0.8012099434875307,-0.025311477130367643,-0.48094629514217374,0.007001341525763588,0.006208520123829731,0.014168696509078817,0.829200029373169,0.050999999046325684,0.550599992275238,24.035159590329442,0.7593960282206536,14.427688997132437,0.9349582710206428,0.005360144115701786,28.047410752883348,79.46383095333898,6.393361295570174,92.3076923076923,92.3076923076923,5,0.1282051282051282,0.0338426890882817,0.7599267399267399,0.06074623052561826,7.623784489795907e-05,0.02517479906541125,0.004524917349761156,0.0019788570083008952,0.1797399589170162,1.1488095238095237,1.8851020408163266,0.2579740754082984,0.44221471318968203,0.6094150337411136,7.13623046875,7.173258463541666,61.16057608468192,13.66847619047619,7.2379475323274916,4.789988199869791,5.455249604724702,2.0025438970111407,1.8023517080787461,34.62218475341797,0.028598973527550697,0.06933198869228363,-5.129859561011905e-07,3.64964777024313,0.031176869047153492,0.5520579210370905,4.559471493675595e-06,-1.8783363223649223e-09,3.6496478938057524,0.0007116576990820419,0.03028167664552773,2691.0,-0.003249433277777323,0.010488899953067198,-11.306276181001207,2
234,0.8017555912506013,-0.026837305551483517,-0.480066437968186,0.0067666378549495355,0.006205743116479058,0.013693060135223301,0.829200029373169,0.050999999046325684,0.5446000099182129,24.051514451759203,0.805154880625861,14.40131642477853,0.9350074277934814,0.0053816760121153185,28.04888502885072,78.12519653854918,7.627462071920696,92.3076923076923,92.3076923076923,9,0.23684210526315788,0.04719956808911738,0.7754511278195488,0.0767889789571122,3.169000649729264e-05,0.06994471690706877,0.0034821784200362613,0.019046102828149957,0.04978472390792312,2.488,2.124047619047619,1.722392877507857,0.3010383579720723,1.1713485035309943,9.50286865234375,10.219930013020832,60.77770313081287,13.523846153846154,8.825179749386661,6.56390380859375,5.793406168619792,2.7832192759141283,2.2399420519320414,34.62754821777344,0.029386283829808235,0.0716346800327301,1.4677501860119048e-07,3.6725187158591406,0.03428108392440562,0.635694014103666,4.6502976190476195e-06,5.973176916529441e-08,3.672518390169867,0.0007001004736523487,0.03346644738997714,2694.0,-0.0032492371026881903,0.010491043944920533,-10.089968528306379,2
235,0.8019294104235513,-0.028500657697518667,-0.4798055142107464,0.0065344705866600405,0.006307567714991688,0.013167667079943312,0.8289999961853027,0.0559999942779541,0.5446000099182129,24.056746027043886,0.8550434450166566,14.393469997772149,0.9350644637018767,0.005169057271068533,28.05060065586131,77.87918385370159,6.561228815162331,92.3076923076923,92.3076923076923,6,0.15789473684210525,0.04215774228321639,0.776015037593985,0.06681101639218895,9.443079783423592e-05,0.058001880363012195,0.007000260260050342,0.008278334651658186,0.12069022963114845,2.3195238095238095,2.109047619047619,1.624873970343895,0.5051824393742861,1.099796793858659,9.50286865234375,10.219930013020832,58.70099051339286,17.385,8.386315674816185,6.088053385416667,6.583082411024306,2.456293040208989,2.1828611750990743,34.637046813964844,0.03050817735493183,0.07311026751995087,1.3166155133928571e-06,3.686350985065164,0.02938063130977506,0.635694014103666,-1.8165225074404764e-08,-1.6730594278521333e-08,3.6863510747592563,0.0007102596050825214,0.02844221882881027,2696.0,-0.003229580358757098,0.010529552935220208,-10.382656678675135,2
236,0.8031657342683701,-0.03092109545639583,-0.477793600051176,0.006487338752063174,0.006440860142418731,0.01327618842430169,0.8289999961853027,0.0559999942779541,0.5401999950408936,24.09381631374359,0.9275945779681206,14.333138858675957,0.9351751904249194,0.005022522592123741,28.053919605401305,75.82536874399497,7.364192585120645,93.75,93.75,6,0.16666666666666666,0.04418355563918869,0.7984920634920634,0.07462600967646466,2.994993152852959e-05,0.05539741429435537,0.004686393506932427,0.004608564630933576,0.08459588893501731,1.8457142857142856,1.9685714285714286,0.8869507498463831,0.6285881259377804,0.9375907111756168,9.063720703125,11.573689778645834,62.5548559279669,15.339642857142858,8.081388284641621,6.305222284226191,6.127203078497025,3.055981686088552,2.0456144314657223,34.6479377746582,0.030548742040991783,0.07311026751995087,3.4383138020833333e-06,3.688992773270097,0.027471623361832162,0.760659479897099,-1.0172526041666667e-06,-9.6057725372944e-09,3.688993142845419,0.0007234785957542267,0.026446397899143853,2704.0,-0.0032078855736222384,0.01035717762061386,-10.382656678675135,2
237,0.8028394677071344,-0.0314939716344788,-0.47839959997222536,0.006921623626603138,0.005980185911839426,0.013942549985735702,0.8289999961853027,0.06040000915527344,0.5401999950408936,24.08403974550111,0.9447827204636166,14.351299142028605,0.9352347938562071,0.00481715363929662,28.05570768037711,75.67655768756133,7.303852873293348,93.75,93.75,8,0.2222222222222222,0.04862841794743039,0.7999603174603176,0.07419216187270682,4.006533277800884e-06,0.07300785560164551,0.0032433989088232348,0.009146222264315291,0.04442534138408706,1.687142857142857,1.7830357142857143,0.658027355054484,0.5715716059824054,0.9462193289934901,13.023885091145834,11.573689778645834,74.59975091843378,14.945798319327732,8.768440112685099,6.015247163318452,6.440099080403646,3.5612935529601217,3.833386264049845,34.65721893310547,0.02989707700908184,0.09240320324897766,-2.194359188988095e-06,3.719697008359535,0.06156220013103735,1.031248552093331,-3.4513927641369047e-07,-4.8445513547538514e-09,3.7196973608651005,0.0007330056860015548,0.06110218743317943,2707.0,-0.0031908096219748464,0.01041682873985583,-12.08038801327876,2
238,0.8045068679026195,-0.029300428887208303,-0.47490333326657613,0.007297277050034093,0.008196099878729126,0.01485109434728018,0.8314000368118286,0.06040000915527344,0.5320000052452087,24.134051322766712,0.880288438626698,14.24642985514232,0.9348469212391144,0.005020631612629247,28.04407151369579,75.23318403341598,6.290057817962547,92.3076923076923,92.3076923076923,8,0.2222222222222222,0.04851917958057423,0.8030158730158731,0.06615516168056433,1.684683648479792e-05,0.05936554702460469,0.0028588931367966026,0.007099577142876085,0.04815744619706281,1.5289795918367346,1.9128571428571428,0.7278518712775851,0.818364293342565,0.7993171876667022,13.023885091145834,10.574544270833334,82.17126849946521,16.552410714285713,7.8577567084682025,5.918055943080357,5.976882207961309,2.994294071633315,3.9284347995880697,34.66461181640625,0.029796579852700233,0.08510890603065491,-1.4619373139880951e-06,3.7166574751613854,0.06303542473997771,1.031248552093331,1.1262439546130953e-06,-9.119191812489057e-08,3.716658048113362,0.0006992673711472673,0.06256868553079638,2728.0,-0.003237911260875598,0.010642824651384329,-13.198125954766562,2
239,0.8031460960706075,-0.027573200640224275,-0.4772271427739234,0.008185695811141015,0.007867101106185194,0.01607680852783386,0.8322000503540039,0.06040000915527344,0.538599967956543,24.093224739262038,0.8284874482239996,14.316140711775848,0.9348315467427788,0.005197952465955374,28.04360578484689,76.20725032464617,6.667183244108482,85.71428571428572,85.71428571428572,11,0.2972972972972973,0.049796638595586966,0.7937451737451737,0.0736850914558147,7.703823673469371e-05,0.07066097320454617,0.011888845302557578,0.010574350191605335,0.16825193262116966,1.2833333333333334,1.99,0.5048261414651345,0.8596934839216684,0.644891122278057,12.186686197916664,17.216288248697918,101.84397394089473,14.170476190476192,7.224676132216551,6.1297607421875,8.03068615141369,4.540565852401556,3.4101199131399214,34.66883087158203,0.029704608023166656,0.08510890603065491,9.489513578869048e-07,3.7447176878295974,0.05557944345927303,0.7399701513276211,3.215244838169643e-06,5.287800117265436e-08,3.74471761867598,0.0006855327312835015,0.05506514980977509,2726.0,-0.0032202990973179105,0.010815578972006542,-9.384427503935877,2
240,0.8015692670856204,-0.028379809896151225,-0.4803261808753014,0.008455991066349823,0.008176479984863422,0.01674423434270874,0.8322000503540039,0.05419999361038208,0.5399999618530273,24.045932869740895,0.8526824401531901,14.409098283393043,0.935105740057844,0.005284551506538029,28.051835977647873,76.24734678969772,5.700551631648013,85.71428571428572,85.71428571428572,9,0.24324324324324326,0.04480304593629844,0.7915057915057916,0.061770125197377734,4.746928779674946e-07,0.06594929358943386,0.006708226268491034,0.004802424891564801,0.10171793969853532,1.6630952380952382,2.3307142857142855,0.713327651131288,1.1757009054379515,0.713556032281132,17.351888020833336,17.216288248697918,93.23657778785342,12.966734693877552,8.335952227661672,8.621080186631945,8.745032416449652,5.089646436790489,5.094120823546432,34.67433547973633,0.029752083122730255,0.07002224773168564,4.390171595982143e-06,3.7288655054511914,0.03519287812360927,0.5664301668649692,1.7256963820684524e-06,-2.913303775622246e-08,3.728865245825593,0.0006677046150492908,0.034375902455436924,2728.0,-0.0032400844449185454,0.010646361320366126,-9.384427503935877,2
241,0.799673495286987,-0.03195358115150815,-0.4843422855819975,0.007875999465379396,0.006861645235189505,0.01540388533047806,0.8442000150680542,0.06199997663497925,0.5399999618530273,23.989043287209103,0.958591577240399,14.529612138867378,0.9356286243304054,0.005625884418103562,28.06752406002415,76.2663463471944,7.11991069924739,98.82352941176471,98.82352941176471,12,0.32432432432432434,0.05010759398590886,0.7933590733590734,0.07188289199625149,7.669469987505228e-05,0.05821680595239047,0.007423538885622744,0.010159282994493361,0.1275153929209667,1.6992857142857143,2.7183333333333333,0.5882585564628029,0.7309826657290663,0.6251204344398704,17.351888020833336,17.216288248697918,100.328929574149,15.534081632653061,9.25769881892404,8.595208062065973,9.209035237630209,4.424787112373189,4.298598719077899,34.68019485473633,0.030367769300937653,0.0788438469171524,3.3656529017857145e-06,3.7615260421239243,0.03035883599817697,0.7583165334510649,8.555821010044643e-06,8.474048517812905e-08,3.7615258368393,0.0006816672241659995,0.029393544917625528,2711.0,-0.003199990616146255,0.010460811662592594,-9.384427503935877,2
242,0.8001433624710356,-0.03454051434993744,-0.48374540937798366,0.007268304145024426,0.006189514599615112,0.014713629823130965,0.8442000150680542,0.06300002336502075,0.5399999618530273,24.003159445524215,1.0361657161797797,14.511653138484274,0.935793740070044,0.00545655722050809,28.072467418195092,76.88223024588164,8.430792638335374,103.7037037037037,103.7037037037037,9,0.24324324324324326,0.044523172900974475,0.7887644787644785,0.0768284470565926,0.0001573847057059556,0.030484838192953244,0.012965900771967444,0.007930541018546247,0.42532293233442814,1.756857142857143,2.467714285714286,0.5150941265280293,0.6428003784462267,0.7119370151673035,16.429951985677082,31.07594807942708,106.48409431094217,13.85021978021978,8.171101389095618,8.742533365885416,11.2432861328125,9.97219138206075,4.306091514636744,34.68936538696289,0.03028738871216774,0.07113044708967209,-7.309686569940476e-07,3.789413420905738,0.04958576552545642,1.1898163622098554,1.3805571056547619e-06,-6.561134421254516e-08,3.789413928955782,0.00070043864050338,0.048960893913845484,2708.0,-0.0032231196591549958,0.010090015706811156,-6.044794747674306,2
243,0.7985603341942742,-0.03461754302183787,-0.4865442761324701,0.009668854182268144,0.006375434758738978,0.018297023116127284,0.8442000150680542,0.06300002336502075,0.5645999908447266,23.955669740097864,1.0384812906810215,14.59562971255609,0.9359807637965787,0.005589099914553527,28.07808479246423,77.763953732429,10.292145642951255,103.7037037037037,103.7037037037037,14,0.3783783783783784,0.05913204410009671,0.7845559845559844,0.09913850526084415,5.713075551853354e-06,0.059557734944619106,0.02577975016253452,0.050821034135351016,0.4328530993750235,3.177714285714286,3.057714285714286,2.0782588081058115,1.3124641413954818,1.0392450009344048,22.25311279296875,31.07594807942708,115.90949089413598,14.486309523809522,9.002118107867979,14.763326009114582,11.813456217447916,9.730304106237359,7.079022161026453,34.69681167602539,0.029484175145626068,0.0699811577796936,2.9209681919642856e-07,3.8122336516283357,0.03854338161364801,1.1898163622098554,4.377819242931547e-06,5.473280910880205e-08,3.812233355793293,0.0007211524364689436,0.03776513653342099,2687.0,-0.003198844081736435,0.010077608305564907,-6.044794747674306,2
244,0.7984112295593534,-0.03211260993423916,-0.48657435232684726,0.010345435784675233,0.007117241906485885,0.018787709375431345,0.8422000408172607,0.06300002336502075,0.5645999908447266,23.951180601119994,0.963336869435651,14.59655585552965,0.9358040990108099,0.0052593742622242794,28.072783561508082,75.90622638700357,9.745971723053685,94.38202247191012,94.38202247191012,15,0.40540540540540543,0.0633033405530077,0.803166023166023,0.09953789264531793,0.0004254706032486462,0.07463962707066749,0.020929359891960937,0.012311167172163923,0.28040547244623004,4.306071428571428,3.5642857142857145,1.811420790598431,1.1482245389455559,1.2081162324649297,22.25311279296875,13.662312825520834,112.5331045968192,16.642857142857142,8.796058191210083,17.593536376953125,11.273030598958332,2.5058100664060063,4.556072859192908,34.70066452026367,0.02903628721833229,0.05616041272878647,2.9209681919642856e-07,3.835617177322146,0.04256756364081825,1.3968104692671903,1.52587890625e-06,5.2177061759822654e-08,3.835617235137066,0.0007294705077880324,0.04191436150246499,2677.0,-0.0032039642515627976,0.010130458303566379,-9.098137859739369,2
245,0.8053207816964104,-0.032465857678935645,-0.4717289428228424,0.023039107945388212,0.017467812160465453,0.04254146770347783,0.9487999677658081,0.11299997568130493,0.7093999981880188,24.15846459371703,0.9856671608771597,14.151188570388726,0.9352162163871548,0.01183718214593123,28.055140729401582,80.68357063856861,13.151092318692017,105.52763819095476,105.52763819095476,17,0.4473684210526316,0.06360558277349462,0.7630451127819549,0.12022498201272656,6.995485214493967e-06,0.08801697263078553,0.01883647000701917,0.023188026241684225,0.21400951934616727,2.449642857142857,3.005,1.3547879474859013,0.7163950996311395,0.815188970763014,33.9501953125,18.564249674479168,148.99871768043155,14.632207792207792,8.064008895520049,17.053298950195312,14.608662923177082,2.3093765922204517,10.249035633017657,34.69731140136719,0.029764734208583832,0.061928845942020416,1.3180687313988095e-06,3.8428836479385002,0.04399566175168647,1.1973226082041672,5.812872023809524e-07,-1.2026909069455443e-07,3.8428841701235257,0.0007174357565701736,0.04338377718026842,2662.0,-0.003199197196896874,0.01312848928120594,3.572630314130016,2
246,0.8110092200040817,-0.03350808619885218,-0.46114329519725983,0.020625554098303772,0.017734499079589235,0.03807027180798388,0.9487999677658081,0.11299997568130493,0.7093999981880188,24.32912374300616,1.0169437307545117,13.833625855914184,0.9346425432866569,0.012019704296495745,28.037939537017643,85.9677224294121,12.027152489107472,105.52763819095476,105.52763819095476,13,0.30952380952380953,0.05042526960595501,0.7124829931972789,0.10493047331313768,0.0002787400609745935,0.06807424865734638,0.01573616472798947,0.018390541110608286,0.23116178346966257,2.3425,2.734047619047619,1.0880109050886562,0.8454875889322971,0.8567882957415309,33.9501953125,30.9735107421875,152.750367300851,16.491666666666667,8.626426034794877,18.352813720703125,16.518639458550346,6.9986269728977355,9.972941320546896,34.68356704711914,0.03410210832953453,0.07966775447130203,-6.873721168154762e-06,3.8484690251915086,0.039148066210662344,1.1973226082041672,-1.8528529575892857e-06,-6.892417010270219e-08,3.8484692887949663,0.00070862710685147,0.03844323919457343,2670.0,-0.003133903588063887,0.014060827852585611,3.572630314130016,2
247,0.8119517533722378,-0.03733661941119603,-0.45971305725404193,0.019776764214506783,0.0172186942647558,0.03700149182786248,0.9487999677658081,0.11299997568130493,0.7093999981880188,24.35740317259516,1.1318041556647847,13.790705146193504,0.9348292604792438,0.012113461415400668,28.043538007731602,88.37341006556633,9.289514253301547,105.52763819095476,105.52763819095476,9,0.21428571428571427,0.03954381481589916,0.6864625850340136,0.07199316867443754,1.0246397334445264e-08,0.053295526932197156,0.009169849207826767,0.03682227197184555,0.172056638439708,1.9892857142857143,2.090952380952381,1.0401117646643543,0.883178654150672,0.9513778182646322,33.9501953125,30.9735107421875,149.0721677507673,16.776938775510203,7.838736024745272,13.609178331163195,12.009853786892362,9.202290383223508,10.634801537438902,34.666473388671875,0.03402727469801903,0.07505473494529724,-2.1958124069940475e-06,3.8430640200343418,0.029276489598950628,1.153027674126106,-1.961844308035714e-06,3.913369632186769e-08,3.8430638178650187,0.000704169772056394,0.028308723959562423,2683.0,-0.0031050941863631494,0.01435628463912381,3.572630314130016,2
248,0.8055117153667268,-0.036995485930215746,-0.473750314394633,0.00720335155909243,0.006707217305230312,0.015592366948330967,0.8392000198364258,0.0658000111579895,0.5426000356674194,24.1641796038832,1.1098005778874669,14.211854289003782,0.9353943050935496,0.005885652431394761,28.060484885971153,83.86752451072326,9.126372510650828,101.44927536231884,101.44927536231884,7,0.175,0.03958312332974671,0.7243214285714286,0.08282849720343592,0.0004210368986255727,0.07569257685679784,0.0008223099429663858,0.03846415123809594,0.010863812240427581,1.9080952380952383,1.979795918367347,0.8395920076019214,0.6970648285922252,0.9637838023571453,12.708231608072918,13.9642333984375,78.50890655517578,14.290666666666667,8.230324034035078,7.301890055338542,8.020208449590774,3.568226842982606,3.2300910156284597,34.65391540527344,0.029907701537013054,0.0700581967830658,-2.4879092261904763e-06,3.8416002450752904,0.02628187456125055,0.48563046861001813,5.049932570684524e-06,5.1282960223950373e-08,3.8416000086915014,0.0007056866096543777,0.025271998661252723,2697.0,-0.0031175556639694985,0.01240122643113845,-3.3984671113168323,2
249,0.8033450676202774,-0.037145371783347356,-0.4779134953334218,0.008189578608775304,0.006681008965055284,0.01582564381311079,0.840999960899353,0.06480002403259277,0.5852000117301941,24.09919431430953,1.1143025820595878,14.336746860018799,0.9356679966526303,0.005651677387545856,28.068706476575663,76.82539245146559,9.609268788033937,94.17040358744394,94.17040358744394,9,0.25,0.06000145770823991,0.7937301587301586,0.10264819925002025,0.0006385832143273629,0.09397975401217792,0.012908963640942024,0.0094154904890161,0.13735898520514617,1.9495238095238097,1.875952380952381,0.7961231174514338,0.7952304319562331,1.0392181748952913,11.45263671875,9.967041015625,83.11868010021392,14.436734693877552,8.259972653096632,6.373155381944444,5.5796644422743045,3.3947176886492803,3.043534543246398,34.649295806884766,0.029252177104353905,0.06925084441900253,4.824683779761905e-06,3.86722666962613,0.03473636181329813,0.6821231735468137,4.6502976190476195e-06,3.449586216496607e-08,3.8672266484367968,0.0007164218500367069,0.03396711146593588,2702.0,-0.0031995372337180372,0.011902162278761624,-9.883007935427033,2
250,0.8017421816019785,-0.03710001919099263,-0.4810785430925233,0.008084063363668879,0.0063807857509176145,0.01510734378025941,0.840999960899353,0.061399996280670166,0.5852000117301941,24.05113259085587,1.112942290008068,14.43164486421006,0.9359010544009772,0.005197742048010211,28.075692395506728,72.0209588010871,9.056910601835266,94.17040358744394,94.17040358744394,9,0.2571428571428571,0.06019426334573664,0.8454285714285714,0.09899188646553733,1.62622907122032e-05,0.07265280963335038,0.02208425697123194,0.004882704948249287,0.30396975812335864,2.3276190476190477,2.0634285714285716,1.106101097182445,1.0852666746482362,1.1280347087602696,11.45263671875,18.731587727864586,71.57835155668712,14.706813186813186,8.310377449954077,6.543986002604167,7.238545735677084,6.582195523743557,3.733399681588315,34.64999008178711,0.02919667586684227,0.07002533227205276,-1.453218005952381e-07,3.9093963577999262,0.08330771711983141,1.2468645391974753,1.2152535574776785e-05,-8.408861265241016e-08,3.909396459033025,0.0007204432420233611,0.08300211048971241,2678.0,-0.0032264045020363613,0.0119036808610277,-9.269933113606987,2
251,0.8122797339586985,-0.04112330508515948,-0.3586847526516233,0.053996180919583775,0.0365171394566075,0.27959146888074987,1.2237999439239502,0.2853999733924866,0.8264000415802002,24.367214161583355,1.425801437156541,12.792224434699332,0.9332215366372506,0.04077114495810451,27.995377107602764,78.09695630034292,29.85482841575459,241.3793103448276,241.3793103448276,9,0.25,0.12257609048743427,0.8177380952380953,0.14479807466366346,0.0003210093820907962,0.558252234811862,0.014493803521080392,0.2194065649447131,0.025962822210581896,2.1126190476190474,2.2326190476190475,1.0970245523600304,1.0410242917260475,0.9462514663538445,27.759908040364582,18.731587727864586,114.46194240025112,15.9734693877551,8.861635722134116,10.063832600911459,8.208380805121529,6.818718207600608,8.72448281209901,34.65303039550781,0.03013783134520054,0.07195097208023071,5.841936383928571e-07,3.982903999258499,0.10207013959418951,1.2468645391974753,9.791056315104167e-06,-6.62500736883048e-08,3.9829040515967677,0.0007056588463417296,0.10182376896141986,2665.0,-0.003223248262824538,0.016376127309891953,-4.136180136925717,0
252,0.8504015815428325,-0.034739619164239795,-0.20685008607024238,0.09914090544566824,0.07619547168815181,0.30160565995642324,1.4407999515533447,0.3208000063896179,0.8264000415802002,25.510750874876976,2.048100289659841,8.817015152105263,0.9312904523452408,0.08046978106225339,27.93728425278228,89.76157868960584,29.196517907806193,241.3793103448276,241.3793103448276,5,0.12195121951219512,0.1062728966925649,0.7136236933797909,0.15694701054040022,0.0010359464783007068,0.4041598807541887,0.0036130367454980396,0.1590028379989682,0.008939622455241915,2.1292857142857144,1.6112244897959185,1.7482100175053692,0.8757069376032318,1.3215326155794807,39.766438802083336,32.333984375,145.69146074567522,17.623809523809523,8.628613883528478,14.172337849934896,10.505283900669644,10.089044207109882,14.786653297548998,34.63507080078125,0.04273075610399246,0.08393685519695282,-4.093715122767857e-06,4.029394679907123,0.08653496754488191,0.9151498112135028,5.104428245907738e-06,9.681925126524608e-08,4.02939391954907,0.0006704047423916642,0.08624419798813338,2680.0,-0.0030792404893386772,0.019660253782473356,-3.767748665578463,0
253,0.8850534008911678,-0.037204238292716796,-0.0501983811826933,0.11057729616345144,0.08860195233153523,0.24530963432970979,1.9667999744415283,0.35019999742507935,0.8264000415802002,26.55037902678762,2.263593143735613,5.219944858806474,0.9261784248342779,0.09834399676430458,27.784013044082105,95.20533167756948,25.7299581557652,241.3793103448276,241.3793103448276,6,0.13636363636363635,0.10358202489041557,0.6583116883116884,0.1186747604537869,0.00019485880882965417,0.3650579998277037,0.0027617909490865707,0.2142909202388249,0.007565348384065141,2.4216326530612244,1.4512244897959183,1.7974285857949692,0.7588050405380967,1.6686823231612995,43.20902506510417,57.583719889322914,238.55408499581472,14.320357142857143,7.462062732890406,21.42690022786459,20.791102818080358,17.27985143565856,16.849517139962707,34.60719299316406,0.04953533038496971,0.09861139953136444,-6.356375558035715e-06,4.042659240202429,0.042711260316382706,0.5822809495021484,-4.450480143229167e-06,-2.1391582453308587e-08,4.042659385965696,0.0006453995971408785,0.04212316596346078,2695.0,-0.003034473333998604,0.025341319774586757,-0.7326458925697045,0
254,0.9111762579055059,-0.05045643824338913,-0.0293404193179948,0.09199569775823686,0.0856641333697489,0.11575706915264536,1.9667999744415283,0.35019999742507935,0.5521999597549438,27.33404173714774,2.4689982862131936,2.8742088623557773,0.9245245236480536,0.09002522824636823,27.734478671930056,93.39788430791391,9.298357938873467,110.81794195250659,110.81794195250659,3,0.06666666666666667,0.02548144947135877,0.6488253968253967,0.0647537031843716,4.3291028738025824e-05,0.021790266483105957,0.0011087005638831834,0.007284467687150282,0.05088054176587338,1.530408163265306,1.4075,1.0855608683995643,0.7660346311508698,1.0873237394424908,43.20902506510417,57.583719889322914,209.52127939860026,14.447698412698413,8.326333933141761,15.076671781994047,15.382308959960938,16.78961616764816,15.630726488080706,34.597312927246094,0.04150178283452988,0.09092475473880768,-2.9209681919642856e-07,4.025084604212718,0.026669322344263054,0.4373345499812983,-4.3051583426339285e-06,2.2623385290782328e-08,4.025084723189748,0.0006325022783671729,0.025735941176764334,2700.0,-0.0029300929285175407,0.027363852447286837,-0.7326458925697045,0
255,0.9077930193117687,-0.07836652414855502,0.017783885433560326,0.06087542104154526,0.05206065366414154,0.12458387379261264,1.9667999744415283,0.35019999742507935,0.5521999597549438,27.232421722156662,2.492091433235577,3.2539794263669424,0.9215213956221534,0.057282913387087624,27.644227878889268,84.73981729303812,8.466912039112618,99.7624703087886,99.7624703087886,5,0.12195121951219512,0.032779411158810765,0.7154355400696865,0.0742798305846006,0.00017958187821740958,0.027435961255078283,0.004680743184244071,0.005250718932643496,0.17060613042590897,2.8569047619047616,1.792857142857143,2.1520422853030623,0.6836200161863404,1.593492695883134,34.127909342447914,57.583719889322914,169.57244168236141,14.134285714285713,7.004226532955709,13.277113172743055,19.034606933593746,19.879084300370323,10.134421686089702,34.630130767822266,0.059869181364774704,0.10359767079353333,7.606143043154762e-06,4.0091216737307525,0.026229499387527565,0.4689521693910188,-1.6348702566964286e-07,-1.0058072653392925e-07,4.009121844822478,0.0006388911590362908,0.025352846613987148,2686.0,-0.0029742475816348776,0.027957115928736023,-0.7326458925697045,0
256,0.9100228569904963,-0.09835473364307767,0.057722723713942936,0.009702852703470386,0.015178456963199928,0.0888471795243158,0.9842000007629395,0.1462000012397766,0.29339998960494995,27.299379709703583,2.9504940092989376,2.998083429975169,0.9215617497666084,0.009458345045734893,27.645534611512392,84.17689860350099,32.22482551067994,272.72727272727275,272.72727272727275,9,0.23076923076923078,0.1261920603295848,0.7561172161172162,0.1312265323637982,0.00010068688979591809,0.5303479712267627,0.014802601748741904,0.16747030898555135,0.02791111223542836,3.345238095238095,1.5532142857142857,2.57032961525672,0.5721748475094383,2.153751820341841,14.469706217447916,11.689453125,102.98696899414062,9.847142857142858,8.246723323734784,9.98960706922743,7.778167724609375,3.4935698705707634,4.432916136429587,34.68722152709961,0.05524576082825661,0.09616326540708542,1.0746547154017857e-05,4.012032130985997,0.023964210154557682,0.527683970902153,-1.2534005301339286e-06,-4.332949164772875e-08,4.012032091029072,0.0006176788420268699,0.02296204495498552,2685.0,-0.002962843269786632,0.025733872914902492,2.6304720344791543,0
257,0.9086174474330175,-0.10608086697544371,0.10589096196492513,0.005069941263078127,0.010545080552229207,0.021220083687203347,0.9398000240325928,0.14420002698898315,0.22440004348754883,27.257230280126844,3.1822755806786676,3.1765900017533983,0.9211942394591841,0.006330885481730604,27.63451752579764,80.0078823588136,33.32393202739229,272.72727272727275,272.72727272727275,13,0.35135135135135137,0.13269319120888337,0.7981853281853282,0.1301149937532553,0.00031902334027488546,0.5557410577368114,0.009958140657765445,0.14721547506275945,0.017918670069688166,4.829523809523809,2.209047619047619,1.2440532467405179,0.06921654213564428,2.1862470359991377,18.904317220052082,18.624267578125,112.50863843645368,15.305714285714286,8.957581873244198,16.906636555989582,15.804070366753473,3.604215347381969,1.8722251957438734,34.73312759399414,0.04389720782637596,0.07997247576713562,6.296793619791667e-06,4.0118048948410845,0.022346456358911384,0.46881276056544086,1.8165225074404764e-08,-1.0855160928425652e-08,4.011804960580527,0.000629304901648616,0.021224601755951953,2679.0,-0.0030171619722442534,0.023272014771649006,7.4152392891221455,0
258,0.9095484856423878,-0.10894240964594341,0.09734239048617227,0.004441963920362786,0.009412233286600537,0.016817777158179507,0.9431999921798706,0.14579999446868896,0.20120000839233398,27.28515528355326,3.2681188608067377,2.9201268574169705,0.9214031047083817,0.005469440610890258,27.640776683206848,78.52341027784544,33.68563354048121,272.72727272727275,272.72727272727275,13,0.3611111111111111,0.1343981292386808,0.8135714285714286,0.12797547065135323,6.0395102040817284e-05,0.468058298061089,0.013591052580892226,0.05338154913651554,0.029037093535554365,3.4325,2.0560714285714288,0.5470704679826681,0.22531242481387972,1.6694458919576167,18.904317220052082,18.624267578125,121.65737253824868,16.201428571428572,7.8696818907262385,15.600916544596352,15.972925821940104,2.3865368278861263,2.6223934786380583,34.763301849365234,0.034663811326026917,0.084525465965271,-7.266090029761905e-08,4.028347849669919,0.01773593901939738,0.5268802056086479,1.0899135044642857e-06,7.032654808594956e-08,4.028347464651687,0.0006280181578696576,0.016239638830345914,2675.0,-0.0030635878969491035,0.02234166769538975,7.4152392891221455,0
259,0.9089080761330468,-0.10990242864972069,0.10208517140433902,0.004562223047995872,0.009409195145024977,0.018979533952990877,0.9431999921798706,0.1478000283241272,0.21860003471374512,27.265961141160556,3.2969331451824733,3.062414856382779,0.9214419719027234,0.0052989490605990985,27.641962297469757,73.3974890963343,5.170671291590472,83.00395256916995,83.00395256916995,9,0.2571428571428571,0.04634608056430952,0.8216326530612246,0.05929138685145462,0.00022512246563931654,0.07656089574921292,0.002909049736916044,0.001272380932848707,0.03799654782573453,2.9757142857142855,2.08,0.5227814152810574,0.2510691424403132,1.430631868131868,17.4127197265625,18.006998697916668,128.06918167840865,15.283246753246754,7.751794408122023,14.84869384765625,14.138743082682293,2.418092926022078,1.8155273154519453,34.779090881347656,0.030021848157048225,0.07451578229665756,2.9311407180059524e-06,4.0390914147549895,0.016884647853573895,0.7207862157508614,1.4532180059523809e-06,1.0340171816680103e-07,4.0390907866344055,0.0006578892471416838,0.015293188837849714,2671.0,-0.0030687538409629304,0.022127459428935778,1.1445507812062548,0
260,0.9078018092598233,-0.10908988561232885,0.1115290189016433,0.004674117637562803,0.00935452311771775,0.020588807067944265,0.9431999921798706,0.15039998292922974,0.21860003471374512,27.232758277824946,3.272529282655035,3.3457265669958933,0.9213844889351465,0.005227532891587087,27.640219556655563,73.30572892638477,4.688834497812778,80.61420345489442,80.61420345489442,5,0.14285714285714285,0.039234879256856654,0.8219183673469388,0.05372312438910685,8.039867122032476e-05,0.05389051291027912,0.0029376430634584236,0.002341997851714791,0.05451132128486562,3.0637142857142856,1.947714285714286,0.5783315905010106,0.2936089305209102,1.572979316414845,16.514383951822918,18.006998697916668,119.21515837169828,14.225833333333334,8.750555598654715,13.611694335937504,13.92376708984375,2.2292118524713387,1.744219364184491,34.78692626953125,0.028752591460943222,0.06951586157083511,-3.2958984375e-06,4.03877281187875,0.018274742602412273,0.7207862157508614,-1.762026832217262e-06,-2.7618097690869973e-08,4.038772976015333,0.0006422335003024327,0.01687659139987452,2684.0,-0.0030622909616376155,0.022159759218617934,-0.41094680886613244,0
261,0.9069061710210073,-0.11184134269328344,0.11785815251441228,0.00443444333389593,0.010057978353263216,0.016724098678282562,0.9326000213623047,0.15039998292922974,0.21860003471374512,27.20588484491621,3.355071280811514,3.535602289693696,0.9215479821938645,0.0052604460633684435,27.64512050131815,74.65748093771684,4.400990937829261,82.03125,82.03125,7,0.19444444444444445,0.03873811300795265,0.8065079365079366,0.048222890995080404,5.321255876718025e-05,0.05235201975147921,0.001293814253334767,0.003073231207009198,0.024713740930658364,3.1340000000000003,2.0339285714285715,0.5730444296626108,0.4027474204683098,1.5408604038630378,16.514383951822918,14.35638427734375,118.4341496785482,15.697142857142858,8.329811273021487,13.2279052734375,12.723032633463543,1.85015135725425,2.166246354885487,34.7928352355957,0.029239047318696976,0.0637771338224411,3.882998511904762e-06,4.02434887497103,0.025174705360208043,0.9471644722392725,-7.266090029761904e-07,-3.659047897875218e-08,4.0243488367178415,0.0006318128079560256,0.02408782283846841,2694.0,-0.003038634425611429,0.02311467891260317,-0.41094680886613244,0
262,0.9079713142485846,-0.10228773318869727,0.08414371433428355,0.005234133787511341,0.03326259522610765,0.07595924091449446,0.9390000104904175,0.15039998292922974,0.1905999779701233,27.237845141717365,3.0999527064391543,3.322040005879743,0.9213185212299271,0.005535127626502496,27.63824770791817,74.90336469147137,4.957503256120439,82.03125,82.03125,8,0.21621621621621623,0.036634958460545514,0.8046332046332045,0.05452842046321811,4.979174410662196e-05,0.050361315274103965,0.0024676720350890018,0.01025648927928744,0.04899935638412309,2.8965714285714284,1.9494285714285713,0.5110218654214078,0.411018247770096,1.4858566612926865,14.47662353515625,14.35638427734375,120.69223240443638,14.521785714285715,8.399253370709456,11.9873046875,12.421427408854168,1.7194625571938063,1.5866846254557734,34.80132293701172,0.029922129586338997,0.06875468790531158,5.144391741071429e-07,4.003053960059519,0.024425293557047513,0.8858937882038533,-5.994524274553571e-07,6.521660254369524e-08,4.003053782427353,0.0006183163633921797,0.023319390796302943,2691.0,-0.003066244979545245,0.02351377131760006,-4.194631517702452,0
263,0.9099353145815078,-0.09955228577341352,0.041241304868743535,0.005981934754723553,0.042616242555985104,0.08930409436582477,0.9390000104904175,0.17619997262954712,0.20120000839233398,27.296762723156384,3.0250448524526186,2.7135977291209357,0.9216230447886672,0.005647283462179886,27.647375614575243,88.09292830446824,41.49758246719856,267.515923566879,267.515923566879,15,0.375,0.12601944315195424,0.7442857142857143,0.14328649764776605,1.2854419991670139e-05,0.17428751474422735,0.0206590058596453,0.18238760092097436,0.11853405500653945,2.970285714285714,1.7468571428571429,0.38913341712904925,0.22218837383937926,1.7003598298985934,23.27880859375,16.400858561197914,140.63012615385512,14.180119047619048,8.067939731829924,14.543355305989582,13.75103759765625,1.6873442564235441,4.588321672849663,34.81381607055664,0.0319710411131382,0.07566138356924057,4.17509533110119e-06,3.995405111498597,0.024991513855873764,0.9060963596180966,-2.234322684151786e-06,-2.5161567112601068e-08,3.9954051967808466,0.0006118744700348105,0.023787080389962283,2697.0,-0.0030943219942465537,0.024255306505550547,-0.8598379462289638,0
264,0.9120499718700137,-0.09689897180455072,-0.0035829523858569917,0.0067330217207916656,0.04537474104788368,0.08228872712029807,0.9498000144958496,0.17619997262954712,0.20120000839233398,27.36019415608474,2.9454700048054967,2.1758257283057487,0.9219930194502214,0.006473551997861975,27.658471749431165,92.88662129110682,49.94551839875046,267.515923566879,267.515923566879,16,0.4,0.1679534833809682,0.7364642857142856,0.18355752796174982,0.000396481242149104,0.8325459886374508,0.030806051482414266,0.2535562902537526,0.03700222198275391,2.8605714285714288,1.9071428571428573,0.5507468769307544,0.39076168424955765,1.499925093632959,23.27880859375,19.4427490234375,123.1354982648577,13.869880952380951,8.419991505851819,12.06378173828125,12.339152018229166,5.994159904513333,5.852278200689819,34.83769226074219,0.039358749985694885,0.0840342789888382,4.547119140625e-06,3.967384242834372,0.04234678897837635,0.7656829721180319,-6.1580113002232144e-06,-3.4725271560735366e-08,3.9673847923518446,0.0006207393115180216,0.0416893826144768,2676.0,-0.003155716078252226,0.023158421300043582,-0.8598379462289638,0
265,0.9139249524899892,-0.10112898154769626,-0.025078019071192968,0.0061766231187558775,0.03400563031792626,0.060737376431525235,0.9498000144958496,0.17619997262954712,0.20120000839233398,27.416440574697084,3.041081157709871,1.7162811548369272,0.9224780478293683,0.0057105576270234356,27.673024936029798,92.09780219268126,50.933632291824935,267.515923566879,267.515923566879,13,0.3333333333333333,0.16973394863436073,0.7482783882783882,0.19043291985262964,0.000280706089795918,0.6662720089631009,0.025191906333626002,0.28248111977095147,0.037810242655745674,3.5762857142857145,1.82,0.9222442015794617,0.43998422977304485,1.9649921507064365,12.14019775390625,19.4427490234375,105.77857658749535,14.186785714285714,9.183341934728123,9.87799072265625,11.314127604166666,5.640249731496455,2.0474356175981336,34.864295959472656,0.040645699948072433,0.0840342789888382,3.739129929315476e-06,3.9291555487220102,0.05872342854778456,0.6727379804934146,-8.791968936011904e-06,-7.47593319286891e-08,3.9291555352908376,0.0006163184687564998,0.05824083697791113,2692.0,-0.0031941838335079282,0.021196951911885833,6.194295749033271,0
266,0.9144392188106264,-0.09450394342343013,-0.04512516195149649,0.008477082103331797,0.025402639199110885,0.052956679764236056,0.9609999656677246,0.17580002546310425,0.3181999921798706,27.43187627860478,2.8352520175916807,1.788748866064208,0.9222988966178811,0.007257457617797091,27.667654388141173,79.27660868359855,32.1887613128846,259.25925925925924,259.25925925925924,10,0.2777777777777778,0.12580446672672835,0.8073412698412699,0.1410224056986871,2.402200149937525e-05,0.578426541005828,0.028282514401197962,0.05106716359644324,0.048895602805530666,3.8167857142857144,1.9711904761904762,0.9818736644075667,0.5993456844201905,1.9362845754318156,12.14019775390625,16.075541178385414,100.92568868001301,15.773626373626373,9.413012564037775,10.274836222330729,10.943637424045141,4.679046400427525,2.312148165651551,34.893863677978516,0.03620170056819916,0.07901828736066818,6.237211681547619e-06,3.8833101388017517,0.04105844622953891,0.5052054052223295,6.902785528273809e-07,-1.236475530766832e-08,3.883309915645379,0.0006404127012162706,0.040384466558726004,2696.0,-0.0032287934786773545,0.019835073804011897,1.1338372842295628,0
267,0.9146309045723506,-0.08700539075476783,-0.020884647488594057,0.007744067442518604,0.014082965974241891,0.0634228227058961,0.9609999656677246,0.11820000410079956,0.3181999921798706,27.437618851406235,2.6103237232140133,1.7100664400628636,0.9213005860162001,0.006463998555428066,27.637701158713654,74.37795961134182,5.38750460995039,82.51473477406681,82.51473477406681,8,0.2222222222222222,0.04242571968702593,0.8111111111111112,0.06129009041162902,0.00018283454960433114,0.05953453858271865,0.005196220531449788,0.004163919519125871,0.0872807727270791,2.9185714285714286,1.8909523809523812,1.27272774715072,0.5760395315862561,1.543439939561823,17.51953125,16.075541178385414,106.20286908830916,14.985384615384614,7.898431300123932,13.38800048828125,13.03560045030382,2.351539943488099,2.535427797688019,34.90879440307617,0.03323041647672653,0.07360617816448212,-9.533110119047619e-07,3.883883823786944,0.0437130784854673,0.557278744536734,-1.0899135044642857e-07,1.6164867491666245e-07,3.8838832017890677,0.0006778450513463515,0.04307873135055984,2714.0,-0.0032223175210127643,0.017570122316991177,1.1338372842295628,0
268,0.9138096285774594,-0.08140009542022432,-0.0242354380715461,0.00844919045892388,0.018210525325424706,0.07568812050114923,0.9609999656677246,0.12660002708435059,0.3181999921798706,27.41298628594194,2.4421740060618946,2.0350784343481063,0.9210545592509455,0.007181350422993129,27.63032505912216,75.52290170134523,4.6986525319000165,82.51473477406681,82.51473477406681,10,0.2777777777777778,0.046108630763706165,0.7976190476190476,0.050894493151092256,0.00010081799250312349,0.08066800995003529,0.0012124608501604267,0.012353177382267912,0.015030256119016809,2.758809523809524,1.83,1.1797109690604484,0.60808554267544,1.5075461878740568,17.51953125,16.075541178385414,101.4061988467262,15.066326530612244,8.679990187454747,11.645067003038193,13.074374728732638,2.4324162653944805,3.999799838242832,34.916019439697266,0.03096705488860607,0.07015474885702133,2.9355003720238095e-07,3.885889641415885,0.04257963188307865,0.7375106514331381,2.7066185360863096e-06,1.077900133552634e-08,3.8858895945876313,0.000722854053490051,0.04191615651945257,2713.0,-0.0032042955694911108,0.01820284295191068,-6.559188321177013,0
269,0.9142549808422724,-0.08935797123681931,-0.024537314346858432,0.005366349496699167,0.017800236184711334,0.06730198974381574,0.9453999996185303,0.13999998569488525,0.17019999027252197,27.426343425256864,2.6805999942336762,1.9666982889175415,0.9215722080048349,0.005382024297873873,27.645850289997803,75.05535095442013,5.156249062051991,82.51473477406681,82.51473477406681,8,0.2222222222222222,0.04117444932197552,0.8032142857142858,0.05546175471284391,1.9258642232403142e-06,0.06111058830234292,0.00138071202838714,0.003504704694785665,0.022593662845399327,3.1654285714285715,1.43,1.0609258182534416,0.3024835971265421,2.213586413586414,12.240804036458334,13.258463541666666,84.53921617780414,15.597023809523808,7.5843806212238825,9.86865234375,9.743204752604166,3.6870714206167583,2.616993958954327,34.90362548828125,0.03480220213532448,0.08014585077762604,-1.396542503720238e-06,3.877886823969599,0.03983431526375551,0.7375106514331381,-8.04719470796131e-06,-6.451388908101445e-08,3.8778870647249746,0.0007357516173535645,0.03916724377399366,2693.0,-0.0031957575936674147,0.016721839501334105,-6.559188321177013,0
270,0.914351209345318,-0.09610478067114239,-0.06398918120066324,0.00537609687142265,0.019432428992532984,0.04042779183998018,0.9453999996185303,0.13999998569488525,0.17019999027252197,27.42923056602478,2.8830002772808077,2.1441131413408687,0.9227040001258172,0.005209071780884008,27.679803510052505,73.87933620149906,4.622942644092158,82.51473477406681,82.51473477406681,8,0.2222222222222222,0.03995186608280698,0.8152777777777778,0.050309495013225534,4.062631503540184e-05,0.06639304005436907,0.0028882173330003987,0.03321459457290153,0.043501808783499685,2.8214285714285716,1.477142857142857,0.7670159511951202,0.3439304628341405,1.910058027079304,12.240804036458334,13.258463541666666,92.92306177048457,14.88,7.639796472161705,10.018575032552082,9.868977864583334,3.645526356489113,2.665444864232799,34.88923645019531,0.035115841776132584,0.07364621758460999,-8.065359933035715e-07,3.8288190384023753,0.04649281996656167,0.6380528131726957,-6.3214983258928576e-06,-6.028594560104506e-08,3.8288190405141354,0.0007065935134990553,0.04597469644413842,2662.0,-0.0031658016575568573,0.017384597440494455,-6.559188321177013,0
271,0.9120173712684995,-0.08121956153994515,-0.07523373351494471,0.012308578281628926,0.04589838658438407,0.06560221921491051,1.0079998970031738,0.16680002212524414,0.3954000473022461,27.359198852266584,2.610028274357319,2.6039071462409837,0.9221913615211299,0.01254289531699766,27.664410073731055,80.03599628282181,31.9225741599829,269.2307692307692,269.2307692307692,9,0.24324324324324326,0.08447785471061595,0.7901544401544403,0.10804729398169118,0.001781460135610164,0.3654248184028812,0.02170414044311815,0.3478413036460973,0.05939427031250328,2.152857142857143,1.5371428571428571,1.2759481697069146,0.4395945488139483,1.400557620817844,12.82196044921875,17.557881673177086,111.9908464704241,17.367731092436976,9.055037756830654,9.918169294084823,10.307426452636719,4.09560865132141,3.7113636344449192,34.873233795166016,0.03075977973639965,0.07364621758460999,-1.6145252046130953e-06,3.803732803756694,0.04680044595827274,0.7250318219392768,3.3787318638392856e-06,9.299153321296407e-08,3.8037321342495245,0.0006814806798403517,0.046340556045981376,2640.0,-0.0031150141067036244,0.018613857630358728,4.219977822048924,0
272,0.8924553142615727,-0.05745624750852585,-0.16625260949134826,0.03291981338634276,0.04653868457265125,0.15282523468811493,1.0079998970031738,0.16680002212524414,0.49299997091293335,26.77239085640226,1.9020754230448178,5.3615294259360855,0.9240187662601269,0.01456275131631261,27.71923660179406,87.02977170805423,31.53975021571369,269.2307692307692,269.2307692307692,10,0.25,0.09469165581399129,0.7283928571428572,0.11981541394314567,4.9011429237817445e-05,0.36786648887163337,0.007349349517999136,0.07127422419083917,0.019978306642015668,1.5591836734693876,1.6946428571428571,0.9046568400968554,0.6998916643572309,0.9200662351347282,24.082845052083336,31.553955078125,152.69994368780226,14.539579831932771,7.4539453327710286,13.188055129278277,14.278411865234377,8.987546175249902,6.899197703826736,34.86126708984375,0.03232727572321892,0.06254875659942627,-1.908075241815476e-06,3.8171628232081956,0.060349151471164875,0.9170730790489167,2.3978097098214285e-06,2.984133606552805e-08,3.817162670971154,0.000663286496876623,0.059988520144910934,2642.0,-0.0031164527240239302,0.018586502125928165,4.219977822048924,0
273,0.885498571736472,-0.03807170496384303,-0.17961081884872346,0.05254643542093322,0.04136572016445876,0.18319336625513294,1.3317999839782715,0.3614000082015991,0.5257999897003174,26.563627866421427,1.3825540011269706,6.591654572401728,0.9241494387958297,0.04239217388982698,27.72314064337031,105.18727471952887,45.84206445446764,269.2307692307692,269.2307692307692,14,0.30434782608695654,0.1282353632584346,0.631304347826087,0.15072667108950766,0.00017393841632653065,0.4044011497693359,0.005290431232499075,0.6430833018500115,0.013082136970967205,1.40125,1.5457142857142858,0.9688172458556603,0.6978487351445564,0.9065388170055453,24.082845052083336,31.553955078125,219.60703706287205,14.337744360902255,9.014399667020284,13.427314758300781,14.679018656412762,10.73949910633298,7.9701631932506825,34.8469123840332,0.03518875688314438,0.07754473388195038,-3.300258091517857e-06,3.8545658563319902,0.05660387709984255,0.9170730790489167,5.449567522321429e-06,2.983161285042675e-08,3.8545656727958995,0.0006566293041511674,0.05620431923408708,2673.0,-0.0030988449199126676,0.022104820488112197,13.36654101581149,0
274,0.8741648190475646,-0.06097222883360726,-0.06744519963718595,0.05190574293419771,0.043034279270381344,0.2840055155171914,1.3317999839782715,0.3614000082015991,0.5257999897003174,26.22364885713373,1.8959948603596006,7.926173431660448,0.9251117778330784,0.04247452417717953,27.75198650484786,102.47680595206275,36.46993640304546,259.25925925925924,259.25925925925924,13,0.2708333333333333,0.09798845271234131,0.6235714285714286,0.11294037015560182,3.6613650978758707e-06,0.15618786467965926,0.00418285335571336,0.49709579463895115,0.026780911335796652,2.093265306122449,2.008095238095238,1.1535736625455628,0.6221460918764887,1.0424133608862087,50.457356770833336,41.02183024088542,255.45594831194197,14.456857142857142,7.8540149652792195,26.203569684709827,23.995496961805557,12.408273831748678,15.98138351822693,34.834678649902344,0.034562550485134125,0.07754473388195038,-8.791968936011905e-07,3.8886977425019382,0.03148226479143057,0.9146002278897045,-4.341488792782738e-06,6.708607914502715e-08,3.8886978210399348,0.0006592392058459653,0.030728771679569257,2685.0,-0.003095082717647746,0.020333499035279947,10.650719117918577,0
275,0.8757414756672723,-0.08376947635128384,0.14979828569151107,0.048721647304292175,0.03988483471830028,0.2309534514040805,1.3317999839782715,0.3614000082015991,0.5257999897003174,26.271009270037922,2.5750474304812294,7.6618109991295,0.9229800008651612,0.042331990776829684,27.68807234720334,102.85685999860584,36.23311345063064,259.25925925925924,259.25925925925924,12,0.25,0.09716989611179878,0.6200595238095238,0.10917865840040983,1.0344756351520153e-05,0.12934349441803258,0.00414176056090619,0.5042147429405002,0.032021406098092564,1.8916326530612244,2.365,0.9798986764337598,0.8472495516204704,0.7998446735988263,50.457356770833336,41.02183024088542,227.0836922055199,12.534952380952381,8.74605325748514,24.537629627046133,20.16842312282986,13.010655505841214,17.066025116620306,34.84575271606445,0.041043829172849655,0.08176256716251373,1.469203404017857e-06,3.8712316022351336,0.043049227061064364,1.2679162364557717,-1.8528529575892857e-06,1.1726978324056139e-08,3.8712315917262616,0.0007042759696967161,0.04246533788317067,2675.0,-0.003029547159538162,0.019808626199441494,10.650719117918577,0
276,0.8615823515823909,-0.1012236854547546,0.29928499966292155,0.02002790596374547,0.01623806468327916,0.09298940969855993,1.0113999843597412,0.22219997644424438,0.47099995613098145,25.846177404608046,3.036614277745996,9.153865133225917,0.9226107425037048,0.015592753872257389,27.676975840935796,88.21232047426228,5.728611860691962,99.0566037735849,99.0566037735849,7,0.16279069767441862,0.034838235085990016,0.6831229235880399,0.04548870402655497,4.2478471303623396e-05,0.033512268355418505,0.00028577966707388035,0.014605664571030323,0.00852761335171373,2.5176190476190476,2.761142857142857,1.1354443125261902,0.7473935116285728,0.9118032560706402,27.687174479166664,33.44014485677083,179.15819157191686,15.758681318681319,9.301987135343884,20.22803412543403,17.640421549479164,10.660109352697324,6.765049265895998,34.86378860473633,0.04081501066684723,0.0813799500465393,2.713158017113095e-06,3.834359404371044,0.059199775908993696,1.2679162364557717,-6.049019949776785e-06,-9.000928899600317e-08,3.834359908741611,0.0007377610854566821,0.0587658041340853,2672.0,-0.0030378410063620484,0.01514418547163153,0.4881059509490531,0
277,0.8543991516090574,-0.10257121864103136,0.3317138756002699,0.009632742743499647,0.006869230486962672,0.028591658788931672,0.8935999870300293,0.13359999656677246,0.4795999526977539,25.630735976781164,3.076982273502009,9.950891696555274,0.9227018968162511,0.011468611676017659,27.67970214659874,84.76502459204234,7.16359536801065,99.0566037735849,99.0566037735849,6,0.14634146341463414,0.031144003910734335,0.712822299651568,0.059114494204678486,3.6373207163681736e-05,0.016913011186760755,0.0008183031574909023,0.012707240718848437,0.04838305541543409,1.8576785714285715,2.085952380952381,1.2987458505954024,0.6727365257711045,0.8905661454171898,27.687174479166664,33.44014485677083,126.37658582414899,16.71964285714286,8.286385279173178,13.209330240885418,11.934916178385416,9.827654380864809,8.145402972021511,34.87228012084961,0.0338032990694046,0.07288950681686401,-7.411411830357142e-08,3.7823866471853274,0.0392654605285463,1.0567977134714899,-6.230672200520833e-06,-9.126594303046151e-09,3.782386319617873,0.0007253008547177825,0.03856272919173846,2692.0,-0.003032851619928441,0.013965317198639596,-9.507081935971332,6
278,0.8511579232215881,-0.10193256163597107,0.3404863327571324,0.009321494921819426,0.006821560798867266,0.026925620125400798,0.8839999437332153,0.13359999656677246,0.4795999526977539,25.53350855376039,3.0578417061907905,10.214133696981838,0.9227867635619564,0.010677179040183287,27.682284656722935,91.86378393584603,39.997575312519615,267.515923566879,267.515923566879,12,0.2926829268292683,0.14416331441975724,0.7072822299651568,0.1310947908536208,6.553599999999912e-06,0.7600069267392326,0.003158858098996906,0.4922058541833424,0.00415635435396597,1.8396428571428571,2.090408163265306,1.175102199202873,0.6937411630664408,0.8800400273357415,27.687174479166664,18.237202962239582,138.02916601271858,15.069495798319329,8.029320488116207,13.100980122884113,10.351010277157737,4.653282597380643,6.935444050187949,34.85521697998047,0.03895542770624161,0.0794215202331543,-3.814697265625e-06,3.7440558512048163,0.030491944214142926,0.45187955054854745,-5.504063197544643e-06,-3.9937585025021274e-08,3.7440557786570308,0.0006293698627664504,0.029550227229311863,2728.0,-0.003019195654001595,0.013858336253935647,-7.530771160016055,6
279,0.8517348945197605,-0.1011053714354833,0.3391538661945434,0.008395347125210999,0.007007155723654835,0.024455132718445627,0.8839999437332153,0.13359999656677246,0.4795999526977539,25.55082326412201,3.0330228573509626,10.174126128639493,0.9226676888735286,0.01009668956377235,27.678705183433255,91.76967038375895,39.981023896618765,267.515923566879,267.515923566879,13,0.3170731707317073,0.14448889513151703,0.7078397212543555,0.1305630194042713,6.213300191586822e-05,0.7489863218788972,0.002719281001325595,0.4864591410746942,0.003630615035137147,1.183015873015873,2.1314285714285712,0.5548983868265396,0.7071663055275396,0.5550342567768842,19.182840983072914,20.746968587239582,121.08035765148344,15.09796992481203,9.627673596789286,12.155298303674769,11.853408813476562,5.680176815909158,4.570591403015929,34.83315658569336,0.034300900995731354,0.08019305020570755,-6.597609747023809e-07,3.708488653628101,0.03602269297023429,0.660119308260837,-4.3051583426339285e-06,5.159496340933121e-09,3.7084887250436793,0.00054853038522399,0.03512124957373919,2723.0,-0.003002531670041382,0.013984665566713282,-6.184427333975442,6
280,0.8539580558084306,-0.09963299039715812,0.3332896376167025,0.008252204920039762,0.00609710063549458,0.02380813520625161,0.8849999904632568,0.12400001287460327,0.4501999616622925,25.617518817101207,2.9888488547716823,9.998225985680307,0.9224058272271938,0.009626376254066048,27.670859616515337,88.83289018884871,28.232877495324065,254.54545454545456,254.54545454545456,10,0.23809523809523808,0.11052298860623051,0.7060884353741497,0.10464157879175956,0.0003331742440649738,0.38789116966239023,0.0012040172554709612,0.47105328076240843,0.0031040079012855707,0.9955357142857143,2.0565714285714285,0.40465621431743054,0.8046987521008425,0.4840754376215616,19.182840983072914,20.746968587239582,121.06110948835101,16.737714285714286,8.146353414822098,11.470845540364584,11.306762695312498,5.23870130069764,5.033428296858928,34.81697463989258,0.03134199604392052,0.06373602151870728,-5.4960704985119045e-06,3.671502765034115,0.035439756861061246,0.5869672085842812,-5.431402297247024e-06,-6.73741817289341e-08,3.6715031383805035,0.0004946955868348347,0.034512115959606765,2705.0,-0.0030249958974702842,0.01413749257827029,-6.184427333975442,6
281,0.8554633797634216,-0.09888144761891592,0.32930167570568264,0.007206398315501883,0.006254100082133697,0.02175337478487483,0.8849999904632568,0.12400001287460327,0.42659997940063477,25.662686392920357,2.9663047142965455,9.878544556839126,0.9222309136322622,0.009440636741895412,27.665603826040147,82.59756704004556,5.396250098700181,96.3302752293578,96.3302752293578,5,0.125,0.03383324762254792,0.7294642857142857,0.04680472623527653,3.260604081632706e-06,0.023208819804648624,0.00253826603733867,0.005423744259279802,0.10936644166758822,0.8703571428571428,1.939047619047619,0.20863593669747466,0.7227925185994323,0.4488580550098232,17.51708984375,17.612508138020832,113.19888886951263,13.303984962406014,7.234871568453636,9.880650838216146,9.517189308449074,3.8122555739932276,4.10759675619551,34.804847717285156,0.03206099569797516,0.07181337475776672,-1.8339611235119048e-06,3.635557349151296,0.029466671521723404,0.5869672085842812,-4.341488792782738e-06,3.063041955246825e-08,3.635557178067284,0.0005141510440638992,0.028349694659008936,2690.0,-0.003041346001287885,0.014075648783290862,-9.145985682919395,6
282,0.8596790085860662,-0.08678157146771749,0.2955234376248859,0.0183649612882296,0.03543165280744199,0.11791140521479562,0.9354000091552734,0.13819998502731323,0.5365999937057495,25.78910025758403,2.7239840025986943,9.210158273066794,0.9215540662197389,0.012125076203309873,27.64529647240488,87.87219496850467,29.386221808450436,265.8227848101266,265.8227848101266,5,0.12195121951219512,0.09859057785009848,0.7129268292682926,0.096213504503947,6.8922322365681155e-06,0.5210665387566715,0.009937971226104916,0.3274395843596361,0.019072365018521685,1.1953061224489796,2.3102040816326532,0.42438411164778,0.5747593886594153,0.5174028268551236,17.51708984375,28.747762044270836,125.28856622605096,14.005714285714285,8.670213570688125,12.464468819754467,14.05941917782738,6.9869543157656695,4.192032612797942,34.796226501464844,0.030558878555893898,0.0706682875752449,-2.7872721354166667e-06,3.6171850797806595,0.04186800608964685,0.654469334910856,5.249750046502976e-06,2.903175150806363e-08,3.617185224669105,0.0005163541850988839,0.041135442317994465,2699.0,-0.00305382927612636,0.015650690439515967,0.5945630593001631,6
283,0.8777347523598444,-0.0703646194253649,0.15551651396921704,0.030709211173798986,0.040282100302673304,0.214536360616409,0.9620000123977661,0.16740000247955322,0.5365999937057495,26.330828427927834,2.241856297978333,6.984804853584085,0.920866606818296,0.012292559270331458,27.62472277663726,93.83251285836796,38.31545008454845,265.8227848101266,265.8227848101266,6,0.13953488372093023,0.12748920951309586,0.6857475083056478,0.11850015404622447,5.576736626405667e-05,0.684130685665495,0.0037566610378825336,0.3775357899326913,0.005491145356574971,1.72,2.4291428571428573,0.7197987247013102,0.6412956273300583,0.7080686897200659,18.243713378906254,28.747762044270836,152.13486495245073,14.573999999999998,8.19949766505142,15.807916550409228,16.034240722656246,7.317240011653246,1.9546582716074448,34.779327392578125,0.03434501215815544,0.08802653849124908,2.9355003720238095e-07,3.6388185420358052,0.06017499315777152,0.654469334910856,1.961844308035714e-06,7.801892486162752e-08,3.6388182785645142,0.0005296183830814146,0.05966508079846011,2698.0,-0.002998113371089472,0.017464372390859042,2.9883118113080602,0
284,0.8936109054202125,-0.0476485719141506,0.018609704670451935,0.03307349560223271,0.058936641356771256,0.20561851399868925,1.0013999938964844,0.2877999544143677,0.5365999937057495,26.807056591170173,1.969303014065538,5.069824290445872,0.9205821698349432,0.023064767202285646,27.61612796466594,99.549680607165,46.14190677952641,276.3157894736842,276.3157894736842,13,0.28888888888888886,0.15178483574994034,0.663936507936508,0.13899710613981547,3.6488796334861783e-06,0.7772295676844232,0.0010837713253102359,1.2463534613258471,0.0013944031086453432,1.871190476190476,2.4285714285714284,0.7963827305477807,1.2490294774618065,0.7704901960784314,18.243713378906254,28.747762044270836,195.10379602341422,14.754464285714286,8.142491515522577,14.007381863064237,15.748145693824407,8.071546392466725,4.2619700684615465,34.76908874511719,0.03397274389863014,0.08802653849124908,-3.2944452194940476e-06,3.66289567382022,0.05643784258157101,1.2040496410133135,5.358741396949404e-06,2.5634560363397704e-08,3.662894921607286,0.0005502392199226179,0.055862648410081574,2683.0,-0.002985085165447851,0.02013155693497186,2.9883118113080602,0
285,0.909458762498129,-0.04130357191676185,-0.06745523834512347,0.021393140902317184,0.05174792338254142,0.10132784947314206,1.0013999938964844,0.2877999544143677,0.4681999683380127,27.28246658921242,1.68348501345941,3.167742862318243,0.9199437116963655,0.02185976576147436,27.59700769483919,99.47463174357013,46.26754705401901,276.3157894736842,276.3157894736842,14,0.3181818181818182,0.16373908771793455,0.6644155844155843,0.13874297126786442,2.0735999999999373e-06,1.2744426223532943,0.005870897720140659,0.6811721184910949,0.004606639496488183,2.1773809523809526,2.1575510204081634,1.0446955148850128,1.2562751444849025,1.0091909446336236,44.07012939453125,64.62392171223958,242.54999636695499,15.662410714285715,8.47252737270962,23.818359375,20.707717168898807,18.987579229974912,15.258401452686844,34.75434494018555,0.030453341081738472,0.08189283311367035,-8.065359933035715e-07,3.6847844543209995,0.027121471907482285,1.1639581667297343,-5.485897972470238e-06,-8.738389730549884e-08,3.6847843799782636,0.0005528843901870368,0.025912039060583147,2678.0,-0.002916042432689217,0.022860208369093655,-5.277581662022412,0
286,0.9090575530699321,-0.04445154316368557,-0.07535969552823475,0.021257234813064862,0.0520894627773202,0.10159097217155393,1.0013999938964844,0.2877999544143677,0.4681999683380127,27.270474592106684,1.780077577148165,3.365372289419174,0.920355796313062,0.021720363193842965,27.609403809845492,96.75714201916423,48.98320949961255,276.3157894736842,276.3157894736842,14,0.3333333333333333,0.18620759996230885,0.692721088435374,0.15185692511993448,0.00013076155868388387,1.4469319622565286,0.01943238390845254,0.7388456295022979,0.013430060580144504,1.8316071428571428,2.1028571428571428,1.007478524990149,0.9550666892695928,0.8710088315217391,44.07012939453125,64.62392171223958,204.36041121709914,15.040535714285713,8.81331460086536,19.708455403645832,20.755445692274304,20.64914634964047,15.06794099214201,34.75891876220703,0.03097430430352688,0.06879372149705887,-9.518577938988096e-07,3.650912972417515,0.04389227170595164,1.1192915322204318,-4.523141043526786e-06,-1.3526843004923019e-08,3.650913039800572,0.0005407996926864004,0.04316583211268577,2686.0,-0.0029480996219767063,0.0264617943508664,1.689300124544242,0
287,0.9121554001796813,-0.05077814296597526,-0.0827704573472341,0.008879765093334921,0.024158161478101643,0.06629774351268786,0.9595999717712402,0.14420002698898315,0.21460002660751343,27.36335729113647,1.560816715487412,3.042511572241783,0.9200220511131825,0.008609630885214952,27.599338944784613,93.06330113273145,50.32638312795658,269.2307692307692,269.2307692307692,8,0.2,0.18217205109714804,0.7289642857142857,0.1654388065856672,0.002842935347605167,1.2139910540692325,0.023955536501533606,0.8459221092085231,0.019732877290352297,2.180952380952381,2.1234285714285717,1.5504534484116608,1.021742649015067,1.0270900609974882,44.07012939453125,13.099873860677084,139.59158841087702,12.270109890109891,7.719410293432267,13.86194864908854,8.279378255208332,3.9540732179028137,13.6943479535818,34.76411437988281,0.031885452568531036,0.06879372149705887,3.662109375e-06,3.6025684553409474,0.06423847426407912,0.7621595456882699,-1.0408673967633929e-05,1.0944711294453445e-08,3.6025687513876328,0.0005169935717614871,0.0637684650070095,2690.0,-0.0029693780799779626,0.026484239775778674,1.689300124544242,0
288,0.9075693524848847,-0.04466989541905267,-0.13966132390499114,0.010144801180227344,0.02422604752644943,0.04727105857639163,0.9517999887466431,0.1151999831199646,0.29979997873306274,27.225795145971436,1.3599794259241649,4.189649145730904,0.9208978030411487,0.007377142003199776,27.625633207785363,86.71341556718203,42.955482697512984,269.2307692307692,269.2307692307692,14,0.358974358974359,0.17477943749848793,0.7592307692307693,0.14496064756016325,0.00014384330795501866,1.0237587381732518,0.004138268870846051,0.4833988046754488,0.004042230573025622,2.793142857142857,2.029642857142857,2.140743986637947,0.24959431369438573,1.376174555692416,17.3187255859375,21.22711181640625,110.36239369710286,14.219350649350648,8.541658374034563,10.37628173828125,11.045583089192709,6.803979901869973,5.356138060018398,34.775665283203125,0.029607275500893593,0.07415030896663666,-2.9209681919642856e-07,3.534284066452332,0.05554105014987282,0.6766543382493097,-9.554908389136905e-06,9.629514813305164e-09,3.534283569539553,0.0005113991461889647,0.0549819207629396,2696.0,-0.0029996587948471947,0.025578040665598788,2.933250393256195,0
289,0.9035670192752565,-0.011743838162649246,-0.1512264762662706,0.010140478670118226,0.05059926854417998,0.0492814383079577,0.9340000152587891,0.11479997634887695,0.29979997873306274,27.105725721120834,1.3021282923221589,4.536619859422956,0.9189552107822965,0.0073361572574669656,27.567355844039785,83.11694066926134,31.61231422595809,269.2307692307692,269.2307692307692,11,0.2894736842105263,0.12638051788391566,0.7618796992481203,0.11789648705928102,7.64090055810087e-05,0.657537826009728,0.00853214693009106,0.08953235183132666,0.012975902818957873,2.724285714285714,1.9485714285714286,1.79051212603249,0.6912112999832177,1.3980938416422286,22.571818033854164,21.705322265625,142.9080339704241,16.75987012987013,7.088060552436582,16.817728678385414,16.510477701822914,6.652136430093872,4.012047111866159,34.78167724609375,0.02966989204287529,0.06875776499509811,3.881545293898809e-06,3.4760708888595055,0.047268469435037264,0.6145395063796875,-7.411411830357143e-06,1.5017057138347396e-08,3.476070963083771,0.0005171769119095008,0.04659523388468774,2688.0,-0.003010718710427852,0.0234397143526937,-6.0986271165852814,0
290,0.8961377340214594,-0.021990504889261155,-0.1643404573854946,0.010519619195086751,0.12209943144781638,0.04028520420865351,0.9368000030517578,0.3537999987602234,0.29979997873306274,26.882871020606586,2.5420300048589706,4.929969293006829,0.920359370913053,0.011604575590087181,27.60946323040544,85.02579080056468,30.976921372441968,265.8227848101266,265.8227848101266,14,0.358974358974359,0.10279107109304499,0.7435897435897437,0.11506914254561165,7.894141174510421e-05,0.45399475458092825,0.015203018690688522,0.08040046541807601,0.033487212213987066,2.753142857142857,2.263714285714286,2.044265927826776,0.907088457311499,1.216205982582355,22.571818033854164,21.705322265625,157.4959014165969,13.315833333333334,8.370158494145745,17.35791015625,16.75390625,6.548071893861178,3.6015397348325733,34.78470993041992,0.029583541676402092,0.06875776499509811,-2.9209681919642856e-07,3.4303689592197153,0.0354044084345459,0.5911832756517018,-4.722958519345238e-06,-4.382918223755272e-09,3.430369223426858,0.0005066777222237075,0.03450107202437468,2706.0,-0.0029667667715692855,0.02284491952067426,-2.2548832283887394,0
291,0.8902858774491719,-0.10635625688518796,-0.15653573338474547,0.011078182961981757,0.1721196591193974,0.031977595388047265,0.9368000030517578,0.3537999987602234,0.29600000381469727,26.707297323431288,5.065653141438961,4.695843001518931,0.926809774778677,0.014769697525232868,27.802966245718086,82.66128567172103,31.987621687269492,265.8227848101266,265.8227848101266,11,0.2894736842105263,0.10183452396054234,0.7697368421052633,0.126414597275022,3.711520199916552e-08,0.3420047447269623,0.023701700839139965,0.05303269458920548,0.0693022573650611,3.2819047619047623,2.2538095238095237,2.3971736002720516,0.8881995342818035,1.4561588844284812,18.316752115885414,21.945088704427086,108.94784436907086,11.026607142857143,7.685665558047206,15.633002387152777,19.356553819444446,3.4925726071412697,3.095327181711179,34.79443359375,0.032617371529340744,0.06760303676128387,2.9311407180059524e-06,3.3947957129110855,0.027870642455907084,0.5682784800697345,-5.504063197544643e-06,2.8692693656895917e-08,3.394795550363462,0.0005086028014068412,0.026662176158883243,2706.0,-0.002935662121325696,0.01978470014379404,-2.2548832283887394,0
292,0.889953295997211,-0.13401961878367832,-0.13649797154324395,0.01172524721415885,0.17654087520162778,0.047805801377690194,0.9406000375747681,0.3537999987602234,0.21939998865127563,26.697319879957607,5.98724542089871,4.094862003028393,0.9284172913582723,0.015514938032878697,27.851223322195654,82.21273562628043,31.9066325408721,265.8227848101266,265.8227848101266,9,0.23684210526315788,0.10077745219234602,0.7731203007518799,0.12346451338253442,2.9027905039566712e-05,0.33535457233662697,0.019870132804535527,0.05427155703634293,0.05925111641116974,4.428571428571429,2.8642857142857143,1.5014285714285713,1.0180941244592778,1.546134663341646,13.155822753906252,21.945088704427086,108.33121250697545,17.545102040816328,7.1090990378197265,10.246124267578125,15.6591796875,7.437689210135719,2.909698486328126,34.805137634277344,0.03361181542277336,0.06336803734302521,5.871000744047619e-07,3.360208446233308,0.03393377303119947,0.5858096636259515,-5.2315848214285715e-06,3.8876137403828534e-08,3.360208071795153,0.0004965397508251366,0.0329179959820514,2714.0,-0.0029109658573271066,0.018840240643877147,-0.45672774485440987,0
293,0.8943446095046543,-0.08035408517292568,-0.10188007629769189,0.012440446575899027,0.17889897802143556,0.0637591478158653,0.9406000375747681,0.30260002613067627,0.21880000829696655,26.829064713716505,5.1150011437705585,3.0670760021890913,0.9233936310350508,0.016051468551678567,27.700490591072832,76.38827011162373,5.3505059858652,86.5979381443299,86.5979381443299,1,0.02702702702702703,0.022731549793383442,0.7894980694980693,0.05788344053306115,7.40302207413578e-05,0.010364640043581464,0.0021399951345289154,0.0005453738625135371,0.20647076266330688,4.196666666666666,3.3509523809523807,1.9945590388948602,0.8263602131117271,1.2523802756856615,25.177815755208332,19.8199462890625,80.4085946945917,16.674821428571427,7.861762016808227,12.149081759982638,12.4945068359375,5.963542409917164,9.316893349557407,34.801002502441406,0.03700484335422516,0.06953024119138718,-4.403250558035714e-07,3.322607766707212,0.038519567621086874,0.601654969734881,-6.866455078125e-06,-2.690490354124034e-08,3.3226080850851494,0.0004987310365910183,0.03760925729661274,2709.0,-0.0029472124746291843,0.017626310354295904,-0.5010999416856221,0
294,0.9049282278787522,0.004203971641404288,-0.060770409848008834,0.010786684043645887,0.11583949723582011,0.04811231905657405,0.9406000375747681,0.2850000262260437,0.21619999408721924,27.146564550655228,2.701043578343732,1.8647301482302803,0.9156077974448926,0.01086792887604376,27.466910262822562,76.38331624571423,5.0216215668002615,86.5979381443299,86.5979381443299,0,0.0,0.01854472177034099,0.7889285714285714,0.05209050970967801,1.2070661224489804e-05,0.010734144835734332,0.00139039433195984,0.007130317685127536,0.12953005136759196,4.737619047619048,2.0042857142857144,1.7860629500882672,0.9744417554137741,2.363744357329532,25.177815755208332,19.8199462890625,80.3247281029111,14.786031746031746,8.588699050097276,11.767815483940971,11.02294921875,5.744112354696697,9.52706861942762,34.795814514160156,0.03682396560907364,0.0691501721739769,1.1742001488095238e-06,3.276538135925819,0.04131013625881298,0.646840918976946,-6.303333100818452e-06,-2.8525912493357862e-08,3.2765382570126134,0.0005002345199623781,0.04044149041155521,2707.0,-0.0030436456092771623,0.018935050321110074,-0.5010999416856221,0
295,0.9046685232207888,0.014193666648297083,-0.07253532403423672,0.02153395333887669,0.06270749744220543,0.09780311156352306,0.9709999561309814,0.12940001487731934,0.5928000211715698,27.138832268118858,1.5306825854097095,2.485694150711809,0.9152522185563101,0.012756831631804487,27.456254111875204,76.65271447030031,6.899651541030628,93.75,93.75,3,0.08108108108108109,0.023526893956258326,0.7886100386100384,0.06538737426557631,7.44240726364015e-05,0.01531653267562895,0.001916756390788809,0.0016965531657185038,0.12514297010828532,3.025714285714286,1.9682142857142857,1.1002685201015843,1.0153316413058024,1.5372890582471421,21.946818033854164,13.443501790364582,89.63755122593471,18.103857142857144,7.06777227408802,11.350911458333332,8.535868326822918,3.09293987895113,6.22136253596153,34.79645538330078,0.03793511539697647,0.07528672367334366,-7.338750930059524e-07,3.242541338101971,0.03460772114094813,0.6586316254147906,-8.537655784970238e-07,-9.398709989985687e-08,3.24254172928506,0.0005065439979137061,0.033547169914162386,2707.0,-0.003019060511162415,0.019163445472640355,-0.7554964646225992,0
296,0.8733726383674713,-0.026305609949997494,-0.2146276383144515,0.050432511806711364,0.03467929952350182,0.20185453289160935,0.9709999561309814,0.12940001487731934,0.5928000211715698,26.199951008132526,1.0881065833994321,6.7376861512235235,0.9239929572997693,0.01628290711543292,27.718467170134723,83.2454403085743,10.465870164079977,99.7624703087886,99.7624703087886,3,0.075,0.02242377634750419,0.7324642857142857,0.09346776564295156,0.00018124852244897968,0.0157324161907391,0.0006907427728103454,0.005568985072226447,0.04390570173302125,2.137142857142857,1.792857142857143,0.7637485428691134,0.8599264325439445,1.1920318725099601,21.946818033854164,28.875732421875,96.13957047235397,15.69868131868132,7.96759968427741,13.520039876302082,11.705542670355902,8.110661320817378,5.693755654091323,34.80349349975586,0.03410184383392334,0.08375637233257294,-1.5389578683035714e-06,3.2404055726408396,0.03218888206100688,1.1911086527805634,2.906436011904762e-07,-1.8764309626836837e-08,3.24040580786897,0.0005267842342592631,0.030954864633453278,2715.0,-0.003041210858448705,0.019392659677884765,-0.7554964646225992,0
297,0.8375516200292679,-0.03407690522216615,-0.3566922477710815,0.04729349421458372,0.026595025195927824,0.1817955682988933,0.9709999561309814,0.125,0.5928000211715698,25.12530960083008,1.1984444454312324,10.968676723880428,0.9303876038302035,0.015994266334064706,27.910304965496273,85.46202291044341,8.104938320087065,99.7624703087886,99.7624703087886,3,0.07142857142857142,0.02375522263186974,0.70843537414966,0.06738904751051245,9.436734693877526e-05,0.020086066167205402,0.0010713134559305483,0.01692758681658113,0.053336150892487146,2.98,1.4665714285714284,1.5305717885809866,0.2997898583736172,2.0319501266315996,21.946818033854164,28.875732421875,89.48880135672432,12.724025974025974,7.47519010420103,13.587697347005209,12.073221842447916,8.935252394186785,7.132415558210179,34.80998611450195,0.03316798061132431,0.08375637233257294,-5.129859561011905e-07,3.2412768988307104,0.031101364704073733,1.1911086527805634,2.506801060267857e-06,5.1686669693794544e-08,3.241275993679659,0.0005374905429414601,0.02983819742760385,2726.0,-0.003028742841672718,0.0186803595856745,-0.7554964646225992,0
298,0.8068942582266672,-0.05110095263095129,-0.4719686096509298,0.011507150722737792,0.016215295917952826,0.01978550417244818,0.8875999450683594,0.0965999960899353,0.5479999780654907,24.20566374676568,1.545804577938148,14.158402432373592,0.9365668339500598,0.008567489385325623,28.095666766976645,82.20249060790938,10.12948482927761,99.7624703087886,99.7624703087886,3,0.075,0.03104325909295779,0.7412857142857143,0.09305955959842632,5.169903473552688e-05,0.02606834341739953,0.005089847738037282,0.0038982590758274748,0.19525014138949934,4.303214285714286,1.4442857142857144,2.0867033797111554,0.20036446383365225,2.9794757665677545,9.654032389322918,9.669698079427082,53.980132184709824,14.442714285714285,9.218539249683715,7.239456176757813,6.561126708984375,1.8956916537755375,2.4316592413397338,34.81163024902344,0.033023539930582047,0.08221694827079773,2.274286179315476e-06,3.232657237879623,0.03723967107396935,1.5209487079876602,-5.540393647693452e-06,1.731955582870462e-08,3.2326569353795263,0.0005755097498392724,0.036111914136108786,2730.0,-0.003117047788460966,0.015700356831986752,-10.320307713149774,0
299,0.8071693053642909,-0.08972908572639737,-0.4669239237989698,0.01283899317611207,0.06008701598957364,0.028407074273696563,0.8774000406265259,0.2775999903678894,0.5479999780654907,24.213935732415745,2.6917054289153644,14.007041856816837,0.9392161216326682,0.006846527132861553,28.175140560603115,75.83407343749484,5.760346261194572,86.77685950413223,86.77685950413223,4,0.1111111111111111,0.037696811041283265,0.7958333333333335,0.0611977714754393,2.1833686630570546e-05,0.03981544051072934,0.005527704781592556,0.0023303323310210587,0.13883319412485132,3.954857142857143,1.9576190476190476,1.7948173916551386,0.4991262206366082,2.0202383848212113,13.2977294921875,9.669698079427082,71.6078135899135,16.223714285714287,7.8741215564476965,9.586771647135418,8.335232204861112,1.5285778095806413,2.9430832999520504,34.82741165161133,0.03197623789310455,0.06410707533359528,6.083170572916667e-06,3.195546015200913,0.030641813362522845,1.3926320956279237,-4.813784644717262e-06,3.403552255639616e-08,3.195545688233805,0.0005719998399271868,0.02932390425746227,2709.0,-0.003045753401623732,0.017545449835231108,-12.982878895540395,0
300,0.80279936227912,-0.15122759026005156,-0.46516410475969316,0.01506128349343078,0.08120139180117651,0.028059537254615536,0.8774000406265259,0.30159997940063477,0.5479999780654907,24.08283186835902,4.536593707799912,13.954267571355615,0.9440708711461924,0.008501803552239983,28.320773949392947,76.31593750848555,6.73905753821939,90.3225806451613,90.3225806451613,4,0.1111111111111111,0.037682113674289815,0.7923412698412698,0.0697957440906828,1.2912379841732444e-06,0.029105067283964454,0.004643923274356289,0.002235974183122865,0.15955720799569756,3.3520000000000003,1.9525,0.7847129203389853,0.5273512702600591,1.7167733674775931,13.2977294921875,13.342386881510414,74.84498654320127,15.232987012987014,7.638174787429211,8.79376220703125,7.936884562174479,3.788050875072333,3.3628736122914042,34.844356536865234,0.03494533523917198,0.07404866814613342,-1.7598470052083333e-06,3.1636824216634216,0.026863611692177797,1.2482482899594356,-4.795619419642857e-06,-4.7779397763232766e-08,3.1636813747160217,0.0005716933588798854,0.025353332083972238,2699.0,-0.003004321222798914,0.01967946621143102,-13.498449522101925,0
301,0.7958631335099539,-0.2170414094272114,-0.46496983791816804,0.016016968810426968,0.06276615527117406,0.025303972451842804,0.8774000406265259,0.30159997940063477,0.534000039100647,23.874763005290713,6.510988139978477,13.948418994673661,0.949460844961136,0.007910708249498829,28.482474662219538,76.35534054046897,5.7951389507166295,90.3225806451613,90.3225806451613,4,0.10810810810810811,0.03502590554085528,0.7901930501930502,0.058139154599424786,1.1540897959183716e-06,0.03268967964207444,0.004894163401593662,0.015476516881828334,0.14971585696711603,3.095952380952381,1.7539285714285715,0.6006438816489836,0.34506635712037553,1.7651530577614876,13.2977294921875,13.342386881510414,64.32887079148065,13.725238095238094,8.23490115618604,7.977718777126736,7.048416137695312,3.868672895870435,3.4954027046121454,34.862060546875,0.034467000514268875,0.08055313676595688,2.274286179315476e-06,3.1330848658608796,0.028360050049108593,0.823406242935194,-4.050845191592262e-06,-1.1070732420899268e-09,3.1330856265778806,0.0005435237372996704,0.02704590975384055,2693.0,-0.00297501702392892,0.02000813947978339,-13.498449522101925,0
302,0.7872541715474356,-0.251478666745481,-0.47321327600308827,0.008049673807242353,0.02802062129383952,0.011533278704001716,0.8206000328063965,0.30159997940063477,0.534000039100647,23.61649086066655,7.544023430943489,14.19572970867157,0.9528374878609203,0.00501455313557802,28.583764413031343,75.10563716373198,6.058428387346108,90.3225806451613,90.3225806451613,3,0.08108108108108109,0.03175069410207782,0.8037837837837838,0.06109428321366697,6.109976842982035e-06,0.024392473610278374,0.0037946711418440308,0.0017581955463979956,0.15556729516128498,3.544857142857143,1.6185714285714285,0.5663593724619644,0.19437760432010806,2.190114739629303,6.267293294270834,6.823527018229166,37.606084551130024,14.76103896103896,7.998474555187684,5.104654947916666,5.244013468424479,0.9371285353158264,0.8578432824564795,34.87771987915039,0.03136703744530678,0.08589735627174377,1.6145252046130953e-06,3.1021695972357435,0.029396342030962426,1.4318006010547033,-5.177089146205357e-06,-1.739131376504161e-08,3.1021699431211798,0.0005873656342524551,0.028054258926405982,2703.0,-0.0030011540849710283,0.01790624880878452,-13.837297102020965,0
303,0.7850883045764196,-0.261918162218162,-0.47397981881527673,0.004850074256050476,0.006593958833348867,0.009506243042843313,0.8026000261306763,0.29339998960494995,0.534000039100647,23.551531422989708,7.857157152252538,14.218712850170476,0.9538160035059278,0.003747259363033336,28.613114680722365,73.05690308134716,4.132857720361084,81.71206225680933,81.71206225680933,1,0.027777777777777776,0.026300572553046752,0.8238492063492063,0.045520197411544595,1.1643415243648536e-05,0.013885667647493102,0.004086184491653079,0.0013527312538149923,0.29427353407747686,3.5645714285714285,1.4710714285714286,0.5115789084704692,0.14097465034826767,2.4231124059237676,5.650126139322917,5.600484212239584,35.59126085553851,14.918051948051948,8.135406349091229,4.597452799479166,4.547144571940104,0.7973424589104366,0.5713695980156878,34.888832092285156,0.03134625405073166,0.08589735627174377,4.840669177827381e-06,3.071394666456778,0.027409109772726797,1.3342402939999958,-5.249750046502976e-06,4.854630475180793e-08,3.0713936688056487,0.0005819233033467503,0.02593410767213914,2706.0,-0.0030056094392175523,0.01490168031063189,-9.661100612845386,0
304,0.7859090567316328,-0.260937133820284,-0.4728425713124729,0.004888541605429682,0.006630763756012342,0.009522925927109288,0.805400013923645,0.29339998960494995,0.5238000154495239,23.57615527340344,7.8277247289248875,14.18459399649075,0.953659703190048,0.0036127553528639785,28.608425456867845,73.32808374012717,4.12149956376228,81.71206225680933,81.71206225680933,1,0.02857142857142857,0.027865221840769436,0.8207755102040816,0.04517196537282257,6.987595168679704e-05,0.01585293116458492,0.0026887283958809756,0.0008433720638200838,0.16960449572174593,3.696857142857143,1.480357142857143,0.47486573827530987,0.09849570072457217,2.497273823884198,5.650126139322917,5.600484212239584,37.190804763067334,15.14103896103896,8.036524925135398,4.61663818359375,4.5117950439453125,0.7925419360034676,0.6923590851666643,34.90141677856445,0.03264278918504715,0.07860065996646881,1.8354143415178572e-06,3.0508909729070752,0.020195550431204086,1.2818965798587727,-1.9800095331101192e-06,1.552972685125037e-08,3.050890559898709,0.0005939812132883947,0.018117747351640335,2713.0,-0.002967993955737971,0.01354426437655848,-9.661100612845386,0
305,0.7877943423589071,-0.2572623242593947,-0.47060265714781624,0.0060249120279865,0.013607176295461144,0.009521430663588201,0.8114000558853149,0.29339998960494995,0.5238000154495239,23.63269727076803,7.717507156346525,14.117414000162057,0.9531878362260755,0.003968825373885843,28.594271519709025,74.50205216231966,4.447155040226623,81.87134502923976,81.87134502923976,1,0.027777777777777776,0.026691193773843953,0.8082142857142857,0.04810864381768959,6.7897469387754885e-06,0.02114024516837792,0.0016244847260750452,0.0008499085208888502,0.07684323020553176,3.3882857142857143,1.5331428571428571,0.2705148530382125,0.0849412762334265,2.21002609019754,5.650126139322917,5.600484212239584,39.071235584077385,13.977857142857143,8.52472016617347,4.707865397135417,4.734171549479167,0.653820080474618,0.6296872744784651,34.914642333984375,0.03239227086305618,0.06710164248943329,-2.4937220982142856e-06,3.0348890435439646,0.01591041320573346,0.683623617217451,-1.961844308035714e-06,-3.894914614906243e-08,3.034889550098563,0.0005435939332580967,0.013304216550481238,2712.0,-0.0029674381263187616,0.012710011319476433,-4.978923238565882,0
306,0.7895521038316545,-0.24834264795553115,-0.4707664474958465,0.006718167134901009,0.015749669295052973,0.009901170638609026,0.812000036239624,0.2865999937057495,0.5238000154495239,23.685435829247748,7.449916581511498,14.122311139149325,0.9523981198243774,0.0040845971622711745,28.570576597421635,75.95834914290458,4.012488980639567,83.49900596421472,83.49900596421472,1,0.02702702702702703,0.024193335039168547,0.7921235521235521,0.042028831568638694,3.4969120199916735e-05,0.018693238919649788,0.0017498242771612801,0.0023070171773288965,0.09360733496654322,3.2522857142857142,1.409142857142857,0.2934921338861763,0.14788467652539394,2.307988645579887,5.248819986979167,5.313618977864584,39.06832856677827,15.958571428571428,8.066499548502211,4.399800618489584,4.382832845052084,0.8334578803490504,0.47798579547077946,34.92857360839844,0.03238609433174133,0.0778166800737381,-1.1742001488095238e-06,3.019266930950647,0.022353381915521938,0.683623617217451,-2.379644484747024e-06,5.277263733996501e-08,3.0192662659823997,0.0005478570653696634,0.02062886982002751,2716.0,-0.002939644475635089,0.012244298373878169,-4.978923238565882,0
307,0.8140875515994571,-0.21380757157575517,-0.37937182846523465,0.04736346423378339,0.06092879719259342,0.19202402514872224,0.9598000049591064,0.2865999937057495,0.5169999599456787,24.421413547907555,6.41398900440761,11.903653424893106,0.9460656416864828,0.012800292637189242,28.380633077338892,78.90860762906935,5.1584505083902625,90.51724137931035,90.51724137931035,1,0.02631578947368421,0.023098389043236748,0.7635714285714286,0.049036637698099725,8.751793419408573e-05,0.01251463412763989,0.0024907449480385258,0.0018573403548836091,0.19902658940203874,2.8402380952380955,1.299795918367347,1.0128582902359902,0.2111752875751934,2.185141571151934,5.3753662109375,6.181233723958333,43.55277637300037,15.812761904761903,9.01369558805904,4.597744411892362,4.687616257440476,0.938650783583241,0.5390374793752113,34.94267654418945,0.03317922726273537,0.07051319628953934,1.1756533668154762e-06,3.010631503334988,0.024539955814984516,0.6751640210892168,-7.62939453125e-07,5.145205723110661e-09,3.0106323662391747,0.0005185419122271105,0.02296813074903726,2707.0,-0.002897876619435533,0.017133167006392586,-8.992277725607535,0
308,0.8556967804715747,-0.16081482869102842,-0.21084329491002218,0.06094683792489774,0.074794970249659,0.25189645092438206,0.9598000049591064,0.269599974155426,0.5169999599456787,25.669681128433773,4.824210432129247,7.578260427755969,0.9354327349204906,0.01610929235005203,28.06164716822308,79.6096905550197,4.766757893672868,90.51724137931035,90.51724137931035,2,0.05128205128205128,0.02541069744370912,0.7563369963369965,0.044507650048042816,8.965746938775537e-06,0.019755367711706433,0.0030812459016181203,0.011645363434519176,0.15597006072391492,2.6766666666666667,1.379142857142857,1.3025661921020584,0.3488916561844121,1.9408190042124165,11.119181315104168,11.1700439453125,54.02860921223957,14.07043956043956,7.359481915264397,6.481272379557292,6.100830078125,2.7155769522898434,2.4214304714519734,34.96005630493164,0.03450391814112663,0.06974492222070694,6.6077822730654765e-06,3.0086682084730527,0.024469534149358194,0.615905557027943,-7.084437779017857e-07,-5.6005643953036084e-08,3.008668537779015,0.0005014142683024115,0.022894057253451755,2715.0,-0.0028651633334610556,0.017156021744794102,-8.992277725607535,0
309,0.8967620667730059,-0.12058377142463411,-0.04804637137197313,0.042830517916652294,0.05177247508031483,0.17835086773206266,0.9598000049591064,0.269599974155426,0.5054000020027161,26.901645431774003,3.6172519998891013,3.056407855238233,0.9258589030703072,0.011843572230232264,27.77443106675559,78.39234858344523,5.787243858627364,90.51724137931035,90.51724137931035,3,0.07894736842105263,0.028730253536726938,0.7695488721804511,0.05662747400660981,4.573071620158266e-05,0.02831580477528525,0.001693125064825877,0.007346926758476431,0.05979434730047579,2.829047619047619,1.671142857142857,1.3834470078693895,0.5557847182688855,1.6928819741266314,11.119181315104168,11.1700439453125,61.736933026994976,13.072307692307692,8.601810870250208,7.648908827039932,7.949930826822916,2.37679130709001,2.1775938657905827,34.968017578125,0.03229515999555588,0.06475561112165451,1.6871861049107143e-06,3.0038064811622625,0.027776780316134456,0.615905557027943,-5.086263020833333e-07,-2.0461338302221636e-08,3.003806465146535,0.0004958323489218762,0.026342664977764208,2705.0,-0.0028802840733867584,0.01703767881801239,-8.992277725607535,0
310,0.9149753433409191,-0.11054801890395936,0.020808342632793245,0.004490783338417101,0.017355366416454743,0.017904341122574614,0.9385999441146851,0.14899998903274536,0.12619996070861816,27.44795201446329,3.3162922814062665,0.6626161308799471,0.9221988088918507,0.005002870823284315,27.66464613283289,74.8008943097245,5.403481131779523,83.83233532934132,83.83233532934132,6,0.16216216216216217,0.03499028047745769,0.8064092664092665,0.059442734447638125,1.3303139691795186e-05,0.04345384468926324,0.0024371094019302528,0.0028467145294505986,0.05608501202501016,3.8521428571428573,1.8610714285714285,0.3969301845773025,0.3822668356965712,2.0698522356553446,9.556172688802084,10.00823974609375,70.22986392066592,16.96685714285714,7.913504030504839,8.539301554361979,8.572031656901043,1.2501126818482402,0.6412739857569691,34.96453857421875,0.03373269364237785,0.06475561112165451,-9.547642299107143e-07,2.9958418270365565,0.02127148843667383,1.1517246475693323,-2.0345052083333333e-06,1.1339116614667514e-08,2.995841958262874,0.0005162542180905402,0.01925743747115935,2712.0,-0.002913217511405707,0.011968957640171503,-9.018692230435729,0
311,0.9149198097047352,-0.12308849501893634,0.007959161409309932,0.004509844599960799,0.008055847870640589,0.014794772770567625,0.9393999576568604,0.14980000257492065,0.07700002193450928,27.44628486258643,3.69248956484454,0.3900771217686789,0.923349278050997,0.004755570815468594,27.69915790626408,72.56807648951595,5.91250708944613,86.0655737704918,86.0655737704918,11,0.3142857142857143,0.04768217104719865,0.8322448979591837,0.06703837786389405,6.347861724281553e-05,0.06918277549230552,0.008083354114589112,0.004326629901779735,0.11684055831914607,3.577142857142857,1.8,0.49652362913129755,0.2870639550443669,1.9873015873015871,10.958048502604166,12.972412109374998,84.21471332368397,13.858311688311689,8.534467230931138,9.243214925130207,9.77301025390625,1.9017607519907056,1.157125227372659,34.952423095703125,0.03254605457186699,0.06514306366443634,-1.469203404017857e-06,2.9802896290652825,0.015271414635425482,1.1387654465865213,-1.7983572823660714e-06,1.4377775908006348e-08,2.98029088492475,0.0005453192989525608,0.012149401152424145,2699.0,-0.002942826871525463,0.011007874149489328,-8.243595232676103,0
312,0.9148631332772119,-0.12699786681788308,0.0019418281543822516,0.004383701155721153,0.0054616975474651545,0.012868099507939247,0.9393999576568604,0.14980000257492065,0.06859999895095825,27.44459199828761,3.809747718828065,0.27833555017198836,0.9237427889417986,0.00454712453840805,27.71096805776305,72.07274597422206,5.522294472546096,86.0655737704918,86.0655737704918,10,0.2857142857142857,0.04599832973636559,0.8373061224489796,0.0631724664426796,8.430987355268617e-05,0.07178790711231853,0.005976980729781223,0.013909939514280517,0.08325887980589416,3.470357142857143,1.852285714285714,0.335862239433895,0.22889191817117885,1.873553910226747,12.246704101562498,12.972412109374998,82.3746338617234,14.597402597402597,8.402835832342518,10.408986409505209,9.913838704427084,1.715480972079953,1.2999056337761496,34.94517517089844,0.030858414247632027,0.055955685675144196,2.7916317894345238e-06,2.9688570716370744,0.021891561496975187,1.1387654465865213,-4.686628069196429e-06,-1.7775352088698824e-08,2.9688573140545524,0.0005585744284180474,0.019853092780789613,2681.0,-0.002952552796500018,0.011016080478074699,-9.1492617737572,0
313,0.9139351521276292,-0.13623525757449015,0.005117761665866489,0.00525346084611698,0.017925697531685127,0.022277797687443642,0.9393999576568604,0.22659999132156372,0.11500000953674316,27.41674742102623,4.086872012955801,0.47318084486893247,0.924488980014876,0.00539024759402417,27.73334882645011,73.62346038468854,6.36262573074805,86.0655737704918,86.0655737704918,10,0.2857142857142857,0.04636809247747852,0.8209795918367347,0.07000022609590428,0.00010492448413161178,0.07533070570176892,0.0032903653132393203,0.015710343520691526,0.04367893918670744,2.974857142857143,1.9757142857142858,0.5224921442627883,0.2055674078828487,1.505712219812003,15.16387939453125,18.127950032552082,97.04739161900112,15.965476190476192,8.456098930770864,11.123942057291668,11.274027506510416,3.9528415878429213,2.775924488693553,34.94463348388672,0.030616814270615578,0.08587479591369629,-8.821033296130953e-07,2.949430579134671,0.019940546149388307,1.0836098890872758,-2.5794619605654763e-06,-4.340490447915829e-09,2.9494306495297407,0.0005586243036196443,0.01778487184936533,2673.0,-0.002920560998908906,0.016495001782321186,10.144516979101137,0
314,0.9136497048253105,-0.13855673386937095,0.009254895042805444,0.00522217325996931,0.017612037639575293,0.022895982227615533,0.9373999834060669,0.22659999132156372,0.11500000953674316,27.408186287624495,4.156506730360644,0.5374768471717835,0.9245926528766872,0.005432487659433851,27.736459816053056,75.02322638724307,5.372217728207697,85.71428571428572,85.71428571428572,7,0.19444444444444445,0.03908874555616385,0.8038888888888889,0.05790524270546699,7.658035818408868e-07,0.043963422493016255,0.005522657671921734,0.006975797209528524,0.12561937535229492,2.904857142857143,1.8302857142857143,0.48520864437005706,0.16199622066642197,1.5871058382766157,15.16387939453125,18.127950032552082,88.925706917899,15.628809523809522,7.969076689092908,11.106282552083334,10.9208984375,3.8892334872533234,2.613579173482221,34.950218200683594,0.03121527098119259,0.08587479591369629,1.3209751674107144e-06,2.931740762937535,0.016255908614268247,0.6548073026102295,-1.8528529575892857e-06,1.1145501398878794e-07,2.9317403964422173,0.0005556691407746285,0.013668471851746954,2666.0,-0.0028910628046729917,0.01722039052003701,10.144516979101137,0
315,0.913524190562112,-0.13999922917570387,0.007605247264816648,0.0055162614914308844,0.01738124763780179,0.025766537009384395,0.9437999725341797,0.22659999132156372,0.11500000953674316,27.40441685974598,4.199815160972731,0.6282948565483093,0.9247420673727855,0.005712343543877967,27.74094266874382,74.86528909736468,5.29511459421236,85.71428571428572,85.71428571428572,6,0.16666666666666666,0.03787273456358301,0.8054365079365079,0.05663846781812768,1.7660577426072418e-05,0.042719965129957765,0.005547357790972014,0.007395100237805726,0.1298539868676503,3.0542857142857143,1.7897142857142856,0.5295165295833935,0.23547329672255354,1.7065772669220947,15.16387939453125,18.127950032552082,95.0220206124442,15.199880952380951,8.350308325773817,10.768513997395834,11.6070556640625,3.3631280104053713,2.3925230062281675,34.95616149902344,0.030940907076001167,0.08587479591369629,-5.144391741071429e-07,2.915512632798038,0.01761847393720747,1.273324460706804,3.814697265625e-07,-9.035824596082972e-08,2.9155137381825162,0.0005626748486206083,0.015201044349950265,2691.0,-0.0028352749687700885,0.018177599836787666,10.144516979101137,0
316,0.9067952388184412,-0.0472417049918856,-0.017538267041955675,0.01403615409392949,0.13186354703278846,0.03823828356489115,0.9606000185012817,0.20099997520446777,0.15299999713897705,27.20257045022079,4.080845731922558,0.902654860998903,0.9185579987941868,0.010740227380911434,27.555435583806226,79.46482114400746,17.317659428918148,155.55555555555554,155.55555555555554,5,0.13157894736842105,0.09898603421525452,0.776127819548872,0.09904371323587723,2.6617176176593092e-05,0.5295254070380647,0.00325899533918731,0.033323391652634114,0.006154558961423051,2.7054285714285715,1.907755102040816,0.8896907970108009,0.687101427383083,1.4181215233204967,15.222676595052084,14.518025716145832,93.43651333763485,16.05438775510204,8.443404216957092,11.467203776041668,10.806405203683033,1.889407425226871,2.9018995128460494,34.952537536621094,0.03353126719594002,0.065157450735569,-1.7613002232142856e-06,2.902809296736893,0.01552174340480836,1.274020994468188,-1.3805571056547619e-06,-6.707870327487316e-08,2.9028094940118168,0.0005866827909326118,0.012593873339640793,2690.0,-0.0028521591047747726,0.016706394328827076,5.8843074915999996,0
317,0.8973622871012915,0.05445390444710141,-0.03741783856210255,0.015395843917498422,0.14298573989307897,0.03373207561080646,0.9606000185012817,0.20099997520446777,0.15299999713897705,26.919588470203536,4.4548911514878275,1.2382962959579058,0.9117645507028325,0.01138452867854963,27.35163622394221,80.18168673718519,17.240382453674663,155.55555555555554,155.55555555555554,4,0.10526315789473684,0.09821405756379256,0.7689849624060151,0.09871891978216622,6.620644064972957e-06,0.521279625945076,0.0033494549320222796,0.034470791637639754,0.006425447620266652,1.9228571428571428,1.8491071428571428,0.7452228813295676,0.68727647108284,1.0398841139546113,15.222676595052084,14.518025716145832,102.7606214977446,15.810535714285715,8.17989360608607,10.314246283637152,10.533065795898438,2.622034083157935,3.947303543494118,34.94126892089844,0.03515034541487694,0.06439383327960968,-5.28535388764881e-06,2.889226787482311,0.014693223606590108,1.2507981551970035,-2.143496558779762e-06,4.64302545618794e-08,2.8892265464356846,0.0005840338650055147,0.011624499627495863,2705.0,-0.0028454520964496482,0.01698897244158858,5.8843074915999996,0
318,0.8883456785792396,0.15254478052400408,-0.05789678133385522,0.00931541411977769,0.05488348917712806,0.025153233531571315,0.9606000185012817,0.20099997520446777,0.15299999713897705,26.649088643108094,4.748630843332836,1.7415731530530112,0.9052436232301952,0.0067553006585533894,27.156008455313117,81.98874259509152,16.333019760178825,155.55555555555554,155.55555555555554,3,0.07692307692307693,0.09639640231998445,0.748974358974359,0.08755588704446576,5.0762848812993005e-06,0.5565582873487525,0.00274166679028757,0.026931561901124848,0.004926109003511392,2.3326190476190476,1.593809523809524,0.9470453216556436,0.3319553148629491,1.4635494472662083,15.222676595052084,14.518025716145832,98.94169747488839,13.278571428571428,7.762451635507045,9.64509752061632,10.330437554253473,3.203525905078702,3.907126570920762,34.935367584228516,0.032949842512607574,0.06439383327960968,-3.9643787202380955e-06,2.875736680327583,0.01790191339308236,1.1818709846365485,-7.084437779017857e-07,5.04479744745236e-08,2.8757358147423995,0.0005608615781046549,0.015581149630337464,2711.0,-0.0028520740955694816,0.01685026540136324,5.8843074915999996,0
319,0.8877821934450241,0.15964945604119982,-0.06574597173645383,0.005401898043689592,0.0206082875535231,0.021366280743459063,0.9309999942779541,0.19819998741149902,0.1531999707221985,26.63217351760183,4.793103395955903,1.9723422945822988,0.9049091062294837,0.0041969091017083045,27.145960625928684,77.70093818543701,3.9376807139540158,83.83233532934132,83.83233532934132,4,0.10526315789473684,0.027604287539585565,0.774248120300752,0.04065849870414418,9.788881299458422e-07,0.026617459802056025,0.0010346394897867211,0.001679027745433892,0.0388707073282328,2.755714285714286,1.8645714285714285,1.1496980970175232,0.4940646904681076,1.4779344161814283,12.92572021484375,12.587687174479168,89.90834546770367,13.876071428571429,8.36083713880163,9.17138671875,8.959391276041668,2.815463814036255,3.5880589680733888,34.94200897216797,0.03364107385277748,0.06898684799671173,3.303164527529762e-06,2.860204626631665,0.01625631653525308,0.5625093497992244,-3.0880882626488096e-06,1.4944040384791042e-07,2.8602040984937984,0.0005354142219983055,0.013825197391478748,2704.0,-0.002873618479802673,0.014549412697500557,-6.433482683030186,0
320,0.8655625926767077,0.08765985621440978,-0.19545538114082245,0.03846729950264353,0.09610991868181494,0.17882333438245543,1.025399923324585,0.1905999779701233,0.7089999914169312,25.965676780343056,3.527867974085467,5.863273577094078,0.9151352821423011,0.017541611890043034,27.452748754965068,79.3948702143193,5.278816337205381,90.12875536480686,90.12875536480686,6,0.15789473684210525,0.03021434732598663,0.75906015037594,0.0505057943691005,3.8490628904642475e-09,0.037416489117181685,0.001233727553995753,0.005686248876743446,0.032972830511487625,2.9585714285714286,2.0642857142857145,1.119738672136294,0.3218584427086808,1.4332179930795848,11.895243326822918,12.587687174479168,83.42034614199684,14.862597402597403,7.989308969961493,8.863362630208334,10.162658691406252,1.5913418432799482,3.1940921513025926,34.95054244995117,0.03153166174888611,0.06822562217712402,4.551478794642857e-06,2.843302489746117,0.017015238871506293,0.8223862827774711,-1.3260614304315476e-06,4.528759531266693e-08,2.843302349634378,0.0005365060121926993,0.014662879463257525,2691.0,-0.002951447676831237,0.013598029956816169,-10.199022312421162,0
321,0.8373178773493993,0.018517285134111133,-0.3330293143874123,0.04320389747890365,0.09260254171859898,0.1856721612895925,1.025399923324585,0.1905999779701233,0.7089999914169312,25.11833517755781,2.365687132350036,9.990470860174725,0.925717259493446,0.017780783531571306,27.770207139446523,79.9938265502691,5.077990675619487,90.12875536480686,90.12875536480686,7,0.1794871794871795,0.02918881824661161,0.7531501831501831,0.0489376192668377,4.85552992919617e-05,0.024171512515233976,0.0018273846360797557,0.0015295544573208546,0.07560075667288324,3.1742857142857144,1.6825714285714286,1.08194571518734,0.06537427566227672,1.8865681779589065,11.1627197265625,10.356038411458334,75.50610169910249,15.932261904761905,8.078071991179034,8.092122395833334,7.510518391927084,2.3743211289408293,3.2256338982322923,34.950782775878906,0.031135370954871178,0.06783008575439453,4.111153738839285e-06,2.832116313698371,0.014794995584648479,0.7450283806734587,-2.0708356584821427e-06,2.1604111152436716e-08,2.8321155783009915,0.0005571968261017562,0.012023533445493183,2675.0,-0.0029742105263402636,0.014466137634712094,-0.48476340820634073,0
322,0.8086161528541929,-0.04791346664655776,-0.4652908761444546,0.02229923662971792,0.015687551592914354,0.05288250347265268,1.025399923324585,0.1905999779701233,0.7089999914169312,24.25725572850023,1.4373742854595184,13.958275141460556,0.9359828974396573,0.011283282737217664,28.078152255548094,79.42054540672723,6.219028792481501,90.12875536480686,90.12875536480686,5,0.13157894736842105,0.02972479024302319,0.7604135338345865,0.06349210045397508,9.660081632653238e-07,0.02633931959776856,0.0019923124194583452,0.0014425729057164272,0.07564023861979836,2.8205714285714287,1.68,1.0149625910468276,0.047602378034693006,1.6789115646258506,9.772237141927084,9.479268391927084,65.73181973411923,14.101208791208792,8.60981789348172,6.206278483072917,6.756049262152779,1.8151547875752678,2.053081936927353,34.950721740722656,0.03108585998415947,0.06936075538396835,8.079892113095238e-07,2.8215493970153207,0.012381089352052014,0.6339599068642244,6.176176525297619e-07,-4.8018043237794935e-08,2.821549406960752,0.0005589540832091741,0.008871355412126952,2670.0,-0.0029784936824529934,0.01634258139511092,-10.71098771216008,0
323,0.8041440578642346,-0.05354067618506295,-0.47721815229029885,0.010538224061419337,0.016238856108105184,0.020450301595679645,0.8538000583648682,0.11180001497268677,0.5557999610900879,24.12317173591682,1.6061315712758473,14.315868854437555,0.9370168833558428,0.0066154694167534925,28.109169235894452,84.02226902361748,28.69757077196147,247.05882352941177,247.05882352941177,9,0.23076923076923078,0.09587126617379078,0.7513186813186813,0.12075524788480209,2.895757700957984e-05,0.2911992777329214,0.01509011366011653,0.08408154908524204,0.051820573792620096,2.546666666666667,1.65,0.8241671395553831,0.20303479813002667,1.5434343434343436,8.32305908203125,8.65081787109375,63.89495827811105,16.142244897959184,8.469798991737239,5.733083089192708,5.945366753472221,2.0017966479515907,1.9538178793318661,34.95108413696289,0.030915236100554466,0.0758584663271904,4.403250558035714e-07,2.8215411867245535,0.01285532456987962,0.4458280649292093,-5.267915271577381e-07,4.715506423136231e-08,2.8215405809118357,0.0005644095716700998,0.009540932700339858,2668.0,-0.002939563825876223,0.01921863274348118,-10.71098771216008,0
324,0.8035297057685398,-0.06684069491000402,-0.4788562760523387,0.009814824136788022,0.019135360956061987,0.019173522122777613,0.8538000583648682,0.11180001497268677,0.5557999610900879,24.104749030215398,2.005108133000987,14.364989995871271,0.938200004077038,0.006470608583065336,28.144656549987996,82.40475945853679,29.88275034023142,247.05882352941177,247.05882352941177,9,0.24324324324324326,0.09849490933816263,0.7703861003861003,0.1283209265587695,8.252053910870454e-05,0.32385649182285325,0.014130109866189955,0.04930645243438271,0.04363077542975116,2.189761904761905,1.5957142857142856,0.7598905294712162,0.23406493662619168,1.3722769322590271,11.26922607421875,15.036722819010414,65.5398405529204,16.02295918367347,7.2717174166656395,7.129533555772569,7.254062228732638,3.93775004867708,3.057153546924119,34.95703887939453,0.030752448365092278,0.07202388346195221,4.560198102678572e-06,2.818255689926224,0.0130369023532159,0.4939894837913816,-1.4168875558035715e-06,6.161195989147321e-08,2.8182558767136623,0.0005695364597031737,0.009770952418390832,2681.0,-0.002960112076601263,0.0186244166494882,-10.71098771216008,0
325,0.800869457602501,-0.07709590442123868,-0.4840874190557571,0.009648130704932166,0.016273614709345394,0.01873477989985921,0.8538000583648682,0.11180001497268677,0.5557999610900879,24.02494115667684,2.3127765612091338,14.52193114310503,0.9393323648018438,0.006317694405113224,28.178631576765635,81.05547308638666,30.087815389632247,247.05882352941177,247.05882352941177,6,0.16216216216216217,0.09699714795816493,0.784015444015444,0.12852158529265678,3.224385572678035e-05,0.33835411972524665,0.007511249578103885,0.03172127868164277,0.02219937379276847,2.2938095238095237,1.4948979591836733,0.8210569207553039,0.23992571389547826,1.534425483503982,11.26922607421875,15.036722819010414,63.719066292898994,14.786666666666665,8.391075720432497,6.499396430121528,6.526605515252976,3.6977190375800926,3.084502335025552,34.95942306518555,0.030863335356116295,0.08853799849748611,-3.9643787202380955e-06,2.8160674839574695,0.013438285452369038,0.49056692264981094,-2.452305385044643e-06,4.342302062125933e-08,2.816067344359137,0.0005713190105257006,0.010299004755389772,2688.0,-0.002959107224200261,0.017143184196867344,-10.41590062978816,0
326,0.7979148289476122,-0.08431435186522347,-0.48990049522831325,0.007126608099601392,0.005474454571816423,0.013450998336896516,0.8289999961853027,0.10900002717971802,0.545799970626831,23.936296582732883,2.529307984539441,14.696333142561572,0.9402258712504259,0.0040593094729889905,28.20543491643158,71.45802741950047,3.050237054880607,77.20588235294117,77.20588235294117,1,0.02857142857142857,0.02649605284427343,0.8411836734693877,0.035873905691152334,7.555512136609735e-05,0.019373089419735146,0.001224356178318451,0.0033072288024453287,0.06319880901758566,2.9014285714285712,1.4847619047619047,0.2921685283866006,0.1817594782576907,1.9541372674791533,5.925089518229166,6.903788248697916,52.82356378464471,14.891648351648351,8.221742966581084,5.468770345052083,5.607520209418403,0.806842463241876,0.452873887530802,34.96377944946289,0.030764475464820862,0.07935994863510132,7.353283110119048e-07,2.8074121482031362,0.01146873872987737,1.306475783723624,-1.5077136811755952e-06,-4.566933759117974e-08,2.8074122984755316,0.0005925634695309436,0.0074360442417532235,2692.0,-0.002998039260500244,0.014834208239019073,-8.612989104593083,0
327,0.796074218982742,-0.0839385424823988,-0.49325815242528914,0.007639249629094564,0.0053519406123583605,0.014105042601880917,0.818600058555603,0.10780000686645508,0.562999963760376,23.881083283764976,2.5180298458678383,14.7970447156259,0.9404003830816783,0.0040643704197763815,28.21066492201522,70.64930250060763,3.068776875322863,76.64233576642336,76.64233576642336,2,0.05714285714285714,0.029617408332778542,0.8508571428571429,0.03668032257409879,1.2995289296126565e-05,0.0302192151315812,0.00039464697634941203,0.0006965191591189518,0.0130594714201223,2.842,1.706190476190476,0.28302390466574534,0.2255313705296239,1.6656991348032377,6.59393310546875,7.64678955078125,57.23909599667503,13.918901098901099,8.55760994439401,6.067952473958333,6.265513102213542,0.8568421455213928,0.3357962439500762,34.966102600097656,0.030906016007065773,0.08891516178846359,-3.898983909970238e-06,2.8018568511304616,0.010932017090221067,1.306475783723624,-2.5431315104166666e-07,-4.798507811049153e-08,2.801857386339928,0.0005762425403481484,0.006487861031184464,2693.0,-0.003027528735843308,0.014936236906526224,-7.505439715214005,0
328,0.7971683525698525,-0.08412346625044233,-0.49106308577458063,0.008687728747034593,0.005263171799197362,0.016039827189011098,0.8221999406814575,0.10619997978210449,0.562999963760376,23.913907005701745,2.523586273235934,14.731198573240212,0.9402344203872798,0.004096645798037693,28.205689758632612,71.33737182967118,3.4219342646782365,79.24528301886792,79.24528301886792,3,0.08571428571428572,0.03125525165956148,0.8429795918367347,0.03978861262087488,2.241732611411798e-07,0.036496171631585674,0.0025112774660922153,0.0013027689634067096,0.06880933955053044,3.1488571428571426,1.7705714285714287,0.27620371068455685,0.2005616603237935,1.7784411812167176,7.760213216145833,7.64678955078125,57.25896323067801,14.522380952380951,8.564679353385266,6.486979166666666,6.8345947265625,0.6420135916915584,0.6992444892611672,34.96969223022461,0.03084350936114788,0.08161793649196625,1.1727469308035715e-06,2.79263377013669,0.013340501378580043,1.2492336519543035,-6.176176525297619e-07,-9.457878819786996e-08,2.7926346593594307,0.0005924401614766064,0.010036833859341883,2692.0,-0.003028448579039019,0.014917417093137068,-5.049790330954651,0
329,0.7981093335378737,-0.08437836159694763,-0.4892129619206701,0.010400113043927359,0.005330561842948265,0.019194137331746092,0.8308000564575195,0.11000001430511475,0.562999963760376,23.94213686329978,2.531238705047539,14.675699000486306,0.9401679151273173,0.00410144013737316,28.20369748770395,72.19009587102028,4.036320904354766,80.61420345489442,80.61420345489442,5,0.14285714285714285,0.033009329686295295,0.8336734693877551,0.04540621412922855,6.192726364014999e-07,0.032719329794804686,0.0030398159139280395,0.003033193083353007,0.09290581234370865,3.2903571428571428,1.788857142857143,0.20985022598734263,0.23625029964347696,1.8393627216099664,7.760213216145833,8.86810302734375,61.55079374767485,15.589090909090908,7.881583787250257,6.853001912434895,7.205118815104167,1.0659726976786386,0.668351339645626,34.974246978759766,0.03085285983979702,0.08161793649196625,-2.9355003720238095e-07,2.781981680769108,0.015938382223390283,0.5868026438358063,-2.089000883556548e-06,-3.842826829046757e-09,2.781981699607489,0.0006045657284647221,0.01336026743178653,2692.0,-0.0030249087085417806,0.01493290016743666,-5.049790330954651,0
330,0.8000342485280264,-0.08380493315344766,-0.4855772379892213,0.01057335418195022,0.005241404299298476,0.019632382786602204,0.8308000564575195,0.11000001430511475,0.5573999881744385,23.999868027312417,2.514029280330454,14.566644568272999,0.9398783610651624,0.00408468908586987,28.195005020609866,72.63825165918834,3.6595612027360036,80.61420345489442,80.61420345489442,4,0.11428571428571428,0.03003998935392877,0.8280408163265306,0.04033545303260238,2.026846147438581e-06,0.029946453224619484,0.003167101851753928,0.0017354442801636714,0.10575882986871381,3.239642857142857,1.605142857142857,0.33514750788394104,0.23599827048830122,2.018289426842293,8.503926595052084,8.86810302734375,57.84066670735676,15.426623376623377,7.618267185285136,6.866226196289063,6.807332356770834,1.2284897382226152,1.1505826852333176,34.9814453125,0.03164789453148842,0.08773338049650192,0.0,2.768357411650645,0.014186230675829447,0.5658815095516035,-2.5431315104166665e-06,3.228664712607538e-08,2.768357014642442,0.0006362935221206819,0.011403130068194673,2691.0,-0.002971296236405037,0.014797792692835656,-4.718225602884223,0
331,0.8002604577768416,-0.08287112392414184,-0.4852652380835442,0.010777331204076217,0.005176481093710965,0.020117005878329673,0.8308000564575195,0.11000001430511475,0.5573999881744385,24.006681733301708,2.486010574868747,14.557248999646731,0.939839158180694,0.004095394247036171,28.193833658994855,72.51758323541603,3.196380442228032,80.61420345489442,80.61420345489442,4,0.11428571428571428,0.02730051514625504,0.8289387755102041,0.035286983133664906,4.702040816326394e-09,0.019477898303047622,0.00213622021902943,0.0012039109026872315,0.10967406163606393,2.8920000000000003,1.658857142857143,0.4851808835845847,0.23597889909126732,1.743368928694454,8.503926595052084,8.86810302734375,56.83307444254558,15.908690476190477,7.864127489830253,6.536865234375,6.681722005208334,1.178438253956875,1.056782815344202,34.9871711730957,0.03143567219376564,0.07660054415464401,3.2319568452380952e-06,2.757080141336973,0.013492230327734582,0.8015199741667633,-1.5440441313244048e-06,5.163486310328161e-08,2.757079366845612,0.0006481087009249592,0.010497548358604442,2693.0,-0.0030197514834208045,0.01468703492256748,-6.224819990965108,0
332,0.7993893148161116,-0.08214996206192743,-0.486983600185031,0.01035085822973565,0.004967774104005594,0.019241189494475282,0.8248000144958496,0.10439997911453247,0.5570000410079956,23.98053673020431,2.4643874332734517,14.608817005540644,0.9398990795832,0.004084406392501998,28.195632222555286,71.99215570392667,4.158524083288854,81.71206225680933,81.71206225680933,3,0.08571428571428572,0.03317620026623968,0.8363673469387755,0.05115954904569559,2.7466155768429657e-05,0.03112808690032407,0.0036917058526964013,0.009426250363578676,0.11859726119750608,2.4837142857142855,1.7028571428571428,0.24891372163126432,0.20588617157608838,1.4585570469798657,6.541035970052084,7.943216959635416,55.897400338309154,15.907582417582416,8.012525817710111,6.206949869791667,6.3960096571180545,0.7901151366345297,0.3229561571359515,34.99265670776367,0.030650081112980843,0.07660054415464401,0.0,2.749913647358636,0.011177835240112233,0.7782521069493747,-6.902785528273809e-07,1.8354874919591167e-08,2.749914233024816,0.0006008796289984547,0.007294869075204842,2695.0,-0.0030045566329058733,0.014543212846226412,-3.9778187941743375,0
333,0.8000344672316596,-0.08155212410858699,-0.4858659145718529,0.009992321197259202,0.004955039539226088,0.01868484251844928,0.8257999420166016,0.10439997911453247,0.5570000410079956,23.999869016919817,2.4464462946993963,14.575327151460307,0.9398020516604596,0.004148563906425899,28.192722147937452,71.67871108042637,4.572498444754971,81.71206225680933,81.71206225680933,3,0.08571428571428572,0.032758346168533584,0.8406530612244898,0.0563654701249562,1.6553273469387718e-05,0.03560544235143158,0.003355053127907414,0.00930989964778128,0.0942286601804434,2.5531428571428574,1.765,0.4168123935640248,0.17801580224895805,1.4465398624038852,6.984354654947916,7.943216959635416,53.966703578404015,14.682307692307692,8.24431526780701,6.188903808593749,6.125946044921874,0.8672541158841934,0.5089424578930759,34.99614715576172,0.030993837863206863,0.06704410165548325,2.2786458333333335e-06,2.7465558200783686,0.010072677896370041,0.7700936055154104,-5.812872023809524e-07,3.770441708519692e-08,2.7465563451429036,0.0005630354828160706,0.005093724593669959,2683.0,-0.0030408381257793528,0.014515748338058928,-10.826040461599924,0
334,0.8032825531278338,-0.079167324083192,-0.4795610000661441,0.011828399981404765,0.010594173794170915,0.02247156902046311,0.853600025177002,0.10439997911453247,0.5570000410079956,24.097355593783515,2.375251579923289,14.38609585915293,0.9392772676388538,0.004940811890387852,28.176973583561686,71.64734813977527,5.082015830036885,84.16833667334669,84.16833667334669,3,0.08571428571428572,0.03310193793901087,0.8417142857142856,0.06062050380069075,7.549836634735516e-05,0.03186946105873201,0.00452803709787907,0.010437336927588834,0.14208075528903302,2.798095238095238,1.6474285714285715,0.46414259088258836,0.19323328398807577,1.6984622499710949,6.984354654947916,7.943216959635416,56.20635761079335,15.747912087912088,8.502664844352022,6.126030815972222,6.138631184895834,0.9526233573309816,0.505852798745742,35.003910064697266,0.031719934195280075,0.07010749727487564,1.4706566220238096e-06,2.744457727500095,0.01038267624413533,0.6999378353340496,-1.1989048549107143e-06,5.5310655249429594e-08,2.7444572556588205,0.0005288737713893069,0.005720674198845706,2700.0,-0.0030045718909683617,0.014872993302903812,-12.098695081761896,0
335,0.8019695055768603,-0.07000338136865979,-0.4820001142592657,0.012123701890448481,0.015223260590967475,0.023084156375268214,0.853600025177002,0.10259997844696045,0.5473999977111816,24.05795302450657,2.100342155652387,14.459291999169759,0.9387577715923993,0.005012762228997747,28.16139223442444,74.59823429444785,5.380341978909929,88.42105263157895,88.42105263157895,1,0.027777777777777776,0.024716467993778225,0.8083333333333332,0.056025281789085946,8.460996184922946e-05,0.01912823675730652,0.001676015409288883,0.006374109713088955,0.0876199636460839,2.6023809523809525,1.5919047619047617,0.5116657249210239,0.25669228602592525,1.6347591983248582,8.978678385416666,8.390401204427084,54.06487673804874,15.47265306122449,8.519236539267764,6.443718804253472,6.516910129123263,0.9542161409624313,1.173685207299229,35.01588821411133,0.03398219496011734,0.0750649943947792,-1.0288783482142858e-06,2.73942719879085,0.011668462525445716,0.5938275525582924,-3.4513927641369047e-07,9.288957424498824e-09,2.7394271319545376,0.0005553442259201006,0.0077091851248179645,2707.0,-0.0030064333745919093,0.013573155190529613,-12.098695081761896,0
336,0.7993673814308075,-0.06103518130381902,-0.48677780004342397,0.012360416464935464,0.014050326431699792,0.02342070318869307,0.853600025177002,0.09939998388290405,0.5478000044822693,23.979879442964283,1.8312954393880707,14.602633144174304,0.9383707046011192,0.005027138323936393,28.149776656667324,75.34293234433089,4.784920251140253,88.42105263157895,88.42105263157895,1,0.027777777777777776,0.023943568252067185,0.799404761904762,0.048090965156723724,2.5220893960849668e-05,0.016431855033815577,0.0013558617879303849,0.0005140655737848646,0.08251422527402529,2.9042857142857144,1.5471428571428572,0.7546763057964734,0.24881925248694736,1.8771929824561404,8.978678385416666,8.390401204427084,54.032479131789444,14.206666666666665,7.5596382218563525,6.500040690104167,6.598714192708334,1.0178311180509982,1.3247595998192803,35.02778625488281,0.0333745963871479,0.09073415398597717,8.094424293154761e-07,2.7324153925031656,0.011580436517055911,0.6150486910234735,-2.742948986235119e-06,-7.07787664541022e-08,2.732416465021253,0.0005674022090152833,0.0074096452524916815,2706.0,-0.002991613436469543,0.012184543661272064,-12.098695081761896,0
337,0.7925493716285342,-0.0538560859305518,-0.49975742876529694,0.007957690050368352,0.0048785595299710325,0.014715154388905199,0.8173999786376953,0.07700002193450928,0.5519999861717224,23.775346863099507,1.6155977207848005,14.992009148682866,0.9386571013996218,0.0043564895752129015,28.15836988002731,73.79521500881029,5.204713781527613,86.0655737704918,86.0655737704918,2,0.05555555555555555,0.026617909751397235,0.8171428571428572,0.0581362072559288,0.00011020714702207393,0.02100582534536452,0.0022308234319235545,0.0007913763061071622,0.10620022756762773,3.046,1.5716666666666668,0.5589497440079302,0.2376721240464536,1.938069989395546,6.765340169270834,6.957499186197916,51.28887198311942,14.338241758241757,8.907647802493322,5.962483723958334,6.036003960503471,0.6855342878996339,0.5923897732160368,35.0343017578125,0.031802523881196976,0.09073415398597717,0.0,2.725763204216838,0.010922831656659148,0.6150486910234735,-3.633045014880953e-08,-3.538911666408662e-08,2.7257632807673335,0.000563001174490175,0.006101919432638394,2687.0,-0.002998244154482227,0.010010243738969384,-10.811613189596468,0
338,0.7905192854631515,-0.0533168095776013,-0.5034021908158348,0.007999057317296835,0.0046872672708591296,0.014748549393912189,0.8173999786376953,0.07319998741149902,0.5658000111579895,23.714452135392598,1.599428001642227,15.101348438773837,0.9388622264600642,0.004287588949211834,28.164529196722267,72.51837816081952,3.9911134264375026,78.50467289719627,78.50467289719627,3,0.08571428571428572,0.02755219863204721,0.8299999999999998,0.04775300884999191,4.1169246147438625e-05,0.021077559577025534,0.002567449093291472,0.006340583692701053,0.12180959963173263,2.9464285714285716,1.6668571428571428,0.6112659719266026,0.23328951969602063,1.7676551251285568,6.765340169270834,6.721903483072916,52.91878560384115,15.89,8.425553790220528,5.72021484375,5.6468505859375,0.6109195843189262,0.5512862595756062,35.036197662353516,0.031320054084062576,0.07998683303594589,3.528413318452381e-06,2.7200879860387506,0.011023471221515837,1.344553903445994,-1.2897309802827382e-06,-2.1303706820179325e-08,2.7200884356099273,0.0005481624036666108,0.006076989509526351,2683.0,-0.0030370323290501793,0.009939500213301927,-10.575203817587948,0
339,0.7868491042568571,-0.052984761942000615,-0.5100207430294582,0.0072596389845942435,0.004662541087085133,0.01310542044645831,0.8082000017166138,0.07059997320175171,0.5658000111579895,23.604347841995104,1.5894655725785665,15.299891433715821,0.939301933134415,0.0042577330581012535,28.177713938135142,72.33538940636747,4.767790131428296,80.30592734225621,80.30592734225621,4,0.11428571428571428,0.031120530120131044,0.8331428571428572,0.05585048762481873,1.0855007746772191e-05,0.017120773777792277,0.004110752128619456,0.0026980879280126034,0.24010317418898441,2.90047619047619,1.5662857142857145,0.3801258891603903,0.15926002355280755,1.8518180712635286,9.328409830729168,8.485616048177084,56.82039591471355,14.882527472527473,8.348178984425026,6.545223659939236,6.409200032552083,1.2173111425670122,1.345067627940823,35.03818130493164,0.03144405409693718,0.08265799283981323,-5.158923921130952e-07,2.7142661814746174,0.011248074386852646,1.2686941231032114,1.3260614304315476e-06,-7.344696325975729e-08,2.714267359920896,0.0005618571830770645,0.00664517306069449,2697.0,-0.0030543851055455694,0.00978499671059351,-10.575203817587948,0
340,0.7863408470778238,-0.05297801915520713,-0.5108186572250866,0.007123676425483448,0.004624557563619415,0.012837209411412412,0.8073999881744385,0.07059997320175171,0.5658000111579895,23.589089840906006,1.589259146111352,15.32385343104601,0.9393048500840502,0.004198180373190809,28.177805565855262,73.32850970495603,3.546633983802697,80.30592734225621,80.30592734225621,2,0.05714285714285714,0.02615288873978885,0.8201632653061225,0.03994861339003841,7.256976259891715e-06,0.02031143891217338,0.0016016214650791411,0.006506212382677695,0.07885317588795895,3.0694285714285714,1.6454285714285715,0.48332994603551505,0.11626640766369455,1.865428025698906,9.328409830729168,8.485616048177084,52.22882334391276,15.288095238095238,8.119208167662736,6.523885091145834,6.523579915364584,1.3022194292151343,1.4886326234620366,35.039276123046875,0.031523481011390686,0.07384436577558517,1.912434895833333e-06,2.7073010575924026,0.011676580127605491,1.2205010939724736,-1.3805571056547619e-06,2.2459825648298415e-08,2.70730082314825,0.0006430873608224023,0.007634314172343313,2719.0,-0.0030655954220278944,0.009793332938549736,-9.970588355272657,0
341,0.7868530476036526,-0.05295000962416331,-0.5098012095405942,0.008344156160133415,0.004586510920965559,0.014926960619242254,0.8162000179290771,0.07419997453689575,0.5622000098228455,23.60446199953556,1.588418002980096,15.293324143375669,0.9392197974339977,0.004282823511346599,28.175256182861038,73.63131574179602,3.024352407601073,80.30592734225621,80.30592734225621,1,0.027777777777777776,0.024580444477853996,0.8162301587301587,0.03314941228582251,9.481195102040813e-05,0.02097657120235946,0.000889937474445978,0.0014555629492228532,0.04242530706571707,3.234857142857143,1.5545238095238096,0.20323224876671397,0.12742989713880828,2.0809312298973808,7.066243489583334,7.85491943359375,52.67996811639695,15.868351648351648,8.86568951075703,5.919392903645833,6.326378716362847,1.0387948543458687,0.7847130738815686,35.037994384765625,0.03154847025871277,0.07384436577558517,-1.0303315662202382e-06,2.7009351396213277,0.011110485487960245,0.5850474354128695,9.08261253720238e-08,1.635304323690133e-08,2.7009350056745633,0.0006712119368221997,0.006987823808827234,2742.0,-0.003062635357905204,0.00977387646556116,-8.81442807171796,0
342,0.7883583238068081,-0.05189879979406084,-0.5071384763178372,0.008807669832466437,0.004906846126554007,0.015936380676359045,0.8162000179290771,0.07419997453689575,0.5656000375747681,23.649620428425926,1.5568948509437697,15.213437718110425,0.9390037723894286,0.004393421422233003,28.16877392496164,74.10163545675766,2.0390806208170256,77.92207792207792,77.92207792207792,0,0.0,0.02091772024882643,0.8103174603174603,0.02249492538165952,3.439889379425223e-06,0.024180166695497853,8.208125970509452e-05,0.008399263853252556,0.0033945696379494923,2.757142857142857,1.5483333333333331,0.4321540730539779,0.1238344755076834,1.7807165923419963,7.4163818359375,7.85491943359375,52.7877694992792,15.932448979591838,8.625057356949124,6.321173773871528,6.240573459201389,0.9922521309305848,0.9432548438172393,35.03409957885742,0.03156968578696251,0.06773248314857483,-1.4677501860119048e-07,2.6957766429951437,0.010147940770413422,0.7202169739647862,-1.453218005952381e-07,4.612974314722997e-08,2.6957758810662353,0.0006588846104612043,0.005258279488404264,2747.0,-0.0031079561629412736,0.00971834237060906,-9.650126255558884,0
343,0.7869298002606346,-0.05062571381103425,-0.5097289239338466,0.009461598315763469,0.005015549142473848,0.017086513977179627,0.8162000179290771,0.07419997453689575,0.5656000375747681,23.606771436418807,1.518697700032166,15.29112571801458,0.9391652635649045,0.004503729645700698,28.173610171359012,74.7767730039985,2.341714193520442,80.0,80.0,1,0.027777777777777776,0.02143401291454755,0.8031746031746031,0.025130297889361806,1.7660577426072418e-05,0.021236061660462623,0.00027103618217076306,0.0017387623082474309,0.012763015407672282,2.603809523809524,1.6247619047619046,0.3012871104154546,0.12859435421708035,1.6025791324736227,7.4163818359375,7.85491943359375,57.313658360072544,14.555612244897958,8.398826786462772,6.615125868055556,6.605648464626737,0.6525366372146735,0.5660739001162248,35.03337860107422,0.03177370876073837,0.06735336780548096,-2.059209914434524e-06,2.6917705297027337,0.01032929370760136,0.7225917900118611,-1.0535830543154763e-06,8.994816827857227e-08,2.6917699672425104,0.0006223354930586767,0.005331617058703625,2758.0,-0.0030666525877859983,0.009652193685515934,-9.650126255558884,0
344,0.7975660190014612,-0.051240999565238046,-0.47102003812222254,0.03128124831749808,0.024793515247377624,0.13314022525235147,0.9977999925613403,0.16519999504089355,0.6177999973297119,23.925785141502107,1.6116759877545492,14.472445716645037,0.9379363000122293,0.013860830032245792,28.136785540011292,79.81487344078147,7.865865657536363,101.94174757281554,101.94174757281554,3,0.07894736842105263,0.024028848262330847,0.7585714285714286,0.06963152982876585,0.00025620902224073326,0.021545614513290845,0.0020779844023772844,0.006028995613558494,0.096445817365545,2.190408163265306,1.6653061224489796,0.8294357611046502,0.3710152443456463,1.3153186274509803,10.650634765625,10.390726725260418,76.1631610688709,16.825357142857143,9.273495181572752,6.360488164992559,6.433643159412203,1.9649741043947242,2.471144280057759,35.0313606262207,0.03227490186691284,0.07347886264324188,-3.676641555059524e-07,2.7165842989468416,0.047939238873533414,1.1058037275844605,7.738385881696428e-06,-1.2549067842927176e-07,2.716584704292617,0.0006489097922463752,0.047126050033768914,2739.0,-0.003013197055720561,0.016160611816759388,3.504470397898283,0
345,0.818900971792993,-0.051549371171565286,-0.4076402380948975,0.0460531641603138,0.04423283317171119,0.17579620442881533,0.9977999925613403,0.25199997425079346,0.6177999973297119,24.56589401091848,1.765027423117842,12.69309014397008,0.9349475495898205,0.016778720240175033,28.04709113098356,96.3860137569493,31.282948180536717,267.515923566879,267.515923566879,6,0.13333333333333333,0.06942314660010016,0.6590793650793652,0.12748541530759575,0.0003303194975426905,0.2208342952454047,0.0018297626427982684,0.11441973039772976,0.008285681536760054,1.9695238095238097,1.739047619047619,0.8981896632681841,0.411190131524382,1.1325301204819278,38.589274088541664,38.12744140625,178.11403903052923,14.688061224489795,7.3236918474315225,14.698723687065971,11.777225070529516,11.971400429609359,12.80557846605064,35.009910583496094,0.04643968865275383,0.0899912416934967,-9.252639043898809e-06,2.7857934172440357,0.09282469725767771,1.1026988995977551,9.209769112723214e-06,-1.7981556147346013e-09,2.78579329671884,0.0007173308210628695,0.09242952071493699,2739.0,-0.0029042566692787696,0.020189256349647487,3.504470397898283,0
346,0.8235860479899815,-0.046661323686440784,-0.3988046571243377,0.042769071861161745,0.04499196273731374,0.17080565274757964,0.9977999925613403,0.25199997425079346,0.6177999973297119,24.70645215400628,1.618382712858064,12.428010286263056,0.9339492790607974,0.016828472513924057,28.017140681452453,101.25399072143216,28.91448390262649,267.515923566879,267.515923566879,8,0.16666666666666666,0.06963679733592375,0.619642857142857,0.10695678286747663,3.9839282965431044e-05,0.19570666482157434,0.0037975806259103848,0.20313781617554172,0.019404452216140095,2.150571428571429,2.025142857142857,1.5082046632080304,0.6918302257233995,1.0619356659142214,38.589274088541664,41.48335774739583,199.85986059279668,11.148214285714285,7.2775977928402815,21.021647135416664,19.964396158854164,16.394989166512893,13.320559167395881,34.962059020996094,0.0661274716258049,0.10459621250629425,-9.690057663690477e-06,2.8503491716052025,0.0652774416071531,1.130397900475058,9.627569289434523e-06,-4.8719459496704486e-08,2.850350337813281,0.0007487444458245515,0.06473719848038674,2720.0,-0.0028698366600288377,0.020480368859262382,3.504470397898283,0
347,0.82292152432033,-0.03732711413360777,-0.3931263809062186,0.06574408040498636,0.04778111323796587,0.1836337907437873,1.4286000728607178,0.25199997425079346,0.6022000312805176,24.686383443900517,1.448345707654953,12.390004854798317,0.9333220762856339,0.04876566327881732,27.99838332665533,98.37891356582008,31.719048789320457,267.515923566879,267.515923566879,11,0.24444444444444444,0.07479750028067433,0.6488571428571429,0.13827659683966803,0.00011702824089962485,0.24191068570280705,0.005667687710577471,0.15363172394873578,0.023428843972359115,5.188095238095238,3.100357142857143,2.426971555190793,1.0226862262428973,1.6733863226202819,38.589274088541664,41.48335774739583,199.7135467529297,16.74968253968254,10.28031859750039,25.52764892578125,21.115086873372395,12.508615916575064,12.917488438764359,34.904300689697266,0.058594681322574615,0.09662406146526337,-7.344563802083333e-06,2.88536597090638,0.017800546427502024,0.8199771558972485,1.4532180059523809e-06,4.1277035212809703e-08,2.885364562088501,0.0007706504350729536,0.015707854841659392,2729.0,-0.0028295313981049263,0.01822755275008343,-3.584695363245662,0
348,0.8171044668640409,-0.029647657068002792,-0.36906847611495425,0.08735844382706451,0.059180210792771595,0.24706143750102794,1.4365999698638916,0.3141999840736389,0.8303999900817871,24.51199914881161,1.450005425299917,12.440360427456243,0.9337042664170658,0.07155225525873908,28.009792796994958,93.16072174854483,39.206051731163264,267.515923566879,267.515923566879,18,0.42857142857142855,0.15795119937427832,0.699795918367347,0.14640378799013098,7.527155951686881e-05,1.3331574020745425,0.0076273858892005565,0.3536676876688304,0.005721294332785828,3.0914285714285716,2.191190476190476,3.02087076917925,1.3074978484046413,1.4108442899054658,31.972452799479168,25.855509440104164,120.17397206624351,18.880714285714287,7.712323284340256,17.248306274414062,16.707339816623264,5.553085388552743,9.058210429007135,34.86983871459961,0.03562626615166664,0.0755823478102684,1.2468610491071428e-06,2.877787000638781,0.013734813159624229,0.8576312053921811,-1.5440441313244048e-06,-5.999973312123365e-08,2.8777872920933456,0.0007862841165461524,0.010804937569819574,2726.0,-0.0028313819831124114,0.01668356359818879,-7.955318576530143,0
349,0.8020859334412075,-0.026439305027325947,-0.39386361901249206,0.09333937137874365,0.05939983309251148,0.26134527994470125,1.4365999698638916,0.3141999840736389,0.8303999900817871,24.061484288913864,1.3564377211247172,13.184156285822391,0.9351817514542653,0.071738813576075,28.05411678205232,90.58585681773698,39.36023390849987,267.515923566879,267.515923566879,14,0.35,0.16016818084078419,0.7155714285714285,0.13026848256973136,0.00014165857559350232,1.378630173392321,0.005635638153110947,0.21422262379933205,0.004087853480853125,2.02,1.6667346938775511,0.9910119887795313,0.8714110785416268,1.2119505326313211,31.972452799479168,25.855509440104164,95.7635241553897,15.968190476190477,7.129373167371532,15.085364447699654,14.306466238839286,6.845899187144342,8.864499929462093,34.86448287963867,0.03282910957932472,0.06830883771181107,5.208333333333333e-06,2.87154823318844,0.014744692323083536,0.8576312053921811,-8.35600353422619e-07,-2.8460056604389486e-08,2.871548114610635,0.0007939287895346656,0.01204409569827217,2735.0,-0.002820021265728418,0.01623486251249502,-7.955318576530143,0
350,0.7736544380982717,-0.02589381990546272,-0.4669129332900047,0.07921673155909999,0.05209671346623267,0.23952629476727577,1.4365999698638916,0.3141999840736389,0.8303999900817871,23.208478000078884,1.1553015995451381,14.901990286111833,0.9384453115239482,0.05386991784358367,28.15204840859966,90.0222791750864,38.89681192369789,267.515923566879,267.515923566879,11,0.2682926829268293,0.15681198933755033,0.7182926829268292,0.12594697325025506,3.4885091211995983e-06,1.2975512291332085,0.0055118263168144315,0.7828000777240086,0.004247867978589522,2.102448979591837,1.453673469387755,0.9551574639422626,0.3851211290598235,1.4463007159904535,17.668863932291664,25.855509440104164,73.89100552513487,13.802321428571428,8.46818118430121,9.683939615885416,9.765901111421131,7.247106310315934,5.444555880535018,34.882469177246094,0.037209827452898026,0.06943676620721817,7.55673363095238e-08,2.865696911539136,0.014571539337057264,1.0437953588279694,-1.8710181826636904e-06,1.685314554990389e-08,2.8656965156440273,0.0007933560998339906,0.011887938395613494,2725.0,-0.0028081526728358916,0.013191565728060843,-5.429510064537756,4
351,0.7390395623388745,-0.02559433461654754,-0.5839569329505875,0.014477332552147964,0.007966252883021684,0.022604625563508497,0.8009999990463257,0.0878000259399414,0.6488000154495239,22.17009715591158,0.7704456098590579,17.517935131405082,0.9426373118310193,0.007691943267712173,28.277780024512598,79.30355797402926,6.203803361494885,92.51101321585902,92.51101321585902,4,0.10526315789473684,0.039596698230479455,0.7615789473684211,0.0646088698702947,0.0007249940897959191,0.053885321985449895,0.00252516331904259,0.021306989445144402,0.04686180254660878,3.0021428571428572,1.4474285714285715,1.396844780258728,0.1542497312536937,2.0741215949467033,6.43280029296875,7.429606119791666,52.086802164713546,12.78945054945055,8.453119170870737,5.49163818359375,5.070719401041666,1.4622008980094652,1.2139428338711902,34.902469635009766,0.03744518384337425,0.06981271505355835,8.821033296130953e-07,2.857159407988803,0.010699199832525664,0.8786848559352987,-7.266090029761904e-07,-9.687121517279685e-08,2.857159478992006,0.0007717904112035019,0.006851167171706534,2712.0,-0.0028178676991943838,0.00867237196059454,-11.86585057553283,4
352,0.7330654295512609,-0.026324544478030433,-0.5930620565386046,0.008692780671155498,0.005148911204351847,0.014173775915493979,0.7682000398635864,0.04900002479553223,0.6488000154495239,21.990913315074785,0.7896963343450001,17.791018553333622,0.9434328517650769,0.006159091447082615,28.301638666659397,74.91678378459169,7.111794757714351,85.5397148676171,85.5397148676171,8,0.21621621621621623,0.047168703833317206,0.8087258687258687,0.08294415866453426,0.00020557707355268648,0.05241172751948326,0.009036942856291632,0.004243720591190992,0.1724221521401348,4.722142857142857,1.81,1.910187644378084,0.455390988471393,2.6089187056037884,8.6480712890625,9.471537272135418,52.19810289655413,13.079365079365079,8.7852713815607,6.749140421549479,7.082349989149306,2.106887534527485,1.1172048321158832,34.920265197753906,0.03193340450525284,0.06556235253810883,2.349853515625e-06,2.8507974135195107,0.01120668065573952,0.8786848559352987,-7.266090029761904e-07,5.039965752181548e-08,2.850797287184071,0.0007691828763571841,0.00785686948422898,2675.0,-0.0028568760258068067,0.00838526476519133,-17.25025076777374,4
353,0.7335311728545597,-0.027250439578578586,-0.5925655896975881,0.007487337106320544,0.004744062341808742,0.01231620906790492,0.7505999803543091,0.04900002479553223,0.6488000154495239,22.00487747132778,0.817474615914481,17.77613040519612,0.9434743662200735,0.005560731619432404,28.302881431944293,72.79885148160876,7.630972203957033,85.5397148676171,85.5397148676171,8,0.22857142857142856,0.0494064408610803,0.8333877551020408,0.0881299634761491,0.00011887229387755079,0.04852074753485097,0.01309483105914684,0.004052928747671255,0.26988106582119786,6.605,2.045714285714286,0.8692857142857143,0.39285714285714285,3.228701117318436,8.6480712890625,9.471537272135418,47.646529061453684,15.90904761904762,7.0635681982699055,7.668660481770833,8.163503011067709,1.3080342610677094,0.979410807291667,34.927001953125,0.030785998329520226,0.05941789969801903,3.816150483630952e-06,2.843226980501161,0.011975508070784126,0.7862539968779279,-1.7075311569940477e-06,-9.23081220841543e-08,2.843227179885489,0.0007663376137256521,0.009126067791060202,2668.0,-0.002889242735790483,0.008246432510015467,-16.34933595051024,4
354,0.7333263249340511,-0.027713106095790863,-0.5928836756093161,0.007114544048278963,0.0046826014781907585,0.01174168842836375,0.7505999803543091,0.05140000581741333,0.6466000080108643,21.99874674805573,0.8313527543204171,17.78566683973585,0.9435187643388687,0.005414792331436648,28.304220962468644,71.15897834057118,6.433578880243717,83.49900596421472,83.49900596421472,9,0.2647058823529412,0.04616391435146986,0.8500840336134453,0.07664086684116077,4.792029987504941e-07,0.03239253572833975,0.016398301962608653,0.0037085024681912703,0.5062370572076585,7.634285714285714,1.825,1.8985714285714286,0.17214285714285715,4.183170254403131,6.970723470052083,6.855468749999999,46.33424820672899,15.545714285714286,8.049583755664376,6.829986572265625,6.793162027994791,0.06230672200520759,0.14073689778645848,34.929039001464844,0.030767356976866722,0.062097445130348206,1.4677501860119048e-07,2.833961213261143,0.01267708408465303,0.7862539968779279,-8.900960286458333e-07,1.0386119457420339e-07,2.8339610338767995,0.0007829850483983719,0.01000189429196713,2669.0,-0.0028987136331491657,0.008130047120145959,-15.751284747032843,4
355,0.7310731723081498,-0.02867463896104268,-0.5959008091177259,0.009501585092144308,0.004775154957580615,0.014557171457221926,0.7486000061035156,0.05140000581741333,0.6621999740600586,21.931169026408877,0.8601960260101728,17.876148273519107,0.9437586078729527,0.005716294786125969,28.31140771371711,71.96040062042277,5.7415431556309695,83.49900596421472,83.49900596421472,9,0.2647058823529412,0.045578803566682084,0.8391596638655462,0.06763374784222691,0.00023133789187838386,0.0286324555677464,0.012885419442300356,0.0011163347031615317,0.45002844453255325,6.970714285714286,2.416666666666667,2.5621428571428573,0.2977062729324168,2.8844334975369454,9.527587890625,9.785868326822916,63.255297488257995,16.448775510204083,8.917939610533715,8.249155680338541,8.303629557291666,1.2488457722926687,1.2784322102864585,34.932987213134766,0.03125721588730812,0.06018504127860069,-6.612141927083334e-07,2.822580696724635,0.01458798778334222,0.7183686209363547,-1.5803745814732144e-06,-1.0275826290256024e-07,2.8225810422119615,0.0007866300684951725,0.012320332539831325,2692.0,-0.0029174941283487987,0.008055851662402493,-15.751284747032843,4
356,0.729006981639635,-0.028963143516154515,-0.5986867711600803,0.010762473738486713,0.00463793831492988,0.016035092651890986,0.7486000061035156,0.05140000581741333,0.6773999929428101,21.869166306342397,0.8688471626383918,17.95974342056683,0.9439684824233918,0.005819160091358939,28.31770154686579,71.25775695770126,7.488938264346756,86.24229979466119,86.24229979466119,9,0.2647058823529412,0.05472763844165144,0.8513865546218488,0.08969234148879611,4.657366097459542e-07,0.061252071163368955,0.011800356900213978,0.0003857563749005826,0.1926523736436693,4.555,2.6264285714285713,0.14642857142857144,0.030714285714285715,1.7342942616263257,10.38909912109375,9.785868326822916,75.22586270286922,13.243095238095238,6.238905549879519,9.958343505859375,9.090016682942707,0.695851643880208,0.430755615234375,34.94010925292969,0.03165920078754425,0.06286846101284027,1.1756533668154762e-06,2.807091819712687,0.018574684075128113,1.0233360609575184,-2.0345052083333333e-06,5.959573005729659e-08,2.8070919550234006,0.0007883271088818753,0.016836580053218243,2699.0,-0.002884508376972748,0.00793175323264182,-15.038818354812493,4
357,0.7289992482662201,-0.029387657622496288,-0.5987096377951758,0.010545352025587536,0.004538231651371252,0.015713235429718614,0.7486000061035156,0.0504000186920166,0.6773999929428101,21.86893016227654,0.8815860144155366,17.960446990983826,0.9439818105739032,0.005815139829106018,28.318109697527344,70.90405328767191,6.740651622657839,86.24229979466119,86.24229979466119,11,0.3235294117647059,0.052913857487070705,0.8538235294117648,0.08051359789729176,7.169279466888792e-06,0.0958582388533645,0.016974210627507282,0.03752116364940464,0.17707617864201464,5.614761904761905,2.8328571428571427,1.0780180436775308,0.5252184514739628,1.9820137838292151,10.38909912109375,10.8160400390625,80.52346489315941,15.697321428571428,9.686423184063624,9.144660101996529,9.496731228298609,1.2126107156335884,1.1015466966656942,34.949134826660156,0.0312502346932888,0.06209847331047058,-1.1015392485119048e-06,2.790810704134764,0.01780778602151356,1.0061826955549495,-2.924601236979167e-06,1.1010797819384648e-07,2.790810357044874,0.0007702429520933383,0.01606840406261499,2692.0,-0.0028420626268540784,0.007861250076649657,-16.49853255123881,4
358,0.7291963052409036,-0.029589971956752597,-0.5984987327797072,0.009743614687390857,0.0048441241627327335,0.014811512364697063,0.7486000061035156,0.05180001258850098,0.6773999929428101,21.874865014297622,0.8876548730049815,17.95408984056541,0.9439852949680055,0.0057531300245541265,28.318212177923815,69.0998445367198,7.133356945471565,84.0,84.0,14,0.4117647058823529,0.06043646648454814,0.8772689075630253,0.08715550786190927,0.00027863103973344396,0.07529732187051938,0.015904714750621232,0.015557948132548821,0.2112255038495372,5.56,2.3192857142857144,1.1261227202007695,0.023571428571428573,2.397289805974746,10.49896240234375,8.357035319010416,81.24136047363281,15.981632653061224,7.935316323112461,9.181281195746529,8.122660319010416,0.234375,1.1433428050759888,34.955902099609375,0.030976152047514915,0.07698336243629456,-2.495175316220238e-06,2.7756620092588595,0.014810451440741449,1.193440101914169,-2.0163399832589286e-06,5.148369789010482e-08,2.775661448600033,0.0007751540267786587,0.012537568372290336,2692.0,-0.0028328314990487802,0.00785251718679444,-16.49853255123881,4
359,0.7307592862958,-0.029835695692471097,-0.5963932087705249,0.00805079134367151,0.004902767130684161,0.012810045542955471,0.7480000257492065,0.05180001258850098,0.6604000329971313,21.92173944600991,0.8950265850765364,17.890935691680227,0.9438252016170074,0.005576839501762179,28.313405755559973,70.39513763635492,7.034853013116733,84.0,84.0,14,0.4117647058823529,0.05731143963618905,0.8607142857142858,0.0841811415094517,0.00029119681199500137,0.04316577774396446,0.020863991395953532,0.0013148285435996175,0.4833456614567957,5.559285714285714,2.932142857142857,1.3725451183989603,0.5892857142857143,1.8959805115712547,10.49896240234375,12.024637858072914,74.08468330019996,15.53,8.479304006141744,9.134292602539062,10.190836588541664,1.8338012695312491,0.9919389426719104,34.96150588989258,0.031054852530360222,0.07544787973165512,-5.144391741071429e-07,2.763315839010456,0.014026375516097643,1.109026211985638,-1.6348702566964285e-06,4.3450064001438734e-08,2.7633156571461672,0.0007399047175387626,0.011385602324044598,2706.0,-0.0028434227741387314,0.007909324013078619,-16.49853255123881,4
360,0.7316667909962791,-0.030390962155092332,-0.5950698087357339,0.007817544144823163,0.004864295461900427,0.012455680973587516,0.7486000061035156,0.05180001258850098,0.6604000329971313,21.94896044416087,0.9116937217967851,17.85125797637871,0.943704399190829,0.005468747523598464,28.30979439844006,69.8849874594439,6.678061143961432,84.0,84.0,8,0.23529411764705882,0.04685006809646242,0.8661344537815125,0.0796477308768134,0.00022385045164514752,0.02933427438415175,0.016307063703624836,0.0009726048803833966,0.5559047921238152,6.243333333333333,2.665714285714286,1.2942412130125966,0.8557142857142858,2.342086459449803,9.314676920572916,12.024637858072914,60.10475151425317,14.827142857142857,7.1199536883874,7.7537706163194455,8.883819580078123,3.1408182779947906,1.9977015814549928,34.9587287902832,0.032097846269607544,0.08465363830327988,4.183814639136905e-06,2.7521339497516952,0.013566778880888895,1.1008884575971065,-1.1989048549107143e-06,-2.5382363315137336e-08,2.7521343688035764,0.0007131106648021875,0.010379972755704708,2733.0,-0.0028832986305897634,0.007945301525809828,-14.398348432491002,4
361,0.7340479533502033,-0.030409314337230865,-0.5917361326529866,0.005819927618124482,0.004549486755170444,0.010086375056993186,0.7491999864578247,0.05180001258850098,0.6402000188827515,22.020386886170932,0.9122322872706822,17.75125140811716,0.9434149462360554,0.005226707436117249,28.30110618693555,69.41393131008354,5.119469544716177,82.03125,82.03125,3,0.09090909090909091,0.0358266090827383,0.8689177489177489,0.06179347002647979,1.1055020408163052e-06,0.025685746900896155,0.004423456279536064,0.004258969230743034,0.17221443069587097,5.45,1.7376190476190476,0.5942857142857143,0.1479397438163711,3.13647574677994,4.933980305989584,5.743001302083333,36.75104341052828,13.845,8.103987397244264,4.497528076171875,4.673021104600694,0.7658627819741513,0.4364522298177089,34.949989318847656,0.03373482823371887,0.06785063445568085,-1.3209751674107144e-06,2.7414004658864832,0.012750102447219861,0.9788384420151081,-2.434140159970238e-06,-7.16574828247515e-08,2.741400554302401,0.0006827323368855054,0.009242343191368983,2759.0,-0.0029201577501145777,0.00790774578746315,-14.47367808840054,4
362,0.7340442580495562,-0.031170628272351765,-0.5918139137739227,0.006369407740736202,0.004391930430154817,0.010816160218773204,0.7491999864578247,0.053600013256073,0.6421999931335449,22.020293741481645,0.9350737053155899,17.753551841803958,0.9434965596950838,0.005232490049204138,28.303547011347295,68.1343429627898,2.940977026647345,74.46808510638297,74.46808510638297,0,0.0,0.018931940400997948,0.8822510822510824,0.03799721745993547,8.169208429820907e-05,0.005510389333834546,0.0009017431227902261,0.0005541660674065084,0.16364417614802637,5.2057142857142855,1.646190476190476,0.4376949517052936,0.15927699456523037,3.1622794330344233,4.066162109375,4.283548990885416,28.601372564406624,14.289107142857143,7.85144705684752,4.0423583984375,3.9867824978298607,0.2446818580790179,0.03013861565727301,34.9404411315918,0.03141195699572563,0.0670800656080246,-3.676641555059524e-07,2.731508373345689,0.013066474128401112,0.917769198940853,-1.671200706845238e-06,-5.459823751639846e-08,2.7315084598874377,0.0007084318316654433,0.009722416069991748,2753.0,-0.002938192779975507,0.007937446593399582,-13.38743830132574,4
363,0.7319104104780015,-0.031361551875159856,-0.5947146566169602,0.009146159564789572,0.004465055329222102,0.014009590473211977,0.7491999864578247,0.053600013256073,0.6563999652862549,21.956292028682572,0.9408104134031704,17.840579412834984,0.94373401406666,0.005280811477205296,28.310684879050136,69.05133662954778,4.992003290696556,81.87134502923976,81.87134502923976,4,0.12121212121212122,0.03690341779426342,0.8731601731601732,0.05886134307687476,2.9451664473136246e-05,0.03953239373043839,0.004387360781670723,0.011875166221877816,0.11098140961529045,5.211428571428572,1.7278571428571428,0.4331768424913182,0.19214285714285714,3.016122364613477,5.534566243489584,4.375712076822917,37.07995380219959,12.840408163265305,6.9542902719236865,4.533521864149305,4.029998779296875,0.34571329752604196,0.7083629644679779,34.936790466308594,0.03059486858546734,0.07090964168310165,-5.856468563988096e-07,2.723396769546735,0.01146061856684868,0.5102954665856001,-1.0535830543154763e-06,8.762279007701795e-09,2.723396555787385,0.0007402597899380534,0.007765141559009102,2726.0,-0.0029182526720267785,0.007943686499107464,-13.38743830132574,4
364,0.7303629912705648,-0.03154629456713086,-0.5968387899739401,0.009315061793274246,0.004460072357818652,0.014152529852483598,0.7486000061035156,0.053600013256073,0.6563999652862549,21.90984059529645,0.9463419798442295,17.90432012779372,0.9438859920857812,0.005291465135111416,28.31523258681436,71.05013253223936,6.314688197786873,84.67741935483872,84.67741935483872,7,0.20588235294117646,0.04203394099324525,0.8508403361344538,0.0718701624163001,0.0001294208053311119,0.02358060555954717,0.01307711911801944,0.0018081980322142105,0.5545709623527821,5.330952380952381,1.970952380952381,1.5437194827007403,0.043241661275224726,2.704759603769026,7.509256998697918,8.250528971354168,44.845102219354544,15.856785714285714,8.394802958329855,6.4556884765625,6.556633843315972,1.6189395091560572,0.8115858587938126,34.93718338012695,0.030574971809983253,0.06554282456636429,4.6241396949404765e-06,2.7155155079982705,0.011232810579219163,0.5102954665856001,-9.445917038690477e-07,-2.3531028683444852e-08,2.7155157595874533,0.0007486258096522115,0.007470220137784899,2710.0,-0.0028956075275712316,0.00804618841889858,-13.336597444851439,4
365,0.7285739440804436,-0.031852351747808004,-0.5991603519661086,0.01096084208074429,0.00458025728583668,0.016347331901189165,0.7502000331878662,0.05299997329711914,0.6669999957084656,21.856183465208325,0.9555149810229029,17.973962559018815,0.9440362597458724,0.005620145388269633,28.31974755475331,73.19581512707775,6.513694595066333,84.67741935483872,84.67741935483872,9,0.25,0.04611242441176993,0.8262301587301587,0.07340994203319608,0.0002312385732611412,0.047204175769844904,0.016317164961347518,0.030193515631307122,0.3456720659821645,4.3757142857142854,1.8928571428571428,2.2545974194541967,0.39565153361818495,2.311698113207547,7.509256998697918,8.250528971354168,54.53088139125279,15.365,6.753352002176854,5.486416286892362,5.272013346354167,2.4200760918206323,2.079251088526552,34.937034606933594,0.030801968649029732,0.06284892559051514,7.266090029761905e-08,2.7099850416058593,0.01100862612435336,0.49870800037243707,-3.4513927641369047e-07,-1.0668855026894844e-08,2.7099853782478247,0.0007542473439734224,0.007416457241021578,2696.0,-0.0029251820121195867,0.008152568870142275,-13.90618687128881,4
366,0.7306288772253763,-0.03194349475417818,-0.5963591616352399,0.010320337022751603,0.0045982870385479595,0.015842250530958658,0.7510000467300415,0.05260002613067627,0.6669999957084656,21.917832602517944,0.9582578426599503,17.88991256334952,0.9438368452773055,0.005816593318410449,28.313757781577312,73.87276720087091,6.848824565677556,86.77685950413223,86.77685950413223,10,0.2777777777777778,0.043655823251773494,0.8192063492063492,0.07583581474929801,8.175112103290283e-05,0.027184333078335923,0.01494809066587803,0.0016524918260850854,0.5498788814425853,3.8635714285714284,2.577142857142857,1.221214058021854,1.1290963215781729,1.499168514412417,8.758341471354168,8.076985677083332,62.69355010986328,13.798730158730159,8.660390125026808,5.996068318684896,5.214165581597221,2.3492254203410967,2.1890541314566607,34.939090728759766,0.030986955389380455,0.056343529373407364,1.0274251302083333e-06,2.7025486252363633,0.011076949191517048,0.544117924737922,-8.900960286458333e-07,8.096079143157585e-09,2.70254870938385,0.0007289206151952233,0.0073789028843193475,2718.0,-0.0029476832948431026,0.008183264794631478,-13.90618687128881,4
367,0.7334828105029606,-0.031995704381238846,-0.5923460187457856,0.011319064879590569,0.004560543151488297,0.017294015654737056,0.756600022315979,0.05140000581741333,0.6669999957084656,22.003430600847516,0.9598281314543315,17.769542276688984,0.9435611134059304,0.005915433658526929,28.305486028645465,73.3208399449322,6.684613855744109,86.77685950413223,86.77685950413223,10,0.2857142857142857,0.043434486549845844,0.8251020408163265,0.07475775121081064,0.00017523275701790907,0.01311225667425696,0.020238779182930034,0.0006583549981831632,1.5435008393836918,5.095714285714286,3.880714285714286,0.5132622090492297,0.19785714285714287,1.3130866924351188,8.758341471354168,8.46099853515625,61.10555129278274,14.604285714285714,8.888040807048261,7.541910807291667,8.268992106119791,0.19200642903645893,1.0140414234370745,34.94459533691406,0.03157716989517212,0.07164392620325089,-1.3950892857142857e-06,2.6976373637155673,0.010884040211575656,0.544117924737922,-5.631219773065476e-07,1.7769718549994692e-09,2.697637905164925,0.0007200471719874586,0.007220446340642123,2714.0,-0.0029276668965819335,0.00816659745739108,-16.92197351377988,4
368,0.7379255151464825,-0.031605856818812235,-0.5861167614459991,0.008618674900818347,0.004434633007720986,0.014056624810374384,0.7585999965667725,0.05059999227523804,0.6499999761581421,22.136711168714932,0.9481228474208286,17.582683414816856,0.9430402413382685,0.005700314208762988,28.28987076926863,71.65441946359252,6.241284594549823,86.77685950413223,86.77685950413223,6,0.17647058823529413,0.035020976133253515,0.8434033613445377,0.06984635402062066,0.0001418918543940027,0.009231558801414772,0.011260666326994991,0.001224928757079172,1.21980118084383,6.102857142857143,3.2942857142857145,0.5514285714285714,0.38857142857142857,1.852558542931483,7.591451009114583,8.46099853515625,52.68371967134022,15.799285714285714,7.361647153288714,6.293385823567709,7.428792317708334,1.0322062174479165,1.2980651855468746,34.94913864135742,0.031023504212498665,0.07125676423311234,2.9500325520833335e-07,2.6928642421533686,0.009828421393980066,0.5107930126800696,-1.1444091796875e-06,-8.20785470141726e-08,2.6928644699196753,0.0007123607454010855,0.0052093150878222,2724.0,-0.0029074129084905925,0.008162401391271537,-17.008180543802325,4
369,0.7400411536012377,-0.031451666409061066,-0.58308122779358,0.007993306418402388,0.0043127877305230355,0.013304017483771375,0.7585999965667725,0.05059999227523804,0.6507999897003174,22.200196036611285,0.943498849443027,17.491575690976212,0.9427948933053855,0.005577963125440465,28.28249620114524,70.5698956978504,3.4281995023504557,78.35820895522389,78.35820895522389,2,0.058823529411764705,0.026041686765607582,0.8522689075630252,0.042256459399616704,3.169000649729277e-05,0.015597585256654035,0.003325391128465677,0.0013876782870895132,0.2131990993315483,4.86,1.986190476190476,1.2980241394776395,0.6512388334095176,2.44689522896188,5.11810302734375,6.396586100260417,37.47996186755952,16.632857142857144,7.425495070418964,4.849853515625,5.186191134982639,0.9808800316314151,0.2968051760434628,34.95048904418945,0.030993960797786713,0.07662928849458694,-4.2593819754464285e-06,2.6895142073835863,0.01013571896273879,0.5210638763799922,-2.5431315104166666e-07,-3.3200708374904913e-09,2.6895144053344593,0.0007546310121161307,0.0058953673356141115,2718.0,-0.002888702164433762,0.008169151556035491,-17.008180543802325,4
370,0.741096439304806,-0.03434576174191066,-0.5809359900525638,0.017234930111119057,0.00677429491904408,0.026123769302308343,0.7888000011444092,0.05900001525878906,0.6809999942779541,22.23180517911911,1.030332423704011,17.42728655870472,0.9428007107576478,0.006511009389214542,28.28267387504806,70.99891232805554,6.469745468792805,89.171974522293,89.171974522293,4,0.11428571428571428,0.039668494246370256,0.851591836734694,0.0719821580003499,7.318977092877732e-07,0.045820261862828504,0.005115722641365837,0.0011227393810060732,0.1116476081407109,4.801785714285714,1.5047619047619047,1.277613517860706,0.04784233364802441,3.1910601265822782,5.255533854166667,5.1678466796875,58.97126726422991,14.886349206349207,7.773535986177401,4.942423502604167,4.208848741319444,0.7117452634692598,0.3104567870272569,34.954811096191406,0.03249618783593178,0.06936691701412201,1.0274251302083333e-06,2.688558089960746,0.009961273318324713,0.5693259988289203,-7.266090029761905e-08,-7.338933539162523e-08,2.688558114451344,0.0007644779623962976,0.005230095067331329,2727.0,-0.0028713319501526714,0.0086176983626197,-7.789295335234466,4
371,0.7374567721003578,-0.0346542474485579,-0.5858155330334391,0.021095696567729458,0.0066735399481330565,0.03138405460828546,0.7888000011444092,0.05900001525878906,0.6809999942779541,22.122674877302988,1.0395788520148823,17.573604705291135,0.9432126344032111,0.006906233494788582,28.29503648308534,74.65977517727023,10.169324554907051,96.7741935483871,96.7741935483871,6,0.16666666666666666,0.042333536113622526,0.8175396825396825,0.10276263907628053,0.00015453026838817128,0.04715997736906851,0.005243188306405401,0.0006589203504058822,0.11117877062096146,4.9695238095238095,3.3464285714285715,1.436610870643402,1.885,1.4850231234436142,5.255533854166667,10.9808349609375,97.61832311721074,13.432321428571429,8.924750809346364,4.883863661024306,7.222696940104166,3.7581380208333335,0.33881293063422135,34.96613311767578,0.03524932637810707,0.07165522128343582,-2.208891369047619e-07,2.6849281242373877,0.01065607411403691,0.5573899111486416,8.35600353422619e-07,6.357089645888191e-08,2.6849273539088916,0.0007913842137719317,0.006636898826377604,2720.0,-0.002840190244614468,0.008495467298980068,-7.789295335234466,4
372,0.7360850483235859,-0.03507857115779604,-0.5878319143000104,0.020614571897083392,0.006474224020049893,0.03080679847522186,0.7888000011444092,0.05900001525878906,0.6809999942779541,22.0815108782053,1.0523058490242276,17.63409400041614,0.9433795012977227,0.00700824545358696,28.300031490664136,72.97810670783656,10.944608734019344,96.7741935483871,96.7741935483871,7,0.2,0.052494783368563065,0.8387755102040816,0.11130089119068964,0.00016383999999999965,0.07062344273134127,0.012672265041393328,0.00786174951362743,0.17943425796445392,7.691428571428571,4.91,1.48,0.32142857142857145,1.5664823974396276,15.059916178385418,17.03094482421875,121.24485430036272,15.37761904761905,7.658972891950799,14.2913818359375,14.005889892578125,3.025054931640625,0.768534342447917,34.977359771728516,0.03314056620001793,0.06244903802871704,1.8368675595238095e-06,2.6815413974601934,0.01172935885214244,0.5526108795903555,-3.814697265625e-07,8.626623500339441e-08,2.6815410154779213,0.0007789500972555644,0.008429338661043902,2702.0,-0.0028179156531050603,0.008362088698621381,-7.789295335234466,4
373,0.7360545530716578,-0.032855770928519115,-0.5885272661873272,0.013366970086092706,0.00436201188448479,0.02027155220262666,0.7821999788284302,0.05199998617172241,0.6682000160217285,22.08054730645248,0.9856371278847967,17.655024557028497,0.9432865357397248,0.006268985928374639,28.297247522531283,73.68930123707547,9.16910195615723,96.7741935483871,96.7741935483871,5,0.14285714285714285,0.042945986344444805,0.8253061224489796,0.0895850957437968,2.1348171595168697e-05,0.039857817577254866,0.00799204400678099,0.0008370998551046979,0.2005138387542248,5.219047619047619,3.2414285714285715,1.801573134690121,1.3471428571428572,1.6101072425444396,12.238057454427086,17.03094482421875,98.04631965273904,17.07357142857143,7.911419413914114,9.343058268229168,11.324361165364584,5.706583658854167,3.6082614371198107,34.97982406616211,0.031530652195215225,0.05745450407266617,-2.9355003720238095e-07,2.6755560046689557,0.010245118718031779,0.8891194812051155,-7.447742280505952e-07,-8.63985212976033e-10,2.675556077812923,0.000797405145726857,0.006254365391941748,2703.0,-0.002858090131636217,0.007785292371619682,-17.075407497856425,4
374,0.7397208487249556,-0.033309370920771644,-0.5836750467873755,0.006978830446755085,0.00431836178971117,0.012376493178924948,0.757599949836731,0.05339998006820679,0.6453999876976013,22.190605176006045,0.9992294133560998,17.509369689353875,0.9429517008329692,0.005968942479281033,28.2872015468203,70.46391846347247,3.580640562481658,78.06691449814126,78.06691449814126,1,0.029411764705882353,0.022062765360150203,0.8536974789915965,0.04332395300071892,0.00010546032486463985,0.010467772285211183,0.0007727486248306856,0.0009209465561890351,0.0738216884907232,5.134285714285714,1.7566666666666668,1.5671002077801184,0.26519748342587923,2.922743290864733,12.238057454427086,5.617777506510417,61.116611807686944,15.642857142857142,8.473492962952012,8.255106608072918,4.95849609375,0.5110651368483463,3.649051848558015,34.97401428222656,0.03171407803893089,0.05632192641496658,7.411411830357142e-08,2.671737547380789,0.010239787154321648,0.9407884672626763,-1.6893659319196428e-06,-2.2116012928722586e-08,2.671738021688169,0.0007767535821869967,0.005898011239340329,2710.0,-0.002875610746818976,0.007833999210601298,-15.677437853484719,4
375,0.7412813630047299,-0.03342894238517398,-0.5813169321815173,0.007546147340536617,0.004445510511354873,0.013024198431640354,0.7577999830245972,0.05339998006820679,0.6505999565124512,22.237376032982553,1.0028279858401843,17.438683679785047,0.9427387633411185,0.005906751248271858,28.28081567910688,72.27435163839101,3.907437444591018,81.87134502923976,81.87134502923976,2,0.05714285714285714,0.026290235270690042,0.8325306122448979,0.043771318956389776,9.281348771345246e-06,0.011595459661071976,0.00229691363436992,0.000281619276765104,0.1980873291363402,4.644761904761905,2.355238095238095,0.1884860316495207,0.975527998205816,1.9720986655883546,4.991251627604166,6.431783040364584,42.56969524565197,14.261785714285715,8.327213370960914,4.720289442274305,5.229831271701388,0.8753317146044832,0.32957050631309165,34.969573974609375,0.031080661341547966,0.05823209881782532,3.9643787202380955e-06,2.669514883620916,0.00983905030421929,0.9239716379280545,-1.453218005952381e-07,1.205023434503515e-07,2.6695143536924055,0.0007747736028810731,0.005338645733642505,2715.0,-0.002924983657307241,0.007931200028453721,-15.677437853484719,4
376,0.7404095722096307,-0.033286742471513295,-0.5823206657937595,0.010407936688432437,0.004576068760798243,0.016534517601879684,0.7608000040054321,0.05339998006820679,0.6505999565124512,22.211223594886917,0.9985539884226663,17.468810259529523,0.9427501063464757,0.006049170352218898,28.281165454139543,73.84882917308056,5.227350472956518,85.71428571428572,85.71428571428572,5,0.1388888888888889,0.0338294470377579,0.8164285714285715,0.05607382969280084,4.702040816326584e-09,0.023925950759473368,0.004050723863800982,0.0024965770272454583,0.16930252446486863,4.828095238095238,2.611428571428571,0.49388413818436544,0.7656085570218204,1.8488329686360323,7.076517740885417,6.431783040364584,50.68432689848401,15.22,8.754903378294092,5.903150770399306,5.709804958767362,0.6354707965249834,0.8926343678821466,34.96811294555664,0.031075628474354744,0.06513689458370209,1.469203404017857e-06,2.667247989644187,0.009534719212188805,0.9239716379280545,-3.0880882626488097e-07,4.350359145000169e-08,2.6672480399363216,0.0007722750472093807,0.005308038357859869,2690.0,-0.002943295512016169,0.008059307193546401,-11.601886385579267,4
377,0.7415457817372821,-0.03284858046259199,-0.5806491230272112,0.010346504753318608,0.004475676991085087,0.016301684097926126,0.767799973487854,0.05260002613067627,0.6505999565124512,22.245315452132907,0.9854069853254727,17.418623405098916,0.9425918695744618,0.005997823331988829,28.276397007264936,75.08584154538168,5.68063857373465,85.71428571428572,85.71428571428572,5,0.1388888888888889,0.03291122434742663,0.8036507936507937,0.06049254038871881,9.501491711786798e-06,0.013182452726054962,0.008015734661967469,0.00034418151447418823,0.6080609449958022,4.321428571428571,3.7514285714285713,1.0827409159888908,1.5748551385708445,1.151942117288652,7.60528564453125,8.678995768229168,48.79358033679781,16.489107142857144,8.457991720716217,6.800503200954862,5.443013509114585,2.8050981742104097,0.7941412400195929,34.96966552734375,0.030946385115385056,0.07087266445159912,-1.3950892857142857e-06,2.665369140892379,0.009752779054303726,0.933962079540862,9.08261253720238e-08,-8.06097564851307e-08,2.6653694444503437,0.0007910783626200769,0.006035456134143816,2677.0,-0.002973510835189024,0.008089686710347712,-12.329790833371256,4
378,0.7430453913211823,-0.032481323338690256,-0.5783788184466816,0.010152245582011716,0.004411892772579225,0.016182359493975982,0.767799973487854,0.05260002613067627,0.6477999687194824,22.29029631103788,0.9743958430205073,17.350558553423202,0.9423590039022047,0.006120209856836401,28.269433306668326,75.2836238822502,4.607435559815112,85.71428571428572,85.71428571428572,5,0.13513513513513514,0.031926076746403305,0.7998841698841698,0.04744361576810418,9.785405414410681e-06,0.027391555382138784,0.005074548603210722,0.010058672007671653,0.18525960035550532,2.362142857142857,3.1046428571428573,0.5351849766049804,1.7307599413234047,0.7608420568273323,7.696329752604166,8.678995768229168,50.79482799711682,18.324571428571428,7.533568165625267,6.153767903645834,6.126505533854167,2.649574071540328,1.8606005677489128,34.970741271972656,0.03096562996506691,0.07202901691198349,3.676641555059524e-07,2.6617625163717555,0.010231697818547703,0.9327539441139104,-1.998174758184524e-06,-4.428036889320808e-08,2.66176248490737,0.0008034117720213607,0.006538010223594152,2686.0,-0.0029849064281444186,0.008066277847641223,-12.329790833371256,4
379,0.7441541631959734,-0.032078704337279,-0.5768612182906696,0.007865949808335966,0.004241680634474407,0.013270801276818952,0.767799973487854,0.05019998550415039,0.6333999633789062,22.323574895858766,0.9623055586644581,17.305011262978827,0.9422222412188773,0.006046021969042101,28.265330202178458,74.58387271974074,3.274968116583327,84.50704225352113,84.50704225352113,2,0.05555555555555555,0.023539557922187326,0.805952380952381,0.03397094263205921,1.1071237650978763e-05,0.017875186729178375,0.0013030002891260698,0.0013668670322641487,0.07289435958725571,2.524,2.48,0.6989282757864912,1.714691618612156,1.017741935483871,7.696329752604166,7.9071044921875,39.11194668724423,15.81404761904762,7.886712256410747,4.607076009114584,4.6474609375,2.1706439035055487,1.9821609755509222,34.96965789794922,0.031242001801729202,0.0724140927195549,5.144391741071429e-07,2.6574431405249768,0.010543130408330954,0.9484466125885392,-6.721133277529762e-07,2.7607591281132062e-08,2.657443212111524,0.0007974877609962394,0.0066215720494234315,2712.0,-0.0029464909862458185,0.007982188010915296,-14.606298040446738,4
380,0.7441247536057518,-0.031817609227838974,-0.5768241612286795,0.008244468750374814,0.004248584361133491,0.013876719667772316,0.7625999450683594,0.05019998550415039,0.6333999633789062,22.322673322473253,0.9544767054063933,17.303910551156317,0.9421789263795077,0.00613008418471264,28.26402272956791,72.59965363735571,2.4255426406727336,77.34806629834254,77.34806629834254,1,0.027777777777777776,0.018347154433365116,0.8273809523809523,0.02787545185869694,9.928929612661357e-06,0.007542596512145708,0.001018253243903898,0.002309591925758773,0.13500035992436066,2.6654285714285715,1.611142857142857,0.5362830504538453,0.15976104605545963,1.6543713424366024,7.696329752604166,7.9071044921875,40.49488205682663,14.53845238095238,7.381243891132814,4.713053385416667,5.005350748697917,1.8350661462300846,1.7312002872241286,34.96674728393555,0.031293537467718124,0.07546943426132202,1.4677501860119048e-07,2.6533022658449488,0.01014312818962848,0.5552695227259087,7.62939453125e-07,7.648897880365894e-09,2.6533012227442443,0.000755955479417077,0.005598360958397024,2737.0,-0.0029439014750692674,0.007909692176914103,-16.89637860030276,4
381,0.7429138869955426,-0.031563923605850766,-0.5786771422766503,0.00895556059765142,0.0044054266622032,0.014647551544208087,0.7630000114440918,0.05080002546310425,0.6474000215530396,22.286350609830446,0.9468735653162003,17.35950241114412,0.9423689841205564,0.006278386832440894,28.26972866536917,72.91553859869745,2.247201220329509,75.94936708860759,75.94936708860759,0,0.0,0.013290999219927211,0.8236734693877551,0.02608415560599258,3.6491461890878215e-07,0.004118475540124647,0.00041820444401503186,0.0009052798980166677,0.10154350558614092,2.8922857142857143,1.6838095238095239,0.6563750794309297,0.19662746063722633,1.7177036199095022,5.12451171875,6.230570475260417,35.8572999500093,14.822857142857142,8.49196173617901,4.079345703125,4.064907497829862,1.1540457277055114,0.9183652769896354,34.963253021240234,0.03103693388402462,0.07431252300739288,-1.9821893601190477e-06,2.6497349853283123,0.00994581020758229,0.5758644099989343,5.994524274553571e-07,6.855891205469346e-08,2.649735036177587,0.0007409576221805845,0.0048363607721503225,2749.0,-0.0029257748968334095,0.007875972505256226,-14.939076310190565,4
382,0.7430713913213639,-0.03097781893185207,-0.5784529806006522,0.008805908231697024,0.0044132929562316365,0.014675380087423842,0.7630000114440918,0.05080002546310425,0.6474000215530396,22.29109173962048,0.9292929965257645,17.35274541803769,0.942335239327516,0.006265246091489424,28.268709336233442,72.19992114958889,2.2494807056518025,75.94936708860759,75.94936708860759,0,0.0,0.012971017651655856,0.8318367346938775,0.026037809307544024,7.757930195751802e-06,0.00521373544494716,0.0003801935669834107,0.002692502240507668,0.07292153025368243,3.05,1.5662857142857145,0.5727235326909129,0.23482968209286648,1.9472820138635532,5.12451171875,5.230204264322917,36.694066147577196,14.899285714285714,8.099876846716423,4.365132649739584,3.9356892903645835,0.9810332146381295,0.7446704429061778,34.96237564086914,0.030701009556651115,0.07431252300739288,-1.9095284598214285e-06,2.646086546450727,0.010263652394247232,0.5080623066220255,1.8165225074404764e-08,7.064921463027663e-08,2.6460860955184535,0.0007444055620836305,0.0058687423362342814,2724.0,-0.002920811667078353,0.00790729219971136,-15.66084369352987,4
383,0.7415728487514314,-0.03069159032333465,-0.5805623043378194,0.008651991376351559,0.004523377573288954,0.014536020933133437,0.7630000114440918,0.05080002546310425,0.6474000215530396,22.246124033927916,0.9207029954450471,17.416032844398703,0.9424389449090571,0.0063483748035697545,28.271816241291106,72.26693521284318,1.947428420102253,75.94936708860759,75.94936708860759,0,0.0,0.011019463300386792,0.830857142857143,0.022346854906188714,3.172678050812166e-05,0.0034150734645447293,0.0002704971433841599,0.0003773144281796452,0.07920683001184586,2.539285714285714,1.7311904761904762,0.5698989945118155,0.23485038900419022,1.4667858616421399,5.1043701171875,5.230204264322917,35.37467011951265,15.978877551020409,8.524836466862899,3.9132181803385424,3.8676622178819446,0.8091858690949625,0.9024823949665001,34.961727142333984,0.030703898519277573,0.0678485780954361,1.1742001488095238e-06,2.641799866452137,0.010449064026931647,0.48981079825045737,-1.961844308035714e-06,-2.328953368301384e-08,2.641799733095007,0.0007616494975977642,0.006295721491459408,2725.0,-0.0029268582192700644,0.007975579290868135,-15.627867593726192,4
384,0.7407702200980414,-0.030072818892342704,-0.5816621994432949,0.007254465159822165,0.004296791809721203,0.012831650529633417,0.7610000371932983,0.04900002479553223,0.6341999769210815,22.222042317220144,0.9021458524891308,17.44903626901763,0.9424303798456047,0.006043820434007131,28.27156129116942,70.57379913250429,1.6175029603127118,72.53886010362694,72.53886010362694,0,0.0,0.012702290172795202,0.8506302521008403,0.019919378851711356,4.2318367346939146e-08,0.004957667611599795,0.0003602698927860636,0.00031378104742267875,0.07266923097932491,2.475142857142857,1.838809523809524,0.6055084555940722,0.5413942800214178,1.3460572316457335,4.731547037760417,4.1363525390625,33.9050287155878,15.560989010989012,7.845156099026304,3.6859944661458335,3.563503689236111,0.4637156667235225,0.8351146202111978,34.9609375,0.030863340944051743,0.06747151911258698,7.266090029761905e-08,2.6371504623466127,0.010257935932790332,0.5065801753008101,-2.1798270089285714e-07,1.2181977302636844e-07,2.6371496026093157,0.0007896023240045752,0.006189277676408045,2704.0,-0.002964746168151219,0.00796039614391635,-15.627867593726192,4
385,0.7397460395892461,-0.029831647643021174,-0.5829419421411696,0.007216341225682988,0.004328781933543208,0.01274346586401603,0.7577999830245972,0.04900002479553223,0.6421999931335449,22.191319330504964,0.8949105721286365,17.487427978515626,0.9424069615546176,0.0061454752237039174,28.270860326186355,70.61541804846047,2.0254559903182003,73.94366197183099,73.94366197183099,0,0.0,0.015028317941009046,0.8503781512605042,0.024603235285184114,5.164951936693037e-06,0.0061967492794630565,0.0006370260726867669,0.00040258654231825934,0.10280003982055003,2.3114285714285714,1.963809523809524,0.5699437852695184,0.48973800205578943,1.1770126091173616,4.731547037760417,4.1363525390625,34.77840060279483,14.184835164835164,8.32769634326938,3.559611002604167,3.6374749077690978,0.329439212075016,0.729085635610137,34.95832443237305,0.03085765801370144,0.06709342449903488,-2.422514415922619e-06,2.6332683389762783,0.009989993480245537,0.48218501914930756,-1.4713832310267858e-06,1.023434645271897e-08,2.633268347180749,0.000778171817442969,0.005694927404029445,2713.0,-0.002957749256638821,0.007992352020581076,-10.989656534967411,4
386,0.7381911723613739,-0.029460628793353125,-0.585053018396809,0.007469228537247722,0.00425087952859865,0.013036622968318607,0.7574000358581543,0.049799978733062744,0.6421999931335449,22.144680313723427,0.8837812923533576,17.550744980488506,0.9424900666138274,0.006120225548637839,28.27334954598485,70.80046989242481,3.800464252386393,84.33734939759036,84.33734939759036,3,0.08823529411764706,0.023770964447683576,0.8497478991596639,0.042930568177719945,0.00024884096693044534,0.007023658364038233,0.003574787898726333,0.0025024457072797502,0.5089638068146325,2.7325714285714287,1.9482857142857142,0.4509150786603452,0.5207893537894263,1.4025516937967446,5.23895263671875,5.600992838541666,36.37805648077102,14.282857142857143,8.08386662803537,4.209574381510417,4.077351888020834,0.8235024513053281,0.7876937654110472,34.95527267456055,0.03083086386322975,0.07592415809631348,1.3224283854166667e-06,2.630485141227929,0.009786741006191339,0.5399357543038746,1.2715657552083333e-07,1.7206172891603036e-07,2.630483903538828,0.0008098086403419139,0.005338208391200533,2694.0,-0.002953649197275948,0.00801584195705959,-10.141805878318033,4
387,0.7383953056051618,-0.029306267094044457,-0.5846414280846005,0.007743939251313909,0.004335312548889086,0.013613260000752718,0.7574000358581543,0.049799978733062744,0.6421999931335449,22.150796025310242,0.8791428699663707,17.53841555684805,0.9423989636242232,0.0063530938440718885,28.27062104744792,70.2882571296453,5.0919275356348,84.33734939759036,84.33734939759036,6,0.17647058823529413,0.031858530826052826,0.8578571428571429,0.05861266226397731,2.3039999999999962e-05,0.015066827573320764,0.008005367465457727,0.0020662072900394127,0.5313240246827439,2.9262857142857146,2.036857142857143,0.5672566276674544,1.0029741079531862,1.4366671342404265,5.23895263671875,6.019287109375,35.60982230050223,14.324404761904763,8.949591627105121,4.275675455729166,4.195882161458333,1.3735087648669346,0.7380090079238448,34.954715728759766,0.03059609979391098,0.0743895098567009,-3.891717819940476e-06,2.6288047562746266,0.009715614982179916,0.763540052552803,-7.811046781994047e-07,4.696646860670471e-08,2.628804062885498,0.0007812554105947144,0.005386184271272402,2688.0,-0.0029323075273015274,0.008096337299340955,-10.141805878318033,4
388,0.7369185625428245,-0.029793581190563384,-0.5868730661045938,0.007418422230403838,0.004451945729307457,0.013164736307041508,0.7563999891281128,0.049799978733062744,0.6425999999046326,22.106498876299177,0.8937638642958232,17.60536255453314,0.9426374585981903,0.00627740058405413,28.27777867138336,71.22088590403426,7.250988017324753,87.5,87.5,8,0.23529411764705882,0.04380905326304801,0.8507142857142858,0.08146634093834308,5.321255876718025e-05,0.034436954936893464,0.006412244113447338,0.0033584024295052993,0.1862024132272417,2.995357142857143,2.19,0.5511744186697333,0.9813177313163757,1.3677429876060012,5.031840006510417,6.64642333984375,39.210842677525115,15.785454545454545,8.235644029800962,4.2572784423828125,4.498575846354166,1.565938295695624,0.6865547341521603,34.953468322753906,0.031009750440716743,0.0743895098567009,2.3484002976190476e-06,2.6267472428768275,0.01004058442726008,0.7781709762335716,5.267915271577381e-07,2.2616837769615242e-08,2.626747410675971,0.0007652253650932285,0.0058264358835878605,2692.0,-0.002846489644698839,0.007967689750894335,-14.876207104077988,4
389,0.7374382008995328,-0.030332876239504133,-0.5861823043738092,0.00681143311620047,0.004398724251743548,0.012407958968278905,0.7563999891281128,0.0493999719619751,0.6425999999046326,22.122096598488945,0.909944144317082,17.584629845491477,0.9426165380027101,0.006216237895491852,28.27715168122409,70.31561965489254,6.351542418457036,87.5,87.5,4,0.11764705882352941,0.039560823433961,0.8597899159663867,0.07225416353409778,1.744170329029575e-05,0.04110848705545172,0.005424382624738287,0.008543971383918223,0.13195286456106434,2.7025714285714284,2.023142857142857,0.21501665811119408,0.5721098795561167,1.3358282728428188,5.18280029296875,6.64642333984375,35.64660317557199,14.603214285714285,8.134569803797687,4.17340087890625,3.7900390625,1.4952553136359061,0.8896786232982516,34.94816207885742,0.03215561807155609,0.05519229173660278,-3.5255068824404763e-06,2.62407003416969,0.010098324410648176,0.8097870171029689,-1.2715657552083333e-06,-5.434351397531682e-08,2.62407186158415,0.0007620457134835676,0.006101255748017049,2697.0,-0.0028373348072059813,0.007885179666297726,-15.05350221239192,4
390,0.7340259816419511,-0.030470523953437804,-0.5908473615107083,0.008386284882537386,0.00552075749528753,0.013977360644701651,0.7522000074386597,0.07419997453689575,0.652999997138977,22.019738449198858,0.9140742900967598,17.72456641678299,0.942909762019576,0.006368280444822844,28.285945065089077,74.23294517937872,7.787246346956106,89.36170212765958,89.36170212765958,5,0.1388888888888889,0.036750676795100794,0.8169047619047619,0.08279040826496915,9.692201582673842e-05,0.04027401599442207,0.0036236087844886723,0.0011890854530442279,0.0899738626758886,2.7738095238095237,2.015142857142857,1.0057564475289391,0.49545246276221383,1.3764828205491753,7.684122721354166,7.811075846354166,43.8868646530878,15.467362637362637,9.123160976313766,4.972771538628472,4.8712158203125,1.9938175569895493,1.4950573851389932,34.9404411315918,0.031823936849832535,0.062097445130348206,3.1563895089285713e-06,2.654085204258549,0.05733039397964267,0.8897145099282768,5.885532924107143e-06,-4.443102228893371e-08,2.654086156661514,0.0007635318192296607,0.05676845407741904,2712.0,-0.0028262007810360965,0.008455758612962393,-9.61307260930509,0
391,0.7880581055709294,-0.035967009714671545,-0.44040412373202187,0.0815571412340671,0.032447258352057654,0.2296512716239381,1.0190000534057617,0.13779997825622559,0.652999997138977,23.640555738551274,1.1749367207288741,13.238101421339172,0.9362060232312114,0.01572819852870525,28.084842404910045,82.7350775068218,11.374422017657627,98.36065573770492,98.36065573770492,4,0.1,0.02271936497222081,0.7393571428571428,0.10328430645157896,0.0004927312713036231,0.018562076728668386,0.0005119224118568193,0.0036641307082618244,0.027578940618544885,2.3308163265306123,1.7840476190476189,1.068007560805412,0.5939539004229742,1.3064765209433569,15.527547200520834,16.321004231770836,70.50461803617931,17.791142857142855,8.153265448235311,9.164980933779763,8.105265299479166,4.4469176058537565,3.8317209789967617,34.925811767578125,0.03326299414038658,0.0667194128036499,-2.4966285342261903e-06,2.7326920902006435,0.106082150274871,1.2528007973961017,1.0535830543154762e-05,-3.4725892448612278e-09,2.7326918875954536,0.0007828481729267122,0.105789575421302,2709.0,-0.0029534639208028783,0.019548470087651378,-8.075974375747542,0
392,0.8477302385511852,-0.06195269546054658,-0.24431226665349234,0.08749105846843717,0.046481486219737966,0.2685030387255024,1.0190000534057617,0.13779997825622559,0.652999997138977,25.430727442247527,1.95449800742524,7.4418037019031384,0.9294284320620688,0.015654482388118698,27.881524496169295,88.86275761888966,7.89118776963868,98.36065573770492,98.36065573770492,4,0.09302325581395349,0.021540523881656417,0.6811295681063122,0.06711603206242138,9.209731678467287e-05,0.01742127831305633,0.0007818217667586738,0.006127080316487872,0.04487740524601686,2.19530612244898,1.5523809523809524,0.6137751624339525,0.30365647734871004,1.4141542506573184,15.527547200520834,16.321004231770836,88.72138250441778,15.637333333333332,7.409400810583949,10.949837820870536,11.155938042534723,3.0381554095848733,2.3654633459256287,34.92226791381836,0.032505184412002563,0.06480596959590912,-1.4662969680059524e-06,2.8033247675636166,0.07366701036387271,1.2243394117817143,1.1044456845238095e-05,1.7232739285747387e-07,2.8033236291108867,0.0007800127819319687,0.07323746789495697,2716.0,-0.002994137555949717,0.020355924608244157,-8.075974375747542,0
393,0.9100616383495785,-0.0877863902818589,-0.046060057444231854,0.02464107492694646,0.04249796242289845,0.10322987320603286,1.0190000534057617,0.13779997825622559,0.6197999715805054,27.300683721899986,2.7295254233905246,1.5477617007493973,0.9224795109757955,0.011890447495705066,27.673052348475093,90.19881267137045,5.66122375725494,98.36065573770492,98.36065573770492,0,0.0,0.01681017162188671,0.667922077922078,0.04349573427728815,8.44298448979592e-05,0.010872980557862275,0.0006599939534390619,0.002776051164101837,0.060700370972503845,2.585,1.5011904761904762,0.559707619250997,0.17955617366477208,1.7219666931007136,15.527547200520834,16.321004231770836,95.84729621523904,13.070857142857143,8.730272046941346,11.194847954644098,11.529015435112846,2.731155547220478,2.0948167841056073,34.92169952392578,0.03214007616043091,0.06901766359806061,-3.8902646019345235e-06,2.8422027830566474,0.025279034538991225,0.7910255520446465,3.360566638764881e-06,5.741560765150516e-08,2.842202712209334,0.0007558601961598846,0.023893297932215188,2726.0,-0.0030636009752883792,0.020690573020040723,-8.075974375747542,0
394,0.915997923606918,-0.10587972341264998,-0.0008490861852963765,0.004094634579139074,0.006802215883876961,0.010788592367307722,0.9337999820709229,0.13300001621246338,0.05920004844665527,27.47861442250865,3.1762375595314163,0.22922141066619328,0.9221844111179363,0.0043329688522981726,27.66419983930907,85.48716379496466,5.242659980743858,96.7741935483871,96.7741935483871,0,0.0,0.021109117065741322,0.7044557823129253,0.04243465493956421,3.8005966847147075e-05,0.017503429108649694,0.0010708966839445356,0.005728170376862486,0.06118210764857093,2.8345714285714285,1.5507142857142857,0.15425502340247452,0.08897278495464236,1.827913403961308,11.709696451822918,11.54205322265625,89.9876693725586,15.65076923076923,8.194154301354502,10.237447102864584,10.338422987196182,0.9873561681097873,0.8978854164724736,34.93170928955078,0.031202880665659904,0.06669886410236359,2.208891369047619e-07,2.832174457815067,0.011060763281105826,0.6317223483957791,-1.5803745814732144e-06,-2.4463841281046037e-08,2.832174653836244,0.0006877106287239333,0.006910981276689171,2745.0,-0.003114946535284034,0.011852914750106774,2.18359773470564,0
395,0.9162463047561191,-0.09834886630092349,-0.0005090005993843078,0.004299966532814994,0.013661728550201828,0.01236150896736841,0.9465999603271484,0.13300001621246338,0.06860005855560303,27.486068856971606,2.9503324176158223,0.26873941485370906,0.9216925916381529,0.0045558233052424586,27.649449543589725,83.28004591861313,3.5263615376800135,92.10526315789473,92.10526315789473,0,0.0,0.022487859391003274,0.7217499999999999,0.03049838988724299,5.527296959599894e-08,0.026174108743664985,0.00029537034021643314,0.004233993638873647,0.011284828954793836,2.719047619047619,1.552857142857143,0.26132272989733923,0.0967534210754117,1.7509966268015946,12.39471435546875,12.383321126302082,97.13976178850446,15.455102040816328,8.666230458164563,10.920240614149305,10.96498277452257,0.8273529025726043,1.0014096190246398,34.94062042236328,0.032013703137636185,0.06324262917041779,4.698253813244048e-06,2.8278105974503913,0.01207751499810074,0.47063241822193963,-1.3623918805803572e-06,-6.219999649669906e-08,2.827810530559577,0.0005762024093123959,0.008250843056145176,2726.0,-0.003157087124152942,0.012093741569712334,-4.818186589324631,0
396,0.9102015333686556,-0.0920307519691331,-0.06764664804367793,0.011479630859846228,0.02119732499902102,0.09882563123972565,0.9465999603271484,0.12860000133514404,0.3238000273704529,27.304752858195986,2.7739734159197127,2.2292091344509806,0.922932497913601,0.007468456526267807,27.68665693055702,84.93569694790948,5.1881188148214585,95.89041095890411,95.89041095890411,0,0.0,0.023265328499810223,0.7089895470383274,0.04221026782725601,1.8860408163265266e-07,0.025677171548907068,0.0006016532553786095,0.011245164801541072,0.02343144587528444,2.8633333333333333,1.5654761904761905,0.6498271181219756,0.3415206258317069,1.8290494296577946,13.238118489583332,12.383321126302082,104.89627612885975,14.162142857142857,8.826661337359187,11.745995415581596,11.421169704861112,0.5634192642817769,1.2131519638651984,34.94899368286133,0.03215215355157852,0.07126806676387787,5.946568080357143e-06,2.8478243982080653,0.03878101494136052,0.7182892142377973,2.9609316871279763e-06,-7.704915427932615e-08,2.847825067272875,0.0005087409388130709,0.03775015811844292,2697.0,-0.0031536431614770577,0.013516487839753507,0.7386824027823803,0
397,0.9048608477512995,-0.08545315216836476,-0.11908761936709994,0.015466074338274873,0.028925872446987175,0.11052705180503761,0.948199987411499,0.13239997625350952,0.36080002784729004,27.14450686114175,2.5773757074986183,3.7123388588854245,0.9238378941937258,0.008540262285541188,27.71380791157538,91.27998269217503,29.282180901987612,272.72727272727275,272.72727272727275,3,0.07142857142857142,0.09289626621535768,0.6837414965986394,0.08770032040045968,1.044567430237318e-06,0.4365453170285083,0.005402195116484468,0.27224209200759836,0.012374878175893207,2.536190476190476,1.6569047619047619,1.0148823418507456,0.4716481571330309,1.5306796953585284,13.238118489583332,12.90191650390625,96.69000803629555,14.924285714285714,8.687889228229288,10.969899495442709,11.081695556640625,1.2530700961793986,1.5262419959512534,34.96078109741211,0.03180629014968872,0.07126806676387787,4.332042875744047e-06,2.8788851815220013,0.05166168679294446,0.8411530510839016,6.230672200520833e-06,1.8387330262139466e-08,2.8788853132827548,0.0004943619746860362,0.05090891603157206,2688.0,-0.003105543209344942,0.016358325612095315,-3.004221636463561,0
398,0.893857714284034,-0.07504530463899885,-0.19556476205019724,0.02559812711443197,0.04224902983969459,0.10744468577965971,0.9673999547958374,0.1557999849319458,0.498199999332428,26.8144577143022,2.3280465639914785,5.8702845747130254,0.9255568312150785,0.013716581817007056,27.76537532474658,96.9261662050899,39.02580375025514,272.72727272727275,272.72727272727275,6,0.13333333333333333,0.11985845083879905,0.6628888888888887,0.11428352731593576,9.216000000000531e-07,0.7358966476599919,0.010683106437638716,0.32548640775333615,0.01451712882727339,2.787714285714286,1.5316666666666667,1.1505028536803072,0.42669702538677595,1.820052852479403,16.351826985677086,16.778361002604168,98.95656077067056,14.675494505494505,8.023294359861021,11.987263997395832,11.803470187717013,2.566276879289172,2.4719187323121354,34.96207809448242,0.03182193264365196,0.07779102772474289,-5.871000744047619e-07,2.936166309469127,0.05351199958932067,0.9922468111247084,1.2079874674479166e-05,-4.751877106306802e-08,2.9361671534107012,0.0005081812422195782,0.05280745038796697,2687.0,-0.0029816455622183914,0.02152043201421567,3.6532466070644904,0
399,0.8924081240324747,-0.05625505709648132,-0.1481270761830466,0.05102538586735221,0.06683564679129642,0.16909136924495385,1.2590000629425049,0.26319998502731323,0.585800051689148,26.77093900663512,2.2273265729631695,5.363323004203183,0.9246675404820066,0.04637829668757123,27.738698252555707,105.99531907407682,44.96695637416382,272.72727272727275,272.72727272727275,9,0.1875,0.1358639392442804,0.6199107142857142,0.1356034654837054,0.0002897498735526862,0.818784239763453,0.0052537372154122805,0.6372099192585525,0.0064165099427537665,2.321142857142857,2.6248214285714284,1.028298138296715,1.6925688328178947,0.8843050547656304,23.321329752604164,21.593221028645832,152.44227629162015,15.325714285714286,9.182348327978335,14.405843098958332,14.886271158854168,4.609275114273442,5.045833551135558,34.95067596435547,0.039025623351335526,0.07513172179460526,-4.332042875744047e-06,2.987829073685293,0.0622863727533512,0.9314242344613365,7.66572498139881e-06,-6.142223654636813e-09,2.987829356124569,0.0005045039667464443,0.06170062301193693,2696.0,-0.002897795969676667,0.022561962705670145,3.6532466070644904,0
400,0.8956105337256477,-0.03147574279705683,-0.1336321429014206,0.053057025151783115,0.06926173261350806,0.1589584370123545,1.2590000629425049,0.26319998502731323,0.585800051689148,26.867013011745044,1.8145807139362609,4.928834577883993,0.9227431573816984,0.04890384286166688,27.680977843733405,110.15858216258395,35.07425247331695,267.515923566879,267.515923566879,6,0.11764705882352941,0.10278171837760382,0.5766666666666668,0.11119262049648115,0.0002329298898792169,0.4468436016014118,0.0007300174302543592,0.5279858601707472,0.0016337202270282048,2.7654285714285716,2.806938775510204,0.7758768048643615,1.7271885898253818,0.9852115748145994,33.88214111328125,41.30574544270833,197.4497514270601,15.102755102040815,8.647838899289903,20.932881673177082,20.541556222098215,9.034028115473028,7.5261241421585785,34.92062759399414,0.04487442970275879,0.07706546783447266,-9.100051153273809e-06,3.0311070966196083,0.042347928341654226,0.800928456902732,6.285167875744047e-06,-1.8361913483578456e-08,3.0311075868287354,0.0005326587139485752,0.041499395952090415,2693.0,-0.0028130047367071064,0.02161650340511542,3.6532466070644904,0
401,0.9028608097803025,-0.012414438031968617,-0.10717167628662927,0.04817182891827609,0.061794132915698366,0.12544800991710986,1.2590000629425049,0.26319998502731323,0.585800051689148,27.08457057910306,1.2863852798087256,4.134766579398087,0.9199988801350527,0.047705681144136765,27.59865641021357,107.79766905519293,25.180602248060392,264.1509433962264,264.1509433962264,3,0.058823529411764705,0.07012845356914696,0.5733053221288514,0.07823610145396151,4.408285880882853e-06,0.19016467356296904,0.0016640507891785372,0.24616250027545727,0.00875057789651726,2.317142857142857,1.4883333333333333,0.9741488522780067,0.3599266900664943,1.5568709006558952,33.88214111328125,41.30574544270833,193.09349525088354,14.918482142857142,8.807307501484296,17.0412360297309,15.782521565755205,11.63571642513989,9.77601008496366,34.89335632324219,0.038819000124931335,0.07133686542510986,-3.9643787202380955e-06,3.0753173690075863,0.047104848390278835,0.7752419491829298,3.7965320405505953e-06,5.328421216096145e-09,3.07531734820818,0.0005439261230897582,0.04634831036277563,2707.0,-0.0028313798033891987,0.01716718184600536,-2.9714855698199023,0
402,0.906050171153886,-0.0025483144095965796,-0.14182423829180854,0.017084944111272874,0.029866602910865247,0.03907241156717608,1.0645999908447266,0.16540002822875977,0.27219998836517334,27.180195991737502,0.5541319826671055,4.258462434113025,0.91841189132935,0.016663781581911955,27.551033344372794,98.89689889340859,10.787650052741936,114.44141689373298,114.44141689373298,0,0.0,0.01261508033448139,0.6138690476190476,0.06602215558692909,0.0001441567773427737,0.0031768752649006856,0.0006981949296845689,0.0011081656715573797,0.21977410866535724,2.4114285714285715,1.6223809523809525,1.2584230494665025,0.49351279140813226,1.4863516289991194,33.88214111328125,13.391418457031248,128.94655623663039,14.890408163265306,7.752723859305872,13.638966878255209,10.240258110894098,2.281211551003324,9.731632906295225,34.87042236328125,0.03239063918590546,0.0625477284193039,-1.3936360677083334e-06,3.103654188551475,0.04561953618614319,0.7596618739059314,4.323323567708333e-06,4.4294740782844265e-08,3.1036539246143944,0.0005965643370683608,0.044867817360283176,2713.0,-0.0028035512771341247,0.015919664855882802,-8.239436822188171,0
403,0.9033033327999569,-0.012217343196982429,-0.1649039811804181,0.01218848634865815,0.03671475794377066,0.030369826158175253,0.9977999925613403,0.21240001916885376,0.27219998836517334,27.09780941256455,0.6066702676245145,4.946877721122333,0.919548305065309,0.012217658294061342,27.58513545796366,89.125736582021,6.643491115269505,97.67441860465115,97.67441860465115,2,0.046511627906976744,0.02134336802382846,0.6773421926910299,0.05566918815007074,0.000193402946105789,0.01412618445252841,0.001792662004146569,0.003036329222687839,0.1269034826899563,2.3014285714285716,1.546734693877551,1.1464067325785634,0.5391520792856911,1.4879271671724503,15.751037597656252,14.997762044270832,89.82936154320126,16.603303571428572,9.448816046106016,10.193743024553571,10.611325218563987,2.292631619369454,3.6244253173942362,34.862876892089844,0.03193895146250725,0.0694398507475853,3.226143973214286e-06,3.137453648767144,0.027455152931498198,0.6349211484264851,2.9609316871279763e-06,4.953094113567515e-08,3.137453623293889,0.0006142248078427062,0.026209739086040598,2718.0,-0.0028789762394592073,0.016849739879447604,-6.856315684870098,0
404,0.9006122181472325,-0.028774276506333123,-0.1863905238821393,0.011882933507662181,0.03820085468625525,0.030105909524182222,0.9977999925613403,0.21240001916885376,0.27219998836517334,27.017084258709634,0.9970059900198665,5.591448287921293,0.9214330120693119,0.011825114048530294,27.64167613052633,86.2390331170669,6.364555820232173,96.55172413793103,96.55172413793103,2,0.047619047619047616,0.023368623908454976,0.6996598639455782,0.05332738929808779,2.3449312119950018e-05,0.011927358714192728,0.003994903768408309,0.0006792818039909626,0.3349361634990194,2.0425714285714287,1.4630952380952382,0.8378122141162954,0.5366806627659022,1.3960618388934092,12.853291829427082,14.997762044270832,87.6074702671596,15.721978021978021,6.681559090527277,9.10400390625,9.934166802300346,3.315516323576219,2.9462044879037705,34.86307144165039,0.03210330009460449,0.0694398507475853,-1.4677501860119047e-06,3.1484707146223134,0.015777544546218145,0.46655324017420335,4.3596540178571427e-07,1.0510639610267022e-07,3.148469859120081,0.0006308278723588874,0.013514361521072408,2723.0,-0.0029557112154350537,0.016632275991912297,-2.6991625983780705,0
405,0.8976258384784063,-0.04369920024701527,-0.20703180963652473,0.011732292143174363,0.03307295990932064,0.02679271795155579,0.9977999925613403,0.21240001916885376,0.2793999910354614,26.927493582963944,1.4047197129045215,6.210667146231447,0.9232117297785787,0.011547956452869964,27.695037261078106,83.78725661042739,5.8166377241480465,95.67198177676538,95.67198177676538,2,0.05,0.02502850285169658,0.7196071428571429,0.05068408305878883,5.988864639733421e-07,0.014180478962982863,0.0035271637703561416,0.0013116363654213329,0.24873375430855002,2.8978571428571427,1.2623809523809524,1.866946422792639,0.28223556845261943,2.295548849490758,12.912699381510418,14.997762044270832,85.01912136986142,13.227755102040815,8.695598275148496,10.083804660373264,9.254642062717013,4.066952127751784,2.6367289129675324,34.868858337402344,0.03171838819980621,0.0694398507475853,1.1727469308035715e-06,3.157393684058432,0.012888291536979466,0.46655324017420335,1.5622093563988095e-06,1.6976734557983882e-08,3.1573937235998875,0.0006363214445910416,0.010299152535766094,2711.0,-0.003059250247756059,0.015973821347217247,-2.6991625983780705,3
406,0.8954053249756495,-0.046028247648761386,-0.2203050189103399,0.010215071972910926,0.022400235468368675,0.020390517914324717,0.9944000244140625,0.19700002670288086,0.3163999915122986,26.860880892191613,1.4316404306037085,6.6088471387113845,0.9237554596910186,0.01006673183058422,27.711348334358533,85.69524551156859,7.2865416249616795,103.96039603960395,103.96039603960395,1,0.023809523809523808,0.023479124519519168,0.7049319727891156,0.05649135608255397,0.00015130004098292362,0.014746594889089228,0.0029897572121700754,0.008713735495496802,0.2027422082627461,4.562142857142857,1.4610714285714286,1.4027613074626366,0.06869315832017044,3.122463945245661,13.225606282552082,12.91778564453125,85.66561024983724,14.632142857142858,8.250961508595623,10.146280924479166,10.07860819498698,3.633970737952651,2.938324861191008,34.8685417175293,0.03159463778138161,0.05947549268603325,-3.958565848214286e-06,3.162808171011574,0.014910074897753619,0.4421572991509307,1.8710181826636904e-06,-1.855315172148472e-08,3.162808678753975,0.000680358188102314,0.012921516240221633,2680.0,-0.003058548376881607,0.014459725049328909,-9.728067146486264,3
407,0.8939098221063614,-0.041812866568565366,-0.2272303332771574,0.010130306040113675,0.021296599063127634,0.01952950017082415,0.9944000244140625,0.19700002670288086,0.3163999915122986,26.81602209176336,1.3051699981944902,6.816568284034729,0.9237391865342781,0.010009750256101069,27.710856731,85.01310077459009,8.577986842564071,103.96039603960395,103.96039603960395,3,0.07317073170731707,0.030318042045445283,0.7125783972125436,0.06777574028991645,6.87884048313212e-07,0.014869668256185685,0.00833954557684419,0.002796504300462396,0.5608427459956946,4.112285714285714,1.467142857142857,1.2467258671236041,0.07349163495366848,2.802921129503408,13.225606282552082,12.824808756510414,81.14055502755302,14.584545454545454,8.840869336156452,10.0848388671875,10.085805257161459,3.6241696450387995,2.582673075763455,34.85802459716797,0.03311903029680252,0.06369902193546295,2.1943591889880953e-07,3.1687009618949973,0.015390481386916087,0.4325342284623592,-3.633045014880953e-08,-4.8981675255725964e-08,3.1687013950389575,0.0006725771508631881,0.01354605306066861,2683.0,-0.0030199084234921107,0.0137838747080763,-9.728067146486264,3
408,0.8927826991478602,-0.0390019903977712,-0.23202424757537388,0.010184772827137062,0.020947262355267077,0.02043350835294687,0.9944000244140625,0.19700002670288086,0.3163999915122986,26.78221011723791,1.2208429988367218,6.960404427264418,0.9237299389140249,0.010019991560246777,27.71058575163586,83.52758933687542,8.720767122310068,103.96039603960395,103.96039603960395,3,0.07317073170731707,0.0277341607673531,0.7254355400696865,0.06836220950657403,2.5089876551436896e-05,0.014588358680644441,0.00617973305315452,0.010324834751946984,0.4236071506353674,4.389523809523809,1.6110714285714285,1.2102511873606803,0.19778460506318485,2.724599128057341,12.69195556640625,12.824808756510414,78.49410334995815,16.241746031746032,7.783242647661119,10.555419921875,10.247141520182293,2.10032853974154,1.5814614741642148,34.84054183959961,0.03480367362499237,0.06755782663822174,-3.372918991815476e-06,3.1719434636529584,0.01556998153279721,0.4442972079171291,8.537655784970238e-07,1.7065787691585435e-08,3.1719434916611595,0.0006169130814189918,0.01350256746833028,2699.0,-0.0030041947988525843,0.013537433492694918,-9.728067146486264,3
409,0.8912519098122914,-0.03774259071690696,-0.23973859040226256,0.0029548755847993175,0.004481700293337953,0.011869783778159828,0.9038000106811523,0.05460000038146973,0.2914000153541565,26.736284294383868,1.1322260071975845,7.191820569251265,0.9237896007421649,0.003397628725695029,27.71237006759165,79.96519165616284,3.736745667089792,94.38202247191012,94.38202247191012,2,0.05128205128205128,0.02220280509851739,0.7518681318681318,0.033100949009705984,6.615996401499371e-05,0.016124736362483145,0.0022134538784566835,0.012964264415925467,0.13727070190162294,3.6837142857142857,1.675,1.316034426694415,0.1771788557892152,2.199232409381663,10.059814453125,10.007425944010418,72.01631963820684,16.773116883116884,8.0598547480474,8.851908365885416,8.640416463216145,1.2378024707101765,0.9068761344277159,34.823883056640625,0.03375135362148285,0.07950975745916367,8.065359933035715e-07,3.178979791826784,0.017726236690323856,1.1496186358529843,3.3060709635416668e-06,-7.56500799078539e-08,3.178979955232503,0.0005459230686695611,0.015741461387511257,2728.0,-0.0030208326261342467,0.013230732563858838,-6.080088048052151,3
410,0.8903743766886847,-0.03888285758949461,-0.24351376177583423,0.0027299146415637157,0.003931575338795552,0.010592051619910234,0.9010000228881836,0.05299997329711914,0.2914000153541565,26.709956729241778,1.166432584822178,7.3050759961349625,0.9239593535809609,0.003402008035434819,27.717461127565652,81.36876776462213,3.6266014804231697,90.51724137931035,90.51724137931035,0,0.0,0.010143969016681072,0.738791208791209,0.031615392891199946,1.9837025239483626e-05,0.0020332168084841312,0.0005033791271638779,8.318364990597502e-05,0.24757769317241343,2.2923809523809524,1.4679591836734696,0.6351413505255286,0.13934218037617566,1.5616108253394503,11.264241536458334,12.278340657552084,77.25655226934524,17.241142857142854,7.975545074670147,9.28651597764757,9.175487699962797,1.5722466160059279,1.4103404957969323,34.813419342041016,0.030225930735468864,0.07682634145021439,-1.392182849702381e-06,3.213956974658573,0.051437526243314366,1.3735583004335004,5.667550223214286e-06,1.5976434519397827e-08,3.213956893881181,0.0005959579536416228,0.05075699179820936,2719.0,-0.0029825545067980394,0.013440856547618986,-6.93959530765331,3
411,0.8902389291127523,-0.03956607692582267,-0.2441235711006891,0.0027459535158549275,0.0038692920644464446,0.01040992153628156,0.9016000032424927,0.055800020694732666,0.2914000153541565,26.70590101625238,1.1869210220660482,7.323362133034638,0.9240165731340085,0.0033755058790398387,27.719182600619646,82.77150272740849,2.7841469825776946,90.51724137931035,90.51724137931035,0,0.0,0.010070395863194463,0.7256785714285714,0.023552996039760625,1.6606456643065412e-05,0.0018043860096395533,0.0005654309060413854,0.00016861407688706232,0.3133647141025753,1.9657142857142857,1.4251020408163264,0.3978587000299282,0.1443308822873362,1.3793498496348275,11.264241536458334,12.278340657552084,82.92416054861886,15.277232142857143,7.6378407180213435,9.010489327566964,9.134652273995536,1.6082675878464088,1.4268754971621997,34.8092155456543,0.02970692329108715,0.07682634145021439,0.0,3.2385928784885336,0.04164722689155024,1.3735583004335004,3.1789143880208335e-06,-1.9870486737430128e-08,3.2385929106252718,0.0006640137178503715,0.04086887379145871,2710.0,-0.0029866087919734477,0.013441490483999436,-8.99703054007832,3
412,0.8904754051935105,-0.039737248341242475,-0.24337703777211053,0.002724477898297022,0.004006815040062863,0.010198836210427985,0.9016000032424927,0.055800020694732666,0.2888000011444092,26.71299029861178,1.1920717359440667,7.300963418909482,0.9240531760229287,0.0033316907984557143,27.7202759546361,83.69528786803662,2.800711213419351,90.51724137931035,90.51724137931035,0,0.0,0.009738939304437122,0.7176655052264808,0.02330091015161375,6.077734277384426e-06,0.002253716399925594,0.0006725705008650473,0.001375504542742695,0.2984273002970791,2.0482142857142858,1.4395918367346938,0.49921609467611666,0.14114424994296326,1.4227743124468388,11.264241536458334,9.499715169270832,83.24985060918898,14.83689075630252,8.729488629075625,8.801612854003906,8.33467029389881,0.8074992626900521,1.5232974149494507,34.80330276489258,0.031143683940172195,0.06412043422460556,-9.518577938988096e-07,3.255890471657925,0.02591583623574952,1.127334765934958,-3.269740513392857e-07,6.487251085623405e-09,3.2558908643825024,0.0006770639293230264,0.024772998781969285,2692.0,-0.002990070192435033,0.013441569826193317,-11.186566153954178,3
413,0.891516509385336,-0.03981219122523353,-0.2387777617744037,0.0032502730371094784,0.004247296357568141,0.013020350718234352,0.9057999849319458,0.05699998140335083,0.2778000235557556,26.744220995903014,1.1943065938779287,7.1629899960756305,0.9238984616921625,0.003358930128579044,27.715632911129816,83.86893985605681,2.9682353692942667,90.71274298056154,90.71274298056154,0,0.0,0.011280288026428387,0.7162717770034843,0.024594021799834623,1.931692194918781e-05,0.004106593111239227,0.0007179328740177042,0.0004606285089870036,0.17482444804497735,2.456122448979592,1.4992857142857143,0.48003991226539006,0.17806356351893338,1.6381950588715715,14.478352864583334,14.157918294270832,85.57647690545944,14.12352380952381,8.598413741806302,9.964120047433036,9.988742404513888,2.5538200371501896,2.779877624819675,34.79660415649414,0.03054695390164852,0.06067037954926491,-3.810337611607143e-06,3.2444467976413325,0.014625938209377302,0.39017943416159384,-1.998174758184524e-06,-1.2642354310491454e-07,3.2444468328523715,0.0006356454210065657,0.012628785609563814,2688.0,-0.0030010799743818003,0.013311298745848722,-10.455620606746463,3
414,0.8918167758442107,-0.039388524455683575,-0.2374467715195247,0.0031919615659186168,0.004372095537774162,0.012878316199362213,0.9057999849319458,0.05699998140335083,0.28460001945495605,26.753230275341444,1.1815973051105226,7.12305828843798,0.9238250236867666,0.0034738044432920103,27.713430319361823,83.72603331362191,6.69666512405937,94.80812641083521,94.80812641083521,2,0.04878048780487805,0.021855275363730598,0.7214634146341464,0.06079078010055678,5.113709287796749e-05,0.013303153744985625,0.001732605648263614,0.0049086897210337144,0.13024021833294133,2.984761904761905,1.506857142857143,0.42091709612946226,0.15690735600139,1.9807862469978512,14.478352864583334,14.157918294270832,88.02133047921318,14.642087912087913,8.403685847829284,11.010165744357638,11.670552571614584,2.0357176282440816,2.446596815259669,34.79330062866211,0.0295262448489666,0.06722185015678406,-3.2973516555059523e-06,3.2359418627886676,0.01917898825195835,0.7389830269172557,-2.288818359375e-06,7.205369907593696e-09,3.235941694374614,0.0006001386102483268,0.017516011222586936,2699.0,-0.0029895165427390362,0.013299627990009078,-7.829304100491042,3
415,0.8924994897672108,-0.037543619399979,-0.23402584774437404,0.00323274740937587,0.00483582835659745,0.013345801946545374,0.9057999849319458,0.05699998140335083,0.28460001945495605,26.77370940727847,1.1262577248471124,7.020434432327748,0.9235430579707496,0.0036230374267036897,27.704970650004107,86.00229427711987,8.18944955276529,99.0566037735849,99.0566037735849,4,0.0975609756097561,0.027027008411466283,0.704390243902439,0.0710942631318734,4.164931278633869e-06,0.012217271485573156,0.004823635093922918,0.0009795894019167383,0.3948209794321865,3.050285714285714,1.5514285714285714,0.5272751672901127,0.2233693746936236,1.9661141804788211,16.941019694010414,15.85540771484375,104.75153612409319,14.80988095238095,8.011697198011817,12.409342447916668,12.233317057291666,2.7480660615377905,2.4747522982423544,34.79631042480469,0.029760196805000305,0.0653095468878746,1.5389578683035714e-06,3.221704183229463,0.023683427668245157,1.134041294596123,-2.3069835844494046e-06,-4.756795316777856e-09,3.2217038495797845,0.0005783062481510391,0.022162683810480678,2713.0,-0.0029946737678600128,0.01324003218556976,-12.141140761792727,3
416,0.8922105946540833,-0.03788931469690232,-0.23541491433552333,0.002960616715785932,0.004872531286617664,0.011584165907370514,0.902999997138977,0.05339998006820679,0.28460001945495605,26.765042125327245,1.136619869513171,7.062115144346442,0.9236065531661671,0.003627937920371195,27.706876968824893,84.0660675871168,8.346796131683478,99.0566037735849,99.0566037735849,4,0.0975609756097561,0.026273677368213597,0.720766550522648,0.07130588596963748,4.666283981674298e-05,0.009656145248282766,0.004727586243763072,0.00039448992734222236,0.48959353056581445,2.9688571428571424,1.5202380952380954,0.4768762300382671,0.20364437567983987,1.9528895849647607,16.941019694010414,15.85540771484375,97.32824169340589,15.12032967032967,8.279102954498867,11.741780598958334,11.595391167534721,3.2161179912567213,3.113878002407309,34.802574157714844,0.030294479802250862,0.06646253168582916,3.810337611607143e-06,3.195863673530427,0.02609255085507502,1.103011289969043,-4.286993117559524e-06,-1.267123195822534e-08,3.1958637731553408,0.0005667531557164475,0.02466118516028031,2690.0,-0.0030390572919146708,0.013124583380412188,-12.141140761792727,3
417,0.8934256985073998,-0.03923909549769901,-0.22953918098551887,0.004035217687539652,0.005875515510247248,0.01829786912791323,0.9134000539779663,0.058399975299835205,0.28460001945495605,26.80149152662073,1.177111436384065,6.885857715266091,0.9234774505899862,0.0035264581600443897,27.703003774869675,84.64183017501149,5.874704922278095,99.0566037735849,99.0566037735849,1,0.024390243902439025,0.015219482680473219,0.7120209059233449,0.04547079711988103,2.463400249895944e-07,0.006755623749415565,0.001195782464221592,0.00379459031140531,0.17700548588500659,2.3128571428571427,1.5124489795918368,0.6514594514700213,0.1708249821033814,1.5292133315342058,16.941019694010414,15.85540771484375,108.22274228050594,16.295267857142857,8.932551623118734,11.617315383184522,11.75627208891369,2.755136104900199,2.8303784752525534,34.807743072509766,0.030340144410729408,0.06373602151870728,3.0038016183035716e-06,3.1710080172719173,0.02605575801399098,1.03051097871742,-4.178001767113096e-06,-1.5715126547511578e-08,3.1710077313703775,0.0005714190686719996,0.02464222351040314,2683.0,-0.003001308845319122,0.013128094922163778,-12.141140761792727,3
418,0.8941932499295189,-0.042204895706403824,-0.226282219126111,0.004085859025408616,0.005088082268100226,0.018449016705683635,0.9134000539779663,0.058399975299835205,0.28460001945495605,26.824521926471164,1.2660828711731094,6.7881407166378835,0.9235463236649947,0.0034060565413326685,27.705071489268043,82.45325805720731,2.0988230497294706,86.24229979466119,86.24229979466119,0,0.0,0.008840999112437603,0.7281533101045295,0.018401105595906988,6.420535443565167e-06,0.0036738596903390834,0.00010257817666702436,0.0008189176897597156,0.027921092614605753,2.186530612244898,1.4373469387755102,0.5106811646990149,0.07400428862928732,1.5212267499645038,12.976175944010416,12.80609130859375,100.64654533749534,15.664642857142857,8.093499872031348,10.983537946428571,11.369919549851192,1.4375050754237975,1.9231500667504982,34.820106506347656,0.032240115106105804,0.06104772910475731,2.9325939360119047e-06,3.142898651845262,0.024434526208425435,0.7963906170099129,-4.632132393973214e-06,-2.0209396851176556e-08,3.1428984480213686,0.0005901719816753044,0.02294559270779042,2688.0,-0.002956367312122042,0.01295688381912576,-8.50664658774287,3
419,0.8943644595543544,-0.044142343259993055,-0.2258130763627234,0.003962501583137061,0.004798973194573778,0.018322197100331627,0.9134000539779663,0.05940002202987671,0.28460001945495605,26.829659500888415,1.3242101549676486,6.7740575766137665,0.9236831994381192,0.0034146718281982125,27.709177098840176,83.46896285524863,1.7930729233733966,86.24229979466119,86.24229979466119,0,0.0,0.009099786945252045,0.719163763066202,0.01553741325086749,1.1465825239483505e-05,0.0031845342592494988,0.00021158949670483886,0.0004172680279052283,0.06644283888304103,1.9757142857142858,1.419107142857143,0.3654223962714834,0.0828600291984954,1.3922234805587015,13.264261881510418,13.594462076822918,110.80929470970516,15.225714285714286,8.367298017307869,12.334783644903274,12.07818349202474,0.9803103359428116,0.8904860557119759,34.8381462097168,0.03719567134976387,0.07827128469944,3.814697265625e-06,3.129752741150161,0.01872114880827333,0.5821587314472989,-3.633045014880953e-08,-1.3377043524762544e-08,3.1297531585414005,0.0005766445592867613,0.01679467200187183,2711.0,-0.002943615931328419,0.013083217204130752,-8.50664658774287,3
420,0.8934640031882695,-0.043821762459618704,-0.23049485728570393,0.0030620071263758406,0.00437612477212879,0.012742416005317095,0.9055999517440796,0.05940002202987671,0.2766000032424927,26.802645524229323,1.3145941595094544,6.914510575703212,0.9238532301585115,0.0035008199657452083,27.714277465720418,84.68312610048237,2.332548935841225,88.98305084745763,88.98305084745763,0,0.0,0.010197038385567393,0.7090592334494774,0.019451436013219248,1.306122448979611e-06,0.004282956896634556,0.00016721320746095286,0.0011832872924843962,0.03904153403746486,2.0975510204081633,1.3612244897959185,0.22707124308845072,0.08999652915700808,1.5409295352323837,13.264261881510418,13.594462076822918,107.6272942679269,14.637946428571428,7.896993954185113,11.967831566220239,11.96656726655506,1.0295178995222332,0.959339918987359,34.86111831665039,0.0357530303299427,0.0759662389755249,5.061558314732143e-06,3.1448807104911856,0.041589469815951303,0.6662971032987794,3.814697265625e-06,2.3571354145361948e-08,3.1448804360919724,0.0005468205672001533,0.040780440242280794,2714.0,-0.0029436486271766076,0.013033043199408907,-8.50664658774287,3
421,0.8930234895376932,-0.04293790542511713,-0.2322696287348157,0.003637332583991369,0.004992268563712258,0.016251718360301842,0.9129999876022339,0.05940002202987671,0.2766000032424927,26.78942411465304,1.2880788770318032,6.96780014774629,0.9238902990286048,0.003575425180350189,27.71539469675956,85.96686923268354,3.274259629067713,93.12638580931265,93.12638580931265,0,0.0,0.010512028238186876,0.6989455782312926,0.02633244058187563,5.1649519366930345e-06,0.004323632258449689,0.0004512541542420694,0.0026532116717495756,0.10436922644384983,2.146607142857143,1.3883673469387756,0.2554647001254852,0.13288331664809763,1.5461377333529325,13.264261881510418,13.796488444010418,107.88609786260695,14.443193277310924,8.862689541748836,11.44280751546224,11.097179594494047,1.771901901456145,1.115198241609821,34.87855911254883,0.03216870501637459,0.06674304604530334,-2.200172061011905e-06,3.1663837526407783,0.038061049426785315,0.5968877020016584,4.850115094866071e-06,3.130085201310134e-08,3.166383678846745,0.000539997563321857,0.03722272730040316,2707.0,-0.003030554191662376,0.012927263259165569,-10.192032668102042,3
422,0.8936399839321773,-0.040252762504986356,-0.22895299032188599,0.003749615452049827,0.004921406442009534,0.016896777670947587,0.9129999876022339,0.056599974632263184,0.2766000032424927,26.807923660874366,1.207527160857405,6.86825956680945,0.9235489801806962,0.003638641117442295,27.705150250489037,87.83144416859741,3.014283684450546,93.12638580931265,93.12638580931265,0,0.0,0.011065666703449776,0.6839455782312924,0.02387977972814807,1.857785922532316e-07,0.00444313320287862,0.0006245942701222085,0.003392688276125481,0.1405751845831554,2.3276190476190477,1.513809523809524,0.17326136653560958,0.15301208583866313,1.5375904372444165,15.919596354166666,16.1029052734375,106.31301305861699,14.63295918367347,7.740182730839683,12.119293212890625,12.143741183810766,2.61836335735136,1.9494509833170903,34.8829345703125,0.030991654843091965,0.060607656836509705,-2.0548502604166665e-06,3.186087287963501,0.027371912980880236,0.5462660926644749,4.3596540178571427e-07,3.8761581445948793e-08,3.1860872110498386,0.0005380953876866696,0.026190886320751467,2697.0,-0.00302469727539016,0.012682291968045512,-9.25171533730661,3
423,0.8944576689061664,-0.03857805746509915,-0.22492463773489,0.0035708781121222325,0.004688128620111917,0.015841286853905012,0.9129999876022339,0.056599974632263184,0.27139997482299805,26.832455210004532,1.157289723966803,6.747394132060664,0.9232588319167307,0.00356174401064347,27.696443141996,86.34936320347363,4.093017822056451,93.12638580931265,93.12638580931265,0,0.0,0.009902461092546534,0.6964285714285714,0.033296748630876186,1.535360266555563e-07,0.002200059283795293,0.0004698593162672776,0.0006667029046686543,0.2135666614659263,2.6757142857142857,1.5847619047619046,0.5795013103587282,0.22616541214516786,1.6884014423076925,15.919596354166666,16.1029052734375,90.37381984165737,14.910510204081634,8.582233879907339,10.819888644748263,10.75510660807292,3.930953716963708,3.31536428445845,34.87295913696289,0.03437461704015732,0.06637930124998093,-3.2290504092261905e-06,3.1717486872195537,0.024199038982025804,0.5290467073057701,-2.3433140345982144e-06,9.85715918641967e-08,3.171748199263385,0.0005936267621849191,0.0228760197256816,2688.0,-0.0030492344195942305,0.01261450840816109,-6.176678482974517,3
424,0.8954139064380101,-0.03815125723963692,-0.22040703771227882,0.003426996105151874,0.004525979653759817,0.015056408360999234,0.9101999998092651,0.06339997053146362,0.2662000060081482,26.86113033601216,1.1444885743090085,6.611921274236271,0.9230643132824663,0.0034702040109138503,27.690609206048862,86.0756482970369,3.9631531341328006,94.5945945945946,94.5945945945946,0,0.0,0.010760064801135687,0.6985374149659863,0.0321008615986838,1.586965431070393e-05,0.0029153157950374815,0.00037148295946295106,0.0004814233633700484,0.1274246035696366,2.5895238095238096,1.4791836734693875,0.7675802010730638,0.24995143218362553,1.7506438557763064,12.651468912760418,14.248046875,93.07036714099704,15.921809523809523,8.619727389136997,9.63441636827257,10.279773530505953,3.371510061339594,2.9487045727442145,34.861976623535156,0.032758381217718124,0.06254875659942627,1.8325079055059525e-06,3.1599473569524963,0.025546959379948452,0.5406577306595619,-1.3805571056547619e-06,4.412747076819526e-08,3.1599469921882246,0.0005777126067950638,0.024289418224107982,2704.0,-0.002970892987610709,0.012941694037916854,-6.426271213218131,3
425,0.8953095256714594,-0.03740320938257944,-0.22082600923379261,0.0034127881523266295,0.004807041300619896,0.015194528611415736,0.9101999998092651,0.06339997053146362,0.2662000060081482,26.85801005584853,1.1220475671972547,6.624441705601556,0.9230363742145166,0.0034283421612488403,27.68977037420299,86.61895302173225,4.894313249644245,97.67441860465115,97.67441860465115,0,0.0,0.013022369928769125,0.6948504983388704,0.03831666762681854,2.9724574760516553e-06,0.005421536949192144,0.0004809882134584226,0.0006085848890318387,0.08871805503974181,2.2930952380952383,1.5124489795918368,0.6555796192593304,0.2636884749631747,1.5161471686232177,18.051350911458332,17.491963704427082,104.09485001336962,13.936761904761905,8.115210736453625,11.526150173611112,11.4649164109003,4.614620803722922,4.519271313821049,34.86057662963867,0.03206660598516464,0.06790816783905029,0.0,3.1453369628883,0.014972675646473433,0.4396993795901173,-1.4168875558035715e-06,3.999079269171468e-08,3.1453369115517824,0.0006346240766578415,0.01276272234698669,2716.0,-0.002920508685551804,0.01307190411807184,-6.426271213218131,3
426,0.8946819930871328,-0.035892142681848434,-0.22353251426276707,0.003615212113623121,0.005374174600721516,0.016338899205830426,0.9101999998092651,0.06339997053146362,0.27219998836517334,26.839185935429164,1.0767118519118855,6.705652142167091,0.923042662457863,0.003471889185467446,27.689964498737442,87.76912831826249,3.949527606802002,97.67441860465115,97.67441860465115,0,0.0,0.01228112554709851,0.6849501661129568,0.029774263575249663,9.42114119117067e-08,0.004912680831123603,0.00039123072443005404,0.0005287804027575074,0.07963691065608546,2.388571428571429,1.4144897959183673,0.5052001691254208,0.17542855243539843,1.688645217140384,18.051350911458332,17.491963704427082,109.71640247163317,15.229428571428572,8.32476812285602,12.39044189453125,12.171747116815476,3.7698107305408546,3.7173726927329422,34.862335205078125,0.0316505953669548,0.06713759899139404,3.676641555059524e-07,3.132162624969635,0.022917919608619594,0.49490305117754213,-1.0535830543154763e-06,6.897558243519444e-08,3.1321615684758286,0.0006651187611133399,0.02158736475781539,2719.0,-0.0029467590922009667,0.01334269575887528,-13.7939950080688,3
427,0.8935125653914043,-0.0333387424207869,-0.22885929512693767,0.0026971882672882446,0.003970518281274349,0.011354887107255346,0.9049999713897705,0.04659998416900635,0.272599995136261,26.804092390366964,1.0001139869008746,6.865479996672699,0.9230344103672131,0.003493394304643312,27.689712529899104,86.49015379001328,3.871386994638719,97.67441860465115,97.67441860465115,0,0.0,0.010771623580707781,0.6950340136054421,0.02937515476912782,7.72159333610995e-06,0.0030362301017199276,0.0006268626962483478,0.0013682294914532651,0.20646086602370817,2.5022448979591836,1.3414285714285714,0.34621557276330506,0.1687448663870187,1.8653582838886353,18.051350911458332,16.755879720052086,102.07735312325615,14.676,8.070723815839855,11.02142333984375,10.301242404513888,3.0492383696573584,3.40195464600892,34.857234954833984,0.03332425281405449,0.07213479280471802,-1.0274251302083333e-06,3.1123588405434934,0.027371795650648716,0.5081535403415541,-4.8319498697916664e-06,-2.6031133358313495e-08,3.112359699153283,0.0007188908410088938,0.026390283765272898,2691.0,-0.002972747932064619,0.013442851085302368,-13.7939950080688,3
428,0.8962742406300136,-0.032034266460509525,-0.21224017163969222,0.00619655156889039,0.005221739772777523,0.0363777723264654,0.9301999807357788,0.05620002746582031,0.272599995136261,26.88694493319307,0.9609759937865393,6.3668960063372335,0.9223638095493958,0.0036889121403630002,27.669593458387908,86.5781443148056,2.9432204847027457,91.90371991247265,91.90371991247265,0,0.0,0.006770797835926917,0.6938095238095239,0.023365242654462447,9.08345789254482e-06,0.0016065556547459109,0.0001168356898449507,0.0002331622656029152,0.07272433388772277,2.3263265306122447,1.3379591836734694,0.33542180671728994,0.12589703123572527,1.7387126296522268,13.907267252604166,14.276529947916668,101.26967010498046,14.93982142857143,8.581836625459111,11.13779703776042,10.771833147321429,2.2435164890919057,2.0613266254314957,34.84603500366211,0.031218981370329857,0.06601040065288544,-4.417782738095238e-07,3.087053816180349,0.019442896285951722,0.4414500893022999,-3.3060709635416668e-06,1.3531084201804307e-08,3.087053819373152,0.0007167114521440447,0.018145538718781554,2672.0,-0.0030039005362188856,0.01341748050445701,-13.872812844066333,3
429,0.8973902105263302,-0.03225929495266506,-0.20687707623981294,0.005772493182728605,0.005343210505325759,0.03424676481323127,0.9301999807357788,0.05620002746582031,0.272599995136261,26.92043103005205,0.9677315628954343,6.205984858657633,0.9221548724931958,0.0036166761186142747,27.66332861094852,88.14568827331328,3.6680772392016805,95.67198177676538,95.67198177676538,0,0.0,0.008896882541117276,0.681860465116279,0.028120249758583907,5.389978175760102e-06,0.002123788104928351,0.00034377584649312293,0.0003853989995410975,0.16186918351005677,2.2976190476190474,1.4342857142857144,0.35231273470958835,0.11761725741566374,1.6019256308100926,15.794270833333332,14.276529947916668,111.0675534929548,15.194095238095239,8.02026937079082,12.900119357638888,12.434140159970239,1.5716595633473234,1.7223624572825418,34.83968734741211,0.030449489131569862,0.06601040065288544,-3.676641555059524e-07,3.0702914722101684,0.015533184620342073,0.4480637111736547,-4.105340866815476e-06,-4.821588307634756e-08,3.0702912083984284,0.0006867183645416746,0.013931180334293792,2662.0,-0.002998621246598004,0.013023771135383923,-11.817062882843645,3
430,0.897552048382305,-0.03156110464107423,-0.20604887626852308,0.005645703586417199,0.005379978758631975,0.03372619650120188,0.9301999807357788,0.05620002746582031,0.2749999761581421,26.925282880067826,0.9467851392286164,6.181136859485081,0.9220827196607355,0.0036952492318944245,27.661160100566615,88.64122529826248,3.229350408624136,95.67198177676538,95.67198177676538,0,0.0,0.008448667383892803,0.6777740863787375,0.02439646882409599,8.771267971678441e-06,0.002603105587631838,0.0002871385934174701,0.0013339891554666973,0.1103061645988371,2.1889795918367345,1.45,0.28710956684442673,0.1163712767502279,1.5096410978184376,15.794270833333332,14.276529947916668,107.2530535016741,15.333125,8.48357744588292,11.854262579055058,11.578805106026786,2.0213298277190845,2.310096918171675,34.83584213256836,0.030480151996016502,0.05911349877715111,-1.6116187686011904e-06,3.0561030725599285,0.01451796839637232,0.4796114403894994,-2.1071661086309525e-06,1.9994876097207898e-08,3.056102910206083,0.0006832070147814411,0.01278434875665651,2660.0,-0.0029751739640002262,0.0126253805384143,-10.830868710390114,3
431,0.893896935905729,-0.03161648550203868,-0.2265959902973402,0.003175140572208139,0.003898281058883786,0.013952619888749138,0.9062000513076782,0.047200024127960205,0.2839999794960022,26.815627220017568,0.9484508507592337,6.797575137487479,0.9228238990946873,0.0036169006468844897,27.683399110683105,87.63407319782067,3.0174098064302823,95.67198177676538,95.67198177676538,0,0.0,0.01040015698468646,0.6854485049833887,0.022770299754747887,2.7295293627655063e-05,0.003907923931093022,0.00028282132074165117,0.0005776722568274993,0.07237124512363469,2.290204081632653,1.373061224489796,0.21004987408787357,0.0678724089011567,1.6679548156956006,12.639973958333332,13.106282552083332,98.4570335024879,14.511875,8.425451809461537,10.644226074218748,10.829831077938985,1.2266532753973416,1.0910386232159712,34.826759338378906,0.03161138296127319,0.059116579592227936,-2.0504906063988095e-06,3.0448129418793024,0.015362146965362197,0.42479331460782943,-1.0172526041666667e-06,-1.1526115395246696e-07,3.044813500208138,0.0006814713699694421,0.01377828277924335,2652.0,-0.003008990189920272,0.012773161231823671,-11.109203222392711,3
432,0.8931860987969807,-0.03214391421987897,-0.23022332362901596,0.002932003198600938,0.004366631633658828,0.012679636200830865,0.9082000255584717,0.04900002479553223,0.2839999794960022,26.794301535316876,0.9642678551588739,6.906363851726055,0.9230341784249146,0.003709419974079824,27.689699707603364,89.47008210846417,4.742874797322311,100.0,100.0,0,0.0,0.011649647450214353,0.6724252491694352,0.0341838671176524,1.8606018159100276e-05,0.0057763448424455075,0.00029386167578832707,0.0017706939648796272,0.05087329164093258,2.3857142857142857,1.3488095238095237,0.22000309212421923,0.0788411675789712,1.768755516328332,15.26458740234375,13.287251790364582,109.99530138288226,13.759489795918366,7.503250405611743,11.916046142578125,11.429460313585068,1.4381701717932318,1.8753219485104027,34.815860748291016,0.03126366063952446,0.05912378057837486,-4.178001767113096e-06,3.0356694752758706,0.013035908196958943,0.46229304941411187,-1.1080787295386906e-06,4.9922756723018805e-08,3.0356696152698683,0.0006831187867050687,0.011162553226125454,2652.0,-0.002991683187612346,0.013107375596489874,-11.720110445476514,3
433,0.8931244418223699,-0.03280362852130617,-0.23062129507462184,0.0029500016568506635,0.004307282365845722,0.012951363959589294,0.9082000255584717,0.04900002479553223,0.2839999794960022,26.792456683261054,0.9840597127590861,6.918302280817713,0.9231006270156121,0.0037086101886757805,27.691697654357164,90.84554059590347,5.519343062382588,101.44927536231884,101.44927536231884,0,0.0,0.015515199155699102,0.6628571428571429,0.03947475180016464,8.75193735943352e-06,0.009448495479726449,0.0004924023294446419,0.0012189753883967505,0.05211436365728121,2.946904761904762,1.542,0.9461779242822637,0.2570612568939909,1.9110925822988079,20.264892578125,19.584554036458336,121.86702212379092,13.317912087912086,8.596300372777922,14.505581325954862,14.865397135416666,2.9502395377670543,2.8854701194081884,34.807838439941406,0.029792005196213722,0.058365803211927414,0.0,3.038101501450312,0.01707300122169788,0.4750554706714843,1.0172526041666667e-06,4.053909306831992e-08,3.038101967938359,0.0006877898519990951,0.015697631737771854,2647.0,-0.0030396959508159583,0.013156791213923139,-9.30891573765206,3
434,0.8935705558345431,-0.03238220964159284,-0.2284360761642456,0.002859055879678853,0.0046700807065698435,0.012506289380829993,0.9082000255584717,0.04900002479553223,0.2760000228881836,26.805841817855836,0.971432003549167,6.852739713490009,0.9229695155257659,0.00369475135597495,27.687764922151775,90.10922045882114,6.156269550169228,101.44927536231884,101.44927536231884,0,0.0,0.015507294750413124,0.66890365448505,0.04461493448018631,9.44119683465223e-06,0.009140298282523246,0.0005193972053139622,0.0007361455391888368,0.056824973240433334,3.4697142857142858,1.6591428571428573,0.7459071452853601,0.18593964348790218,2.0912691579128637,20.264892578125,19.584554036458336,129.3819346836635,14.001309523809523,9.035909492684027,15.978515625,15.86065673828125,2.7260220021374466,2.3861498230061904,34.80805206298828,0.029950100928544998,0.0572199746966362,5.841936383928571e-07,3.039453674580879,0.016191705723511456,0.6771940683518761,3.9963495163690477e-07,9.092961813967502e-08,3.039453312153359,0.00069331733397657,0.014602359348229168,2653.0,-0.0030892214419291045,0.013051008747209675,-9.30891573765206,3
435,0.8933320705947422,-0.03087597153016499,-0.22932393347649346,0.0027447098954534142,0.004156553858992081,0.01173643357129405,0.9033999443054199,0.046999990940093994,0.2781999707221985,26.798682546445303,0.9262420030576842,6.879398004284927,0.9228946591037696,0.0036031762731295386,27.685520199041118,86.23700214286836,4.852460388394034,101.44927536231884,101.44927536231884,0,0.0,0.014757033402523882,0.6977551020408163,0.035575434652899834,5.753686897126191e-05,0.0067189805198511615,0.0005441666715920775,0.0012459630039889447,0.08098947005194351,3.137428571428571,1.5011904761904762,0.38431109847122974,0.14416170216767726,2.089960348929421,16.381937662760414,17.286580403645836,120.16311769031341,15.015164835164835,8.52069409136222,13.794474283854168,13.90167236328125,2.277398239436509,1.6147022131767599,34.808677673339844,0.03006204031407833,0.0572199746966362,-5.856468563988096e-07,3.033875762879874,0.02105323222275355,0.6771940683518761,-5.086263020833333e-07,-4.035765059361466e-09,3.0338756687187423,0.0007134081394555134,0.019730669316045512,2679.0,-0.003097319113663858,0.012750363322472607,-7.269680153917996,3
436,0.893980183777355,-0.030345381345067705,-0.22621665735471816,0.0030025672900095036,0.004998591876858868,0.012332783616055533,0.9054000377655029,0.05540001392364502,0.2781999707221985,26.818123941847258,0.9103080117702484,6.786199720629624,0.922751031468878,0.0034669909485715174,27.681213395876267,84.98005395084976,2.1598067863410404,91.70305676855895,91.70305676855895,0,0.0,0.009781078023772132,0.7064965986394558,0.017665508830219192,2.8120293877550995e-05,0.003166183900163333,0.0004018886117492452,0.00040946544742000515,0.12693154422537273,2.568809523809524,1.4455102040816328,0.31689975309983953,0.10955097478632829,1.7770953927243636,16.381937662760414,17.286580403645836,121.78093116396951,15.553238095238095,8.532017752542783,13.359612358940971,13.481067475818453,1.6678695844518348,1.5973643711748955,34.81374740600586,0.03076380118727684,0.05990123003721237,1.8325079055059525e-06,3.017878283784989,0.01823990845858852,0.636715235433422,-2.0708356584821427e-06,-1.0784802606482498e-07,3.0178782660445496,0.0007268751477786895,0.01656312871620991,2702.0,-0.0030422789228228713,0.012880719652238807,-4.749728533472281,3
437,0.8942797835213797,-0.031797638152326856,-0.22500988585040682,0.002929995283112542,0.0051406259342677875,0.011861795459037282,0.9057999849319458,0.05540001392364502,0.2781999707221985,26.827116219912256,0.9538851445913314,6.749948718377522,0.9227898558731218,0.003385961319244203,27.682371015728613,86.78927531746805,3.4113933931952936,93.54120267260579,93.54120267260579,0,0.0,0.0087592794055543,0.6923920265780731,0.02705041248113212,5.299391920033327e-06,0.0028426564069290125,0.00012518329041571685,0.0003215203775175723,0.044037432772592894,2.221020408163265,1.410204081632653,0.3823074902172572,0.08845755870356747,1.5749638205499275,14.317728678385418,13.990478515625,116.73803122384207,15.80107142857143,8.225129542742652,12.969999767485119,12.99951462518601,0.6203081834436855,0.8133817144955415,34.818992614746094,0.031466443091630936,0.05990123003721237,-1.758393787202381e-06,3.005970183409235,0.011253725585900145,0.4476104567035504,-2.052670433407738e-06,-2.3678990901194212e-08,3.005969954954399,0.0007118984451393728,0.00810866242553095,2731.0,-0.0029801393734784952,0.01267095703189174,-4.749728533472281,3
438,0.8941407261235373,-0.03175009546677272,-0.22554620955955415,0.0029917880501775878,0.005205804644602523,0.011972745666066804,0.9057999849319458,0.05540001392364502,0.27740001678466797,26.822947212287357,0.9524715782489095,6.766075143899236,0.9227864752180883,0.003364270003075576,27.682281866843717,88.1790558191462,2.8131651132453706,93.54120267260579,93.54120267260579,0,0.0,0.007824607964359524,0.6811295681063122,0.021825902455361867,2.291478284048305e-05,0.001349724674804185,0.00021602353278288503,0.0006033381534408711,0.16005007303746982,2.2157142857142857,1.3579591836734695,0.3707875158688575,0.13091037403819644,1.6316501352569883,13.46221923828125,13.990478515625,109.64977453322636,14.740357142857142,8.102450207328948,11.87733968098958,12.055707659040179,1.8915557082842884,1.6054945601391284,34.82169723510742,0.031069127842783928,0.06336906552314758,-2.9355003720238095e-07,2.9990416788769916,0.01104060793586804,0.3920270763616063,-1.1262439546130953e-06,3.808586756741005e-08,2.999040856907909,0.0006513154633571989,0.00761913351204788,2735.0,-0.002937081121137089,0.012724016702017666,-1.5113920913968972,3
439,0.8934717555613745,-0.03055081915571576,-0.22805394315719604,0.003739123946758541,0.006288438334503312,0.015736084082331264,0.9223999977111816,0.07380002737045288,0.28060001134872437,26.80285780974797,0.91814000248909,6.8413594375763624,0.9227791982676087,0.0036650536103550145,27.682054483458092,90.19760669008726,3.5286243097621646,99.7624703087886,99.7624703087886,0,0.0,0.012009725532102349,0.6662012987012986,0.025473153647613662,2.0041153519366887e-05,0.005620934581941565,0.0005437612695683565,0.000431272400526929,0.09673858708751103,2.4435714285714285,1.3126530612244898,0.3867277250642024,0.11176669935799789,1.861551616915423,14.914042154947918,15.2996826171875,107.67015148344494,14.649523809523808,8.137732249699571,11.968909369574652,11.823962983630953,2.047887276645494,1.9835241476209577,34.81719207763672,0.03147647902369499,0.06336906552314758,-1.3936360677083334e-06,2.9943990500777864,0.014628940162222773,0.4349633508834782,2.434140159970238e-06,-7.997519934517786e-09,2.9943989199605214,0.0005775282587278315,0.012136468832004612,2746.0,-0.002989642966685366,0.013148962209936556,-5.89308593875783,3
440,0.8939412220262346,-0.03002920981815883,-0.22560539074454988,0.004377572203166895,0.007005392405696691,0.01874823736787609,0.9257999658584595,0.07380002737045288,0.28060001134872437,26.81695951793875,0.9026614361149924,6.767817436626979,0.9226786504759251,0.0037811684094956944,27.679035861656665,89.60261541227074,4.331147101112305,99.7624703087886,99.7624703087886,0,0.0,0.014824860269877081,0.6711627906976744,0.03189811707891561,3.225322782173853e-08,0.007795366222880831,0.00118775032005327,0.00031423100260842183,0.1523661988537504,2.479387755102041,1.4326190476190477,0.39018337405561127,0.22712251581075932,1.7306678696075406,15.922953287760416,15.98907470703125,97.8630124773298,14.26104761904762,8.532943578471539,11.752246675037203,12.460835774739584,2.394193456494281,2.84328491789817,34.81403350830078,0.030698474496603012,0.06336906552314758,3.0067080543154763e-06,3.0139401778568113,0.0365728995950208,0.567135531266877,2.0163399832589286e-06,-3.875558136855773e-08,3.0139403651747436,0.0005259190406984631,0.03564124537272328,2739.0,-0.0029761700975083774,0.013356733440774473,-5.89308593875783,3
441,0.893596784495172,-0.030991466689677467,-0.22727720018795558,0.004520707863132054,0.007138794236807552,0.01961663030271752,0.9257999658584595,0.07380002737045288,0.2892000079154968,26.806631106223378,0.9315351422343935,6.817990291331496,0.9228066286453226,0.0038402458763601628,27.68288483372432,86.73547041520611,7.947810731516574,99.7624703087886,99.7624703087886,2,0.047619047619047616,0.02190753908567649,0.6980952380952381,0.06954221171050427,0.0001635058032486462,0.013923334147821596,0.002006105314308606,0.0015521595076148267,0.1440822502002852,2.5854761904761903,1.4604761904761905,0.33622293449139445,0.2051806349793312,1.7702967068796869,15.922953287760416,15.98907470703125,105.1616249447777,15.197551020408163,8.10529108454355,11.952107747395834,11.413099500868057,2.4122371371382725,2.9260415761805856,34.820106506347656,0.03205564618110657,0.06296303123235703,2.124604724702381e-06,3.033174473264945,0.035579334963533375,0.567135531266877,2.924601236979167e-06,2.0788890647008333e-08,3.0331745147909523,0.0005501012793881466,0.03463449060198915,2727.0,-0.002993426966182414,0.013330190867226236,-8.29829603436919,3
442,0.8957500600417455,-0.02385739979289827,-0.2088491427699725,0.009644708419231582,0.03995353602391417,0.04275911658259647,0.9914000034332275,0.17859995365142822,0.4909999966621399,26.871220801217216,1.1838821384736469,6.272043569684029,0.9219437637772377,0.009625692178356009,27.657012287278484,93.94704541323436,37.58792537848255,260.8695652173913,260.8695652173913,9,0.20930232558139536,0.1250107867065995,0.6850498338870432,0.12596409370685596,0.0017148388064972936,0.15726711388548975,0.018828837692893827,0.7626420086386033,0.11972520654638318,2.2781632653061226,1.417142857142857,0.3692666392939663,0.12985975839848138,1.607574884792627,17.210184733072918,16.18011474609375,106.70947963169642,14.690803571428571,8.54755992106946,12.184666224888392,12.072201683407737,2.5777619599947768,3.166014636328882,34.83768081665039,0.03479411453008652,0.06908751279115677,2.495175316220238e-06,3.105806647059543,0.09765028677927985,1.1590018932828954,1.2316022600446429e-05,1.2788962772139004e-08,3.1058069149962155,0.0005762018296899255,0.09732465586893305,2728.0,-0.0029275579104213042,0.018929401317632214,-5.671738672739066,3
443,0.8988421165148417,-0.007927837956519353,-0.16299063808009737,0.02011294006832316,0.07495643680517082,0.0817338997957235,1.0525999069213867,0.24960005283355713,0.4909999966621399,26.963968638351986,1.764035142660141,4.9836639965432035,0.9202592756914997,0.019293594626083047,27.60644938842961,106.71017175435952,44.85084680178583,272.72727272727275,272.72727272727275,14,0.2916666666666667,0.13922822443830546,0.620922619047619,0.15444890222964783,0.00012101795985006234,0.25150294314253785,0.0025395621436241265,0.7508728227873672,0.010097544433843243,1.5204285714285715,1.127857142857143,0.6560562600315086,0.3897666753642361,1.348068397720076,17.4139404296875,16.18011474609375,124.58453594389417,16.46811688311688,8.273458775432879,11.251363118489582,10.97724405924479,3.0238130828791716,5.037101821118025,34.85482406616211,0.034538786858320236,0.07290799170732498,3.1534830729166666e-06,3.211788204555131,0.16075095164351103,1.7187217973416327,2.5249662853422617e-05,-2.7371410279897418e-08,3.211787973861358,0.0005968493670831009,0.16055813155114285,2721.0,-0.00292578361572626,0.02874961231297717,-0.5508600082531676,0
444,0.9041375243834087,-0.004120752536115192,-0.11477081915310451,0.028715303281765678,0.09444495939312607,0.07455466657511493,1.1865999698638916,0.2635999917984009,0.4909999966621399,27.12287158863885,2.290443431990487,3.668648140047278,0.919287212906625,0.029458819061982847,27.577337814512102,107.77968816849084,43.83264390930113,272.72727272727275,272.72727272727275,18,0.3673469387755102,0.13967482279369098,0.6104081632653061,0.14566025408803615,0.00012087431836734699,0.2201883628636738,0.0063277326678115205,0.9444816355583618,0.02873781604765933,1.4424285714285714,1.2658571428571428,0.5919928467576655,0.559179227227966,1.1394876424782756,17.4139404296875,16.76300048828125,125.39852774483818,14.706688311688312,7.899463279792324,10.968505859375,11.6275634765625,3.7632786664112916,5.654207246436417,34.864383697509766,0.03107302263379097,0.0744367390871048,1.2454078311011905e-06,3.350703418041989,0.14012042572200786,1.6453758246510395,1.938229515438988e-05,5.40629502719165e-08,3.3507034680153014,0.0006141189569849708,0.13992011438224566,2708.0,-0.00292769741270691,0.03531170676108816,-2.4789211181505286,0
445,0.9035937149240857,-0.018346685960179285,-0.08872864777133578,0.06421253420478297,0.10055871793920558,0.11447695960892755,1.6770000457763672,0.30140000581741333,0.5427999496459961,27.106531162006515,2.4549925757305964,3.626161281977381,0.9209337258344725,0.0625486025093988,27.626717438086033,102.11788758913049,31.074643140780726,272.72727272727275,272.72727272727275,12,0.2553191489361702,0.07199403504818969,0.6205775075987842,0.12352425776221922,3.711520199916659e-06,0.19199398003031937,0.00928617750167043,0.17464253954495648,0.0483670243213041,1.4822857142857142,1.176031746031746,0.4990759624811945,0.5968882945580338,1.2604130112025915,20.4498291015625,32.00439453125,150.0199221656436,13.879090909090909,9.20177260233759,12.671895345052082,12.80753806785301,8.077778406193884,5.165939565818574,34.84770202636719,0.04160565510392189,0.08983034640550613,-4.253569103422619e-06,3.473931490526353,0.10697230204437222,1.6951613248759352,1.3478597005208333e-05,-3.727586366985395e-09,3.473931582657543,0.0006289589838836053,0.10673354795649395,2686.0,-0.0030076300426356184,0.03494622180154357,-2.4789211181505286,0
446,0.8900022197053546,-0.04053631466910953,0.0055491711298624674,0.07911360776403134,0.08042938767729198,0.22118197681244675,1.6770000457763672,0.30140000581741333,0.5463999509811401,26.698834591167312,2.157744003491742,5.4323491333212175,0.9221632287787814,0.07100868170990947,27.663572767247498,91.5551980372656,12.563227007332488,114.44141689373298,114.44141689373298,10,0.23255813953488372,0.04433396537541672,0.6684717607973423,0.09635669542184716,0.00025225218558933764,0.03511793064894021,0.00857819399479227,0.019722684780197824,0.24426820818530043,1.760612244897959,1.6473214285714286,0.42247007735939907,0.7364037814519523,1.0687727448703057,39.684041341145836,32.00439453125,231.99367813836957,14.505793650793649,8.136004892899459,17.36569359188988,13.687845865885416,8.079109507450939,10.152237979116919,34.81119918823242,0.052359938621520996,0.0936775654554367,-7.478259858630952e-06,3.562415774041917,0.08482575443753403,0.8870002556440216,3.869192940848214e-06,2.052648141350183e-08,3.5624157854540313,0.0006573309452314153,0.08456205092372868,2676.0,-0.003053746446644282,0.02902150577404613,-11.830448956341344,0
447,0.8567126485847292,-0.06170155260108766,0.1831599709561893,0.08296264480846198,0.05579529323139285,0.27636470075903,1.6770000457763672,0.30140000581741333,0.5870000123977661,25.700176743268965,2.1522021466919354,8.79446284362248,0.9236153397680438,0.06796532903105726,27.70718279604329,90.16213605997727,12.886844172325208,114.44141689373298,114.44141689373298,8,0.18604651162790697,0.04592108835475409,0.6799667774086379,0.10266153806292765,4.7469287796751405e-05,0.05071594244815705,0.006359667310482467,0.07343223687903157,0.12539779413511754,2.0064285714285712,2.2417857142857143,1.3075127631691936,0.9126399109960385,0.8950135415007168,39.684041341145836,50.84086100260417,240.23598465692427,13.369107142857143,8.938628748118118,20.02749972873264,24.06134287516276,16.344834597319682,11.231552457301097,34.76982498168945,0.04406582564115524,0.07760117948055267,-7.322765531994047e-06,3.6203592653802663,0.053186466210970576,0.7687571290209101,7.1934291294642856e-06,-3.783637230461534e-08,3.6203594656526943,0.0006532619280497899,0.05274148761386008,2686.0,-0.0030813395627923967,0.02106601892379755,-10.123610580884069,0
448,0.8251754674684434,-0.07465220023620696,0.3637546186021396,0.05391547915071698,0.03095368656819345,0.17916777244672985,1.246999979019165,0.16619998216629028,0.5870000123977661,24.754037595476422,2.3349722895026206,11.606273841559887,0.9236811222088349,0.03980214101053394,27.70912106621106,85.45088003486468,10.694409428136415,108.24742268041237,108.24742268041237,8,0.1951219512195122,0.04597525954027795,0.7133449477351915,0.09042271711600944,0.00031240923215326963,0.05028910754209156,0.006475506881583673,0.055849115139724556,0.12876559553505157,1.886734693877551,2.577142857142857,1.262693385422343,0.8194458769128712,0.7321032625910675,39.684041341145836,50.84086100260417,227.96615251813617,16.879464285714285,9.39726111958931,18.194071451822918,23.500017438616073,18.202127327491276,11.213672166322782,34.74531555175781,0.03323199599981308,0.06533729285001755,-1.9051688058035715e-06,3.6299170792020505,0.03130912609252691,0.8987181523798362,-4.904610770089285e-07,6.306583893657584e-08,3.6299169225467036,0.0005992404911593313,0.030426216567822063,2698.0,-0.0030970771643872613,0.01710700433587538,-10.159849039792881,0
449,0.8063768295106434,-0.08584112393288386,0.4438697992790313,0.008720114221703186,0.00722925634333019,0.026690697760451097,0.8453999757766724,0.11820000410079956,0.5870000123977661,24.190160028168133,2.575119003696101,13.315467121260507,0.924799509660142,0.014807135452992228,27.74267495074427,78.73649856156466,6.467826317686707,90.12875536480686,90.12875536480686,10,0.2631578947368421,0.04879745275603133,0.7673684210526316,0.06516238191421153,1.4076278883798335e-05,0.059649344789285214,0.0014154610742477347,0.023199871782219123,0.0237297002883759,1.1067857142857143,2.0110714285714284,0.3401970842356662,0.6119747852282005,0.5503462972828983,22.238972981770832,28.205159505208336,126.23633154006232,17.19214285714286,7.58283400090367,10.706431070963543,10.590642293294271,7.3723269077996925,5.914902946033778,34.73183822631836,0.03046264685690403,0.06879885494709015,-2.1958124069940475e-06,3.606798934809373,0.03296066190883429,0.803034189976465,-5.322410946800595e-06,3.3397366549791486e-08,3.606799368657918,0.0005925391542719565,0.03201515343016563,2719.0,-0.0031445537156805778,0.014801911076151855,-9.8585684330719,7
450,0.8035474099829083,-0.08657436208214078,0.4493636089393071,0.008473664383335841,0.006974989088912971,0.02472155361118761,0.8370000123977661,0.11820000410079956,0.5753999948501587,24.105272013800484,2.597104862460068,13.480255411011832,0.9250184385196345,0.013553979919130522,27.749222996677037,75.95801906741082,5.731475766945665,87.1369294605809,87.1369294605809,9,0.24324324324324326,0.048650728915775564,0.7944015444015445,0.05967218628134945,0.0002583039360266555,0.04722275966178915,0.002980590481719202,0.017767021952205447,0.06311766832489847,1.15625,2.053469387755102,0.4092937779684337,0.6522791873697323,0.5630714569668058,16.398824055989586,18.5870361328125,128.1565403529576,14.195882352941176,7.029244653867603,10.56231180826823,10.28959728422619,4.115491539058386,3.8772655601088224,34.722442626953125,0.03153614699840546,0.061894915997982025,1.7569405691964286e-06,3.5726047993773453,0.031031233250284868,0.7098870277230062,-4.559471493675595e-06,-3.724120336408636e-08,3.5726054409407504,0.0005331243149956514,0.029970307084906132,2724.0,-0.003165125943360956,0.014648554186795327,-9.186505200603516,7
451,0.8095746669088091,-0.08801058111020497,0.43582192322753727,0.017195816226496338,0.01192635162189028,0.041528304298700344,0.9041999578475952,0.13700002431869507,0.5448000431060791,24.28607600722994,2.642459718074117,13.074048268198966,0.9247148141118628,0.012759272405090928,27.74012439847136,73.94860333049927,7.281630627191442,91.90371991247265,91.90371991247265,9,0.25,0.056630869617073726,0.819047619047619,0.07846312882516229,3.261575410245697e-05,0.06009372682330518,0.014220643928965247,0.038258880002680754,0.2366410718839006,1.3618367346938776,2.123469387755102,0.6384158210104536,0.6504709471948176,0.6413262854396925,23.985188802083332,18.5870361328125,153.58967103503997,13.074017857142858,8.553637760237137,13.990216936383929,11.309044247581843,4.291152761058603,5.581351364479444,34.711036682128906,0.030540691688656807,0.06268239766359329,-1.46484375e-06,3.544681636806125,0.029323270516026626,0.5479362265735549,-1.6893659319196428e-06,-8.183801923593413e-08,3.544681935729751,0.0005259836799566292,0.028232286998331597,2712.0,-0.0031642823904776854,0.015031574176849452,-10.36185304401357,7
452,0.8107377432300931,-0.09193460014604386,0.43330335214592164,0.01717178502299534,0.012119576277672305,0.04102806162209592,0.9041999578475952,0.13700002431869507,0.5448000431060791,24.320991868376733,2.7601925748586655,12.998485135776656,0.9249239891915374,0.01183741404343165,27.74641862335983,75.15000593479546,7.3776215425953735,91.90371991247265,91.90371991247265,8,0.21621621621621623,0.05951571373516322,0.8062162162162162,0.08008835180257472,3.254120383173663e-05,0.07493745758208668,0.012633710535688094,0.011426338789183478,0.16859006087641945,2.0028571428571427,2.5885714285714285,0.9423067657702169,0.7627768818131364,0.7737306843267108,23.985188802083332,32.79388427734375,177.77867438906713,13.209523809523809,8.07237584692753,19.2115478515625,19.213439941406246,6.948840816121019,4.035790922711505,34.7015266418457,0.029765283688902855,0.06191753223538399,-4.3887183779761906e-07,3.5376838534044417,0.023084697698308843,0.48233389500899526,-2.724783761160714e-07,3.9351891881201246e-08,3.537683751423607,0.0004670751460498625,0.021684718301664935,2695.0,-0.003130760427191339,0.015100636990104875,-10.36185304401357,7
453,0.8118506100972493,-0.09542000022956303,0.4307289614847728,0.017449396136098163,0.011822616529760134,0.040864446977585955,0.9041999578475952,0.13700002431869507,0.5318000316619873,24.354371588570732,2.864736148800169,12.921191987480436,0.9250522771085878,0.011237043693129254,27.750229059920166,76.13873378689098,7.443852034359597,91.90371991247265,91.90371991247265,12,0.3333333333333333,0.06117746493393985,0.7959920634920636,0.08196206428807974,4.2691555851728464e-05,0.12155657591926851,0.006193416860187735,0.018882498154635014,0.05095089931046656,2.3334285714285716,2.440571428571429,1.1725348782941711,0.6934213314119655,0.9560992741746663,23.985188802083332,32.79388427734375,192.98783482142858,15.514285714285714,9.037034083924526,22.109761555989582,21.887919108072918,6.730845661707866,2.3480134337177643,34.69729995727539,0.029191868379712105,0.06191753223538399,8.05082775297619e-07,3.531918957780517,0.02454729383284236,1.1273663361780164,3.0880882626488097e-07,6.642479107972404e-08,3.5319183155111786,0.0005023174328976508,0.02315003660419093,2685.0,-0.0031184798666116344,0.015073864453460659,-10.36185304401357,7
454,0.8254114484616688,-0.07854935237055734,0.3654276282106127,0.038352967589697085,0.048884556828558,0.1684550263777224,0.9814000129699707,0.19459998607635498,0.5282000303268433,24.76108873954841,2.66158843683345,11.444916416321481,0.9235780689377423,0.015896791420568126,27.706001692842158,77.26146009829677,5.945706092174242,86.0655737704918,86.0655737704918,9,0.24324324324324326,0.046664237060174495,0.7816602316602317,0.06630630880436776,5.496632403165355e-06,0.06414995789972777,0.003468213160539772,0.015403261711334519,0.054064153338353,2.9571428571428573,2.4979999999999998,1.238358030718458,0.38407971111449757,1.183804186206108,23.072102864583332,25.17120361328125,179.47421003069198,16.61791208791209,8.691041682717497,18.542399088541664,21.698852539062496,3.4842633418128925,3.7948126772561475,34.69721221923828,0.029151717200875282,0.06462611258029938,-1.6828264508928572e-06,3.5658816247717278,0.06982808180661791,1.603388045833817,6.575811476934524e-06,7.018143088919045e-08,3.5658814033770767,0.0005063173109050228,0.06933984237987385,2690.0,-0.003098051500663287,0.01695950950174508,-5.0733266587396075,7
455,0.8601826192140579,-0.07029496189526149,0.21983206631456104,0.05404736300995426,0.05080726310916604,0.22751496666579255,0.9814000129699707,0.19459998607635498,0.5282000303268433,25.804254433597837,2.4163864364368575,7.48809970238379,0.922043496170236,0.016822725879633963,27.660005430274957,78.45447846503761,6.775871665435599,86.41975308641976,86.41975308641976,11,0.2972972972972973,0.047922840477749036,0.7711969111969113,0.07469556784626336,6.399999999999997e-05,0.07377570134934923,0.005490727158428294,0.023044571686071665,0.07442460129830711,3.1773214285714286,2.0460714285714285,1.2763367217532835,0.7231798933621325,1.5528888113108745,34.28395589192708,24.924825032552082,185.10805438813708,15.841836734693876,7.635940021263254,19.749857584635414,18.28659057617187,7.602799043196236,8.621197990466559,34.692169189453125,0.031234705820679665,0.06848347932100296,8.05082775297619e-07,3.5957832312812115,0.07821872660330645,1.603388045833817,3.269740513392857e-06,7.197126473612287e-09,3.595783305051882,0.0005006681695979234,0.07779307564856362,2701.0,-0.0030794911575081248,0.018783518277868828,3.9928483547317044,0
456,0.8978478001185826,-0.07060416198344457,0.07354488554454985,0.03740430841734178,0.05112582166432419,0.16506597166772585,0.9814000129699707,0.19459998607635498,0.5169999599456787,26.93420114644936,2.425640153331416,3.2006505646875927,0.9206091671707906,0.016215372634313663,27.616957704467215,77.55420857909932,6.937510713942845,86.41975308641976,86.41975308641976,7,0.1891891891891892,0.049589013851704895,0.7803088803088801,0.07464136362891124,6.8579851728445726e-06,0.14609863966620917,0.004715258354882165,0.208115912075858,0.03227448500311223,3.2738095238095237,2.02,1.0521454164345645,0.6677383393185675,1.6206977840641206,34.28395589192708,24.924825032552082,158.53285319010416,13.123846153846156,7.4779397465018755,20.52213880750868,15.490239461263021,8.536717403801449,9.83351754674598,34.701942443847656,0.03621687367558479,0.07847034931182861,-1.537504650297619e-06,3.6163973096472715,0.06231397651214561,0.9082260247663155,2.143496558779762e-06,-6.414595529751717e-08,3.6163973747374634,0.0004851085959741914,0.06181795511635126,2709.0,-0.003120711903181322,0.01816201108301083,3.9928483547317044,0
457,0.9153776662406468,-0.09307500028894061,0.012207419015112377,0.008623381530690193,0.025312670721812317,0.039540756139348404,0.9800000190734863,0.13340002298355103,0.2250000238418579,27.460004558648382,2.7945960081900867,0.8817262849637441,0.9213693898130885,0.009233716997659888,27.639743332090116,72.33194690730389,9.163253168150423,86.41975308641976,86.41975308641976,10,0.2857142857142857,0.06040430011008088,0.8431428571428571,0.10827822923890887,1.7008049312786267e-05,0.1236220589066269,0.008020351587650007,0.00822364530579819,0.06487799716802861,3.4317142857142855,2.1782142857142857,0.9402554581232763,0.7351241565274563,1.5754713887522545,13.5443115234375,22.89408365885417,112.6565703619094,12.325974025974025,9.12525994888701,11.477986653645834,13.228302001953125,6.7486103909121695,2.321990505434284,34.72514724731445,0.049614861607551575,0.0884457528591156,2.4893624441964286e-06,3.585732000781538,0.050482694160637345,0.7527267138112986,-8.156186058407738e-06,-7.989469962162789e-08,3.585732074668336,0.00048701290147689513,0.049884025388197695,2707.0,-0.003130956602280472,0.014961384813453705,5.338965357647232,0
458,0.9153943428312029,-0.10080931465966361,0.0183187904329527,0.006750687028343211,0.019137267363312203,0.023219098566769847,1.062000036239624,0.13620001077651978,0.11979997158050537,27.460517142074448,3.0254022953339987,0.7504602853315218,0.9216011668959023,0.006864501751859644,27.646715116488263,68.35801779417531,7.3293417570574215,83.16831683168317,83.16831683168317,10,0.30303030303030304,0.06726148335308361,0.8878787878787879,0.0952639280195263,4.333400816326526e-05,0.13290141493515265,0.011226333580400543,0.003448365773091826,0.0844711366382237,3.4657142857142857,2.817857142857143,1.1278352028988805,1.0074140972139045,1.229911280101394,13.5443115234375,15.8770751953125,90.68739529564267,15.481000000000002,9.159823455432635,9.908879597981771,9.160817464192707,5.023681098585848,3.52841230177384,34.77153015136719,0.049143873155117035,0.09258761256933212,5.126953125e-06,3.531498416515369,0.04460220399081653,1.007273899430972,-6.539481026785714e-06,1.4688127820154572e-09,3.5314981492849364,0.0004988616316254973,0.04387409251418234,2698.0,-0.003152128253844311,0.013326647478007615,-8.166978456213865,0
459,0.9156559428373973,-0.09752972404729753,0.00867415223802839,0.005882635169904305,0.020664851262856467,0.027477576878484955,1.062000036239624,0.13620001077651978,0.11979997158050537,27.468368570889744,2.926992576973779,0.7585032924158233,0.9215167576623547,0.006051255742854465,27.64418508486819,68.63065299140911,6.466006110920302,80.61420345489442,80.61420345489442,9,0.2727272727272727,0.04872546478349228,0.8822510822510823,0.08531800914436229,8.413007646813821e-05,0.04837433766698313,0.013372774231845597,0.006636847905839556,0.2764435623678399,2.4214285714285713,2.8535714285714286,0.9845966749105433,1.0931421197070172,0.848560700876095,14.839986165364582,11.764424641927084,80.91085539318267,16.983,7.238131438036044,9.276453653971354,8.860066731770834,4.1401867333426114,4.1836793144432605,34.810218811035156,0.043607521802186966,0.07949333637952805,6.006150018601191e-06,3.4853515145460894,0.0389902774073471,0.840556546327401,-5.940028599330357e-06,1.2308473293484175e-08,3.485351215920473,0.0005208258708197157,0.03815224234485902,2706.0,-0.0031476293051335355,0.01283381110094076,-8.166978456213865,0
460,0.9156991906449908,-0.09807179061571757,-0.016956828994410377,0.0061314732595013416,0.022120313759298394,0.03438855272413262,1.062000036239624,0.14139997959136963,0.12459999322891235,27.469661719373295,2.9432517168351584,0.9624448607223375,0.9219978300188232,0.006332073609308274,27.65861143623556,68.97692381825098,5.731245941822616,80.61420345489442,80.61420345489442,9,0.2727272727272727,0.049635148425119804,0.8760606060606061,0.07506668262419516,5.321255876718019e-05,0.0577380177252407,0.008399758490977443,0.004890073653370076,0.14548054855207493,3.259714285714286,1.9554285714285713,1.024170904105524,0.7148320196567377,1.6670075978959675,14.839986165364582,11.764424641927084,88.28743642171223,14.623809523809523,8.723198142176091,10.37030029296875,10.02044677734375,1.8425963637417722,2.830015762744208,34.84699249267578,0.04129054769873619,0.07369755208492279,7.25737072172619e-06,3.445167626876399,0.03226001147151685,0.7220139372494081,-4.286993117559524e-06,7.317900416720952e-08,3.445167004517348,0.000600597242432135,0.03126675629213476,2727.0,-0.0031446060290376797,0.0124012788838325,-8.166978456213865,0
461,0.9135021046456836,-0.09572641907987141,-0.06773507658640543,0.006673739327825987,0.01742645317002683,0.056861297170575184,0.9470000267028809,0.14139997959136963,0.2062000036239624,27.403751710823602,2.8716857152751514,2.0745898668255123,0.9229237179767358,0.005560672687452149,27.686384245353192,68.90226044882615,4.5379959376684145,80.61420345489442,80.61420345489442,9,0.2727272727272727,0.043774410099872686,0.8745021645021646,0.05645924555310342,0.00016333883281965776,0.07045862848247049,0.00334256834995919,0.011659090750559202,0.04744015632933861,3.236857142857143,1.6665714285714284,0.7336786818241793,0.24798057856803785,1.9422252700154299,21.48590087890625,17.53692626953125,95.74612760997954,14.512738095238094,8.543583331500328,11.321553548177084,11.153564453125,3.57725745469578,5.257029506968213,34.87526321411133,0.039671413600444794,0.07481452077627182,4.474458240327381e-06,3.416693848057319,0.024006240219990035,0.494869106734372,-3.5967145647321428e-06,5.012664719678345e-09,3.4166939261848936,0.0006732399311011781,0.022790740629177287,2734.0,-0.003145266485171093,0.01244163521711884,1.0987462494504263,0
462,0.9105345047769092,-0.08537548577501661,-0.10580885753745124,0.010500194607381556,0.029703646958748185,0.061234404426792954,0.9977999925613403,0.14139997959136963,0.3306000232696533,27.314721286126545,2.571212285501616,3.1860975795984268,0.9231684568913104,0.007732109019913439,27.69373380446081,68.16621868429992,4.439420932243257,76.78244972577696,76.78244972577696,12,0.36363636363636365,0.04915614438310072,0.883896103896104,0.05686215985095547,6.347861724281667e-07,0.07103760678594107,0.005107235332365594,0.00812924069785537,0.07189481126180561,2.784857142857143,1.9430612244897958,1.0325682662612656,0.8137579487581142,1.433231803381998,21.48590087890625,25.546468098958336,116.53835543677921,16.25765306122449,8.897409139172906,13.421712239583332,13.681248256138392,5.5185260790094945,5.071698340465809,34.897117614746094,0.0323161706328392,0.06520575284957886,1.613071986607143e-06,3.4003982918131133,0.016507125183852615,0.412743580664106,-1.4350527808779762e-06,8.27197657600236e-09,3.400398267194083,0.0007018473596782432,0.014906065057509762,2712.0,-0.0030853720507356794,0.014518840317412664,1.0987462494504263,0
463,0.9104045051393055,-0.07211086676801955,-0.11465046689340047,0.011143741745254636,0.026901712582390137,0.056212979857296674,0.9977999925613403,0.13840001821517944,0.3306000232696533,27.310835725579942,2.173382286770003,3.4503807187506133,0.9225594758838991,0.008536235942511208,27.67546158482915,76.22841181995922,10.543341908188262,98.36065573770492,98.36065573770492,11,0.3055555555555556,0.05514729811872852,0.8015873015873015,0.10537148289699311,2.8224282548937866e-05,0.14766787466210093,0.007364480141273839,0.07772713093663652,0.04987191803312341,1.7166071428571428,1.7934920634920632,0.9490438092025649,0.7961494951606104,0.957131162049739,25.3936767578125,25.546468098958336,138.79912944975354,17.50112781954887,8.531099064727277,14.429079691569012,14.566865143952546,5.649934405308647,6.427084442140939,34.90397262573242,0.03029370680451393,0.0586753785610199,1.1727469308035715e-06,3.418557765705121,0.045075987072209396,0.6734098978013374,2.924601236979167e-06,5.323798744301891e-08,3.4185568392615515,0.000718270991305464,0.044524873450840094,2688.0,-0.0030740898033873388,0.016039997767870868,1.0987462494504263,0
464,0.899800000542686,-0.036782466913972585,-0.15279730497655414,0.02812575571607117,0.05285661879826402,0.10794826139421108,0.9977999925613403,0.1483999490737915,0.5565999746322632,26.99276487341949,1.7124401399918965,4.59454286124025,0.9216204683680199,0.01390780232542366,27.647280435992705,79.96020552902625,9.717892113003572,98.36065573770492,98.36065573770492,8,0.20512820512820512,0.04772369453854304,0.762014652014652,0.0964274008604669,5.9283714452311645e-05,0.08070170135162157,0.005560990271900903,0.009528461463413846,0.06890796821830776,1.1498412698412699,1.5676623376623375,0.3692011628018803,0.8675571386180146,0.7334750872154567,25.3936767578125,25.546468098958336,140.48235909598213,15.174155844155843,7.817786579084949,13.034905327690971,12.817133123224432,7.48719366622809,6.578663355011335,34.90020751953125,0.031824126839637756,0.06981168687343597,-2.053397042410714e-06,3.4567862781738814,0.05713604265487328,0.6777121105783995,4.7047932942708336e-06,-8.647166582679802e-08,3.4567867473039504,0.0006931977025279662,0.056678458566892465,2686.0,-0.0029703066420665235,0.021383385789616675,-6.871164459754255,0
465,0.8706085342225575,-0.020570972053777604,-0.23950434298458553,0.04833800007912078,0.05440747822574358,0.18432008164171482,1.0546000003814697,0.2194000482559204,0.5565999746322632,26.117023169568608,1.4431642941917693,7.537413285034043,0.9244530516516685,0.020047413492149353,27.732320421740738,89.99372545626615,29.648528810326564,212.12121212121212,212.12121212121212,7,0.16666666666666666,0.06702673626854688,0.7069727891156463,0.13016555294719048,0.0011885326607246945,0.16676392800106538,0.010299564942622502,0.0344223262085369,0.061761347709180264,1.7498214285714286,1.5510714285714287,1.6829051105066462,0.9408473574390268,1.128137232327884,16.8218994140625,22.826029459635418,113.61993735177177,12.324365079365078,7.953130111165651,11.080296834309896,11.71166737874349,7.304325229345133,5.488060412528161,34.89027786254883,0.03284861519932747,0.07096920907497406,1.7613002232142856e-06,3.48930060991213,0.03756014968712541,0.6509114470402689,4.0145147414434525e-06,1.5320817193560333e-08,3.48930081211934,0.0006315496764247547,0.03677302969189634,2697.0,-0.00303097051879598,0.02145488350130027,-6.871164459754255,0
466,0.7899358674174264,-0.0027593247578257605,-0.422333742979027,0.10846018387636494,0.04485943007974405,0.23673877081063088,1.0546000003814697,0.2194000482559204,0.9386000037193298,23.69698287963867,1.0156148671678134,13.08681914295469,0.9335357369510353,0.026539260692528228,28.004728501282912,92.29226475265966,32.047438296733006,212.12121212121212,212.12121212121212,9,0.21428571428571427,0.07360347395874342,0.6953061224489796,0.1361112296368816,0.0003349646980424825,0.1650979288259846,0.016118718431440183,0.038721167559483155,0.09763125767876547,2.319591836734694,1.9702380952380953,1.7750848892419184,0.8957896287393128,1.1773154941735002,23.2171630859375,22.826029459635418,110.16651800246467,13.517714285714286,9.795883319721886,13.904520670572918,13.573404947916666,6.17926111928134,7.622758216141916,34.89137268066406,0.033910077065229416,0.07096920907497406,-2.4937220982142856e-06,3.518835568812897,0.038778186933547044,0.8151344721675358,1.0172526041666667e-06,-2.1647579854856628e-08,3.518836077856112,0.0005465946618953001,0.03796652818025458,2714.0,-0.0030199716354652757,0.02148734556717438,-6.871164459754255,0
467,0.7050148197639556,-0.01341122952813194,-0.5783751142564274,0.10619973646316544,0.04281185415348024,0.2181516142495945,1.0546000003814697,0.33459997177124023,0.9386000037193298,21.14944116439138,0.9076648738980293,17.767919424176217,0.9443454564975462,0.025623318060786653,28.329048380321588,94.49736365164019,30.950352323998573,212.12121212121212,212.12121212121212,8,0.18604651162790697,0.0718555266855482,0.6746511627906977,0.1264644985360025,4.458968763015424e-05,0.16659321962693502,0.017687671720626186,0.03130777171732839,0.10617281879920171,2.509387755102041,1.5964285714285715,1.6345889288331965,0.3837159433357807,1.5718759987216364,23.2171630859375,17.35321044921875,83.73443102155413,18.062190476190477,8.024024655021885,11.399943033854166,9.118771023220487,5.012517268489768,7.662056725733402,34.9075813293457,0.04050735756754875,0.07362670451402664,4.551478794642857e-06,3.5036600451771176,0.04810817951079029,0.8151344721675358,-2.379644484747024e-06,1.0331594655171017e-07,3.5036599423789303,0.0004765944782656445,0.0474592221879899,2712.0,-0.003103618513748229,0.015698244821574517,-4.4596579167905785,0
468,0.5858980380353473,-0.006278600451492128,-0.7293977807646705,0.11134320629111627,0.04025135725811253,0.1586365454247317,1.021399974822998,0.33459997177124023,1.05239999294281,17.57603956963335,0.7953341445752553,21.948280423283578,0.9559660195779094,0.02547663020676969,28.677676867083523,86.01523083722722,5.944260664683925,97.90209790209789,97.90209790209789,3,0.07142857142857142,0.025210907276303554,0.7008503401360544,0.04785593411389502,2.878213011245325e-05,0.02192731729199427,0.0031106373223623754,0.001143897145980737,0.1418612811106664,1.5702380952380954,1.4030357142857144,0.7725139704025553,0.5289460243575648,1.1191718637308559,11.9061279296875,17.35321044921875,97.00287780761718,14.810158730158731,7.356212360465476,6.491139729817708,8.809534708658854,4.923961748238962,2.6368890942452055,34.89360809326172,0.07022080570459366,0.1055496484041214,-6.744384765625e-06,3.480840849823046,0.07309921575762682,1.319693198467056,-5.049932570684524e-06,-1.3810907715852495e-08,3.4808405905399877,0.0004666696574976015,0.07266949855264968,2701.0,-0.003101549956419486,0.01387150561256174,-4.4596579167905785,0
469,0.5154232658999307,0.0044819712468556,-0.8037163044867062,0.0811826580823156,0.035688932150744625,0.06956312113964393,0.823199987411499,0.33459997177124023,1.05239999294281,15.461912119899477,0.6827418577245303,24.110380848901613,0.9612007095725282,0.020920726237477167,28.83465428170541,80.8022508923013,9.946103258542268,97.90209790209789,97.90209790209789,3,0.07894736842105263,0.036143368378883135,0.7551127819548872,0.1030577782002775,0.00024198659625156177,0.03756590738672278,0.0058090769765525695,0.001766766798807522,0.15463694026477098,1.776734693877551,1.4842857142857142,0.985049676652259,0.8044479120171101,1.1970301113708237,10.598856608072918,16.411641438802082,65.99161812918527,11.020714285714286,6.475708041817292,6.327616373697916,6.981956845238094,4.29205160082721,2.7503324535379186,34.83303451538086,0.10372991114854813,0.12442880868911743,-1.0179792131696429e-05,3.413087350687216,0.06478873639971668,1.390745863163222,-8.991786411830357e-06,-4.033381178972114e-08,3.4130871868016914,0.0004922656498332551,0.06430835530217964,2706.0,-0.003210396614763136,0.01162711800176567,-4.4596579167905785,4
470,0.4608704270124435,0.014313742881729489,-0.8469253710707029,0.02538984587754964,0.015711319582158104,0.025434723075370938,0.6685999631881714,0.1565999984741211,1.05239999294281,13.825371096049036,0.5148385688236782,25.406673560653413,0.9649466527033602,0.017475420005368586,28.947068032583992,73.03409126735512,9.024875600573019,88.05031446540882,88.05031446540882,6,0.17142857142857143,0.04846069929076859,0.8346938775510204,0.10712330239433616,9.873058492294871e-05,0.07073768995266749,0.01374912188871405,0.015089420442680503,0.19436769702140344,3.3322857142857143,1.9207142857142858,2.996653997990671,0.9083094298795775,1.734920044626255,10.598856608072918,16.411641438802082,66.14741392589751,8.767792207792207,8.163884796910756,6.704386393229167,8.373667399088543,4.928789659995571,3.1324362938522596,34.75847625732422,0.07754973322153091,0.12442880868911743,-1.2320382254464285e-05,3.3574685523194487,0.06733870973637528,1.6115811489624852,-7.956368582589286e-06,5.526688383290153e-08,3.3574681899882646,0.0005721096388011624,0.06687080065971607,2723.0,-0.003258500926341677,0.008760522607275757,-5.3566233625643065,4
471,0.45891822673593247,0.015547885613782066,-0.848441456760679,0.015119515112700314,0.005237503392506929,0.012152649851524266,0.4814000129699707,0.034999966621398926,0.9222000241279602,13.766887802141053,0.46670656791755133,25.45202798851899,0.96491297209287,0.0068742630181575365,28.946006179405508,67.78127070408061,6.616323633745898,84.16833667334669,84.16833667334669,12,0.36363636363636365,0.05844007483686836,0.8934199134199134,0.08467547959865075,0.0004209029064556425,0.07503711487810402,0.015543856817930813,0.000985387617677913,0.20714891348343326,6.17047619047619,1.9880952380952381,1.9430638312094113,0.08533514028699112,3.103712574850299,7.205098470052083,7.259521484375,53.635409109933036,16.02,9.242636810136036,7.141520182291667,6.732516818576389,0.41677150246333244,0.045255356903208664,34.718997955322266,0.03043464943766594,0.07115303725004196,6.583077566964286e-07,3.3052863600617233,0.037703858899149935,0.8353597072407986,-6.303333100818452e-06,-5.6131230488002325e-08,3.3052864515544855,0.0006661054584640394,0.03690618742839203,2730.0,-0.003296181801517636,0.00765818021522514,-15.119818332130937,4
472,0.46021076943760825,0.015817485721338363,-0.8477147995886348,0.013841275440809176,0.005201026693810525,0.011420187810174273,0.48020005226135254,0.034999966621398926,0.9101999998092651,13.805662225995745,0.47470342831952234,25.430233559097562,0.9648673957137293,0.006669899941007591,28.94464254649065,68.3360832194312,5.592638763449653,75.94936708860759,75.94936708860759,10,0.30303030303030304,0.05111885909429161,0.884155844155844,0.07523483222391407,1.0619617825905883e-05,0.06248867146343275,0.0034210462989273435,0.0026428888062247705,0.05474666397619412,4.461904761904762,2.9282142857142857,0.5876533909852881,1.3130853893772172,1.5237630605358379,7.1160888671875,8.186238606770832,46.665333775111606,15.808571428571428,9.02221697217322,6.504652235243056,5.54595947265625,2.6882762737333428,0.8557263955719592,34.72589874267578,0.032770127058029175,0.0657452717423439,5.340576171875e-06,3.2687569600015327,0.02707758863713341,0.6496673789517744,-3.505888439360119e-06,7.094720653075548e-08,3.268756262239735,0.0007145422152514895,0.02602338748832147,2699.0,-0.003244646605602486,0.007699406021279812,-13.909257796310865,4
473,0.46035225549198333,0.013874056870029086,-0.8478237425741695,0.014664160639946482,0.007716673607190108,0.012477349798576716,0.4894000291824341,0.037400007247924805,0.9150000214576721,13.809900521976607,0.4371625633750643,25.43350284865924,0.9650365574757213,0.007516562731719923,28.949715111916426,71.08489223920931,7.537603157511059,89.171974522293,89.171974522293,13,0.37142857142857144,0.05188117830837178,0.8530204081632653,0.08513530402641514,2.9204098292378265e-05,0.045389731234243856,0.01672602183966708,0.00776078335176535,0.36849792639988777,3.347142857142857,3.197619047619048,1.0930136831552595,1.4178844705694769,1.0467609828741622,7.1160888671875,8.186238606770832,64.7226569039481,14.364285714285714,8.20198383170256,4.884745279947917,4.839443630642361,2.9255219342745673,2.0101542752503287,34.74016571044922,0.03472281992435455,0.07303839176893234,4.24775623139881e-06,3.249855853450803,0.01730259316866289,0.7288211564566298,-1.834687732514881e-06,-1.437027091191947e-07,3.2498567445803337,0.0007263023886289381,0.0156818935976815,2673.0,-0.003244977923530799,0.007680084138107438,-13.940074443393978,4
474,0.4708571803058897,0.013434685568014781,-0.8409786095278604,0.016781159355893326,0.007572602525338904,0.014145262617636881,0.5053999423980713,0.037400007247924805,0.9150000214576721,14.125036552037512,0.42414556690624783,25.228156857235092,0.9641614378503791,0.007984894519270617,28.923462802615177,71.81087647446712,7.021471256786626,89.171974522293,89.171974522293,7,0.20588235294117646,0.04317343602530719,0.842983193277311,0.0767664076936464,9.430391736776328e-05,0.02509569201948068,0.012915480806894603,0.001330934503998233,0.5146493189695222,4.315,3.2876190476190477,2.4635714285714285,1.380360957098572,1.3125,12.078755696614582,24.036153157552086,103.57361348470053,13.643061224489795,7.690859912741731,7.161204020182291,10.122748480902779,9.987470907587447,4.917551676432291,34.773643493652344,0.043987203389406204,0.07760322839021683,3.5923549107142858e-06,3.23095242186198,0.018011128435397615,0.6880118823767506,-2.1253313337053572e-06,-2.1169341841605285e-08,3.230952539510224,0.0007156038122813473,0.01648526622151153,2662.0,-0.0032230891430300194,0.007574165800012611,-13.940074443393978,4
475,0.476698894460996,0.013211304306983947,-0.8370538383353324,0.0156914613247576,0.007443944362348536,0.013854387955261957,0.5053999423980713,0.037400007247924805,0.9150000214576721,14.300299119523594,0.4174227008649281,25.11041457861662,0.9635883377242975,0.00816067076021577,28.906275835294213,71.69333887169367,6.69254736633032,89.171974522293,89.171974522293,6,0.17142857142857143,0.04040535901603754,0.843591836734694,0.07220829235192804,1.1377542024156586e-05,0.03383004941964696,0.010965093422998133,0.011635583380353044,0.32412289107180864,6.7785714285714285,2.7942857142857145,0.0,0.0,2.4258691206543963,12.078755696614582,24.036153157552086,99.5599845522926,9.059642857142856,5.332109642514482,12.078755696614582,24.036153157552086,0.0,0.0,34.797943115234375,0.0415956936776638,0.07144470512866974,3.958565848214286e-06,3.2150584432909723,0.023270280429113593,0.6880118823767506,-2.9427664620535716e-06,-1.8518833324264103e-08,3.215058764150519,0.000707856638760988,0.02210847062052677,2668.0,-0.0032609967094200873,0.007581602641472955,-14.31450035555816,4
476,0.479746914097241,0.013412132745697384,-0.8349811241059076,0.013355105051404323,0.006237984028265666,0.013037967225941362,0.5053999423980713,0.03620004653930664,0.9340000152587891,14.391723137242453,0.40454311992440906,25.04824115174157,0.9632481509264208,0.008409762521346868,28.896069467783953,71.57322945837959,5.285352644398336,85.02024291497976,85.02024291497976,3,0.08823529411764706,0.02558771156829801,0.8427310924369749,0.060284805886519764,1.5154112453144501e-06,0.0046415018968548015,0.00445048948635101,5.9985014840831434e-05,0.9588468528617372,4.516666666666667,5.865714285714286,2.9674135725674633,4.371428571428571,0.7700113654814094,19.783426920572918,5.411783854166666,109.53687656947545,18.230816326530615,10.094378825946446,9.207967122395834,5.167287190755208,0.24449666341145804,7.745749173469685,34.82066345214844,0.03175099566578865,0.06526947021484375,2.934047154017857e-06,3.1904311856964216,0.02195254428121694,0.6863064575809856,-4.395984468005952e-06,5.051923401673959e-08,3.1904311178250353,0.0007054266890525816,0.02064141527859778,2687.0,-0.003258202304261553,0.007451576990440417,-12.475007005425955,4
477,0.46952098984377727,0.013277132440181005,-0.8415302952471233,0.018741136287904612,0.006222152369872686,0.01524646449495452,0.5002000331878662,0.03659999370574951,0.9340000152587891,14.084947123868124,0.40035982489585875,25.244687571695874,0.9640284189343424,0.008431340608031046,28.919452740580642,73.84503331668887,6.856937328184726,87.5,87.5,5,0.1388888888888889,0.035439761234873454,0.8192857142857143,0.07325328036272659,3.332823590170752e-05,0.010744872162467209,0.008891535447198232,0.0004394439334569372,0.8275143075463619,4.172142857142857,2.027142857142857,3.585,0.5328571428571428,2.058139534883721,6.393025716145833,14.226582845052082,95.85823320661272,15.996428571428572,5.648099960452657,3.9202372233072915,9.574686686197916,4.651896158854166,2.4727884928385415,34.82923889160156,0.03321553021669388,0.06142095476388931,-6.597609747023809e-07,3.165121983530453,0.026675739409710946,0.6863064575809856,-4.759288969494048e-06,7.01633461284916e-08,3.165121736262989,0.0007217132993914148,0.02556070890624372,2709.0,-0.0032936119078499984,0.007450699356475432,-13.438437878893271,4
478,0.4569789620240529,0.012358599390302386,-0.8494776666817211,0.025652092703546448,0.006020801963051762,0.018538283712929777,0.5002000331878662,0.03659999370574951,0.9340000152587891,13.708704860721316,0.37286797617162976,25.483113143273762,0.9651711608319011,0.008797220030407206,28.953747894076685,74.99799411660987,7.305565416423533,87.5,87.5,6,0.16666666666666666,0.03904471533918985,0.8076984126984127,0.0790944194345536,3.5251978342357917e-06,0.019627675655454327,0.011687821593679981,0.006401741323926631,0.5954766014503636,4.49952380952381,2.5642857142857145,2.768247151222129,1.1491953706833318,1.7546889507892294,18.917439778645832,14.226582845052082,111.93970395042781,15.744285714285715,9.499139237767988,9.85137939453125,8.904037475585938,4.409170765276317,7.147445167353113,34.83412551879883,0.032276082783937454,0.06142095476388931,6.597609747023809e-07,3.1368349343332516,0.026803024866978702,0.7115856374058084,-4.341488792782738e-06,5.4315314244633625e-08,3.136834682902098,0.0007377513864323549,0.025660090093321663,2713.0,-0.003272850044250125,0.007308884816174675,-15.583387357955989,4
479,0.45800953316120874,0.014674913783868154,-0.8486638188958168,0.02485340222406875,0.005156693957337295,0.01758518444475984,0.48819994926452637,0.03659999370574951,0.9297999739646912,13.739633994783674,0.4404091267074857,25.458690138288908,0.9649393658607,0.007994065482068408,28.946793090300613,74.58345651377512,6.448754085860334,87.5,87.5,4,0.1111111111111111,0.03368175531945176,0.8103968253968253,0.06880879148655542,6.900523182007494e-05,0.00795224943506872,0.010955026895167311,0.00028586201622592464,1.377601015236847,3.884761904761905,2.7785714285714285,2.3812939754957654,1.1812503464348194,1.3981148243359043,9.189249674479166,12.275899251302082,91.40282382056826,17.673392857142858,7.059123454629765,6.19964599609375,7.828030056423611,3.3501085461321023,3.6459525889238313,34.83647918701172,0.030775388702750206,0.057192202657461166,-1.1727469308035715e-06,3.110074490616704,0.02282768805407474,0.6301628778388444,-3.3060709635416668e-06,-6.005218139039511e-09,3.1100747801271043,0.0007331366019008604,0.02156050647859048,2725.0,-0.003300504192648192,0.0073595478767532994,-15.583387357955989,4
480,0.4592576280434926,0.015527475933233897,-0.847900704508736,0.023968335693849995,0.005209137874774109,0.01711036802578222,0.48819994926452637,0.03900003433227539,0.9297999739646912,13.77705826989242,0.4658795630931854,25.43579099237919,0.9648449366867041,0.00793128039740299,28.943946626116585,72.79972916015222,5.385550705080806,83.00395256916995,83.00395256916995,4,0.11428571428571428,0.0312888414077392,0.8287346938775509,0.06172710697181888,7.761250412328183e-05,0.0134854301520489,0.004158944487271706,0.0003104814374909079,0.30840280512963986,2.414285714285714,2.297142857142857,1.6706970316094332,0.5131349559260188,1.050995024875622,8.342997233072916,7.017313639322917,69.82393333798363,13.767678571428572,6.047523735832642,4.048970540364583,4.165717230902778,2.3386579351267325,3.11198419107646,34.831581115722656,0.030333619564771652,0.054509084671735764,1.685732886904762e-06,3.084982170910388,0.02269289078370786,0.819354484692751,-2.924601236979167e-06,-2.292372371381815e-08,3.0849830312410385,0.0007191582674174985,0.021375084433184026,2716.0,-0.003298810547712014,0.007363370926441582,-15.583387357955989,4
481,0.45998589457216715,0.015851199195498513,-0.847561856732482,0.019829854546000406,0.005288883467828256,0.015147178225840698,0.4861999750137329,0.03900003433227539,0.9301999807357788,13.79892655151231,0.47559483153479437,25.425626273368085,0.964773843646204,0.007838861721678074,28.941824239211346,72.52431495775079,5.874146893395329,83.66533864541832,83.66533864541832,4,0.11428571428571428,0.030541334437835185,0.8327346938775511,0.0671384031771274,1.898771511870071e-06,0.013083911608512262,0.005185854512831364,0.0004984184051585105,0.3963535269878696,4.903333333333333,3.1864285714285714,2.5380763869576004,0.195,1.5388179033101697,8.984476725260416,9.100545247395832,74.85640789213635,12.191632653061225,8.280471790778845,6.688232421875,5.194753011067708,3.9057922363281246,2.806032638485009,34.83091735839844,0.030350759625434875,0.054509084671735764,-4.690987723214286e-06,3.0632105323679246,0.02138737921120962,0.731806979713497,-2.597627185639881e-06,1.3542224076795274e-08,3.063210421484042,0.0007194490488417095,0.020006597962159554,2719.0,-0.003304645666752104,0.007407158959182096,-15.364900135820506,4
482,0.4568905515954608,0.015799409122694105,-0.8494634282390277,0.020093189411349965,0.005512313482238198,0.015325700561681038,0.48580002784729004,0.03900003433227539,0.9301999807357788,13.706063690696444,0.4740499865157264,25.482672561449665,0.964983558971096,0.007902104483155281,28.948113130053535,72.02163253826991,5.882412090822092,83.66533864541832,83.66533864541832,6,0.17142857142857143,0.03554159931844436,0.8385306122448981,0.06684605325286762,4.5202296376509806e-05,0.019213285374364533,0.007038112168233923,7.414154080263886e-05,0.36631487177224653,7.015714285714286,4.148571428571429,1.11,0.0,1.6911157024793388,9.726359049479168,9.05792236328125,71.34050431024461,15.605714285714285,7.627733501332289,9.355417887369793,9.05792236328125,0.0,0.3709411621093759,34.82856369018555,0.030161993578076363,0.05489802360534668,-1.9066220238095238e-06,3.043870901835543,0.016809750439214732,1.2284065197112906,-2.6702880859375e-06,-2.2175634347785652e-08,3.0438707401219536,0.0007508701708777337,0.014759396384144741,2697.0,-0.003315862522404067,0.007415084695507226,-16.579559067303787,4
483,0.4493183329445975,0.014340123085748582,-0.854055685491789,0.025463475903669836,0.006214455155603843,0.01816002709980923,0.4859999418258667,0.0382000207901001,0.9318000078201294,13.478919988359724,0.4307142608506339,25.620436279007368,0.9656362514082348,0.008194020964828954,28.96770115254734,72.97206657775313,5.175221933990615,83.66533864541832,83.66533864541832,4,0.11428571428571428,0.02868464961698957,0.8263265306122449,0.05786612247201169,4.810130179092034e-05,0.014691095290226767,0.0042295343593702454,0.0017021087118333405,0.2878978235328674,4.980714285714286,3.7804761904761905,0.925,0.27261478474521156,1.3174833102405845,9.726359049479168,9.05792236328125,57.9368383498419,14.566326530612244,8.08431854460817,7.324015299479167,6.002841525607638,3.5649493778599184,2.402343750000001,34.82601547241211,0.030221927911043167,0.05604313313961029,5.856468563988096e-07,3.0288721719166647,0.015663997556354208,1.2188819367596275,-1.816522507440476e-06,-6.090056181164041e-08,3.0288725009646242,0.0007731467147603644,0.013502929679236289,2706.0,-0.003352787033625259,0.0074280621532178915,-16.499011233904138,4
484,0.455933513709477,0.016159161737986972,-0.8497372377912203,0.025175719377859875,0.006643309629093899,0.01809332366045697,0.49100005626678467,0.04219996929168701,0.9318000078201294,13.677336696982383,0.4852495643922261,25.490912562310697,0.964950362034626,0.008122702748707631,28.94713281981994,72.80035067154309,3.8411708296194544,80.30592734225621,80.30592734225621,2,0.05714285714285714,0.022879453397209957,0.8264489795918367,0.043227476723222316,2.726118517284469e-05,0.010216850612440561,0.0018185964221691948,0.0024982188205465903,0.17799970765499679,3.1464285714285714,4.633809523809523,0.9092857142857143,1.4693162523545116,0.6790155174185594,4.921671549479166,9.5526123046875,70.54024440220425,13.621428571428572,8.766015779877494,3.6501566569010415,6.1677381727430545,3.710901649046617,1.2715148925781246,34.830142974853516,0.031279563903808594,0.06872078776359558,4.618326822916666e-06,3.0145070148782445,0.015760610464411406,1.1380329007968184,-2.234322684151786e-06,-6.225326689620883e-08,3.014506886085868,0.0007289116777564534,0.013546691209206778,2717.0,-0.0033041922843238865,0.007345567380818875,-17.4963496733516,4
485,0.46101074238618217,0.01725420930272057,-0.8464274376318568,0.025661159443449603,0.0066924854424066935,0.018304750816790772,0.49100005626678467,0.04219996929168701,0.9318000078201294,13.829646700109754,0.5180482774121421,25.391621986116682,0.9644902430625819,0.008058468531736834,28.93332887142401,72.40466572324216,4.125781251256981,80.30592734225621,80.30592734225621,1,0.02857142857142857,0.025437350953458417,0.8313877551020408,0.047690065604390854,2.798194085797582e-05,0.01170139813812751,0.003325516708399417,0.0005143096120658864,0.28419823589829374,7.037142857142857,6.708571428571428,0.0,0.0,1.048977853492334,11.306254069010418,9.5526123046875,52.43409692673456,14.303928571428571,6.246965906399225,11.306254069010418,9.5526123046875,0.0,0.0,34.83113098144531,0.03139452636241913,0.06872078776359558,2.051943824404762e-06,3.0009173670301412,0.015089586918225387,0.4613450753542724,-1.998174758184524e-06,1.3787138637017688e-08,3.000917151196154,0.0007090630311078982,0.013117181526565524,2707.0,-0.00330723953737508,0.00742600593208484,-16.15634746471677,4
486,0.4720320278860274,0.01950442856266385,-0.8395528565957433,0.012979800910461642,0.00502000019847958,0.011862165495476387,0.49100005626678467,0.04219996929168701,0.9138000011444092,14.16032369366714,0.5851174283027649,25.18535655502762,0.9634942406828091,0.007542670401875431,28.90344192468977,72.3295425610079,4.629330177383322,80.61420345489442,80.61420345489442,1,0.02857142857142857,0.02765548644251532,0.8328979591836735,0.052622740834908296,1.8130216409829155e-05,0.016051898086959678,0.004360708977535665,0.004033322943315966,0.2716631362790821,8.78,2.1357142857142857,1.7428571428571429,0.0,4.111036789297659,11.306254069010418,5.649007161458333,52.136802310035335,13.399428571428572,8.046393569133178,7.374216715494792,5.649007161458333,0.0,3.932037353515626,34.830360412597656,0.031639788299798965,0.06872078776359558,-1.7598470052083333e-06,2.9863681686951384,0.015332192834840053,0.4454142038240467,-2.6157924107142857e-06,1.1834349236303303e-07,2.9863675351243946,0.0006830666036280172,0.013349897177993283,2708.0,-0.003258553239698779,0.007448882288211587,-13.972361625416932,4
487,0.47211361846469696,0.018759580836409613,-0.8396080851923852,0.01088634831359793,0.0049662104206589595,0.010919296893262502,0.48899996280670166,0.03880000114440918,0.9138000011444092,14.162726411053113,0.5627631393500737,25.187044698638577,0.9635306169152824,0.007488956566604644,28.904539797319273,73.44345425513872,4.748702256823127,80.61420345489442,80.61420345489442,1,0.027777777777777776,0.028205824099280158,0.8204365079365079,0.05394401591568442,9.46127380258221e-06,0.020777270428854376,0.004918730171359124,0.008490851736753461,0.23673610969265005,9.282142857142857,1.535,1.2407142857142857,0.21785714285714286,6.046998604001861,4.724324544270833,5.35430908203125,27.383772423153832,16.430476190476192,8.883841353165229,4.083251953125,4.653167724609375,0.701141357421875,0.6410725911458333,34.820899963378906,0.030598999932408333,0.06373807787895203,-4.690987723214286e-06,2.9720003414957827,0.0165323203099306,0.5235389748031561,-2.434140159970238e-06,7.828454528052465e-08,2.9720002583373097,0.0007218593842998885,0.014687988914791733,2713.0,-0.0033458555138092382,0.007585313685502619,-13.972361625416932,4
488,0.46034589468865167,0.0163102474127497,-0.8470332186647824,0.024943965181354444,0.0062161330341660975,0.017796877147572557,0.48899996280670166,0.037600040435791016,0.9373999834060669,13.80976212637765,0.4898394193819591,25.4097617028015,0.9646560651494754,0.008117078562219934,28.938300979256855,74.92861721513671,5.011415970271933,83.83233532934132,83.83233532934132,2,0.05555555555555555,0.029057096702951323,0.8043650793650793,0.05395885772544224,2.256126613910869e-06,0.011604348137696563,0.006358628780222907,0.002831015382282639,0.547952259340358,6.815714285714286,1.5895238095238096,1.2257142857142858,0.193873278387101,4.28789694427801,5.214640299479168,5.980733235677083,38.843174453008736,13.286122448979592,8.087789367907762,4.969482421875,5.095689561631944,0.848165051474015,0.2451578776041674,34.816532135009766,0.029875822365283966,0.07338131964206696,1.4677501860119048e-07,2.956998541800046,0.015425817936638735,1.176688091410957,-1.4350527808779762e-06,-1.2217332606476195e-07,2.9569993467695905,0.0007449997663067772,0.013250871082317503,2725.0,-0.003404919473700657,0.007552967865061713,-13.403153246704932,4
489,0.45300312310173396,0.015431523743129913,-0.8515975903897058,0.026727894024447942,0.006250415389704474,0.01859856552078018,0.48819994926452637,0.037799954414367676,0.9373999834060669,13.589421693001475,0.46356256570134846,25.546719140240125,0.9652458777646382,0.008256363112332138,28.955993195718452,74.22527499024152,4.848404492518878,83.83233532934132,83.83233532934132,2,0.05555555555555555,0.02759346692443015,0.8117460317460317,0.05208586917485079,5.978761116201583e-05,0.0076070725510293145,0.006563728772698904,0.0008602567229429517,0.8628455596641791,5.531428571428571,4.335714285714285,0.05857142857142857,2.637142857142857,1.2757825370675453,6.53717041015625,8.986714680989584,62.83421449207124,14.556190476190476,8.670400059294186,5.875905354817709,7.483723958333334,1.5029907226562504,0.6612650553385411,34.825965881347656,0.03374946117401123,0.07912293821573257,8.806501116071428e-07,2.9484253816108272,0.011830354892215832,1.0788485002916575,-1.2352353050595239e-06,-1.0924984681988882e-07,2.9484261857454817,0.0007519046016922803,0.009056813722270667,2709.0,-0.0034075961738057117,0.007667767050431551,-12.78228674273177,4
490,0.4488839705728349,0.015527380653790066,-0.8541504571466219,0.02613669288352867,0.0065443341534531735,0.018445720522326906,0.5108000040054321,0.042600035667419434,0.9373999834060669,13.46583811717374,0.4666825585705893,25.62332942868982,0.9655587591939114,0.008567625393686787,28.965396459568673,73.92658558152715,5.073004370198075,84.0,84.0,3,0.08333333333333333,0.028139593719417443,0.8153174603174604,0.054050882124185726,1.5396251561849274e-08,0.017224132332125955,0.003424465831817293,0.0002689209233532004,0.19881790070958047,7.246428571428571,4.333571428571428,1.4321428571428572,2.6392857142857142,1.6721608702818527,10.3271484375,8.986714680989584,69.27483396984282,17.708809523809524,6.879937876275186,10.0872802734375,8.068593343098959,0.918121337890625,0.2398681640625,34.82992935180664,0.03294135630130768,0.07912293821573257,2.9209681919642856e-07,2.939394752012367,0.012678872948838066,1.0788485002916575,-7.266090029761905e-08,-5.9013454671906185e-08,2.9393954728390295,0.0007501155424857165,0.01021490252866492,2681.0,-0.003388512697079529,0.008105770699452544,-9.316332057830381,4
491,0.45232442782038734,0.017723313995770047,-0.8520120190240088,0.020106657847031164,0.005832055890165392,0.015190191780141821,0.5108000040054321,0.042600035667419434,0.9362000226974487,13.56914183454854,0.5320234191417694,25.559112570711545,0.9651099518986292,0.008233933545281468,28.95191706046813,73.78932663325445,4.294246996859416,84.0,84.0,2,0.05555555555555555,0.023565552761773485,0.8157936507936507,0.045925781154527626,4.4720609079550066e-05,0.021092622399729595,0.0009614399985782948,0.002001616743937316,0.045581814359442585,5.371785714285714,2.0419047619047617,2.141143451666012,1.2640380889235232,2.630771921641791,10.3271484375,7.150472005208334,66.9715280442011,16.383968253968252,8.07077698670086,7.2686767578125,4.566107855902778,2.5499677070580447,2.828258666276168,34.82790756225586,0.03390653803944588,0.06142198294401169,-1.3195219494047618e-06,2.935617654972159,0.01268177718288463,0.5459372310759988,-1.217070079985119e-06,1.1289566180524285e-07,2.935617602637488,0.0007242348336268706,0.010199506252230343,2693.0,-0.00334116039000933,0.008164058552842463,-9.316332057830381,4
492,0.4573260085696266,0.019764504509312764,-0.8488209521969159,0.015171916897514685,0.005748768479843775,0.012942346619442545,0.5108000040054321,0.042600035667419434,0.925599992275238,13.71911068558693,0.5931402780328479,25.463429280178886,0.9645734646428578,0.007968292506873262,28.935829939698042,74.17380680505332,4.956444595957703,84.0,84.0,3,0.08333333333333333,0.02872408199224783,0.8125793650793649,0.05504463190573348,3.9934720533111255e-06,0.027225747219982582,0.0035898447082325126,0.013987364595126152,0.13185477258812253,3.9423809523809523,2.0707142857142857,0.6821029241199386,1.095825799875815,1.9038748993905945,4.677022298177084,7.150472005208334,45.77899969191778,12.946984126984127,8.51624709603092,3.9697265625,5.191319783528646,2.4595571437996937,0.7041328814340752,34.81202697753906,0.03169477358460426,0.06143329292535782,-1.2454078311011905e-06,2.927649495124953,0.011139682594776603,0.5009978317994658,-7.62939453125e-07,1.6790212294062187e-07,2.9276489365994434,0.0007345197913878683,0.00797693476315588,2701.0,-0.0033863024577419675,0.008144141530919156,-9.316332057830381,4
493,0.44971723713761286,0.020595038096110026,-0.8532044857484954,0.024001550446417504,0.0054236577625513755,0.01692872774462775,0.47819995880126953,0.04180002212524414,0.9420000314712524,13.490872542687825,0.6178120000021798,25.59491800103869,0.9651188592352034,0.008081047776823266,28.952187633529128,74.8329561859951,5.446539558130928,85.5397148676171,85.5397148676171,3,0.08333333333333333,0.031095639171919334,0.8060714285714287,0.05906909651641293,1.502274319033741e-05,0.012672740682597026,0.007774203798733488,0.0019439391327465735,0.6134587610878438,6.067142857142857,1.6495238095238096,1.24,0.6739237661860468,3.67811778290993,5.4345703125,7.06695556640625,46.231165640694755,13.212448979591837,7.724719992256495,4.2218017578125,3.4977891710069446,2.573638259715252,1.2127685546874998,34.803802490234375,0.030722886323928833,0.057602621614933014,4.032679966517857e-06,2.9228391729532595,0.011838908187131595,0.4550281412695848,2.724783761160714e-07,1.2246644235901618e-07,2.922838287495289,0.000716956107717357,0.008795345893269208,2720.0,-0.0033681671606132593,0.007668390962089424,-16.01837161604164,4
494,0.4523778844787961,0.02253998081457047,-0.85138310474725,0.024341784775493317,0.005458831966311358,0.017218870500437643,0.48500001430511475,0.04659998416900635,0.9420000314712524,13.570688248702458,0.6761722815888268,25.540279428149972,0.9648109666861925,0.008099478104031452,28.942952485376104,74.80160059440685,5.6191634072810945,85.5397148676171,85.5397148676171,2,0.05555555555555555,0.027332314091309692,0.8066269841269842,0.06016714509559513,0.00010849985839233614,0.012468090265675327,0.005122277558265853,0.0014208086981205455,0.4108309652174633,5.848571428571429,3.7257142857142855,1.4585714285714286,1.6314285714285715,1.5697852760736197,5.4345703125,10.326944986979168,68.0296877179827,13.98047619047619,8.55907107882779,5.304718017578125,6.328786214192709,3.998158772786459,0.129852294921875,34.80854034423828,0.03242740035057068,0.06028066948056221,2.9355003720238095e-07,2.9140673309932135,0.01191841261782797,0.4359751504615518,-1.5440441313244048e-06,-2.5833344099238123e-08,2.914067437364649,0.0007156374930468787,0.008945100184144232,2713.0,-0.0033604378621014327,0.007623873648449241,-15.552310269256541,4
495,0.4512901421671822,0.02370521896793729,-0.851918304735706,0.02537442217771402,0.005808149576358996,0.017981701302228963,0.48559999465942383,0.04779994487762451,0.9420000314712524,13.538029979297093,0.7111208547013147,25.55635157065732,0.9648426422285743,0.008315106061416057,28.94390442066135,75.42097341619044,5.114083885682297,85.5397148676171,85.5397148676171,4,0.1111111111111111,0.03178554230634511,0.7991269841269841,0.05308966207937941,6.19272636401491e-07,0.019232126395944585,0.005797873177197505,0.0025372572191582044,0.3014681298278116,5.29,4.198571428571428,2.244285714285714,1.1585714285714286,1.259952364749915,11.36932373046875,10.381062825520832,83.58246648879278,17.521666666666665,7.586041980934981,10.817718505859375,10.35400390625,0.02705891927083215,0.551605224609375,34.816490173339844,0.03229970484972,0.06028066948056221,2.1798270089285714e-07,2.9025118916688957,0.01542892658377731,0.49204348697772926,-1.834687732514881e-06,-4.276959425260979e-09,2.9025125714877342,0.0007023785881370709,0.013209337021973333,2723.0,-0.0033171943332869565,0.007528537768598167,-15.552310269256541,4
496,0.46352259005251384,0.025323285335586185,-0.8444169328666868,0.014772725841672895,0.005030112011351306,0.012768608033174476,0.48559999465942383,0.04779994487762451,0.9192000031471252,13.90505013014589,0.759662560054234,25.33127184314387,0.9637848654000561,0.007728053681343406,28.91215904251242,73.85658336170779,4.210244524837982,84.50704225352113,84.50704225352113,3,0.08571428571428572,0.028052001103421525,0.8149387755102041,0.04489358049149239,1.535360266555585e-07,0.017366029243172553,0.002655213806011016,0.00027782007381345683,0.15289700188976202,5.0407142857142855,2.867857142857143,1.995,0.17214285714285715,1.7576587795765877,10.26611328125,10.381062825520832,76.19070565359932,16.47380952380952,6.3503906177283636,8.779703776041666,10.083262125651041,0.2978006998697911,1.4864095052083335,34.81782531738281,0.03123752772808075,0.05911966785788536,-2.713158017113095e-06,2.8901721334396093,0.015314975311621414,0.5260943314656299,-4.15983654203869e-06,6.494406450584119e-08,2.8901719261944208,0.0007405432113600678,0.013074321577405774,2713.0,-0.0033021259067183557,0.007589733292755232,-15.552310269256541,4
497,0.45886406670297897,0.023386837780475615,-0.8474963805363291,0.01654870144792976,0.006017684446798843,0.01363215621881482,0.48559999465942383,0.04779994487762451,0.9161999821662903,13.765260858195168,0.7015755619321551,25.42368470179183,0.9642546223566424,0.007888086427131404,28.926262240692807,74.25997375117417,3.812517909755393,80.1526717557252,80.1526717557252,2,0.05555555555555555,0.026722851404219792,0.8101190476190476,0.04186737374289178,4.226591986672197e-05,0.026251562432004587,0.0012905360103435313,0.0020073955062392835,0.04916035050051629,4.743214285714286,2.2547619047619047,1.6905573211584544,0.4406941545658176,2.1036430834213307,10.26611328125,9.78546142578125,70.68108723958332,15.655555555555555,9.527140118682937,8.201370239257812,7.520039876302083,2.09491015096338,1.8754125944900748,34.81058120727539,0.031263478100299835,0.058740172535181046,-8.806501116071428e-07,2.879583256045192,0.011854707661592925,0.4841049018498725,-7.266090029761904e-07,1.4229316375956701e-08,2.879583697308246,0.0007492724342135843,0.008772682242717177,2708.0,-0.0032862662406235865,0.007682637310711786,-14.504375199403182,4
498,0.45507554266566325,0.021571332678908393,-0.85003039006676,0.015416130016584451,0.00587907465539524,0.013010447286467159,0.4853999614715576,0.04419994354248047,0.9161999821662903,13.651595279914993,0.6471145517485483,25.499709987682955,0.9646200108347683,0.007775794638305707,28.937223558085908,73.94101118571935,4.079466850759736,80.0,80.0,4,0.1111111111111111,0.0291522593876572,0.8140079365079365,0.046311598000365335,1.0428945272802969e-05,0.022379048224563297,0.0035498069665273286,0.0020570913528591694,0.1586218918207188,4.121428571428571,2.1635714285714287,1.117859348849185,0.39210382319389,1.9049191152195442,9.870808919270832,11.943461100260416,70.17227383568174,16.075079365079365,7.979151038647912,8.372294108072916,8.406016031901041,2.5681405569520988,1.9731788568985338,34.807769775390625,0.030456334352493286,0.06333514302968979,5.885532924107142e-07,2.873985654177833,0.010692028030982136,0.41171971055696743,1.8165225074404764e-08,-6.840198178232596e-08,2.873986324167811,0.0007539496534577702,0.007257742780089616,2689.0,-0.0033084253068027267,0.007681662477300031,-14.504375199403182,4
499,0.4505048568816412,0.020431180570806777,-0.8529951140539986,0.01291370555558314,0.005547422993010102,0.011761404252209073,0.4745999574661255,0.04419994354248047,0.9161999821662903,13.514495992149625,0.6129129884072713,25.588637135880333,0.9650124556172119,0.007717035708184869,28.948994389229213,74.09067816829742,4.154410700133081,80.0,80.0,5,0.1388888888888889,0.03041405229921647,0.8124603174603177,0.047195270419954125,6.254550204081637e-05,0.030464858520357525,0.0014069849306951197,0.007262477927055994,0.04618386557596946,4.007142857142857,2.2675,0.9079383463739851,0.28283076175677635,1.7672074342416129,9.870808919270832,11.943461100260416,77.37813306535993,14.103142857142858,8.893460628978108,9.037373860677084,8.973642985026041,1.842049903502698,1.3246544573916825,34.811561584472656,0.030435362830758095,0.07488945126533508,-1.3195219494047618e-06,2.869442693222523,0.010790019819783723,0.45303900523956875,-1.816522507440476e-07,-4.710974104082853e-09,2.869442911096604,0.0007252684122996558,0.007730320021508867,2675.0,-0.0033492253658958947,0.0076584471748062585,-14.473558552320068,4
500,0.45594933206694466,0.021622809268179395,-0.8495541997097787,0.011556639785072185,0.005173280691077451,0.01094926410470738,0.47699999809265137,0.04419994354248047,0.9114000201225281,13.677827676279204,0.6486504209041596,25.485419419876166,0.9645342813762116,0.007314555912967585,28.934656419083623,71.3095920104424,3.9588578047910716,78.79924953095684,78.79924953095684,4,0.11428571428571428,0.030479363455273384,0.8439999999999999,0.046866599344424234,6.895099308621414e-05,0.02213493277591597,0.0005992928712310593,0.0013586956227744679,0.027074528632999646,4.581428571428572,2.388095238095238,0.7094013956400526,0.2412448817498965,1.9184446660019943,9.869283040364584,11.943461100260416,58.47303372337704,13.583035714285714,7.7881186797681154,7.911817762586807,8.898383246527777,2.1744500142611765,1.3923852245402228,34.815521240234375,0.029710952192544937,0.07488945126533508,2.9355003720238095e-07,2.8649395303802034,0.010161216012738002,0.5053775397718586,-8.35600353422619e-07,2.004656494793762e-08,2.864939027921697,0.0007201537391326403,0.007062703245486989,2662.0,-0.0033772762239186525,0.007593478726566453,-15.021538036082356,4
501,0.4577475129365921,0.02174719042437417,-0.8484606188251859,0.010795894161726735,0.004969586635585025,0.01045987196855339,0.47699999809265137,0.04219996929168701,0.9093999862670898,13.731766245279994,0.6523832841430391,25.45261370761054,0.9644121305780411,0.007144720135079462,28.930990146694068,70.06738358354761,2.9523892647028154,76.92307692307692,76.92307692307692,1,0.029411764705882353,0.025315571679296475,0.8578151260504201,0.03555634875614853,4.878309770928792e-05,0.016976212180215552,0.001607518763379373,0.000966608370644703,0.09469242881240672,5.743333333333333,1.9395238095238096,1.2043584869462103,0.37106636796280335,2.9612079548244536,7.118428548177084,7.747294108072916,44.643286278134305,14.585714285714285,8.773349080119441,5.987989637586806,5.919731987847221,1.2929797254070015,1.345106840515022,34.81387710571289,0.02960995025932789,0.07949025928974152,-8.065359933035715e-07,2.857643143062756,0.01176411066279731,0.9940953584802155,-1.7983572823660714e-06,4.6477893679099557e-08,2.857642960086712,0.0007221434315583686,0.009282180634933643,2653.0,-0.0033674783680780825,0.007584487010011023,-15.821644728356342,4
502,0.4614492649804978,0.021910371473857333,-0.8460809139467421,0.010163156986694207,0.00474528983188811,0.010131506330988648,0.47940003871917725,0.04100000858306885,0.90420001745224,13.842840520824705,0.6572858584778649,25.381214418411254,0.964078460465635,0.007041199925404456,28.92098310450311,68.77522613062463,2.7076307009389593,74.73309608540926,74.73309608540926,0,0.0,0.02013098726127933,0.8737394957983193,0.033862965683528604,7.778520016659718e-05,0.009026181791331248,0.0010602305874481918,0.0005329101661398681,0.11746169221480095,5.744285714285715,1.687142857142857,1.5685714285714285,0.12428571428571429,3.404741744284505,5.611165364583334,5.0579833984375,29.59886525472005,11.808809523809522,6.216842244607069,4.854482014973959,5.005950927734375,0.052032470703125,0.756683349609375,34.81113815307617,0.029711797833442688,0.06679031252861023,2.4922688802083333e-06,2.8510785251564936,0.011681581164352202,0.9940953584802155,-1.1262439546130953e-06,-1.879104934925039e-07,2.851079197234112,0.0007217566216428422,0.009246526993385722,2651.0,-0.0033765525558120744,0.007611598131133042,-17.661398729661602,4
503,0.46125221751417433,0.021652123598825363,-0.8461109901893706,0.010570333126220804,0.004758918657970872,0.010375235243326463,0.47940003871917725,0.04100000858306885,0.90420001745224,13.836908096841404,0.6495252794027329,25.382126848527363,0.9640113641218898,0.007095416599424846,28.918969088459406,68.61410997172469,3.2416999885199154,75.53956834532374,75.53956834532374,1,0.030303030303030304,0.024080011187196538,0.8763636363636362,0.04042460309572918,3.8005966847146946e-05,0.011480264235646114,0.0032724846361940245,0.0019860963732979005,0.28505307622040527,7.3585714285714285,1.7033333333333331,3.182857142857143,0.14190316394114663,4.320100642996925,5.611165364583334,5.0579833984375,31.686691211518784,13.361020408163267,9.327048652606923,4.975789388020834,4.919467502170139,0.10633750837444118,0.6353759765625,34.81086730957031,0.029577018693089485,0.06679031252861023,-3.662109375e-07,2.84399404326403,0.010340373198309624,0.9062217955405804,-1.0535830543154763e-06,-5.849828639529233e-08,2.8439944797906014,0.0007129465869211267,0.007616542743135042,2646.0,-0.0033900690194533147,0.007557015736706406,-18.0969876349424,4
504,0.465237045889809,0.02221197103318714,-0.84354955187298,0.009291018850313845,0.004623640852102982,0.00979537639159855,0.4838000535964966,0.040199995040893555,0.9032000303268433,13.956439662405423,0.6663258452926363,25.30528155620609,0.9636749737697402,0.006994455311936625,28.908869217809094,68.09197324825608,3.3787907981904275,75.53956834532374,75.53956834532374,2,0.06060606060606061,0.025531343282246603,0.8832467532467533,0.04206816732635539,3.0975999999999905e-06,0.010805322894293421,0.004339729328665268,0.0002268534248930753,0.4016288426657934,5.567857142857143,1.81,1.0292857142857144,0.30714285714285716,3.0761641673243885,5.905354817708334,5.317891438802083,29.604243614560083,18.720714285714287,6.123205206981285,5.329742431640625,5.109405517578125,0.20848592122395804,0.5756123860677089,34.81310272216797,0.029761474579572678,0.0606580413877964,5.129859561011905e-07,2.8409950710819944,0.009705355723377992,0.49879290792986447,-3.814697265625e-07,-9.042292705812669e-09,2.8409952152026574,0.0006914238907251331,0.007022398199453043,2651.0,-0.00346761267274103,0.007565962713451035,-18.281320737040883,4
505,0.4570329415741421,0.021467418875013078,-0.8487512377954665,0.019688674432282154,0.005025092855238292,0.014599246888708617,0.4838000535964966,0.04139995574951172,0.9390000104904175,13.710382390022279,0.6440065663201469,25.46130099100726,0.9645147539864358,0.007479721098510562,28.93406581060649,69.71599701381584,6.178959777515877,86.77685950413223,86.77685950413223,7,0.21212121212121213,0.041289792186150684,0.8667099567099567,0.06880505371883885,2.867711786755617e-07,0.049945817420198636,0.003189498775846275,0.014183204719734568,0.06385917661558597,5.810476190476191,1.852142857142857,0.9077522012955498,0.265,3.1371641599177273,7.049153645833333,5.317891438802083,55.299803379603794,14.345714285714285,7.670436716179178,5.902879503038194,5.239512125651041,0.07837931315104152,0.9369410962720154,34.81863784790039,0.030066922307014465,0.059116579592227936,8.806501116071428e-07,2.838445085553032,0.009384894836870052,0.49879290792986447,-2.906436011904762e-07,2.332522416951699e-08,2.838445371249664,0.0006903827421343323,0.006534347863135024,2658.0,-0.003505877713737962,0.007487809744933885,-17.04163912258049,4
506,0.44726591353189377,0.0198718951685088,-0.8548179996865136,0.025805875220812388,0.005716406601310656,0.017891869069146072,0.4838000535964966,0.04139995574951172,0.9390000104904175,13.417332405958858,0.5961265692540577,25.64332399061748,0.9654581655299423,0.008048124244177413,28.962367906827176,72.63818184942865,7.054815722505038,86.77685950413223,86.77685950413223,8,0.22857142857142856,0.04084418317116364,0.833469387755102,0.07705307376473106,7.629487713452736e-05,0.024617875985741805,0.011007583172176824,0.0024913752418116537,0.44713781069301844,5.503809523809523,2.1976190476190474,0.7277458752592941,0.43676194629617887,2.504442036836403,11.65924072265625,12.413330078125,83.28577321370443,14.063214285714286,8.991510501408468,8.204583062065973,9.4970703125,3.1262549423652555,2.4870415629433227,34.82796859741211,0.03168065473437309,0.06026627495884895,2.9325939360119047e-06,2.8379185370823117,0.009704212004953368,0.5083496572235616,-2.906436011904762e-07,-5.215082994508918e-08,2.8379185098198,0.0007139641846094486,0.006684597569860544,2677.0,-0.0035043976816766164,0.007481129038274301,-17.04163912258049,4
507,0.547823294815563,0.0029999620148113797,-0.6701581619098073,0.1938313326891632,0.0355812661869206,0.35716881294303104,1.2441999912261963,0.21359997987747192,0.9390000104904175,16.43370427301952,0.7989205788714545,20.962168709209987,0.9560623166279986,0.03977868509090488,28.680519934034347,98.6979575525907,52.07798346391312,270.9677419354839,270.9677419354839,19,0.4523809523809524,0.16670943536202662,0.7017006802721089,0.18925772815707081,0.00037924780408163215,0.3659847502726452,0.006870033253547417,0.2784239252795776,0.01877136478618165,2.5625714285714287,1.849795918367347,1.9114666662870503,0.997318103006219,1.3853265666372463,12.713521321614584,12.413330078125,100.51183340890067,19.879285714285714,8.230843467329061,8.805948893229166,7.4461582728794635,3.1495237624556998,3.5936970557122954,34.833011627197266,0.03338104113936424,0.07948820292949677,-1.1000860305059525e-06,2.892253769107628,0.11498300208452741,1.3735290951542576,1.5367780412946428e-05,2.157751026275975e-08,2.8922538522208976,0.0007323900982835824,0.11476045912791179,2675.0,-0.0033892123882307687,0.027011644937681552,-0.01553599249536283,4
508,0.7004540375414349,-0.019420247892538708,-0.4468888763416381,0.227371535593275,0.04286047250934418,0.3798499097767592,1.2441999912261963,0.21359997987747192,0.9345999956130981,21.012678269062725,1.0825597157222884,14.26395342788526,0.9416911904193169,0.04196622070222073,28.249374008193804,105.97983349582557,48.00770145833083,276.3157894736842,276.3157894736842,14,0.30434782608695654,0.15775436573767793,0.6345341614906831,0.16370578288321955,1.2901291128696323e-05,0.33842179937340877,0.008255251217478925,0.6078510037320125,0.02439337901034627,1.542857142857143,1.8023214285714286,1.0061548200281552,0.9531646905419432,0.8560388387991678,16.108296712239586,21.510009765625,99.17274569556828,17.70890756302521,6.975997323861573,9.240373883928571,8.036066691080729,5.34266914790606,4.960637171064871,34.81908416748047,0.041285306215286255,0.0852544978260994,0.0,2.9956417102812813,0.15261890188082278,1.4010370672662682,1.8110729399181548e-05,-1.3666600393157615e-07,2.9956421230066472,0.0007274198975595425,0.15245445641340497,2692.0,-0.0032393128229012903,0.03141916367268057,-0.01553599249536283,0
509,0.8579467046090534,-0.04146867635136559,-0.20120530517328353,0.12984292386985094,0.04037347949025034,0.25266817392256435,1.2441999912261963,0.21359997987747192,0.9211999773979187,25.737440138288907,1.4387898601378712,7.083878291632448,0.926858254714751,0.03924230374804111,27.804404564750584,104.24683173963813,50.660550710645055,270.9677419354839,270.9677419354839,17,0.38636363636363635,0.16218416058880297,0.6655519480519482,0.20992228792447967,0.0002465797224489791,0.40039320261569805,0.01042572747620846,0.6201279885409452,0.026038722456073242,1.0664285714285715,1.9425714285714286,0.29691526311287497,1.3356841555043264,0.5489777908515958,16.108296712239586,21.510009765625,102.31621486118861,13.295714285714286,8.51037859777995,9.171969095865887,8.844177246093752,5.065264015486606,4.567314792457361,34.80714797973633,0.0379156656563282,0.0852544978260994,-1.6871861049107143e-06,3.105157870609677,0.11245870081142517,1.34622880264652,1.5622093563988094e-05,2.0178701759167462e-08,3.1051581265937584,0.000720868835986475,0.11222532762871389,2687.0,-0.003126074022284281,0.034329066919539526,-0.01553599249536283,0
510,0.906535190326827,-0.0658996762349492,-0.1271666099173682,0.017518750375547825,0.037737423547227804,0.08738022230095535,1.0573999881744385,0.20179998874664307,0.3601999878883362,27.1947444240536,2.021387998674597,4.005668439269066,0.9227605866835799,0.014120480518985373,27.68149568968458,79.2243909487354,19.532811457558406,109.375,109.375,6,0.16666666666666666,0.032220993464278425,0.8022619047619048,0.18315773130050336,0.00046430574993752536,0.007693449490775072,0.004784240103016171,0.006120465832611669,0.6218589085107759,1.3676190476190477,2.7187755102040816,0.5351518740924591,1.3830977671767626,0.5030275734374219,18.730672200520836,17.932840983072918,98.40988827659969,13.974666666666666,8.490348060887218,11.604275173611112,10.407627650669642,3.704737460804038,5.141403199268379,34.810394287109375,0.03985205292701721,0.08411016315221786,2.7872721354166667e-06,3.1508501731386116,0.01950943732332173,0.5273417096072388,-6.539481026785714e-07,9.60679369180753e-10,3.150849739632154,0.0006999546850645346,0.01796520657597431,2723.0,-0.003143904158163227,0.023554089332964993,-4.60706775761919,0
511,0.9117985049372628,-0.0821408858242489,-0.0843893431510244,0.013454158416928921,0.032147082242537574,0.0706533579639954,1.0074000358581543,0.15640002489089966,0.337399959564209,27.352655719518662,2.500004715195724,2.7229780081765993,0.9226693551299229,0.01152420662858121,27.678753512059714,65.11394070507285,5.2354958043733415,79.84790874524715,79.84790874524715,7,0.21875,0.03916844667935155,0.926875,0.06753158510833947,3.979807346938737e-05,0.032221342665027804,0.005543672105439296,0.0044287912967546205,0.17204969274779017,2.1407142857142856,2.0317857142857143,1.1550110433255958,1.1697781819208115,1.0536122341360519,18.730672200520836,17.932840983072918,103.95947527204241,12.153636363636362,7.307591304456168,12.527745564778648,11.699091593424479,3.691353386416207,3.7564042144776817,34.852481842041016,0.05426499620079994,0.08903302997350693,4.916236514136905e-06,3.143173224312607,0.021222372725565392,0.4597448137006964,-4.3051583426339285e-06,3.746182248898756e-08,3.1431734688563293,0.0007031889822698176,0.019593013335892584,2724.0,-0.0032103007069417826,0.017891704543299615,-4.057044746727301,0
512,0.9148400189876557,-0.09338963829619544,-0.068799962077822,0.008798260147489058,0.011816934898866477,0.02770092249632928,0.9902000427246094,0.15640002489089966,0.20980000495910645,27.443899569596564,2.801560148894787,2.065117291212082,0.9226608539324782,0.00828605600407688,27.67851146715636,76.61102012454455,33.53602465251511,254.54545454545456,254.54545454545456,12,0.35294117647058826,0.11553484028520528,0.8448319327731092,0.15700414607729335,6.66389004581379e-07,0.3850614947105499,0.02482842634730664,0.019576275906476686,0.06447912005839515,3.5814285714285714,2.9738095238095235,1.1160685371391117,1.8600290149639966,1.2043234587670137,19.62982177734375,16.8023681640625,113.36716940743582,14.63457142857143,9.010292636077647,14.059814453125,12.107137044270834,3.4469538231358294,4.179418276200075,34.89845657348633,0.054094549268484116,0.08938557654619217,5.796886625744048e-06,3.135963844280062,0.017063873480798086,0.3899452776740719,-1.6348702566964286e-07,5.1239927748483715e-08,3.1359632291312796,0.0006167627645932442,0.014963668519797683,2732.0,-0.003269892159850647,0.012385106975859792,-5.255846322511858,0
513,0.9151405907926106,-0.08757913360993068,-0.06780607639040266,0.008024930147492728,0.009911079516714468,0.025568789581283856,0.9902000427246094,0.14160001277923584,0.20980000495910645,27.452902723806243,2.627235294026988,2.034888291954994,0.9222313751075725,0.007466747918759064,27.665615932800378,79.73853792028694,31.463359784969917,254.54545454545456,254.54545454545456,14,0.3783783783783784,0.11218682789767032,0.801969111969112,0.14086187753966312,2.0987617825905928e-05,0.4304451750440168,0.0319562627909048,0.05290958757825506,0.07424003019115498,4.1378571428571425,3.327142857142857,0.5907047848605451,1.613755075027456,1.2436668097896093,19.62982177734375,16.8023681640625,119.268677121117,15.630634920634922,8.555150498406823,13.896840413411457,12.752821180555557,5.114251187834077,5.764851314161654,34.94059753417969,0.04031544551253319,0.07704904675483704,1.0986328125e-06,3.130806818967047,0.017000845221634954,0.42775469467135124,-1.3623918805803572e-06,6.903852844926411e-09,3.1308068467647985,0.0005695637430590227,0.014825922290684374,2709.0,-0.0032698311276006947,0.011320202329159883,-17.133176134572384,0
514,0.9140521525882539,-0.08770292392798833,-0.07968454300505774,0.008428924451246109,0.012150748265299698,0.03779189941217575,0.9902000427246094,0.14160001277923584,0.21299999952316284,27.420262434738024,2.6309330035533223,2.3905172899365423,0.9225642825326951,0.007404499820324086,27.67560893700404,81.18119871854736,31.034908580211496,254.54545454545456,254.54545454545456,11,0.2972972972972973,0.11043256527819546,0.7847104247104247,0.13353146630942522,9.38109387755098e-06,0.4380772514141333,0.025044120993508175,0.042770703559783046,0.057168275487176325,4.311428571428571,2.1532142857142857,0.6489715568749166,0.39603825701617285,2.0023221098026207,19.62982177734375,15.917867024739584,117.46155562627882,15.140779220779221,9.380717924581788,12.902425130208334,11.103439331054688,3.745985171190509,5.655341924950431,34.96546173095703,0.035501059144735336,0.06630326062440872,-8.821033296130953e-07,3.1282088795274072,0.018337994447112437,0.5553543385822151,-2.724783761160714e-07,-2.2912108974037115e-08,3.1282090032285828,0.0005157589590228108,0.016329868264245866,2690.0,-0.0032464361583600184,0.01212049789068114,-15.388512881321084,0
515,0.9112745716685341,-0.09396696198838098,-0.10281917172670364,0.007736122832604229,0.03055183751802534,0.051201037238756644,0.9545999765396118,0.2085999846458435,0.25859999656677246,27.336933150035993,2.8195297166705133,3.0843907232369694,0.9237998495214166,0.005618149188388988,27.712672297491665,74.01081060050518,6.397358876522338,85.5397148676171,85.5397148676171,10,0.2777777777777778,0.045092713044119444,0.816904761904762,0.0721695691549987,8.098530678883773e-05,0.06885751775764219,0.006836410872052592,0.010256889169431635,0.09928343476038023,2.7254285714285715,1.7404761904761903,1.484575222693931,0.6494653304214947,1.5659097127222985,14.580485026041668,12.400105794270832,107.26596236456008,17.40736263736264,8.155794443046156,10.401224772135418,10.036655002170138,2.193393058893964,3.212506749862023,34.969940185546875,0.03326714038848877,0.06552741676568985,7.411411830357142e-08,3.120447448262555,0.011835596645022437,0.6661059870185262,-3.4513927641369047e-07,4.130265676486431e-08,3.120447042483516,0.0005502706287644152,0.008317413747369107,2677.0,-0.00322201018003979,0.016166393338149135,-2.124271679471313,0
516,0.9031563815219061,-0.06781917164723078,-0.1561916478503318,0.015951636840109546,0.058930894939724594,0.06941626088708418,0.975600004196167,0.2085999846458435,0.3646000027656555,27.093407588515962,2.358998859780175,4.685512006921428,0.9236385750085655,0.011154618452790404,27.707838898063272,90.70842342534408,51.31736087402626,274.5098039215686,274.5098039215686,16,0.42105263157894735,0.19472384167680779,0.7544360902255638,0.17417776438511298,0.0002096231210329023,0.5079443493653437,0.010501931078008394,0.3875819090146032,0.02067535762752384,1.9010204081632653,1.7820408163265304,0.8380696667624686,0.638006578990754,1.0667659184608338,21.617838541666664,22.921549479166664,129.9945595150902,15.93982142857143,7.700784562385544,13.581877208891367,14.46922665550595,4.972383666606419,5.338479875666168,34.96186828613281,0.03495199605822563,0.06898992508649826,0.0,3.13955037901841,0.03512115273890977,0.9241216799394807,4.9591064453125e-06,-3.032282969290614e-08,3.139550587974421,0.0005561037164766109,0.034134493311734466,2658.0,-0.0031490635630074164,0.021656796201394015,-4.41680688764016,0
517,0.893545867437408,-0.048372286217553274,-0.2136035145379248,0.020824264627580615,0.05627133712725134,0.06692769745680617,1.0678000450134277,0.2085999846458435,0.37519997358322144,26.80509816604001,1.7855770098737307,6.407821007583823,0.9242438377423574,0.01559856316631843,27.725997452965707,92.46013107951974,49.367316789054115,274.5098039215686,274.5098039215686,12,0.3,0.1879112096459993,0.7301428571428572,0.16136844645160367,0.0001759250339025405,0.4782958091959826,0.008897096935712927,0.4252500862815407,0.018601661910165986,1.7125,1.7985714285714285,0.9064442613749573,0.6488199649662266,0.9521445591739476,21.617838541666664,22.921549479166664,128.36427982875279,13.818991596638657,8.374867446439232,12.881329854329426,13.50398472377232,5.7998045667087315,6.613200999406296,34.94919204711914,0.031057311221957207,0.06898992508649826,2.7175176711309522e-06,3.2221158057937997,0.11808108950967558,1.5965190700061613,1.803806849888393e-05,9.023967747957098e-09,3.2221160437876124,0.0005375889426515205,0.1178110986617295,2664.0,-0.003134228366822562,0.023404572298305355,-4.3205638738587995,0
518,0.889638772510347,-0.024413267226446243,-0.19429705715179443,0.04925386080531162,0.04721943253358152,0.14195428526955248,1.1837999820709229,0.2685999870300293,0.5194000005722046,26.687855889626913,1.3205484402605465,6.639695285132953,0.9230687495406767,0.05054918326795721,27.69073917046142,104.84759464879495,57.48865823652608,274.5098039215686,274.5098039215686,12,0.2727272727272727,0.18386905949450139,0.6628571428571427,0.17108813599514472,0.0010088013087880096,0.6835486158788142,0.010230399359045246,1.187601773931509,0.014966600943068818,1.6336734693877553,1.6975,0.9795485534655329,0.5345567255746978,0.962399687415467,22.474873860677082,21.35589599609375,146.91714441208615,15.795462184873948,8.639952400763883,14.494207473028272,15.393981933593752,4.970204858542625,6.602389173212763,34.943824768066406,0.030315589159727097,0.07474471628665924,-1.7627534412202382e-06,3.331365494959457,0.12644570673370223,1.3877382595632006,1.400538853236607e-05,-7.948009149921304e-09,3.3313654256260743,0.0005124403888227891,0.12620577995348548,2668.0,-0.0030697608730871446,0.022756373006017717,-5.838395145652614,0
