,ACC_X_mean_W,ACC_Y_mean_W,ACC_Z_mean_W,ACC_X_std_W,ACC_Y_std_W,ACC_Z_std_W,ACC_X_max_W,ACC_Y_max_W,ACC_Z_max_W,ACC_X_iabs_W,ACC_Y_iabs_W,ACC_Z_iabs_W,ACC_3D_mean_W,ACC_3D_std_W,ACC_3D_iabs_W,EDA_W_mean,EDA_W_std,EDA_W_dynamic_range,EDA_W_slope,Temp_W_mean,Temp_W_std,Temp_W_dynamic_range,Temp_W_slope,SCR_mean_W,SCL_mean_W,SCR_std_W,SCL_std_W,SCR_peaks_W,HR_mean_BVP_W,HR_std_BVP_W,HR_max_BVP_W,HR_min_BVP_W,HR_NN50_BVP_W,HR_pNN50_BVP_W,HR_rmssd_BVP_W,HR_rr_mean_BVP_W,HR_rr_std_BVP_W,HR_ULF_BVP_W,HR_HF_BVP_W,HR_LF_BVP_W,HR_UHF_BVP_W,HR_rate_L_H_BVP_W,Target
0,24.819791666666667,-41.709375,5.863541666666666,13.306554774117801,38.07902850795139,10.423387363197431,127.0,85.0,127.0,743.40625,1663.015625,224.890625,63.81661123517805,7.29651209767239,1910.8487130264405,2.929347504132231,0.10686591437146051,1.5270088377485178,0.0005009250000000003,30.050826446280997,0.01270041171061034,0.011561918030728677,0.0003333333333333262,0.00011843989077635242,2.9291021700186093,0.00257595920557054,0.10639696024446013,15.0,86.7868844728013,28.506120145530954,153.6,153.6,31,0.8157894736842105,0.45397607632079207,0.7763157894736842,0.30319419955769167,0.0006984693877551115,5.465599323389705,0.014275319986487296,2.766897463419014,0.002611848974255562,0
1,18.595833333333335,-59.911458333333336,3.15,7.102756458274179,5.585833453770698,6.398111700598336,48.0,85.0,71.0,559.296875,1795.4375,151.5625,63.60154609220462,4.7476530708521185,1906.0512489732816,2.973720314049586,0.22352814656690756,2.6801482014164275,0.006732666666666668,30.05909090909091,0.011208025459943356,0.011561918030728677,0.0001666666666666631,-0.00011243385933356462,2.97412840314723,0.0025322723644859765,0.22427558020369565,14.0,92.62560578090758,28.261857350578158,153.6,153.6,35,0.8536585365853658,0.3602909523045229,0.713795731707317,0.24373922702287482,6.984693877551209e-06,3.4219697828895677,0.005051335839454369,2.0249797499744404,0.00147614858106343,0
2,18.0625,-59.87916666666667,3.566666666666667,6.9164846863610325,5.235295213473852,6.077085833047137,48.0,85.0,71.0,542.65625,1794.578125,155.484375,63.38842047930851,4.309851018892459,1899.793892385076,3.2116493801652894,0.41279141549964743,3.4694780819432602,0.0042174000000000005,30.06239669421488,0.00970854555741362,0.005779035235184495,0.0001666666666666631,7.697906753408105e-06,3.2116231714523384,0.0028775957327456087,0.41231732474652333,14.0,91.25082941299031,28.948580472874454,147.69230769230768,147.69230769230768,34,0.85,0.4212364588289989,0.733984375,0.2689018352884271,2.8317602040815967e-05,2.2821315757052436,0.005654040745612538,3.3885999898146886,0.0024775261890258356,0
3,15.184375,-59.813541666666666,6.540625,7.961781471047063,6.426963380161004,10.4267492349905,73.0,86.0,71.0,484.359375,1792.71875,227.859375,63.5594948433921,4.9606777345586535,1904.8545624753829,3.3463166942148765,0.3468733635323731,3.4694780819432602,0.00039433333333333356,30.064876033057853,0.008730652989252215,0.005779035235184495,-0.0001666666666666631,-5.4830201732099414e-06,3.3463710047255266,0.00387456334824743,0.345582252251481,15.0,90.42940689760599,26.858241308666404,142.22222222222223,142.22222222222223,29,0.725,0.3313335193451859,0.723046875,0.21449510062786836,0.001512654336734693,2.95917483923073,0.009177294946702707,2.4233966832787495,0.0031013020336062482,0
4,25.688541666666666,-36.31458333333333,11.722916666666666,20.919336000614294,33.63649115657561,19.145231560183742,79.0,86.0,71.0,797.578125,1312.953125,440.125,63.41889294929614,5.449126115172004,1900.4324150824207,3.367674305785124,0.2804363852115303,3.2512792825251067,-0.005102008333333334,30.064049586776857,0.009143349875001016,0.005779035235184495,0.0,0.00010682224503230097,3.367023865423395,0.0037604449209779943,0.27809953819715,15.0,85.47743069698907,26.513436853268228,142.22222222222223,142.22222222222223,30,0.8108108108108109,0.3958761627048497,0.7753378378378378,0.2643264001794212,6.34298469387755e-05,2.4276341867346356,0.006030220904448536,1.7099400207751505,0.0024839907665658934,0
5,26.326041666666665,-1.0854166666666667,22.446875,22.71437111532984,43.86004013518139,21.134817507319724,79.0,86.0,71.0,827.015625,1153.109375,761.828125,63.66600413141496,5.57377800706016,1908.0168341280632,3.184655272727273,0.12015411915583961,1.6768917789561892,-0.0006363583333333348,30.066033057851243,0.010793274523844073,0.011554228026443444,0.0,0.000128343315851655,3.184374699762941,0.003858472120634488,0.11635321065909478,14.0,79.17751926229133,22.183622247654988,142.22222222222223,142.22222222222223,31,0.8611111111111112,0.42171789402734283,0.8263888888888888,0.27157794719807604,0.00027224999999999727,1.2978033317887183,0.03765990831664692,0.7643232448196983,0.029018193584648567,0
6,25.870833333333334,34.43125,31.177083333333332,22.644857384673944,20.29006998766063,18.122554312965622,79.0,57.0,71.0,796.765625,1068.859375,1009.640625,63.71682132856812,4.4600089443101885,1909.5422347098856,3.2043083719008267,0.23298772042625696,2.778150612170659,0.0008099999999999996,30.06322314049587,0.011937500882821424,0.011554228026443444,0.0,-9.016322471099758e-05,3.2048466872738635,0.004209983457582754,0.23051720554934155,13.0,80.17880822165847,27.07066274846298,147.69230769230768,147.69230769230768,32,0.9142857142857143,0.4183025484727813,0.83125,0.2718878281045854,0.0039870204081632644,2.552325487002022,0.028014380492802356,4.051668035384413,0.010976021920193348,0
7,21.372916666666665,45.520833333333336,35.088541666666664,14.907719471011951,7.091484280850911,4.9744633251501496,61.0,57.0,71.0,661.296875,1365.78125,1051.453125,63.66739577517566,1.972521281797516,1908.0176430305032,3.1272017851239675,0.27846359115115354,3.2444955819838315,-0.004039333333333331,30.05909090909091,0.014993111365882083,0.017337110821988976,-0.0003333333333333262,3.1720080156301384e-05,3.1272025823569796,0.004121493564288143,0.2773296777452436,14.0,78.1053722085266,30.875912884520808,147.69230769230768,147.69230769230768,29,0.90625,0.5435961614970757,0.89306640625,0.35093497325500517,6.117474489795962e-05,6.562032930171348,0.024116789558158075,3.090540833075231,0.0036752009346482104,0
8,27.65,43.90416666666667,33.896875,12.76185723161014,4.3840600633304385,4.2299515640696175,45.0,56.0,43.0,840.859375,1315.65625,1015.78125,63.55334454548553,1.4305087962461283,1904.57109384149,3.0580190082644627,0.34894070794910803,3.685894334970252,-0.000887716666666664,30.0509917355372,0.015179638312619653,0.017348653513298444,-0.0001666666666666631,-0.0001347016341229543,3.058246627839916,0.004089555572231486,0.34806038926549443,13.0,80.04860949861273,32.54490903346609,147.69230769230768,147.69230769230768,32,0.9411764705882353,0.49644361395542314,0.8745404411764706,0.34021167951077264,0.0020217869897959225,7.615803464685815,0.0576302336341301,0.27547975895002896,0.007567190238214425,0
9,36.18125,40.77395833333333,31.8625,4.505836781793884,2.631133500654022,4.214292398098009,52.0,63.0,41.0,1084.453125,1221.84375,954.875,63.46645371902814,1.9525310062736263,1902.0040382200204,3.0343804545454547,0.3600834950207342,3.663188258839132,0.0030343833333333348,30.04289256198347,0.018870503307784826,0.017348653513298444,-0.0001666666666666631,4.37566956874554e-05,3.0341691494589655,0.003447178038919877,0.35937065929680617,14.0,71.68654523241882,27.248316302434855,147.69230769230768,147.69230769230768,29,0.9354838709677419,0.501113668596424,0.9536290322580645,0.3379151948569234,0.003220562500000005,11.538507472245337,0.016596965801638625,6.225390872986527,0.0014383979766500023,0
10,38.096875,39.880208333333336,30.74375,4.278822684770699,2.016913885931645,4.3597307949191855,52.0,63.0,41.0,1141.734375,1195.140625,921.390625,63.44014195129986,1.9269075048526914,1901.2329235552925,3.0927079421487607,0.34645521607368834,3.663188258839132,0.0028532,30.032975206611567,0.01865939278237347,0.023139246819808043,-0.0003333333333333558,-1.404520387869049e-05,3.092729533929776,0.003137140100910234,0.34585052374583025,14.0,72.88426440617232,24.266864410668347,147.69230769230768,147.69230769230768,28,0.8484848484848485,0.39998550388771903,0.9057765151515151,0.2735013412616961,0.00025829081632652574,3.984162594823246,0.005823668588499751,0.7392860582658248,0.001461704548922435,0
11,39.52916666666667,39.14375,29.902083333333334,3.8978069866984892,2.213632596171581,4.24445665855936,52.0,63.0,41.0,1184.6875,1173.140625,896.015625,63.427613342585936,1.9922639542524576,1900.8560380117237,3.133572016528926,0.2774118115690097,3.586634846195267,0.0018895499999999992,30.023719008264464,0.019074981728486366,0.023139246819808043,-0.0001666666666666631,-3.0305239658392958e-06,3.1335602155779174,0.0027916486179608217,0.27680991917050274,15.0,69.05842757622705,18.491259420583606,120.0,120.0,24,0.7741935483870968,0.352342883868115,0.9284274193548387,0.2399955829024674,0.002106154336734686,4.9736455537568185,0.01926973621450076,1.6878106649840072,0.003874368610755839,0
12,40.68958333333333,37.83229166666667,30.128125,2.4844298124631248,2.0412411865326505,3.4792900115361176,47.0,43.0,36.0,1219.484375,1133.75,902.859375,63.37259570040608,0.9934942674923021,1899.1952826224494,3.126259661157025,0.15168191075549814,1.7504979653312291,-0.0024300000000000025,30.022066115702476,0.01675873303224703,0.01736021158462534,0.0,-4.0126556968990204e-05,3.126412018981791,0.0010758072291206535,0.15168448060379747,15.0,74.56142290271906,20.237579291137873,128.0,128.0,23,0.696969696969697,0.2930338469344774,0.8589015151515151,0.21645457077600727,0.0006520727040816325,2.9085591194054827,0.008766010393420074,0.2549247171071536,0.003013867015779232,0
13,40.4625,36.373958333333334,32.20520833333333,2.0322017001272292,1.4019142264289526,2.798916077090777,47.0,42.0,39.0,1212.5,1090.046875,965.328125,63.32645686340318,1.0692027220645202,1897.802840102242,3.0778813553719004,0.17107001435292052,1.9813845706638276,-0.0016062333333333363,30.020743801652895,0.016472631409323826,0.01736021158462534,0.0003333333333333558,7.291372048568484e-06,3.077869026850969,0.0008387986935209401,0.1709398400541493,15.0,74.4565683765872,21.28277019027579,128.0,128.0,25,0.7575757575757576,0.3793891896543212,0.8683712121212122,0.24476739593060995,0.00012736734693877478,2.9916646280099393,0.03239637745786082,2.0970437970189924,0.010828880067152097,0
14,41.48229166666667,36.03854166666667,31.113541666666666,2.4570686630476075,0.9407299683032794,3.8523023362569244,48.0,39.0,39.0,1243.078125,1080.0,932.546875,63.312537752132826,0.9457475269622552,1897.3681156429784,3.212196909090909,0.3093446127269822,3.0932723744834623,0.001436925,30.022231404958674,0.015074887623762632,0.01736021158462534,-0.0001666666666666631,6.075812470860323e-05,3.2119931580513015,0.001950706489125658,0.30883079263402463,16.0,75.5846360989558,25.231633417545055,153.6,153.6,28,0.8484848484848485,0.42140454092163626,0.8716856060606061,0.26271967201135493,0.0006429846938775534,3.9733342545301036,0.013353736510058526,0.9901821462483621,0.003360838946492754,0
15,41.6875,36.416666666666664,30.371875,2.6347537044918132,1.041499986664533,4.030643122924058,51.0,39.0,39.0,1249.375,1091.375,910.171875,63.32212338016132,1.026392855729818,1897.710766030456,3.3049877438016533,0.34666942267234313,3.0932723744834623,0.002877625000000002,30.018099173553715,0.014218719449657628,0.01736021158462534,0.0,1.6484680517260432e-05,3.3049796639575812,0.0022544007607664123,0.3462230046882512,15.0,74.16406149822834,27.775094409206663,153.6,153.6,30,0.9375,0.49159710814229873,0.90283203125,0.2793920394855682,7.346938775511012e-07,1.9920387269823243,0.0038463967703633523,0.6826427831194013,0.0019308845346546729,0
16,41.87916666666667,36.6375,29.933333333333334,2.400951055773987,0.9139258266766875,3.605512754411253,51.0,39.0,40.0,1255.078125,1098.0,897.015625,63.33104351525808,0.976692002878994,1897.951193412852,3.387995743801653,0.2813925183086633,2.9924662046603316,0.0018620166666666698,30.014462809917347,0.014879705699077683,0.011577328789079877,-0.0003333333333333558,-5.9615249621972335e-06,3.3879316182598083,0.002245120557897151,0.2809828093670585,13.0,73.75826833633779,24.78393821447078,153.6,153.6,24,0.7272727272727273,0.372775793195035,0.8792613636363636,0.20697733636462481,0.0002722499999999993,0.9321988706272777,0.009113521902553056,1.1950880594092275,0.009776370890066147,0
17,39.760416666666664,37.696875,31.43125,3.13729179809416,2.7565812584386116,2.919664382110839,51.0,49.0,40.0,1191.671875,1129.625,942.03125,63.3571129623803,1.30790369377191,1898.7480238910168,3.2904139752066124,0.21092396452787532,2.029278606600206,-0.004488183333333332,30.010165289256193,0.013482984138535187,0.011577328789079877,-0.0001666666666666927,-8.000872283721914e-06,3.290398531801726,0.001523506414656256,0.21075421507230124,13.0,72.97676495928926,18.759283268166246,147.69230769230768,147.69230769230768,23,0.6764705882352942,0.28637223223931346,0.8635110294117647,0.16999763560111572,0.0012175114795918353,1.457729076192951,0.022750278966333574,0.6216424277580457,0.015606657874828763,0
18,37.16875,39.40833333333333,32.532291666666666,3.2851722589284926,3.278073197609975,2.4210446605265026,45.0,49.0,40.0,1113.875,1181.03125,974.96875,63.394329365175494,1.200539881184676,1899.8490451501648,3.136472595041322,0.1048009638561741,1.176631880189694,-0.003545958333333336,30.007685950413226,0.012646518521249686,0.011577328789079877,-0.0001666666666666631,-1.7336720714923696e-05,3.136481585180094,0.001319993926769356,0.10451791533395863,13.0,72.47889836776382,14.071902311338226,112.94117647058823,112.94117647058823,22,0.6470588235294118,0.24320488288029535,0.8543198529411765,0.13968849664461033,1.3890306122448887e-06,0.7692156804238477,0.0002958075214229964,0.08440363052730418,0.00038455732111441446,0
19,35.92916666666667,41.088541666666664,32.032291666666666,2.8231157678864123,2.4228671802770965,2.594063526900839,45.0,49.0,39.0,1076.671875,1231.453125,960.0,63.43782784282872,1.2051619187031375,1901.174301129497,3.025814123966942,0.1154244182984263,1.342265737243944,-0.0023949083333333343,30.010991735537186,0.012818179153945446,0.011577328789079877,0.0001666666666666927,2.2238757128526056e-05,3.0257543252905728,0.0012730886883524461,0.11528909200067113,14.0,73.83916279096711,15.355439686963573,112.94117647058823,112.94117647058823,25,0.7352941176470589,0.25792367322935134,0.8432904411764706,0.15051446005073463,0.0012959999999999983,0.7370134182275945,0.007259503830867117,0.13973235712718787,0.009849893707939705,0
20,36.770833333333336,42.026041666666664,29.032291666666666,4.739416205844578,2.7107711384273214,6.528144114646767,59.0,53.0,39.0,1102.125,1259.40625,870.0,63.473778805181595,2.1593372882004105,1902.2503762314823,3.098989305785124,0.38903933378953126,4.212123528356038,0.011383074999999998,30.013636363636362,0.011208025459943973,0.011577328789079877,0.0001666666666666927,-3.551393694732498e-05,3.0990575006296255,0.001732054186526321,0.38870180946912053,13.0,73.66980634352073,17.04901562461882,112.94117647058823,112.94117647058823,24,0.7058823529411765,0.3625416316219296,0.8625919117647058,0.22859852809795392,0.00027936734693877186,2.3030635515927327,0.013230936118724303,0.6042981131610651,0.0057449287969383945,0
21,39.067708333333336,40.395833333333336,28.110416666666666,5.1797481195128805,4.109134049759011,6.522101514061417,59.0,53.0,45.0,1170.875,1210.640625,842.3125,63.45482926134847,2.835830580232336,1901.6751342522432,3.497939132231405,0.70858226309089,5.036871206954402,0.00962141666666667,30.017272727272726,0.009620913858416487,0.00578673548256917,0.0,0.00014764354356646507,3.4974693207854246,0.004350669110403472,0.7079841710874306,14.0,76.2432956670521,16.580922127232345,103.78378378378379,103.78378378378379,26,0.7428571428571429,0.3544965393560862,0.8339285714285715,0.2336173979992911,0.00025944005102040675,2.6836661516803546,0.01515560056788839,0.7263387699330229,0.005647349450824515,0
22,39.376041666666666,39.155208333333334,29.198958333333334,4.984481015939763,4.20910149239287,7.2179607402828045,59.0,53.0,45.0,1180.046875,1173.453125,874.984375,63.42552987644087,2.8363476913172594,1900.7802600355421,3.904118636363636,0.6238556568033484,5.036871206954402,0.010005850000000002,30.019752066115696,0.013389450017241789,0.017348653513298444,0.0001666666666666631,9.694023455877591e-06,3.9040475781156485,0.0049799853105345505,0.6231226364143652,14.0,75.9904221332859,19.41698359643236,112.94117647058823,112.94117647058823,27,0.7941176470588235,0.463967075818082,0.8602941176470589,0.29796002323019627,0.001977072704081637,3.775447840719806,0.06626620356421717,0.5257715486467535,0.017551878971683324,0
23,40.290625,37.56458333333333,30.642708333333335,4.181047967839523,2.270278028433718,5.233749548038884,58.0,49.0,45.0,1207.421875,1125.65625,918.4375,63.39718294987233,2.0573309619707962,1899.8957439120663,4.039911702479339,0.39620654294232466,2.973085830209148,-0.007406466666666667,30.02371900826446,0.01385475014194739,0.017348653513298444,0.0001666666666666631,-9.784204495976543e-05,4.040156595927773,0.005268628662667367,0.3949879682707788,14.0,75.52416436826309,18.946038641593677,112.94117647058823,112.94117647058823,28,0.8235294117647058,0.4221379651816776,0.8543198529411765,0.25417923922628854,0.0007347971938775522,1.6582293309556835,0.01803828056786786,1.0614573681260568,0.010878037332430913,0
24,41.119791666666664,39.15,26.633333333333333,4.051905924779583,2.7666917669544135,8.277286525318681,55.0,50.0,40.0,1232.25,1173.296875,798.15625,63.42394756254957,1.6979646392948142,1900.7246833347203,4.001331545454545,0.3734745409417748,2.7090335837898945,0.0012895999999999945,30.0296694214876,0.013842913531378283,0.017348653513298444,0.0001666666666666631,-0.00015011288393802728,4.001743823310362,0.0047487517848425614,0.3725208724061294,13.0,79.44462898870921,25.381136234197193,153.6,153.6,33,0.9428571428571428,0.44682968455965016,0.8334821428571428,0.2698829642887177,0.001202603316326543,1.3111579926135297,0.029919692937665155,1.5257097088195,0.022819288831871638,0
25,44.36354166666667,39.44583333333333,21.123958333333334,3.322919768807329,2.6573763951603766,6.260844671309447,55.0,50.0,40.0,1329.5,1182.203125,632.96875,63.44062513554872,1.705261195276998,1901.216697628074,4.047995016528925,0.3477181965729578,2.6742956285535917,0.00038293333333333144,30.030826446280987,0.012958087353731716,0.011569618278114226,-0.0001666666666666631,-1.6944948438702131e-06,4.048058642150964,0.00424011573169138,0.34691576665546575,12.0,78.37280582227832,22.8737053936773,153.6,153.6,30,0.8571428571428571,0.31363534567256135,0.8196428571428571,0.1946674296415949,0.00014831760204081656,1.0058539714502504,0.011162846807425431,0.9230208416176102,0.011097880133962911,0
26,46.98645833333333,38.911458333333336,16.198958333333334,3.3180101903496153,3.0254947870715663,4.467358344883162,55.0,50.0,34.0,1408.078125,1166.203125,485.34375,63.41685804611913,1.6301300229456583,1900.4930092240468,4.1758812479338845,0.2522441925053952,2.6742956285535917,0.003890125,30.033966942148762,0.013014889047953128,0.011569618278114226,0.0,-1.8046528785590113e-05,4.175958325893623,0.0038549749799347654,0.25100448102247064,13.0,78.00177545131015,22.39243790080506,153.6,153.6,27,0.75,0.30441551505068104,0.8207465277777778,0.18938885511773068,0.00043056250000000077,1.1692934133549624,0.012029261519154993,0.4473005776846046,0.010287633011324652,0
27,49.327083333333334,37.0375,14.146875,2.097442846195232,1.338006134764212,3.21751240366037,53.0,41.0,25.0,1478.375,1109.921875,423.859375,63.41181633638473,0.7450440170061586,1900.3878390244897,4.079032388429752,0.1991996665379968,1.539505018954194,-0.004336999999999998,30.03793388429753,0.014195643341212186,0.011569618278114226,0.0,1.5255249696896776e-05,4.07894623741026,0.0017020374845031399,0.19877906076075536,14.0,69.47142297669379,13.224693302228609,103.78378378378379,103.78378378378379,22,0.6666666666666666,0.2607403587248601,0.8925189393939394,0.1552885941183996,0.0002260727040816333,1.0932521087180833,0.0040073634154818485,0.737466763209828,0.003665543732799903,0
28,48.49270833333333,38.65833333333333,11.164583333333333,4.9030123561878325,5.22931772690175,2.4039888365774265,53.0,53.0,20.0,1453.515625,1158.328125,334.578125,63.4587077747597,0.902376062211128,1901.7998171523604,3.9515588925619833,0.1587996189366539,1.344427162213309,-0.0023546416666666682,30.050495867768596,0.018445866282846383,0.023123846304559038,0.0004999999999999894,-2.9999549502707773e-05,3.9516727189087524,0.0013116137476044559,0.15842007976201708,14.0,70.72910495692967,15.829142133456225,123.87096774193549,123.87096774193549,25,0.7575757575757576,0.2881901956472279,0.884469696969697,0.16775535440101816,2.0408163265302176e-08,1.0514481458125453,0.004970786607230336,0.43273799657447454,0.004727562293040117,0
29,45.978125,41.071875,11.50625,6.221647409197583,6.627597024390388,4.976398725065479,54.0,58.0,27.0,1377.78125,1230.984375,345.078125,63.52663496628008,2.2462895021942932,1903.7642250151575,3.9691408760330575,0.2178252528655178,1.705680074213016,0.0034737083333333326,30.065867768595044,0.019736672309783897,0.02310846627556399,0.0004999999999999894,-6.069091722471528e-06,3.9692659528273,0.0020293400951675276,0.21775740717285635,14.0,77.39318582555035,19.58746887383251,132.41379310344828,132.41379310344828,25,0.7142857142857143,0.26465002729742804,0.81875,0.17987470837859812,0.0014008979591836718,1.25974181414323,0.019200642092797572,0.8249034916550466,0.015241728009049401,0
30,43.8375,42.197916666666664,14.9375,5.312980370438674,5.989608695598476,7.1404255533779875,54.0,58.0,27.0,1313.65625,1264.765625,448.03125,63.524780088389434,2.2826843967343535,1903.7817338427958,4.134739636363636,0.29678640823276004,2.253479626643609,0.0025464833333333305,30.085702479338842,0.02302806215784164,0.028875989487520258,0.0004999999999999894,6.763265272052021e-07,4.134729926014055,0.0025528950291368326,0.2962940627988179,14.0,77.60907498507657,18.753841840642096,132.41379310344828,132.41379310344828,25,0.6944444444444444,0.2330019303644745,0.8116319444444444,0.16662371046545174,0.0005572971938775475,1.1562048299522747,0.005700280310933857,0.6137622565219698,0.004930164762561276,0
31,44.032291666666666,40.90208333333333,18.852083333333333,3.7145545603204195,4.525022540612981,5.824427353230149,54.0,58.0,27.0,1319.71875,1225.640625,565.578125,63.48700249811829,2.1959938078058516,1902.640397026426,4.146792289256198,0.27340683840216046,2.22062964185809,0.0003943416666666681,30.098264462809915,0.02002798397409938,0.023093106691975875,0.0001666666666666631,1.6051800527054364e-05,4.146774559240821,0.0024378286611930074,0.27296846558046195,16.0,75.99277614797914,16.61788874857993,132.41379310344828,132.41379310344828,21,0.5833333333333334,0.14856080405005892,0.8198784722222222,0.1442194041489652,0.0002963316326530601,0.7719257060471493,0.00030342341364727934,0.2888983983893543,0.0003930733375897527,0
32,45.135416666666664,39.229166666666664,21.032291666666666,1.3793098490630096,1.0673093766830475,1.1849749286787556,51.0,42.0,25.0,1352.546875,1175.671875,630.296875,63.421690677703324,0.7909550651283938,1900.6018645289637,4.029270603305785,0.2905525850940486,2.22062964185809,-0.005626599999999996,30.112148760330577,0.016221942672905835,0.01730257472179099,0.0003333333333333262,2.5871303511072354e-05,4.029145880074898,0.0016283511168319815,0.2900923978165362,15.0,68.31116715848731,10.44136881661261,101.05263157894737,101.05263157894737,19,0.5757575757575758,0.18192392222179715,0.8958333333333334,0.11722169114006749,6.173469387755899e-07,0.4779736371680454,0.002870852265296836,0.1429298556838629,0.006006298343788164,0
33,46.3,38.79375,18.954166666666666,1.5341935992566258,0.9393939203018082,2.6626238886148044,50.0,41.0,23.0,1387.5625,1162.609375,568.0625,63.385482368910225,0.715454303621692,1899.600567616425,3.783098388429752,0.12834653275412677,1.1443992271119119,-0.004177133333333331,30.12173553719008,0.020836938194141418,0.023062448698157295,0.000666666666666682,4.548821250625791e-06,3.78309788764792,0.000409845254957133,0.12828303491476398,13.0,68.81564998127385,12.012064448563713,101.05263157894737,101.05263157894737,20,0.6060606060606061,0.22376710282924464,0.8939393939393939,0.1291772189771207,0.0001736747448979599,0.613910341769263,0.004917884750051187,0.49003167539708625,0.008010754039226733,0
34,46.74375,38.715625,16.689583333333335,4.827111206940096,4.808344052378289,5.007857974529186,74.0,50.0,62.0,1402.703125,1167.25,499.75,63.46262774491038,2.5327201538265034,1902.011421866409,3.6433042479338837,0.11779508521172563,0.8874996696179185,-0.0012588500000000002,30.13842975206612,0.021931835212912046,0.023062448698157295,0.0004999999999999894,-0.0001299744506024712,3.643903986376109,0.0020594104035076373,0.11791465922343257,13.0,80.01075453771033,24.884038840400397,153.6,153.6,26,0.7027027027027027,0.2527651978134934,0.809543918918919,0.19969617170448176,0.0012375318877551073,1.758116980182991,0.024758149868468044,0.4939384472353374,0.014082197116309706,0
35,43.41354166666667,34.81666666666667,5.920833333333333,11.514068566610034,15.760966199936968,23.485278707569602,94.0,69.0,72.0,1307.1875,1130.984375,620.8125,63.61641241260569,4.18143078574006,1906.5049862466417,3.9725747438016525,0.6453458605275483,4.236513604464809,0.003313841666666665,30.151487603305785,0.01892399574395043,0.017291093244581997,0.0003333333333333558,-2.5172312123873104e-06,3.972568631345651,0.0046135095384881196,0.6447911071598252,14.0,84.56522273234535,25.557599389505413,153.6,153.6,29,0.7631578947368421,0.26472921290545276,0.7680921052631579,0.2016815589501625,0.0006890624999999979,0.5531950181317505,0.013874755976238082,1.730419594741691,0.0250811296585712,0
36,38.447916666666664,33.453125,-13.309375,11.762997945240073,15.57494952590136,30.09306944756619,94.0,69.0,72.0,1158.265625,1090.046875,879.59375,63.58673896820163,4.214256841143082,1905.7282267110659,4.076368702479338,0.6087886740886139,4.236513604464809,0.0015027583333333354,30.1696694214876,0.02024371688250643,0.023031871998467138,0.0003333333333333262,4.127621968197638e-05,4.076215885611479,0.004667331158906575,0.6082443652301409,16.0,85.19953965425266,25.62517892425821,153.6,153.6,31,0.8157894736842105,0.27686378935268824,0.7635690789473685,0.20586371860841154,0.00023256249999999956,0.9048421155250042,0.003594729503018574,1.3394789386350099,0.00397276988033747,0
37,36.264583333333334,27.035416666666666,-18.852083333333333,12.728936679591724,27.677585618325203,27.40736283056779,94.0,84.0,72.0,1094.453125,1119.984375,883.9375,63.63386831411119,5.6039022162259995,1906.904131227603,4.316114900826446,0.5053714823235226,3.6982436046567186,0.01060054166666667,30.191983471074376,0.030576278676511852,0.03450208960805791,0.0010000000000000083,0.00013002784579912665,4.315522519977298,0.008719267877480593,0.5021459150457295,15.0,82.82692566671575,27.120809896407835,142.22222222222223,142.22222222222223,32,0.8648648648648649,0.38710217033462596,0.799831081081081,0.2383485751099414,0.0033639999999999963,1.7095814075841813,0.021601734181209493,1.8735173538843881,0.012635686189249694,0
38,39.85208333333333,31.182291666666668,-9.322916666666666,10.251066805934016,24.619544635951275,26.321290017013265,66.0,84.0,52.0,1196.609375,1163.984375,725.953125,63.48836976330402,4.547988177716671,1902.6688845518768,4.246471628099173,0.33381894934384265,2.5701394369840274,0.0018438166666666644,30.230495867768596,0.04003823048387587,0.034479263157345307,0.0009999999999999788,-4.60175742619093e-06,4.246472961892615,0.00795939996101864,0.32981778253733496,14.0,81.65358593337152,25.99664977885352,142.22222222222223,142.22222222222223,26,0.7428571428571429,0.43574852930381897,0.8138392857142858,0.2683648462238963,3.72971938775506e-05,3.5159803393878386,0.004594692407872306,2.9945566462796487,0.001306802645168454,0
39,45.286458333333336,31.977083333333333,9.886458333333334,9.392274305154418,24.74190725927144,13.537241223993803,66.0,84.0,47.0,1359.734375,1187.765625,466.890625,63.517213549157624,4.509600826833131,1903.603898124381,4.380785867768595,0.271589545936661,2.5701394369840274,0.00434765833333333,30.2704958677686,0.04101705429763562,0.04591164776357315,0.0009999999999999788,-2.2219468035068474e-05,4.38117044328114,0.007997608425659756,0.26582950104087233,12.0,81.21373032336244,24.124756914318365,142.22222222222223,142.22222222222223,20,0.5555555555555556,0.3949316170463656,0.8042534722222222,0.2435831791789324,0.0005191887755102066,3.022226522805484,0.009392348729409158,2.344538357517903,0.003107758024931365,0
40,48.61875,37.290625,15.904166666666667,1.8023313894786388,1.861875069933981,1.0533593746780925,54.0,47.0,20.0,1457.0625,1117.453125,476.765625,63.359159083093616,0.8703937518354216,1898.7707517615986,4.416384446280992,0.16451884492479155,1.460637114592287,-0.00639020833333334,30.31231404958678,0.033642759357023745,0.0343882585955497,0.000666666666666682,-0.00013579318384178204,4.416695591861239,0.002702091123462964,0.16510144257239115,12.0,72.1139502155406,12.066654751348612,101.05263157894737,101.05263157894737,16,0.47058823529411764,0.2531758506722874,0.8607536764705882,0.18485293112247855,0.0039690000000000055,3.024788118777055,0.04385587391239363,1.7840107729013652,0.014498825104524974,0
41,49.940625,36.01875,14.873958333333333,1.0643932274814292,0.7427864907450413,1.7706369376387008,55.0,38.0,18.0,1496.640625,1079.421875,445.796875,63.38028566710198,0.6404858233246127,1899.4151337610288,4.265347454545456,0.13953060664193992,1.0996135369120756,-0.00018118333333333087,30.344049586776862,0.030817471496150835,0.03434293622552865,0.0008333333333333452,1.9495241042631878e-05,4.26526855723014,0.0015057184321457138,0.13912500682598256,14.0,70.99795034843615,12.78429020426838,103.78378378378379,103.78378378378379,19,0.5588235294117647,0.2639766143725729,0.8713235294117647,0.15092292393279957,0.0002853686224489797,0.6731669603082493,0.0029183152957914854,0.83327347802377,0.004335202806826945,0
42,50.416666666666664,35.96041666666667,13.353125,1.0979779394667069,0.7882574619937885,2.2623021610095178,56.0,40.0,18.0,1510.953125,1077.65625,400.25,63.40096638011089,0.7484453229072264,1900.0608643905014,4.2246961074380165,0.1145750913201535,0.9895571907699567,-0.0011830249999999968,30.373636363636365,0.024393468845452047,0.022880196669373788,0.000666666666666682,2.5381408425568366e-05,4.22463152526949,0.001257832062848159,0.1142531936987819,13.0,71.43248650888115,15.268672784630619,103.78378378378379,103.78378378378379,24,0.7272727272727273,0.3064228426473682,0.8768939393939394,0.17743493291292586,5.624999999998829e-07,1.9758183721017772,0.0015639294484346478,0.7945022578015679,0.0007915350269625328,0
43,48.346875,39.25416666666667,9.446875,3.867262520316104,4.857338019830294,4.391669508024065,56.0,48.0,18.0,1448.921875,1176.46875,286.890625,63.438519468433874,0.9715096430149255,1901.2400757616151,4.10917561983471,0.13689792319478614,1.047665701732538,-0.002386616666666663,30.39710743801653,0.023546613398260183,0.022865138937813473,0.0004999999999999894,-1.5189282241100142e-05,4.1092240599653005,0.0010111688804746678,0.13663819431773552,14.0,75.48412992200664,17.350341477171558,128.0,128.0,24,0.6857142857142857,0.2980939564858408,0.8352678571428571,0.18215379869097167,3.064413265306168e-05,1.144061981282381,0.009329203953580533,0.6349843229804916,0.00815445675690002,0
44,46.590625,38.20729166666667,14.773958333333333,3.8729988952629886,5.985028975000642,10.958251692899308,56.0,48.0,35.0,1396.203125,1145.171875,446.40625,63.39054554552142,1.1384318635035966,1899.7467137610224,4.0570012644628095,0.15294885460307597,1.047665701732538,-0.0036655583333333333,30.417933884297526,0.020486534798562463,0.022835082854613616,0.0004999999999999894,6.32893830617738e-06,4.057014647495142,0.0008148545909520381,0.15290733376002544,14.0,76.45280565628886,16.736668584538144,128.0,128.0,25,0.7142857142857143,0.2615798166135125,0.8209821428571429,0.17113651647269254,8.164413265306116e-05,1.261178405817519,0.0023596034239729826,0.6494356555242043,0.0018709513365346945,0
45,45.42604166666667,36.478125,20.538541666666667,2.830405771545349,6.914473092799022,12.089706966669231,55.0,48.0,35.0,1361.234375,1093.21875,619.453125,63.378310186549164,1.0874310235098072,1899.3378214771892,3.9038748512396695,0.0962422752566299,0.9391570637209037,-0.0035270000000000024,30.44487603305786,0.0303727722368942,0.028515749965497477,0.0008333333333333452,3.603560042374269e-06,3.9038330265705543,0.0005461866675258534,0.09603769468686593,15.0,74.42265393469259,16.468373470251645,128.0,128.0,22,0.6285714285714286,0.23157022740539907,0.8424107142857142,0.16958175591370528,0.00022286224489795792,1.3130346511174635,0.005062029054257076,0.36627208517163923,0.003855213607614251,0
46,46.813541666666666,33.01979166666667,26.3875,2.3263938380958966,2.527066802295477,4.875945421146549,56.0,39.0,35.0,1402.765625,989.4375,791.328125,63.34537630440786,1.0250857783444804,1898.3311432592147,3.791625867768595,0.13935551240639402,1.0417393713175107,-0.002898941666666666,30.470661157024793,0.031798319441795356,0.028515749965497477,0.0008333333333333452,2.029371706579404e-05,3.791626877695704,0.0004624788574839429,0.13927060621632853,14.0,68.49664955514558,14.129655836333672,106.66666666666667,106.66666666666667,25,0.78125,0.23815830877868313,0.91162109375,0.1817816730171044,7.844897959183535e-05,1.8066405959729261,0.03191874547585721,0.6742985472777114,0.017667457239146162,0
47,46.32604166666667,35.577083333333334,12.15,3.016439153195462,4.460742631713792,20.648910382874927,56.0,50.0,41.0,1388.375,1066.140625,675.328125,63.34538130840665,1.480132390215398,1898.385785595679,3.664099867768595,0.10853015443065969,1.0477116211584414,-0.002953450000000002,30.5000826446281,0.023301681837950252,0.028478352193577534,0.0008333333333333452,6.823656115072242e-06,3.6641331314678145,0.0013031700237087656,0.10777695060865022,14.0,68.77770112629194,19.917774533364547,153.6,153.6,24,0.75,0.2990555530170316,0.927734375,0.2159682927348292,1.6530612244898532e-06,1.8466745025859765,0.042346497732502604,0.10784343742405904,0.022931219158115308,0
48,45.49375,39.70729166666667,6.407291666666667,3.0771270590438737,4.270873856515068,17.443293510637947,56.0,50.0,41.0,1363.375,1190.046875,503.09375,63.37995756991216,1.536954272622826,1899.418362705246,3.6024400661157028,0.06593913527580755,0.7890396617364408,-0.001269508333333332,30.52537190082644,0.0320908143782803,0.03414045524010184,0.0004999999999999894,-3.14258565529596e-05,3.6024843565509594,0.001510996455025536,0.06481396213012652,13.0,72.59532766620917,19.812694481296486,153.6,153.6,20,0.6060606060606061,0.2928775899840132,0.881155303030303,0.2253777931605245,1.2257653061224311e-06,2.059136880071044,0.02417184972101838,0.470619331823776,0.011738826085318042,0
49,44.53333333333333,42.221875,3.502083333333333,2.520526840871875,3.0061985659148216,15.158674491075692,56.0,50.0,41.0,1334.625,1265.375,416.328125,63.411972548433205,1.5054996457724013,1900.458683668734,3.6956087603305785,0.21748227585991234,1.971965749496277,0.0017692083333333312,30.570330578512394,0.05187291980172427,0.039765424240534586,0.0011666666666666418,-1.8586340858776697e-06,3.6956038098818405,0.0017218145463871414,0.21703896494157093,13.0,76.55794048127426,21.292489255586627,153.6,153.6,22,0.6285714285714286,0.3257199146133612,0.840625,0.23027060943904362,0.0001021543367346959,4.173797268995669,0.006394619805492415,1.2677845839219677,0.001532086824866589,0
50,44.338541666666664,44.10625,10.044791666666667,1.570222236902754,1.5320066157929386,3.7351196375212967,51.0,48.0,20.0,1328.75,1321.828125,301.140625,63.48279683679428,0.9293397898345229,1902.509322150746,3.7121613884297524,0.21049112445803847,1.814922065668102,-0.00020127499999999705,30.613966942148757,0.04855735875226943,0.051093615788311925,0.0008333333333333156,-4.254685620661417e-05,3.712282878198787,0.0012214049909969227,0.21026131814326454,14.0,76.19303716337745,18.363491107892848,128.0,128.0,21,0.6176470588235294,0.2994925474612824,0.8368566176470589,0.22104206150081543,0.00016347448979591687,3.0539961688941575,0.012791613813633074,0.3032571903359163,0.004188483909678537,0
51,42.734375,45.90416666666667,8.005208333333334,2.829028400830987,2.8090596241842616,4.171951726302358,51.0,53.0,17.0,1280.734375,1375.6875,239.90625,63.48084503889124,0.9921675673046965,1902.4640286433219,3.691419140495868,0.21910508607520174,1.8657720914060625,-0.0005103583333333346,30.659421487603307,0.02999442153812811,0.039687554339601534,0.0011666666666666713,1.3835310404370476e-05,3.6914155263195005,0.0010784346358149782,0.2189746772497885,14.0,78.53913235223212,22.388453508987023,153.6,153.6,26,0.7222222222222222,0.31949754777730965,0.82421875,0.2328764302138195,2.5719387755102138e-05,4.4082236806117185,0.006726810219353133,1.4284067098820725,0.0015259684414243855,0
52,43.884375,44.321875,3.955208333333333,6.1920787456805115,9.20097031935808,3.658476737650597,69.0,53.0,13.0,1314.84375,1329.40625,136.484375,63.56018738566445,1.5483446534570469,1904.8001390362776,3.5395997272727273,0.0898618790241561,0.9998060529818913,-0.003411741666666668,30.687024793388428,0.0293917576600274,0.028311268996111284,0.000666666666666682,-4.8668039553941064e-05,3.539815254912321,0.0014494298474487946,0.08926674519895134,13.0,79.77119610784331,20.09754367367858,153.6,153.6,25,0.6756756756756757,0.24024760718978383,0.7977195945945946,0.19710565190101004,6.747448979591682e-07,1.3627383336136025,0.007755277943189718,0.5989929495271823,0.005690951631649548,0
53,46.99583333333333,39.74791666666667,2.316666666666667,8.168918694594096,11.752171600448527,7.122567810995008,72.0,53.0,43.0,1408.421875,1192.03125,160.234375,63.572921360623255,2.8163072173820507,1905.3782404276667,3.4485982148760335,0.09635113053724417,1.0791170795755778,0.00037179999999999993,30.719586776859504,0.030973107349239776,0.03958420097528442,0.0011666666666666713,4.469953021567001e-05,3.4484871969978204,0.004277608005710818,0.09271548437330386,13.0,81.66862229444345,19.444784697882234,153.6,153.6,25,0.6756756756756757,0.3401304864752072,0.7896959459459459,0.2816156265167639,3.0644132653060676e-05,3.5545868236524285,0.020297187802267674,1.4283742089269813,0.005710139830376065,0
54,52.510416666666664,24.628125,-3.8489583333333335,8.280366829216499,20.32753265854897,14.545800473501984,85.0,78.0,54.0,1573.703125,831.046875,294.75,63.62343366752488,4.910696320692394,1906.699460884352,3.3888726611570252,0.07507919876184012,0.9501581742718114,-0.0013334583333333334,30.759256198347106,0.04356367599892243,0.039532725893712525,0.0009999999999999788,-1.343596897970242e-05,3.3889393946139084,0.005371824383257654,0.06740531415230251,14.0,84.4104751538142,22.192687144900823,132.41379310344828,132.41379310344828,31,0.8378378378378378,0.3739768304385462,0.7778716216216216,0.2992136533935243,9.786862244897945e-05,3.67258433748837,0.020155673164970963,1.8560859150206197,0.005488144399906456,0
55,51.796875,12.229166666666666,5.627083333333333,11.897276939186897,21.65644590660147,24.420971516841604,85.0,78.0,72.0,1553.890625,644.796875,562.484375,63.5235375856647,5.985291494097125,1904.0885929921938,3.414021479338843,0.11559154990993138,1.232049977141836,0.0012150000000000032,30.810495867768594,0.052912702776895484,0.05638377240472048,0.0014999999999999976,0.00014400680524574068,3.413822110417257,0.005515068966179077,0.11051015269816618,14.0,82.67244131623004,23.973429573406,132.41379310344828,132.41379310344828,31,0.8857142857142857,0.3726662214259722,0.7946428571428571,0.25363272649439306,0.003690562499999981,3.5104625960354645,0.0679369070777577,2.2017539098798844,0.019352693617781924,0
56,52.58541666666667,8.141666666666667,7.18125,12.055729785447342,20.42243285920874,25.07431584518642,85.0,78.0,72.0,1577.28125,572.5,609.03125,63.53619315784617,6.113345429647713,1904.2004965271271,3.348358016528926,0.19139772586829099,1.8549126880164557,-0.003993591666666667,30.87710743801653,0.06191754069326694,0.05623774672169824,0.0014999999999999976,6.099080208763633e-05,3.3482307657232115,0.004743295699147622,0.18871014174071313,14.0,87.65484746031284,29.077989311011976,153.6,153.6,33,0.868421052631579,0.37038795345446807,0.7664473684210527,0.2664448302348241,0.00031506250000000116,3.3340164144593616,0.03482981173719453,1.5507039937026486,0.010446802717029356,0
57,44.657291666666666,2.707291666666667,23.30625,19.28277104908932,27.270152123367357,20.899560464377394,112.0,60.0,115.0,1356.71875,745.203125,772.609375,63.53677424562556,7.7550511578205095,1904.1151384823324,3.2345602892561978,0.24947482445287417,2.8366948528917812,-0.002426874999999999,30.95280991735537,0.07435922570266994,0.0729439463336716,0.0021666666666666796,2.37697039447116e-05,3.2344324378231337,0.004121098221511978,0.2475169978077496,15.0,85.03225523124051,31.44624967028245,153.6,153.6,31,0.8857142857142857,0.4093578100342406,0.8116071428571429,0.31032598376381504,0.0016489400510204262,6.896886378690823,0.042893969480229555,1.692589686405982,0.006219323782505426,0
58,40.06979166666667,-1.584375,31.058333333333334,17.657102087354648,25.44526735680675,22.87563144240807,112.0,60.0,115.0,1218.28125,667.46875,1003.703125,63.310195145802645,6.860547155078325,1897.6761449569667,3.0592358595041316,0.14018382700384188,2.394504001898961,-0.004942141666666666,31.04388429752066,0.08508014598621425,0.07832739387677727,0.0023333333333333426,2.378163582376121e-05,3.0589677488587266,0.0038473851340320594,0.13621170557259718,14.0,87.67031787142969,30.7955704712259,153.6,153.6,32,0.8421052631578947,0.3993617559027188,0.7767269736842105,0.2848343396297026,0.0012780625000000027,4.869781034549918,0.01979855498419123,1.711389606654354,0.004065594498751643,0
59,32.49166666666667,-11.708333333333334,46.671875,13.543446036941836,17.883603213247852,11.683037946144045,112.0,60.0,115.0,990.453125,526.0,1398.984375,63.01643048800522,6.303050601394468,1888.5514408112858,2.952474099173554,0.12231260441954046,1.5673618998083614,-0.0026005166666666674,31.136280991735536,0.08658948680678702,0.08373351772292906,0.0023333333333333426,-2.4411909186326666e-05,2.952566889848385,0.0027336084720165506,0.12056750514743406,13.0,82.89359999309613,29.899442942348376,142.22222222222223,142.22222222222223,32,0.9142857142857143,0.41481185660329967,0.8245535714285714,0.29836528469687107,0.005261429846938776,6.400365428132853,0.0965850214563829,3.6498388335519953,0.015090547960252821,0
60,32.51875,-11.048958333333333,52.434375,0.9285194868714388,1.3847002376918582,0.7128768192156343,38.0,16.0,54.0,974.546875,331.03125,1571.421875,62.70539857773426,0.48268955601211966,1879.2081574839513,2.8387643801652893,0.1338413074368333,1.3059326204373625,-0.0035384166666666663,31.213305785123964,0.06129981097879865,0.06128619782437683,0.0016666666666666607,-2.0222243657473403e-05,2.838757607765475,0.0006871058384556948,0.13389255488074492,13.0,78.97186642570642,23.855051542487107,142.22222222222223,142.22222222222223,32,0.8888888888888888,0.29601614489029865,0.8203125,0.21009993178677033,4.13265306122412e-07,2.7217514071602635,0.015123901903929576,0.6994303693588715,0.00555668010830904,0
61,35.41041666666667,-9.542708333333334,48.253125,8.99527050694172,5.003566327956879,13.86472933024809,127.0,33.0,69.0,1060.84375,308.484375,1470.59375,62.89274641631759,4.001087128865052,1884.8323192791986,2.72446273553719,0.09123809760850626,1.1760406196089148,-0.0015880166666666696,31.264380165289257,0.03423044321868819,0.03892530680150666,0.0009999999999999788,2.9506708771891193e-05,2.7243640086326613,0.0012064710984651342,0.09090292020761113,15.0,76.60629366707688,29.242287570654316,153.6,153.6,31,0.9393939393939394,0.5291707356614392,0.8982007575757576,0.3330621798738261,0.010927715561224516,3.5208327439848994,0.1506499234854349,1.9978179393439723,0.04278815111078762,0
62,39.791666666666664,-3.584375,40.364583333333336,16.06777096827338,11.320389312771374,19.710308106666478,127.0,37.0,71.0,1196.203125,302.3125,1236.1875,63.07444284608253,4.686091262762046,1890.2798703973235,2.753931314049586,0.13394128398705055,1.5241482023843318,0.0006501333333333322,31.29280991735537,0.023887585921356317,0.027750469732825203,0.0008333333333333452,2.9537772182572704e-05,2.7538626578967156,0.002144609010539741,0.1330335109566914,15.0,75.93469365816787,30.48033797786406,153.6,153.6,30,0.9375,0.6271259206594025,0.921875,0.36121725494975665,0.0013795918367346858,2.629783977076816,0.025640310091478123,0.3163316887006282,0.009749968177986647,0
63,43.13125,3.363541666666667,34.813541666666666,20.07546861480864,14.980686314605123,17.83581439005792,127.0,56.0,71.0,1331.15625,296.875,1069.625,63.27467917962954,5.047521640860593,1896.2485425959653,2.7549354628099176,0.13662874311701845,1.5548134886350624,-0.0005968416666666661,31.330000000000002,0.04016494915340889,0.03880110311143089,0.0010000000000000083,-4.4993262433139836e-05,2.7550727646674487,0.002329561551759442,0.13544918665795092,15.0,77.70100653042176,30.607996492133484,153.6,153.6,27,0.84375,0.6310318810321965,0.90478515625,0.36864652313285734,0.00027225000000000084,5.139552490848088,0.014685202409866384,6.244645339981168,0.0028572920377826806,0
64,27.05,22.263541666666665,34.009375,31.461610204607563,22.673459244748337,12.768243305536398,82.0,57.0,71.0,1050.46875,694.609375,1022.34375,63.56283399421624,3.273868958440755,1904.920750049186,2.7038128347107446,0.18701289697499726,1.8595477498668125,-0.0021874083333333332,31.376280991735538,0.052383396388534266,0.049823595340540566,0.0011666666666666713,8.49469370844657e-06,2.703667239105199,0.002214341002959842,0.18644481456211878,16.0,78.0607854315179,25.83633083858669,142.22222222222223,142.22222222222223,27,0.8181818181818182,0.4609457758790954,0.8536931818181818,0.27788438108816915,0.0010772461734693795,2.742545542015091,0.009774044260711698,1.4676615562852406,0.003563858506987709,1
65,12.486458333333333,35.39791666666667,38.827083333333334,26.63002346894567,20.50919498647023,4.841583744986988,76.0,57.0,56.0,617.671875,1061.296875,1163.640625,63.75542851163665,2.2221709274764487,1910.6807464740823,2.5287292396694214,0.13661966616659366,1.7377729505507775,-0.004180433333333333,31.427355371900827,0.04121639317291053,0.04421716014528855,0.0013333333333333346,-1.9531769631385915e-05,2.5287196261606644,0.0012938689448350601,0.13649749059158503,16.0,74.59663275063087,22.782965687909122,142.22222222222223,142.22222222222223,30,0.8823529411764706,0.39738469418241884,0.8809742647058824,0.27466281932455344,0.00289674617346939,3.963745067897898,0.02975808951367801,0.12550078370402007,0.007507568979318765,1
66,7.052083333333333,33.50416666666667,42.755208333333336,20.30351457243439,24.05661688542722,9.31941711553163,87.0,57.0,86.0,429.15625,1107.453125,1281.40625,63.74344348537975,3.853228640962118,1910.3264622638917,2.445444223140496,0.08174129305875429,1.1663588324454286,-0.0005460916666666667,31.47,0.034401614415317736,0.033120686987998936,0.0008333333333333452,5.289238811510463e-06,2.445378920097403,0.0020949358675413235,0.0802633199406684,16.0,76.84989652126463,25.52759380931101,142.22222222222223,142.22222222222223,31,0.9117647058823529,0.3286881891137538,0.8658088235294118,0.27953720819907596,1.7461734693875672e-06,4.399973828240323,0.010304978486012775,0.5497764629279792,0.0023420544958409526,1
67,27.8,18.75625,36.717708333333334,25.00794873635181,23.518542385477463,19.70782678062019,87.0,56.0,86.0,849.5,673.390625,1188.28125,63.436385153770594,3.9458624265349065,1901.0912667245852,2.4131630495867764,0.07361441765358796,1.1663588324454286,-0.0010231499999999985,31.508512396694215,0.03745324704335551,0.03307864221859317,0.0010000000000000083,6.625158132366064e-06,2.413159397282599,0.0019875996412493852,0.07235127623698104,15.0,72.66871346769867,20.319638897556395,120.0,120.0,29,0.8787878787878788,0.3405165753468361,0.8920454545454546,0.2549626881833938,0.008177326530612258,2.7301351518988435,0.07834440683991217,1.0128998111505174,0.028696164285281864,1
68,47.096875,4.740625,23.96875,19.3675520799018,13.16744785228741,25.482695568512764,87.0,56.0,86.0,1420.671875,259.046875,939.1875,63.21070001238674,4.165221556018092,1894.3322463140266,2.3857767272727273,0.08710272536816506,1.4039320553801813,-0.0006288083333333343,31.549504132231405,0.03721395010071089,0.033036704060715835,0.0008333333333333156,-1.371593100168071e-05,2.3858293692774746,0.002308396402881634,0.0856946481726916,14.0,79.26278869257193,24.470357382549206,137.14285714285714,137.14285714285714,28,0.8,0.32256315643561323,0.8272321428571429,0.24180032003785307,0.0025719387755101996,2.046278025684065,0.0736372475553814,1.1683061322176012,0.03598594454473735,1
69,56.85520833333333,3.0458333333333334,17.563541666666666,4.826022555541698,5.1419418483897905,19.7029006948198,77.0,18.0,47.0,1704.203125,123.046875,746.6875,63.120620054157335,1.9978715287471283,1891.6682917311389,2.2999923388429755,0.09739238031436757,1.365038053865177,-0.003005516666666667,31.584380165289257,0.03055661489795992,0.03301577483446334,0.0009999999999999788,1.4272960061626969e-05,2.299852073685726,0.0013343237061218625,0.09669859859204956,14.0,76.37912976974617,22.973012735280463,137.14285714285714,137.14285714285714,27,0.7941176470588235,0.33040558466646397,0.8497242647058824,0.22737761288519834,0.0001102499999999994,1.9650724507206827,0.01826320621206861,0.4484662421336788,0.00929390985323246,1
70,58.63229166666667,1.453125,16.507291666666667,3.966946632058115,4.059439953290971,15.449580258535523,77.0,13.0,37.0,1757.0625,70.59375,628.046875,63.09283177767545,1.5961526474455368,1890.7971269625455,2.20004447107438,0.09447875127935916,1.4059261190485894,-0.002142233333333332,31.61495867768595,0.025749074185142384,0.027469629593891366,0.0006666666666666524,-2.1228295036544234e-06,2.2000431165304617,0.001239689877681725,0.09411986638739005,14.0,76.36259862653398,23.83042897241156,137.14285714285714,137.14285714285714,26,0.7647058823529411,0.3217959229135569,0.8524816176470589,0.22861146185022083,0.0004792971938775523,2.223287601833711,0.005862432258528552,0.28691017347257664,0.002636830364948452,1
71,59.0625,0.22395833333333334,19.484375,3.9040910700614213,2.4526450344333472,9.2529142720573,69.0,10.0,37.0,1769.984375,43.53125,584.046875,63.04153161164602,0.8420463513584207,1889.2863971998686,2.099629909090909,0.07910461583370687,1.3455468658628793,-0.0027027666666666656,31.643553719008263,0.030119857103813503,0.03293232243879572,0.0008333333333333452,1.3643116548144204e-05,2.099613803943936,0.0005568424906252504,0.0790687182273085,15.0,81.94314989379774,29.534577057692513,153.6,153.6,29,0.8055555555555556,0.3752417375601265,0.8185763888888888,0.2553485418898906,0.0010423673469387741,1.9532752400536588,0.01613845301615689,2.1170986366218667,0.00826225238779638,1
72,57.58125,0.09895833333333333,21.252083333333335,6.160835855425788,3.55105602813171,12.359754743779867,69.0,10.0,43.0,1725.90625,75.375,636.34375,63.007579143593695,0.7972424121791258,1888.263388148193,1.9964399090909088,0.09837392537617556,1.3747368529134099,-0.0025215833333333344,31.674628099173553,0.032803983892155796,0.03838467576829579,0.0010000000000000083,6.28038610391e-06,1.9964315193626574,0.000568389248484862,0.09832102061230594,14.0,85.66754157359856,30.37864019541115,153.6,153.6,28,0.7567567567567568,0.41137591474120927,0.784206081081081,0.2530649807325296,4.290816326530509e-06,2.107082498206771,0.008276415932897003,3.721980056348566,0.003927903126688505,1
73,42.967708333333334,8.590625,28.873958333333334,26.618993824866184,18.851671997713492,13.50531334320918,69.0,54.0,67.0,1420.5,350.296875,865.09375,63.18731423945287,2.7279010621057167,1893.3023697923309,1.876412256198347,0.1214542526153607,1.9849870311175022,-0.003075791666666668,31.710991735537192,0.03751374312747467,0.03833627122797957,0.0011666666666666713,-5.51633330759085e-06,1.8764586274888746,0.0009166006337202018,0.12123254748576322,14.0,82.81435792534326,31.81641486718002,153.6,153.6,27,0.7714285714285715,0.4110121060099869,0.8294642857142858,0.298067890713659,0.001056250000000001,2.422771359170834,0.06830302913600363,3.3632563059979717,0.02819210689339648,1
74,40.7875,5.884375,33.30833333333333,25.657208416934218,20.34095226858144,11.03426166789403,66.0,54.0,67.0,1355.109375,397.453125,998.734375,63.19277022520584,2.8577088021126613,1893.8152250070962,1.8153276198347108,0.07170090130376905,1.377762510634358,-0.0012469666666666676,31.753801652892562,0.046091109885649455,0.049227465989145694,0.0011666666666666713,3.873775475335486e-07,1.81533703054556,0.0008841153001078602,0.07136813478853622,14.0,75.13939789991099,24.371216270197824,147.69230769230768,147.69230769230768,24,0.7272727272727273,0.4030731404385174,0.884469696969697,0.2910472503265328,0.008695562500000042,4.79997944057785,0.098410037256089,0.6577223156003678,0.02050217891021671,1
75,43.215625,7.361458333333333,29.582291666666666,26.637465110742834,19.92479542864277,10.352510713908835,66.0,54.0,67.0,1428.28125,404.140625,886.3125,63.26369302863525,2.885296526403097,1895.9516316074478,1.770279223140496,0.06213743244388846,1.1745400493804752,-0.0011936749999999995,31.807520661157028,0.05279433026996187,0.05461124332843417,0.0013333333333333346,1.0183395842094254e-06,1.770268126531517,0.0014682488771345934,0.06115764525403295,13.0,77.36436897317022,27.421913756806866,153.6,153.6,22,0.6470588235294118,0.3869141924633231,0.8676470588235294,0.29089456421760357,0.0016839298469387778,2.624217445334057,0.013279535673409814,0.3049603959753341,0.005060379313086748,1
76,55.95104166666667,0.3572916666666667,26.90625,5.101337545023255,6.4812589567869106,7.602601151634441,66.0,20.0,59.0,1676.8125,169.890625,805.75,63.079789169710025,1.1675251481661706,1890.1246995317842,1.728095223140496,0.09647616427293312,1.7227978050336512,-0.0013002583333333337,31.86471074380165,0.05355269869449446,0.04907295334543137,0.0013333333333333346,5.608372078167113e-06,1.728032302133856,0.0012684847939005166,0.09601773060978235,14.0,78.32376069964029,25.923712188270443,153.6,153.6,25,0.7142857142857143,0.3820567645305203,0.8410714285714286,0.251654284339708,0.001185326530612243,2.770040688040744,0.015871026925922703,1.0317883892349171,0.005729528448604961,1
77,54.98229166666667,4.267708333333333,29.732291666666665,3.1945100951889147,2.644609091768363,6.3221006989974375,66.0,15.0,38.0,1647.734375,143.1875,891.078125,63.10340329961689,0.6349805817771692,1891.1271618068702,1.6205728181818182,0.10372841403746262,2.1052407450027184,-0.0025382333333333323,31.920247933884298,0.04742044769260885,0.04081083297073412,0.0011666666666666418,-7.374639701106585e-06,1.6205762482906017,0.0011907361896178795,0.10341709723925155,14.0,78.2294883364341,24.677225998177768,153.6,153.6,27,0.7714285714285715,0.2950188685703001,0.8285714285714286,0.2074735660566061,0.0009900012755102029,2.3361982677898063,0.026393905990845547,0.727302712219569,0.011297802226270751,1
78,52.49583333333333,4.015625,34.55,1.9769461227413918,1.5264220231339474,3.163529147434344,58.0,7.0,41.0,1573.28125,123.109375,1035.359375,63.09868990763315,0.6646730577423451,1890.9899663436152,1.519375380165289,0.07785534872491816,1.5365399226402072,-0.002261124999999999,31.96719008264463,0.041723670680256245,0.04347029223754058,0.0010000000000000083,1.04341333847369e-06,1.5193635302073492,0.000170325825036274,0.07783992326891713,14.0,72.97224066304113,21.62635846041661,153.6,153.6,29,0.8787878787878788,0.2983234607050395,0.8797348484848485,0.2059098452084429,0.0027077155612244895,1.4799075465274305,0.02790935439436353,0.6991883293316854,0.01885884997333259,1
79,52.71145833333333,1.8208333333333333,33.141666666666666,4.259679413594082,2.923536552229546,8.46135414037782,64.0,7.0,42.0,1579.578125,93.15625,993.453125,63.070532736829264,0.7600604970759774,1890.1571782583824,1.4419176280991735,0.05417522040352748,1.1238409604859805,-0.001568366666666667,32.01115702479339,0.039525911213580574,0.038000827779910824,0.0010000000000000083,-4.851228443380549e-06,1.4419386667575451,0.0002980158836389523,0.05415046558801926,15.0,70.94211773902171,21.358174197775455,153.6,153.6,25,0.78125,0.3347662204868231,0.9052734375,0.2150899689971236,3.7193877551022984e-06,2.1304678428081942,0.007584760665033015,0.43381823565975813,0.003560138535128254,1
80,55.534375,1.9270833333333333,26.810416666666665,5.352653705659309,4.229225676928212,11.026081571727504,66.0,12.0,42.0,1664.28125,104.1875,803.515625,63.03899622216451,0.8806703707570265,1889.1963076807199,1.38310994214876,0.049451577108661,1.195967827720519,-0.0015880166666666677,32.050495867768596,0.037035860211454705,0.032521309647909544,0.0010000000000000083,-1.548893121718055e-06,1.3830989485130425,0.0002924187859918517,0.04939461971704484,15.0,67.68186256511915,22.44762498303845,153.6,153.6,22,0.7333333333333333,0.47305850384529063,0.9796875,0.3493658224048016,0.0007760204081632719,5.008929133167949,0.07664602636143422,0.43768258491216633,0.015301878769636066,1
81,58.54375,3.415625,20.098958333333332,4.578273248452957,4.980290907772524,9.391019588677821,66.0,12.0,42.0,1754.71875,146.21875,601.796875,63.05779224863847,0.8217380325978821,1889.7493598107696,1.321530388429752,0.05543983455969315,1.2230655675187068,-0.0015347333333333342,32.07710743801653,0.022395321845057693,0.021667338053615055,0.000500000000000019,3.110313995626688e-07,1.3215294560684119,0.0003022970513874472,0.05538326241552703,15.0,68.14385932151814,19.46562427349245,123.87096774193549,123.87096774193549,23,0.7666666666666667,0.45558007618745305,0.9630208333333333,0.34226676529933814,0.0022562500000000074,5.250322219372645,0.1374522906112619,0.05733277254243816,0.02617978190064036,1
82,58.06979166666667,5.376041666666667,21.53125,4.038399533222357,3.6037088762732425,9.265474809069419,66.0,12.0,41.0,1740.21875,169.125,645.390625,63.07999820740235,0.8096251112605378,1890.44226404263,1.2514316115702482,0.06875981269696602,1.6173742199906638,-0.001929066666666666,32.10190082644628,0.025529566381893767,0.02976012443154746,0.000500000000000019,-2.60825867822476e-06,1.2514205978654782,0.00024674983085850937,0.06873507339922788,14.0,68.99936684957414,20.17425366803223,123.87096774193549,123.87096774193549,25,0.8064516129032258,0.47104473038219347,0.9561491935483871,0.3466342377457476,9.6543367346942e-06,6.0378777675537245,0.0730684530544326,1.4526032269527382,0.012101678084158475,1
83,57.13229166666667,5.442708333333333,24.491666666666667,3.7840398053223345,1.9469123413576062,8.631454911478647,65.0,10.0,41.0,1712.15625,163.046875,734.046875,63.132244688527315,0.7033353310577899,1891.9884503461167,1.1757096859504133,0.06771157587606702,1.6747341336040278,-0.001886441666666666,32.1298347107438,0.03882538726130878,0.04322691167788023,0.0009999999999999788,-8.068491158800991e-08,1.1757197322917599,0.00021986750706571974,0.06769707595612566,15.0,73.99997600153381,19.501812204867278,123.87096774193549,123.87096774193549,29,0.8529411764705882,0.3498300114796016,0.8644301470588235,0.21136158989529438,0.0005897959183673471,3.0827263133874214,0.014802712399257803,0.4740256827601257,0.004801825038756684,1
84,55.411458333333336,4.692708333333333,29.232291666666665,2.908406271470778,1.2025792412964822,5.791085009011457,62.0,10.0,41.0,1660.6875,140.671875,875.9375,63.167469881794204,0.5390179953304023,1893.0686683926044,1.1032749338842975,0.05975113522359241,1.6286788506687824,-0.0017265750000000006,32.1698347107438,0.03882538726130973,0.03781176833660632,0.0011666666666666121,1.5123538585854813e-06,1.1032712173340293,0.00020083210963702113,0.05974186965454155,15.0,73.6477464119854,17.40490792933945,112.94117647058823,112.94117647058823,27,0.7941176470588235,0.33565935014106374,0.8602941176470589,0.20013140417232414,0.0003650829081632632,3.4266983374925006,0.0011095131797076675,3.602660143064208,0.00032378490034216375,1
85,55.659375,4.052083333333333,29.314583333333335,1.508868099837866,1.4409906290658365,3.1601351225945318,61.0,6.0,33.0,1667.984375,121.453125,878.6875,63.14963719165795,0.439447640382185,1892.522213164068,1.0462573636363637,0.04464601953678893,1.2311380670394014,-0.0011412166666666668,32.21049586776859,0.03699120377168666,0.0377647970477386,0.0011666666666666713,-1.2710149079343553e-07,1.0462585325510634,0.00029889945290895013,0.04456385874276441,14.0,71.97723684880158,16.689475355860665,116.36363636363636,116.36363636363636,25,0.7575757575757576,0.3217502982042616,0.8759469696969697,0.1908607968617339,0.0003462257653061226,1.1875076406442595,0.005182290518587301,1.5760160320762766,0.004364006041911232,1
86,54.719791666666666,2.9677083333333334,31.226041666666667,0.45371608956544135,1.4797237067317295,0.45178921884424034,56.0,6.0,34.0,1639.875,88.90625,935.796875,63.091831457198495,0.38591239479726297,1890.7692809635732,1.0032796280991736,0.029555838159456255,0.9598279367042009,-0.0009280583333333333,32.24404958677685,0.02916407028686279,0.02964010508301806,0.000500000000000019,-1.3141352551426557e-06,1.003272809335703,0.00029655589998590123,0.029463505460198273,14.0,72.76011381532783,21.214233451545905,142.22222222222223,142.22222222222223,26,0.7878787878787878,0.33429832648960417,0.8839962121212122,0.2162338483301869,0.00015804081632653146,1.0702606612101289,0.023805448799473654,0.8190809813423445,0.0222426644856377,1
87,54.14270833333333,1.7979166666666666,32.130208333333336,0.8668963788119214,0.6745336609259929,1.2953136518222998,56.0,4.0,36.0,1622.59375,54.546875,962.90625,63.0059690964799,0.384523358742743,1888.2149582744169,0.968472347107438,0.029707695753296407,0.8736199671207319,-0.000736216666666666,32.27776859504133,0.029415451140424542,0.029594201160959115,0.0008333333333333452,-2.5843230237477227e-06,0.968476608666736,0.0002961319304098025,0.029604638675705716,13.0,71.07124861028714,20.90366136870125,142.22222222222223,142.22222222222223,21,0.6363636363636364,0.2996631002189167,0.900094696969697,0.20061235098967645,0.0022494693877551054,2.094829533659337,0.026425531929807247,0.30791486602319723,0.012614645490340214,1
88,53.588541666666664,0.7072916666666667,33.030208333333334,0.8369550206535726,1.4041415520751064,1.2870039328859444,56.0,3.0,36.0,1605.96875,43.59375,989.875,62.987724148698355,0.3190844728524808,1887.652612333301,0.9378117603305786,0.028594029645001993,0.9309842549572087,-0.0008313166666666668,32.316611570247936,0.042979020809758545,0.0376245807778079,0.0009999999999999788,1.7518127727200128e-06,0.9377993228554096,6.915437000790585e-05,0.028559557894034013,15.0,71.34502335835708,20.420044873680872,142.22222222222223,142.22222222222223,21,0.6363636363636364,0.32128757835903415,0.8963068181818182,0.20458819523995683,1.84183673469407e-06,1.9336695357340483,0.016743042867603166,1.3431606670472729,0.008658688859804201,1
89,52.989583333333336,-0.5135416666666667,33.97083333333333,0.47860020865250597,1.585685957747379,0.6809791765457215,56.0,3.0,36.0,1588.03125,44.390625,1018.09375,62.97065555658614,0.284453465066379,1887.1657423465272,0.906567479338843,0.024123099192397877,0.869615084024728,-0.0007567166666666671,32.367190082644626,0.05001195130713084,0.04828487217679567,0.0014999999999999976,1.4528295786699605e-07,0.9065768929324296,8.17640089696564e-05,0.024082888117730177,15.0,69.2524764931339,13.73254568137314,106.66666666666667,106.66666666666667,15,0.46875,0.2843966005621205,0.89697265625,0.1585696648410032,2.9469387755101887e-05,0.8571246148598143,0.0008373951718498673,0.5706271467077451,0.0009769818266003553,1
90,52.536458333333336,-2.004166666666667,34.588541666666664,0.7393155325009898,1.0438227685877628,0.9289745457208299,56.0,4.0,38.0,1574.453125,60.0625,1036.53125,62.950958089833904,0.3733303791214713,1886.5366944284337,0.8791388842975206,0.02513368906605748,0.8601108294522752,-0.0007140750000000001,32.423801652892564,0.05187805469802671,0.05356717340595139,0.0014166666666666809,2.639928565893645e-06,0.8791214986217993,8.644163863221427e-05,0.025075282551725517,16.0,72.98768352641507,18.709754211882096,142.22222222222223,142.22222222222223,22,0.6470588235294118,0.32361849441007295,0.8685661764705882,0.19271685702337735,5.102040816331256e-09,1.0854350221503999,0.009638758011157078,1.629460844056018,0.008880087535835484,1
91,51.77916666666667,-2.6729166666666666,35.62291666666667,1.0016566139262608,0.819867769656926,1.2980337025884787,56.0,4.0,38.0,1551.75,80.125,1067.578125,62.93178600904955,0.41167508773566275,1885.9839630663778,0.8509704049586777,0.024069803642353695,0.8474207919087535,-0.0006821000000000003,32.47561983471075,0.047253362501956594,0.04813621109392405,0.0013333333333333049,-1.1418439674178193e-06,0.8509676315065664,7.37848161055326e-05,0.0240358290951202,15.0,76.23765092496596,24.3254771568442,142.22222222222223,142.22222222222223,26,0.7647058823529411,0.304757300668263,0.8529411764705882,0.21832671912168572,0.00010727040816326421,2.054065427855553,0.0372040610274777,0.1784566997166416,0.018112403102134283,1
92,51.10104166666667,-3.0083333333333333,36.56458333333333,0.7686561313512621,0.3951968567126458,0.8990711835308456,56.0,5.0,38.0,1531.421875,90.15625,1095.8125,62.918163700542195,0.44192935156559376,1885.578773498913,0.8245988099173555,0.02235005400785312,0.8210916135335251,-0.0006181499999999997,32.53380165289256,0.054715737206898554,0.04804745302973705,0.001333333333333364,4.6758960899779626e-07,0.8246063016145866,6.455040373062407e-05,0.0223549412496977,15.0,77.08953680869558,23.364109740443183,142.22222222222223,142.22222222222223,28,0.8,0.27138806546568306,0.8379464285714285,0.20906779549286136,0.0012375318877551004,2.1214642572088493,0.03752584583081791,0.3449178113608471,0.017688653345585753,1
93,50.48020833333333,-2.964583333333333,37.38645833333333,1.1445632165141522,0.38023544423890254,1.1715481025537202,59.0,5.0,44.0,1512.890625,88.828125,1120.34375,62.9073858966167,0.5247694612734268,1885.2514546613743,0.7988931074380167,0.021890052960381157,0.8501074927846992,-0.0006288166666666669,32.59107438016528,0.05969345455891922,0.05064673030790113,0.0014999999999999976,-1.4621437858978302e-06,0.7988964150341423,6.800872137199663e-05,0.021868352840178542,14.0,75.68471188338847,20.038376703723515,142.22222222222223,142.22222222222223,22,0.6470588235294118,0.234359216640273,0.8386948529411765,0.18432204920402903,0.0003971479591836748,1.536511283914289,0.022683425711082825,0.5378227219250156,0.01476294118276594,1
94,49.02395833333333,-3.0145833333333334,39.06666666666667,2.1881425147669327,0.44930018887401135,2.4404860626978024,59.0,5.0,44.0,1469.1875,90.34375,1170.765625,62.84293274136986,0.5935173097712804,1883.3163821565836,0.7732085289256199,0.023187061772410776,0.9071650893687568,-0.0006714500000000003,32.661239669421484,0.06157130178253926,0.05850896956330231,0.0014999999999999976,3.354899118957963e-07,0.7732039984555551,8.175085799335087e-05,0.02313744812891325,14.0,68.92593281395617,10.8047374641103,98.46153846153847,98.46153846153847,19,0.5757575757575758,0.23986092670578144,0.8929924242424242,0.1470854599148586,8.688903061224469e-05,0.286873269368417,0.011352412914345656,0.6306775951380814,0.0395729199145645,1
95,47.514583333333334,-2.9989583333333334,40.77708333333333,2.0365912680397003,0.4413508599710917,2.2500684788961918,59.0,4.0,44.0,1423.90625,89.890625,1222.078125,62.757122938473316,0.5905326567427905,1880.7427072908656,0.7462344132231405,0.023923588429275798,0.968154001459799,-0.0006927666666666666,32.72785123966942,0.0629470013408278,0.05307617882930251,0.0016666666666666312,-6.818410979855446e-07,0.7462403139937354,8.865430413240089e-05,0.023889189797119133,14.0,71.55079219830078,15.631567867093255,112.94117647058823,112.94117647058823,25,0.7352941176470589,0.30518182995899545,0.8800551470588235,0.1967947646754223,6.250000000001957e-08,1.5326270886012534,0.00844588009206368,3.8276361004165267,0.005510720875860143,1
96,46.520833333333336,-2.425,42.10625,0.531882793062114,0.9781998773256927,0.38885850575755704,48.0,4.0,44.0,1394.15625,72.6875,1261.875,62.802787883612886,0.45350565515627417,1882.1126558785895,0.7194823223140496,0.023342638585199707,1.004348131549392,-0.000692758333333333,32.7909917355372,0.052071231547171776,0.0556365124455356,0.0017500000000000072,3.350446068352989e-07,0.719480951893808,7.647339213467237e-05,0.023303225048599222,15.0,68.94626863837169,16.61851512500672,112.94117647058823,112.94117647058823,25,0.78125,0.3220809511798287,0.9189453125,0.2097200653212273,1.8367346938775884e-05,1.062565255527236,0.008926405728556203,0.7244586685151051,0.008400807086551117,1
97,46.453125,-2.621875,42.204166666666666,0.6534289563844463,1.847786013325587,0.4894547703539339,49.0,11.0,45.0,1392.15625,78.578125,1264.8125,62.84734316393356,0.5010394875723415,1883.46811056333,0.6957532231404959,0.019204522279700962,0.8944968314819075,-0.0004689416666666659,32.8493388429752,0.050904797500614,0.05291450807807025,0.0016666666666666904,1.4251615362202145e-06,0.6957540257404013,0.0001927656667131116,0.019154487444446394,15.0,67.99952681772268,14.597743993897076,103.78378378378379,103.78378378378379,25,0.78125,0.2955989127820047,0.92236328125,0.19230038188830945,0.00020306250000000085,1.0164687078115888,0.0035219072500428375,0.7608482006974102,0.0034648457182959863,1
98,47.072916666666664,-3.220833333333333,41.471875,1.5721852604116204,2.3019881202029593,1.7396241886419992,57.0,11.0,45.0,1410.671875,96.609375,1242.890625,62.90165506698887,0.5732929735773246,1885.0714221797446,0.6793595454545454,0.012443580074656176,0.6373077076644119,-0.00041564999999999983,32.90669421487604,0.05420177225232229,0.047521703185924656,0.001333333333333364,-7.292507385241791e-07,0.6793655953729848,0.00019861829995455172,0.012335643446915316,15.0,68.21244069396889,13.7142691704064,96.0,96.0,21,0.65625,0.2758212626894687,0.91552734375,0.1837540596234559,0.0011318418367346924,1.1593588565159623,0.041656035347716225,0.23642066191399286,0.03593023429596123,1
99,48.094791666666666,-3.8677083333333333,40.128125,2.0927389246146357,1.88806530120047,2.2838291641542865,57.0,11.0,45.0,1441.296875,116.0,1202.59375,62.858170394080766,0.5875426583437823,1883.7507613279242,0.6631771735537191,0.014887861596070924,0.7612704741021205,-0.0004156583333333334,32.96371900826447,0.04779661164734322,0.047435194800694136,0.0013333333333333049,-8.937524825736097e-08,0.6631972749788054,0.00020980117124643917,0.014734870402571161,16.0,73.90236767252397,20.21743544656069,147.69230769230768,147.69230769230768,20,0.5882352941176471,0.2622332473994605,0.8607536764705882,0.1927634262444849,0.00014485841836734875,2.4636292457256084,0.034522180259781696,0.5042218127332112,0.014012733579810196,1
100,49.70729166666667,-2.279166666666667,38.09583333333333,2.5480280280242646,4.100455174598168,3.2868398154187894,65.0,20.0,44.0,1489.6875,128.46875,1141.640625,62.931557528270964,1.0151479691428669,1885.9709220833827,0.646783347107438,0.019470708625404065,0.8748889208733692,-0.0005009250000000003,33.01743801652893,0.046328488024944575,0.047349000803213116,0.0014999999999999976,3.402672161864316e-07,0.6467772969090658,0.00011204408440661127,0.019421529673232067,15.0,76.06913391109147,20.715503891514324,147.69230769230768,147.69230769230768,19,0.5588235294117647,0.27052356994158455,0.8391544117647058,0.2000807444058696,0.0007406173469387749,1.6752485688111505,0.009434257823667273,0.35572445759420523,0.0056315570114841805,1
101,50.70520833333333,0.596875,37.072916666666664,1.8977986036275174,4.344655556087464,2.6791820567209603,65.0,20.0,41.0,1519.578125,122.234375,1111.015625,63.04387717932439,0.9491049458623727,1889.347445628027,0.6242062644628099,0.019101649303879666,0.9447336006664457,-0.0005435500000000001,33.07487603305785,0.054954762800973486,0.04464412665784051,0.0014166666666666217,8.290277978720299e-07,0.624213935300804,0.00011048087660428187,0.019053493915329383,15.0,74.07376084837881,20.237207267501937,147.69230769230768,147.69230769230768,19,0.5588235294117647,0.24344811822838022,0.8566176470588235,0.18274730911849812,1.5433673469391316e-07,1.1573016214459635,0.004009514093070219,0.12061612700252633,0.0034645368318594635,1
102,51.153125,2.959375,36.60625,1.8525013003256796,3.506751765196438,2.614296132964537,65.0,20.0,41.0,1532.921875,130.265625,1097.03125,63.143211338732804,0.9571373110089598,1892.2582782674324,0.6024642479338843,0.02005918781604468,0.9573561600519233,-0.00047960833333333307,33.13165289256198,0.05187950291022056,0.047177549141040304,0.001333333333333364,-4.404111514966741e-07,0.6024873177345844,0.0001112694894874719,0.020037680763200803,15.0,69.19947852422884,13.641439259335485,103.78378378378379,103.78378378378379,20,0.6060606060606061,0.2683539732898858,0.8996212121212122,0.17047164266106274,0.0004761747448979601,0.39586751328241954,0.020192302833004817,0.6977556475088122,0.05100772898886309,1
103,51.094791666666666,3.75,36.89895833333333,0.6999806234917427,0.44487826050130463,0.702079469573938,54.0,5.0,40.0,1531.265625,112.390625,1105.8125,63.144775543817026,0.4375936329895182,1892.3837605898484,0.5813458842975207,0.01755714290052878,0.9931813967283085,-0.0005009166666666667,33.18834710743801,0.04593108577416199,0.04187240233508392,0.001333333333333364,-1.3522325118184285e-06,0.5813594994288456,0.00011837913587196557,0.017470000235895313,15.0,66.84747166929566,12.391676798248177,103.78378378378379,103.78378378378379,22,0.6875,0.2661729405371507,0.92529296875,0.1535277694285883,0.0011222500000000015,0.7684163606025904,0.004802319134238769,0.41276730234759706,0.006249631554529631,1
104,50.80520833333333,3.4114583333333335,37.229166666666664,0.840742453587238,0.5128291202703121,0.8657747814658396,54.0,5.0,40.0,1522.578125,102.234375,1115.703125,63.08976804042281,0.4676201510229502,1890.7241714609795,0.5632820826446279,0.014289517421011855,0.8292481417785711,-0.0004156583333333334,33.231322314049585,0.04049165098639396,0.03660524831750871,0.0010833333333333548,-3.216899658750151e-07,0.563285565298204,0.00010928850683377956,0.014218809670724166,15.0,68.0957725633068,13.293915504234604,103.78378378378379,103.78378378378379,23,0.71875,0.2912102804149518,0.91259765625,0.16576770896151816,4.2908163265306295e-06,0.8816577722005122,0.003001869909649158,0.4469014308480279,0.0034048017318067192,1
105,50.391666666666666,3.0989583333333335,37.69166666666667,0.7336646978619653,0.34399454685196523,0.7207731188722903,54.0,5.0,41.0,1510.15625,92.859375,1129.59375,63.012496507767885,0.4321367744973052,1888.4023201438256,0.5473110991735537,0.013446161984219406,0.7305727005674244,-0.00038368333333333354,33.271983471074385,0.03174328417840591,0.0313287612428957,0.0008333333333333452,-9.310987926170519e-07,0.5473057826945736,0.00011088067910930924,0.013367188847313215,16.0,68.01691291330525,11.67989017872017,103.78378378378379,103.78378378378379,18,0.5454545454545454,0.23723836843358886,0.9053030303030303,0.13879487750317118,0.001044674744897961,0.7497106215679301,0.015271788631113952,0.15996238251758355,0.020370244454019915,1
106,50.50208333333333,3.033333333333333,37.428125,1.6130960892195962,0.3912231531435167,2.707058794653033,63.0,6.0,41.0,1513.375,91.078125,1121.953125,63.00847218854459,0.7360757198829805,1888.3160937442758,0.5325662148760332,0.013137324963381916,0.7953898832205315,-0.00030907500000000034,33.30768595041322,0.03522678194563701,0.03649538830494671,0.0009999999999999788,1.9259209978684856e-06,0.5325303679587552,0.0001032892254166706,0.01301909121065033,15.0,66.77417301392309,10.028065615471844,96.0,96.0,15,0.46875,0.251068783950123,0.91845703125,0.13648050530924838,7.718877551020463e-05,0.20075431078509684,0.00594985648797945,0.6275795713945349,0.029637502999119374,1
107,53.77916666666667,3.089583333333333,30.8625,4.9090884393699366,1.289499189500413,9.881266471628692,69.0,8.0,41.0,1611.6875,96.6875,926.421875,63.05491291659897,1.3105496608111615,1889.689968581004,0.5281412644628098,0.01867338753757353,1.2294035395529201,0.00030849999999999953,33.35446280991735,0.04599587500770193,0.04164653894349196,0.001333333333333364,4.31773101772336e-06,0.5281327431598668,0.0005553653183763476,0.017945846156908033,15.0,68.72465362449019,15.311050124945686,109.71428571428571,109.71428571428571,23,0.71875,0.3444709265729581,0.9140625,0.18920126622363023,0.0010539298469387783,1.1723166406255996,0.00696176184305189,0.731044350510148,0.005938465429729624,1
108,54.635416666666664,3.55625,29.057291666666668,5.446558148016252,2.302843011909409,10.200993056148858,69.0,8.0,44.0,1637.578125,112.328125,871.953125,63.08096692771302,1.3497480498627406,1890.466095743931,0.5402208925619835,0.027262021166135814,1.2294035395529201,0.0003085083333333331,33.40595041322314,0.05268930470605693,0.04940348691336885,0.0015833333333333144,-1.664994016442888e-06,0.5402423471250336,0.0005539025001334918,0.026790714838917536,14.0,69.63979230253932,17.10400205767058,109.71428571428571,109.71428571428571,28,0.875,0.3566914179527299,0.91064453125,0.20474244756125687,0.0014521543367346942,1.2961635130512015,0.024261299043521443,0.8399378701716997,0.01871777657620506,1
109,53.290625,5.004166666666666,30.657291666666666,6.396932502591249,2.9211840017743183,11.244732514897684,69.0,10.0,44.0,1597.0625,155.578125,920.3125,63.081315216935,1.2031917975469582,1890.506584472859,0.5504613305785124,0.02254846669115492,1.2294035395529201,0.0001592916666666666,33.464049586776866,0.051403098475550066,0.04669844387283539,0.0013333333333333049,1.113077714116452e-06,0.5504699422136653,0.0005598383368000802,0.02197297423115555,14.0,69.31914758898046,17.40625035981642,109.71428571428571,109.71428571428571,25,0.78125,0.3891807980211602,0.9248046875,0.2607677890053042,0.0011511479591836686,2.6611645114959726,0.03631561727750813,0.45532192909428515,0.01364651344200187,1
110,39.395833333333336,16.721875,35.821875,22.241093332812778,18.635336634586857,7.684571977955246,77.0,53.0,48.0,1292.375,504.28125,1074.015625,63.32936506072716,2.290346627001413,1897.9045098498696,0.5521253884297521,0.014278793183125724,0.8891418369009758,-0.00042631666666666603,33.513636363636365,0.04570838214536872,0.04147254498191534,0.0011666666666666713,-2.1870978454039736e-06,0.5521320222217806,0.0002549011192593658,0.014087395659276905,14.0,76.9721966901238,28.260046773437104,153.6,153.6,26,0.7878787878787878,0.3618397981853036,0.8764204545454546,0.30345244625547135,0.002927582908163278,4.28315138001564,0.08024785722802877,0.6461032429646885,0.018735704183244564,1
111,30.936458333333334,20.697916666666668,38.28333333333333,25.961291778144066,21.865650283638693,5.954946589927477,77.0,53.0,49.0,1125.5,673.296875,1147.171875,63.46044278415557,3.3779791748298056,1901.5705155922697,0.5383740661157025,0.011043009254754228,0.6998422795038093,-0.00034105000000000013,33.55661157024794,0.035362437909308486,0.031067298592210073,0.0009166666666666619,1.3306334169998706e-05,0.5383608365864931,0.00028815741415454067,0.010712895702421003,14.0,81.5747360146882,33.32924016725274,153.6,153.6,26,0.7647058823529411,0.45633820235023326,0.8644301470588235,0.3548249480263333,0.0003087551020408122,6.422650331841268,0.041431271573250494,0.07925226903878016,0.006450806043082969,1
112,35.11770833333333,19.425,29.990625,29.18103870235369,22.926390361328142,12.487281680815952,77.0,53.0,53.0,1251.015625,662.828125,906.1875,63.48185496969831,3.6277182368798426,1902.4809725408386,0.538722909090909,0.013832395007839126,1.1993725006129852,0.0,33.5901652892562,0.030369173993518694,0.025850881099694942,0.0008333333333333452,1.3353715860234277e-06,0.5387093311486219,0.0004913396565649347,0.013250930883686118,14.0,84.664747697237,33.57375754735519,153.6,153.6,32,0.9142857142857143,0.4143355439914682,0.8245535714285714,0.3141937517646702,0.000632163265306115,7.326470735430169,0.039005639805767045,1.889093007738951,0.00532393306604491,1
113,49.28125,8.9875,23.55,22.873157086510087,15.520478743153083,13.519106849196806,71.0,51.0,53.0,1564.09375,347.40625,713.4375,63.25836247258474,3.0383647938350777,1895.7915821617744,0.5362812396694214,0.014153950210538167,1.1993725006129852,-3.197500000000075e-05,33.622479338842965,0.03035005117251639,0.02325540783584927,0.0005833333333332765,-6.058675193154985e-06,0.5362864183753364,0.0004533342400213349,0.013676211976955092,15.0,79.54890009981548,31.586611397407697,153.6,153.6,29,0.8529411764705882,0.42880634513587584,0.8644301470588235,0.29781007412316174,0.0031841836734694006,7.811829754240827,0.03911378539846787,0.662055922419204,0.005006994088322787,1
114,61.05104166666667,6.264583333333333,11.248958333333333,3.478879572735627,4.016994605388738,8.871977123595238,70.0,16.0,53.0,1829.625,215.515625,344.515625,63.219993246956385,1.7880260591286152,1894.5541208865302,0.5357632561983472,0.014250927616337753,1.3072220192969417,6.394166666666701e-05,33.64991735537189,0.02707491497872298,0.030974973586152223,0.000416666666666643,-1.261519697541181e-05,0.535775013616561,0.00045996413406678224,0.013771517453696185,15.0,78.87680517325984,26.480428457634883,147.69230769230768,147.69230769230768,30,0.8571428571428571,0.36565406495838143,0.8397321428571428,0.24933904975894547,0.001520999999999999,3.824960562239897,0.02974171411836906,1.669444292090974,0.007775691705681878,1
115,62.084375,8.064583333333333,5.882291666666666,1.9658982322020133,1.5027737664251248,7.136591372282046,70.0,15.0,39.0,1860.640625,241.75,179.671875,63.32214335899398,1.2118830071483944,1897.7201367333146,0.5265780909090909,0.005483343718077371,0.5263192324718189,-0.00017052500000000007,33.668264462809915,0.015517395514532663,0.01547367921952535,0.0002500000000000095,-5.361022738152027e-07,0.5265784083292461,0.00022159324210227287,0.005126961868218387,15.0,75.272949010128,24.964553634507094,147.69230769230768,147.69230769230768,24,0.7272727272727273,0.3647588398249846,0.8702651515151515,0.2333939330619555,0.0010354604591836763,3.2638031939883625,0.030156153774956743,1.1891777613166203,0.009239574809688806,1
116,62.7875,7.994791666666667,1.4052083333333334,0.8345719960954039,1.3930534351789559,2.309259882862304,70.0,15.0,9.0,1881.65625,239.625,51.140625,63.36822374126263,0.7742544008782709,1899.055913344488,0.5207542148760331,0.006058997664435095,0.36400897912667735,-0.0001065749999999995,33.675785123966946,0.01424415589112915,0.012892817623338129,0.0004166666666667022,3.804045956233019e-06,0.5207545143870266,0.0001883413512722401,0.005836530997746579,15.0,72.58000971014962,19.3433401141849,123.87096774193549,123.87096774193549,24,0.7272727272727273,0.33347571828770384,0.8787878787878788,0.20164562911067488,2.9387755102040316e-06,1.3969582855417477,0.0030253014093966145,2.0099398475833037,0.0021656347513794136,1
117,60.092708333333334,6.680208333333334,10.103125,4.638465640517766,2.52710802234436,14.924141189173167,66.0,10.0,45.0,1801.015625,204.859375,311.8125,63.30482894435501,0.9809046806999147,1897.180845348757,0.5101951074380165,0.013071092592701249,0.8127527873100476,-0.000373025,33.68322314049587,0.016120151960456817,0.018044590987928648,0.0005833333333333357,7.834089135130403e-07,0.5101959218233544,7.988817280041369e-05,0.012998411128876812,14.0,73.75713965356088,20.473797367258186,123.87096774193549,123.87096774193549,28,0.8235294117647058,0.32869944305343196,0.8722426470588235,0.21771256714866893,0.00017461734693877538,2.7406181262540334,0.015207927845156734,0.6765221166334698,0.005549086791578449,1
118,49.85208333333333,9.105208333333334,22.007291666666667,20.135969987224076,16.0988604008668,17.087792577302974,66.0,54.0,50.0,1560.21875,326.203125,665.875,63.29723274710914,1.5935787476497303,1896.9043364148856,0.49642266942148755,0.01533358356997246,1.0225015633991807,-0.00028776666666666627,33.705702479338846,0.031064487611211535,0.02833897991213155,0.0007500000000000284,2.4259115450746187e-06,0.49640985780566504,0.0001372391273209613,0.015274323707952994,14.0,76.3661378710148,24.036454335117753,142.22222222222223,142.22222222222223,32,0.9411764705882353,0.3866081348152196,0.8589154411764706,0.24252038596958148,0.00016074617346939087,4.322321775282834,0.004974105658961182,0.6775296804321648,0.001150794854609291,1
119,32.7625,23.579166666666666,29.1,28.50675815340402,24.74200172390172,11.573245007343447,65.0,58.0,50.0,1218.953125,760.40625,872.8125,63.49480138654835,1.8222550725525657,1902.8466748791095,0.4871846280991735,0.011731183839799689,0.8711344667951605,-0.00036236666666666684,33.733636363636364,0.03143930266507448,0.028322178945688288,0.000500000000000019,4.702480341347272e-06,0.487177899711626,0.0003859418034742054,0.011444327573739452,14.0,75.35750160576997,22.674514487574456,142.22222222222223,142.22222222222223,32,0.9411764705882353,0.35656427193276025,0.8635110294117647,0.23392446966281347,0.00019103188775510308,4.09789486079523,0.004722947566502477,1.6819614522587834,0.0011525301958542563,1
120,18.9,32.49791666666667,28.517708333333335,32.64784321615544,25.47290218368771,11.52080088716046,83.0,58.0,55.0,1015.015625,1046.4375,854.65625,63.76050501165279,2.9430498340439613,1910.850254960037,0.4758538099173554,0.020992890994005153,1.556845457070989,-6.394166666666655e-05,33.76586776859504,0.02879593122910715,0.02828026355569143,0.0008333333333333452,1.7899779875797395e-07,0.4758601170337124,0.0007032650414266442,0.020353106048110785,13.0,73.5867747481385,25.92130482793457,142.22222222222223,142.22222222222223,28,0.9032258064516129,0.44934667562566133,0.905241935483871,0.2709219101264726,0.002239317602040809,3.2692044868856076,0.007693454481763612,0.8294332302538474,0.0023533108781129642,1
121,25.216666666666665,27.978125,28.842708333333334,32.90429514347464,24.6250748862017,10.767294661687178,83.0,58.0,55.0,1138.515625,860.75,864.8125,63.62719803641915,2.675600250591745,1906.8448363538787,0.4698395950413223,0.020792148528695018,1.556845457070989,-0.00023447500000000018,33.80074380165289,0.04130445895238179,0.0359558334066912,0.0009999999999999788,1.350310417657384e-07,0.46986317197688704,0.0006949584401916685,0.020182583451591078,14.0,69.72263686586015,22.02309700179784,132.41379310344828,132.41379310344828,26,0.8387096774193549,0.49991047375588493,0.9450604838709677,0.2996835257329532,0.000932429846938779,5.3561212855747575,0.012245548226389819,1.6508087621752066,0.002286271645746679,1
122,38.04375,12.795833333333333,34.040625,28.17519895116093,19.788569494505886,7.8060750664279634,83.0,56.0,55.0,1352.59375,405.25,1020.3125,63.32295326782943,2.5282664232544487,1897.6972890670258,0.45488331404958676,0.01889639399288739,1.556845457070989,-0.0002984166666666667,33.84107438016529,0.043252127504974834,0.03593458285349295,0.0009999999999999788,-5.240952862319608e-06,0.4548928762753192,0.0005973962779353078,0.018343062169032497,14.0,69.46243655546637,21.591396150261968,132.41379310344828,132.41379310344828,23,0.7419354838709677,0.4968815513194937,0.9460685483870968,0.29709612705044924,0.0005094693877551022,7.108947035018274,0.014985498491185821,1.9121017111145262,0.0021079772317008547,1
123,50.219791666666666,4.160416666666666,37.78958333333333,0.8818918810889209,1.2736495435253068,0.9148632828947115,57.0,7.0,40.0,1505.015625,124.71875,1132.53125,63.01121025076268,0.46197878830900924,1888.3758837597547,0.4427492561983471,0.0175624973108572,1.2260854183575192,-0.000522241666666667,33.875289256198336,0.025747482591067846,0.020515839802114473,0.0006666666666666524,-2.4809910989612525e-06,0.44276213973199097,0.00012054353678980342,0.01748872527167222,15.0,70.4184013955948,12.455929246640064,98.46153846153847,98.46153846153847,19,0.5757575757575758,0.2448661095805088,0.8778409090909091,0.1499415203956779,0.000398572704081633,1.2367012379481759,0.005452874590013778,1.0062469659809934,0.004409209292181756,1
124,49.68541666666667,4.603125,38.43541666666667,0.6700402921135082,1.0153974103973609,0.6769999948711636,52.0,7.0,41.0,1488.984375,138.015625,1151.875,62.99831261903896,0.5114347340279761,1887.9724730861326,0.4259643719008264,0.013308164155595176,1.0315246970678302,-0.0004049916666666667,33.89595041322313,0.015565298997676924,0.015373260009748447,0.0,-2.0864818098971843e-06,0.4259765129974765,0.00011658564654309361,0.013241103932696523,15.0,71.5065502887265,10.285574897049457,98.46153846153847,98.46153846153847,11,0.3235294117647059,0.19177188523323507,0.8561580882352942,0.12249204021567318,0.0001414400510204085,0.448668870719179,0.011864167050371122,0.2792178074084813,0.026443035888257294,1
125,50.58958333333333,4.732291666666667,36.93125,2.792530183612863,1.8377406186938412,4.836650711408326,75.0,21.0,42.0,1516.078125,143.3125,1106.765625,63.07722490213814,1.204224637854955,1890.3193947460986,0.4148555702479339,0.0073596722661338635,0.6155090013980526,-0.0002024999999999999,33.90256198347107,0.01411457986129435,0.010245816154788985,0.0,1.0836917789325592e-07,0.4148594056827423,0.0001340102735164121,0.007219738602988295,15.0,73.07553280688902,9.830188789567783,101.05263157894737,101.05263157894737,13,0.37142857142857144,0.17137292979399188,0.8361607142857143,0.11502446778305697,0.00030375510204081694,0.46939806038876286,0.006505419904140627,0.19802577772548055,0.013859068566991385,1
126,51.848958333333336,5.882291666666666,34.9,3.1442902879553847,2.759396627573479,5.411831174996746,75.0,21.0,42.0,1553.890625,177.71875,1045.90625,63.13551645311498,1.2732421339949338,1892.122436805174,0.40690707438016527,0.006520932319598297,0.6045647324359669,-0.0001598666666666665,33.89826446280991,0.01756582359571319,0.015373260009748447,-0.0001666666666666335,-7.671051662603965e-07,0.40692415636604,0.00012955664229428706,0.006397490995199448,15.0,78.36800585333233,22.204872326025246,147.69230769230768,147.69230769230768,19,0.5428571428571428,0.36696743248870595,0.8290178571428571,0.2714550034122617,0.0006072704081632646,3.27871148659738,0.05604793165999171,0.5884384700818279,0.01709449943647155,1
127,53.264583333333334,7.361458333333333,32.671875,2.683047830308327,2.630267326071101,4.717392533774175,75.0,21.0,42.0,1596.34375,222.1875,979.03125,63.194264429491454,1.2704762422722156,1893.8673867700077,0.39881066115702485,0.008870367482910707,0.8060833134893002,-0.00017052500000000007,33.88380165289256,0.02025687102477135,0.023070105562635803,-0.000416666666666643,-6.946536569187616e-07,0.39881339973275454,0.00014011782047139795,0.008748924936518963,16.0,78.5738530974312,24.34862986969619,147.69230769230768,147.69230769230768,21,0.6,0.3898982209528608,0.8366071428571429,0.28125850327281715,4.17869897959189e-05,3.567097095201733,0.04363370678332806,0.7533380893000775,0.012232273363688859,1
128,54.204166666666666,7.914583333333334,30.146875,3.683293269012876,2.2446686451208984,8.161666664007726,75.0,18.0,42.0,1624.421875,240.609375,905.0,63.179278849549185,1.778510346021857,1893.4560799083124,0.3917289669421487,0.008106405610149456,0.72841957692235,1.0658333333333585e-05,33.87165289256198,0.015121934560637668,0.012824289407845668,-0.0001666666666666927,1.2128343806707917e-05,0.3917015099908283,0.000246547361779116,0.007744394698556009,16.0,74.88060021313657,26.981034353850117,147.69230769230768,147.69230769230768,17,0.53125,0.4084636494516827,0.90478515625,0.33843456432587427,0.011092603316326556,6.765405693081523,0.12976859525287165,1.1586828500684327,0.019181199345602636,1
129,57.114583333333336,7.148958333333334,22.532291666666666,4.865417487368262,3.161898651379772,12.033330402743756,75.0,18.0,36.0,1711.625,221.90625,676.859375,63.21483875770964,1.8006926917451063,1894.4740673323895,0.3891920991735537,0.006349847840182503,0.72841957692235,-5.3291666666666534e-05,33.8604132231405,0.017363241033807084,0.015391420987954839,-0.000500000000000019,4.3380096694759497e-07,0.389185137150025,0.00031239842924368045,0.005891987942063344,15.0,69.10235552503231,17.426906147009724,128.0,128.0,21,0.65625,0.32149356901710313,0.92138671875,0.23272480176973973,0.0002081836734693872,2.4517402476088783,0.04678008919481349,0.27212963904101306,0.01908036107839603,1
130,60.06875,6.630208333333333,11.596875,4.546228118359951,4.490931134697706,13.222337106869887,75.0,18.0,36.0,1800.265625,217.25,375.34375,63.23771141789368,1.8331951961536679,1895.1570279079692,0.38879054545454544,0.006654990129206407,0.72841957692235,-3.197499999999983e-05,33.8502479338843,0.01865133810444961,0.015391420987954839,0.0,2.4600684859214296e-07,0.38879688902070875,0.00031036742875405177,0.00624504046755797,15.0,66.78365139564558,17.099178812961263,101.05263157894737,101.05263157894737,26,0.8387096774193549,0.36437866278890885,0.9596774193548387,0.25296796059360693,0.003116031887755105,2.8719817072964213,0.024844254533794727,0.4386477106255329,0.00865056155151566,1
131,62.40833333333333,6.413541666666666,4.417708333333334,1.0205867049017552,4.294961189960148,5.4284646154872584,67.0,13.0,22.0,1870.328125,207.484375,174.71875,63.27371231960842,0.9184657290472141,1896.2156155307098,0.3856301652892562,0.007895895836672905,0.8844315465122675,-0.00026645,33.838595041322314,0.013805363978724205,0.015400517577225346,-0.0003333333333333262,-9.05996996869962e-06,0.38565381475327426,0.0002177809183442496,0.007851864892574839,15.0,66.80747989103948,14.209508008410342,101.05263157894737,101.05263157894737,26,0.8387096774193549,0.29624384663089065,0.936491935483871,0.18466162640247905,0.0009302500000000025,1.5702730399014992,0.01301040144077821,0.423802984269523,0.008285438971552574,1
132,59.61145833333333,7.433333333333334,7.520833333333333,10.184653178840401,9.755539736762675,13.78100985555445,105.0,56.0,67.0,1788.09375,265.140625,272.703125,63.50091406436353,4.668105039198011,1903.051993039442,0.3851862892561984,0.016143909696484045,2.268136800568495,-0.00013855000000000025,33.837851239669426,0.013977940801195876,0.020527961432185292,8.333333333337597e-05,6.279627778215114e-06,0.38515824032853896,0.0006347187359660076,0.015152748342143857,16.0,76.48692470572409,26.006897904074236,153.6,153.6,27,0.7941176470588235,0.352316636437461,0.8639705882352942,0.24712644874985118,0.00011025000000000092,3.012095436620696,0.018058155364381344,0.5965443082898232,0.005995213546301505,1
133,55.936458333333334,4.817708333333333,15.114583333333334,14.458097643071762,15.228916400987428,15.605534402674444,105.0,72.0,68.0,1678.109375,335.265625,476.96875,63.535309183496274,5.319961180077758,1903.9833108450403,0.3866554628099173,0.019138718250752182,2.298328094605648,0.0002024999999999999,33.85363636363636,0.027961011816779763,0.025652380246345377,0.0005833333333332765,-1.4510899029267576e-05,0.38668015528033894,0.0008898016202307478,0.017706822881089823,15.0,84.71933815527444,28.21584354666277,153.6,153.6,31,0.8378378378378378,0.3328854412765582,0.7850506756756757,0.24253545202590143,0.00019600000000000073,1.1683731855182944,0.015437995127847846,2.3095658904574545,0.013213239844253613,1
134,45.876041666666666,1.5166666666666666,26.622916666666665,22.415727573847132,16.31032818662934,22.34776032386815,105.0,72.0,70.0,1398.421875,355.03125,840.765625,63.55788548337325,6.6332798234166255,1904.6910716607158,0.3972780578512396,0.020394730492363886,2.298328094605648,0.0001811833333333332,33.883223140495865,0.035401239088203675,0.030755616570799095,0.001000000000000038,-1.377277459458483e-05,0.3973030730301058,0.0009571000441886313,0.01889512605681367,14.0,88.72363777008896,27.481903587243607,153.6,153.6,34,0.85,0.3117980899207132,0.742578125,0.22493997408944322,2.7188775510204456e-05,1.449712280908067,0.015253168260907318,1.934825161861334,0.010521514138897325,1
135,44.81875,-1.6166666666666667,32.501041666666666,20.300668669713815,12.707729493850934,19.680680008109405,81.0,72.0,70.0,1365.21875,258.921875,1014.921875,63.26383108495857,5.125626932759651,1895.9464581489563,0.3950372809917355,0.01733779608336889,1.8701398949217838,0.0,33.9199173553719,0.03594062752729226,0.03841620432147463,0.0010833333333332953,-9.380221350831391e-07,0.39504013535643967,0.0007853440624555606,0.016244238853927097,14.0,88.50322264033348,24.859706329882997,147.69230769230768,147.69230769230768,32,0.8,0.27238522341694205,0.73125,0.1998290284843521,9.576020408163362e-05,1.3464350438616242,0.010559983650972403,0.7441768289137889,0.007842920977967113,1
136,43.66458333333333,-1.3802083333333333,38.655208333333334,17.309919959175303,5.50796997903316,16.470329192417413,81.0,28.0,70.0,1330.09375,117.109375,1197.015625,63.12191776218577,4.426313141188357,1891.6897841911755,0.3874798099173554,0.01936763444355235,1.7052350580944484,-0.0003304000000000001,33.947851239669426,0.02450186741307138,0.02046749609946932,0.000500000000000019,2.0930538194007458e-05,0.3874420108844304,0.00047528374477895466,0.01895115325791294,14.0,85.2417322242743,23.845625652002315,147.69230769230768,147.69230769230768,28,0.7368421052631579,0.2686262285698768,0.7549342105263158,0.19032632930231308,0.001710413265306123,1.5671545024684173,0.033840377590539546,0.44900456299507524,0.02159351712753129,1
137,40.67916666666667,-2.203125,43.990625,15.413575703652356,4.311248686213195,10.840458344063455,81.0,16.0,70.0,1220.03125,103.125,1321.765625,62.95228279636312,2.3482455990356104,1886.5669892229262,0.3730731487603306,0.011993224315504262,1.7672339364329472,-0.00030907499999999986,33.96867768595042,0.017672042109816335,0.017901147942747855,0.0001666666666666335,-4.932609590344009e-06,0.37311199481364504,0.00037076494297948865,0.011560149608207893,15.0,85.20672109632987,28.295520270823527,153.6,153.6,29,0.7837837837837838,0.3973808155746897,0.7829391891891891,0.25707328462310153,9.928698979591736e-05,3.080655319476418,0.03092054302514793,4.106248012027771,0.010037001812459541,1
138,37.30833333333333,-3.234375,45.08541666666667,18.762405155582325,6.402983160947326,13.210672604365087,86.0,27.0,70.0,1122.453125,148.375,1356.109375,63.16363384557134,3.601525291122484,1892.9487173255197,0.3680313305785124,0.004796490346366182,0.6875448616255726,-9.591666666666638e-05,33.98462809917356,0.021514604776776566,0.025546752645667484,0.0002500000000000095,-3.157105472644955e-06,0.3680287986047934,0.0003263397886120983,0.004253722300801595,15.0,75.90804569874953,26.439721116298006,153.6,153.6,28,0.8235294117647058,0.45013544889120305,0.8791360294117647,0.27936225192596476,0.006948413265306142,4.978306309770469,0.04963801912969654,1.0615371311471042,0.009970864796381956,1
139,38.33541666666667,-3.2666666666666666,40.50833333333333,22.405588863638215,7.1641274571452325,18.67702279689018,86.0,27.0,70.0,1159.875,181.703125,1220.609375,63.289987145665584,4.212385757281975,1896.7483040113675,0.3664142479338843,0.0065635081859569434,0.7813809239528297,-9.591666666666638e-05,34.00421487603306,0.023132820450810183,0.02043138757552053,0.000500000000000019,2.0008462029206605e-07,0.3664136750690346,0.0003444865466513974,0.006091931774393955,15.0,79.04192496891476,26.631491495731375,153.6,153.6,29,0.8285714285714286,0.461081576435967,0.8464285714285714,0.2835345142849744,0.0002303890306122478,2.3815324818864845,0.006963746592278294,2.7624852495660863,0.0029240611435045797,1
140,50.22604166666667,-1.1864583333333334,29.425,18.779142601077325,6.645300968097474,15.591216811611167,86.0,27.0,70.0,1514.984375,130.296875,888.5,63.35595336953869,3.977311399698721,1898.6710648147991,0.3617001735537189,0.00954167598605044,1.0043563667196507,-0.00010658333333333353,34.022892561983475,0.021024897343678982,0.02043138757552053,0.0006666666666666524,-2.2940694714314103e-08,0.36170422398874263,0.0003223440763889587,0.009235827044849041,15.0,76.19509802920994,18.995739443572848,123.87096774193549,123.87096774193549,26,0.7428571428571429,0.34710718580504785,0.8379464285714285,0.21695969277913427,0.0003623584183673462,1.5406829235010404,0.020493352244344593,1.4649165669066346,0.013301472958352519,1
141,56.284375,0.5947916666666667,23.936458333333334,11.823853257689517,3.842657223840107,9.87827603666739,73.0,22.0,69.0,1693.5625,81.734375,718.625,63.15340924373603,2.2439791799086364,1892.6126811958218,0.3527686776859503,0.009691850664828507,1.1214789159622551,-0.00018118333333333366,34.03545454545454,0.014258533764869642,0.012763984130976723,0.0002500000000000095,-5.916439017561504e-06,0.35280034534359683,0.0001708073836700087,0.009562061014626323,15.0,84.3254175813432,27.428986998875466,153.6,153.6,29,0.7837837837837838,0.5116773334596608,0.8023648648648649,0.3393883339155233,0.001675147959183679,5.119226749469414,0.04214188800281844,4.099473672521179,0.00823208075461519,1
142,57.748958333333334,1.8083333333333333,24.889583333333334,1.769091974695085,2.208113196575051,3.7575335207716005,61.0,8.0,33.0,1730.671875,73.421875,745.90625,63.08395725781614,0.49240399473042484,1890.5403188991172,0.3421566363636363,0.008873269380793768,0.8178532339298954,-0.00022381666666666661,34.03719008264463,0.01596603525648474,0.01786433051244487,-0.0002500000000000095,1.4807395214632567e-06,0.34215856365856073,0.000118977591116426,0.008798495061932348,15.0,80.41608308309586,28.79325397503648,153.6,153.6,29,0.8529411764705882,0.5836904514270567,0.8584558823529411,0.3740594281317094,0.00010950127551020437,6.208376410123439,0.048670609325701206,2.335672235144743,0.007839506838911771,1
143,56.97083333333333,2.736458333333333,26.458333333333332,2.12210178177726,1.5378298962923551,4.39084432528516,63.0,8.0,33.0,1707.265625,85.453125,793.046875,63.07993770064248,0.5259924109684397,1890.4080437353339,0.33276003305785123,0.008806395522464384,0.8367502551256477,-0.00021315833333333348,34.03727272727273,0.01715269296737466,0.01786433051244487,-0.0001666666666666335,8.600547161866702e-07,0.3327593286488462,0.0001272532594904355,0.008715751024524323,15.0,84.94991267064671,30.299467767600248,153.6,153.6,30,0.8333333333333334,0.5718896368150315,0.8211805555555556,0.379162453553109,1.1511479591834559e-05,7.73523188406036,0.04522721852618841,3.9128911432323914,0.005846911793218001,1
144,55.751041666666666,2.6885416666666666,28.896875,2.170229192565589,1.35395791660249,4.525942653308996,63.0,8.0,34.0,1670.78125,81.546875,865.984375,63.06474128589453,0.5494981436343445,1889.9565281444193,0.32453680991735545,0.006211397500907653,0.6456893482889858,-0.0001811833333333332,34.033305785123964,0.01750506088578273,0.01786433051244487,0.0,1.1965783920636796e-06,0.32452949262888053,0.0001088564396824432,0.006052159740267238,14.0,81.45567107394676,27.65513589180849,153.6,153.6,30,0.8333333333333334,0.41541012168269154,0.8263888888888888,0.28225557545696633,0.0012476033163265348,2.7700491748516027,0.047915116943941065,1.6397473830411096,0.01729756907528834,1
145,55.08229166666667,1.909375,30.114583333333332,2.404097838052885,1.2890224109927906,4.996811049031394,63.0,6.0,35.0,1650.796875,58.4375,902.40625,63.06141766489485,0.5095933938172692,1889.8773827701907,0.3183535454545454,0.0047722442733957645,0.5578517155330156,-0.00012789166666666665,34.03495867768595,0.013244301250229427,0.01786433051244487,0.000416666666666643,-6.881442784314776e-08,0.3183546783750425,0.00010710676963155872,0.004614491310078624,14.0,82.32848914300455,27.75220185045996,153.6,153.6,27,0.7297297297297297,0.3325593227155119,0.8057432432432432,0.24202167220976536,0.0002228622448979574,1.9210516865043712,0.03632963884780617,2.743869892812803,0.018911328155835908,1
146,53.77916666666667,1.3791666666666667,32.73854166666667,1.345975224718329,0.9852999402325274,2.527221374012156,60.0,6.0,35.0,1611.609375,42.484375,981.296875,63.04674944129137,0.4355187179610911,1889.4237393276976,0.3137558016528925,0.004114489913697027,0.49604400532693393,-0.00011723333333333308,34.0296694214876,0.015531034476064434,0.012763984130976723,0.0,-1.1592727844528785e-06,0.31375960474325154,8.89257273103802e-05,0.0039366233332107925,13.0,75.66790412237324,24.248991405029958,147.69230769230768,147.69230769230768,21,0.6176470588235294,0.3119194417840587,0.8579963235294118,0.21582097761771424,0.0012678686224489822,3.0501641944217313,0.016468510510977127,1.3393837696106394,0.005399220980003448,1
147,53.15208333333333,1.071875,33.925,0.44930018887401124,0.39269451788253934,0.6459811658761163,56.0,3.0,35.0,1592.90625,32.375,1016.703125,63.070310661722516,0.32831087982536694,1890.1496611167017,0.30952788429752065,0.0034582646419440465,0.3586788774583685,-0.00010658333333333353,34.025041322314046,0.018232836010759857,0.015319033314883473,-0.0003333333333333262,-1.1640164058592805e-06,0.3095316840263318,8.06048071449244e-05,0.003269760637788072,14.0,74.2855415412286,19.26583015739311,147.69230769230768,147.69230769230768,19,0.5588235294117647,0.25229767996987573,0.8492647058823529,0.1691326320087511,0.00147127040816327,0.7173040714522282,0.03896870642130313,0.1623336503222505,0.05432662098572573,1
148,52.76145833333333,1.0760416666666666,34.572916666666664,0.528730750568966,0.3407237369637689,0.7818886278677347,55.0,3.0,38.0,1581.203125,32.25,1036.09375,63.09569430145116,0.39531921846984114,1890.8982422747322,0.3060925537190083,0.003470970712226023,0.5106574179300443,-3.197500000000029e-05,34.01512396694215,0.020087235471598446,0.015319033314883473,-0.0004999999999999598,7.808048199574261e-07,0.3060841637595742,0.00012166286008861298,0.003203490304085776,13.0,72.18049057605234,14.184347908411924,103.78378378378379,103.78378378378379,21,0.6363636363636364,0.2725431803517564,0.8612689393939394,0.1572297679365783,4.9000000000000175e-05,0.724312438887673,0.008407994634264993,0.4145343291187306,0.011608242773211453,1
149,52.186458333333334,3.513541666666667,33.81041666666667,3.486525245847297,9.576654772062314,2.6539074637953917,63.0,46.0,40.0,1563.96875,118.578125,1013.453125,63.15451279043179,1.1552478247206104,1892.6624264341954,0.3037776694214876,0.003041073373435548,0.40544345066265375,-8.526666666666682e-05,34.012809917355376,0.018773250729917874,0.015319033314883473,0.0,-3.822385524394102e-07,0.3037743363370994,0.00014764860932290835,0.0026567992853270576,15.0,78.90625506254676,20.450011668436197,147.69230769230768,147.69230769230768,28,0.7567567567567568,0.28316046733330674,0.8032094594594594,0.1740858824584275,0.0013769400510204072,1.154626434199583,0.01203294853003015,0.6094487427163016,0.010421507921193318,1
150,50.360416666666666,10.2,34.03333333333333,4.998468081294731,12.2723265927859,5.4666539633998745,83.0,46.0,43.0,1509.296875,319.375,1019.828125,63.23357709800466,2.339457356746346,1895.0378195948238,0.29670644628099174,0.009863207469477522,1.031134971836801,-0.00023447499999999972,34.00842975206612,0.017344742908157792,0.015319033314883473,8.333333333331676e-05,-1.0576397047913849e-06,0.2967093014990605,0.00015320525498149965,0.00971217080695344,15.0,84.82937936924925,26.031350332311256,153.6,153.6,27,0.7105263157894737,0.34747292938501756,0.7701480263157895,0.2205024929282024,0.00037193877551020444,1.7088488232398091,0.003420742709660028,0.8027436631541447,0.002001781938307823,1
151,47.317708333333336,16.252083333333335,36.21145833333333,5.605623939247431,10.628136587680313,6.6887712154972,83.0,46.0,44.0,1418.03125,500.953125,1085.109375,63.23047607919143,2.322135109218747,1894.919327368014,0.2858936446280992,0.014442753687587498,1.4463790839473536,-0.000373025,34.01239669421488,0.01781562103066127,0.015319033314883473,8.333333333331676e-05,-2.559781042339949e-07,0.28589056024673426,0.00012810995707926678,0.014332781813573819,15.0,86.15114814259927,24.026208534530877,153.6,153.6,20,0.5128205128205128,0.3034567331565182,0.7463942307692307,0.19555550710973787,9.646045918367332e-05,1.1739678863731524,0.007171403774141197,1.9825246710341895,0.006108688199552441,1
152,44.534375,19.846875,39.66770833333333,3.6681150962551596,1.7578664343577604,5.801669924679493,83.0,31.0,44.0,1334.484375,594.671875,1188.859375,63.219561834809085,2.0561192608286016,1894.4927321525574,0.2714764876033057,0.011596796492046651,1.4190517542951788,-0.0003197333333333334,34.012727272727275,0.018044939310253565,0.015319033314883473,-0.0002500000000000095,1.4908913483918065e-06,0.2714650905823522,9.489955846262337e-05,0.011496987354725112,16.0,79.2232341128302,21.82008096227838,153.6,153.6,16,0.4444444444444444,0.2781576024230046,0.8094618055555556,0.20767537522588514,0.0015377602040816236,1.1976613340098006,0.021780480434689664,3.5761489735740195,0.018185842538447877,1
153,42.775,19.1875,42.280208333333334,0.575,0.3903123748998999,0.5912768301993201,44.0,20.0,44.0,1281.90625,575.03125,1267.09375,63.136504504322644,0.3019502867130028,1892.1246498456985,0.2607586611570248,0.007799981011370953,0.9320657461210415,-0.00021315833333333348,34.012231404958676,0.017975539086884103,0.015319033314883473,0.0,-1.4313276519604604e-06,0.2607662889985461,9.507684625623913e-05,0.007691548888469661,15.0,72.28905057769418,13.054610840499754,103.78378378378379,103.78378378378379,21,0.6176470588235294,0.2572774808995733,0.859375,0.16613925435680543,6.7971938775510555e-06,1.2775837750342631,0.0046417444222722915,0.2538528966542268,0.003633221173419963,1
154,42.33958333333333,19.138541666666665,42.73125,0.5583605403818893,0.35144635427125365,0.5886624138672351,44.0,20.0,44.0,1268.859375,573.5625,1280.59375,63.131327276624596,0.3180271870689745,1891.959105081311,0.2534232314049587,0.0053058814189917754,0.8353692019623132,-0.00014920833333333336,34.00933884297521,0.016299649501382033,0.015319033314883473,0.0002500000000000095,4.126814799018681e-07,0.2534250398580601,0.00010014024664800921,0.0051642015350219376,15.0,68.87560333668453,14.65464289635354,103.78378378378379,103.78378378378379,27,0.84375,0.29477183716885713,0.90869140625,0.1805815637229233,1.0727040816324158e-06,1.3918892653524788,0.003091124711640923,0.4342593205394645,0.00222081223599216,1
155,41.87291666666667,19.102083333333333,43.18958333333333,0.5741804243634768,0.3259534625099451,0.5876292706479335,44.0,21.0,45.0,1254.875,572.46875,1294.34375,63.12082127277902,0.3376465359239973,1891.654510645249,0.2482018595041322,0.0042631778805742905,0.6231965572112284,-0.00012789166666666644,34.007603305785125,0.014939259575865746,0.010215690254994182,0.0,7.80782613761122e-08,0.24820157833479647,9.312543246104045e-05,0.004123550252763809,15.0,71.88021899849947,16.16679076353918,103.78378378378379,103.78378378378379,26,0.7878787878787878,0.32132319585023156,0.8754734848484849,0.1857352576778949,0.00029510331632653274,1.8447438265988216,0.01263200184876086,0.8926936958016163,0.006847564234461024,1
156,41.37291666666667,19.070833333333333,43.71145833333333,0.7363308765237421,0.3181707700102083,0.7535153437481474,43.0,21.0,46.0,1239.90625,571.53125,1309.984375,63.14407999928189,0.3779806577361945,1892.3619995692388,0.2448619834710744,0.0029241180205446353,0.542444764233319,-6.394166666666655e-05,34.01123966942148,0.015404745857431453,0.010215690254994182,0.0,-2.0579616454520214e-07,0.244862235592403,8.712028624376001e-05,0.002667072306879853,16.0,76.07751453906296,14.924528049971913,103.78378378378379,103.78378378378379,21,0.5833333333333334,0.2617229144124974,0.8216145833333334,0.17145525608569054,9.298469387755027e-05,0.8551112164948642,0.003966450263429845,0.3419654593014191,0.004638519746809644,1
157,40.56458333333333,19.052083333333332,44.459375,1.0368199745964688,0.3281828652680629,0.981291466745907,43.0,21.0,47.0,1215.671875,570.96875,1332.40625,63.14319925284606,0.43051881342804593,1892.3343264953514,0.24174388429752067,0.002816172738967526,0.5569781091989556,-9.592499999999995e-05,34.009834710743796,0.016159508168727747,0.010215690254994182,-0.0003333333333333262,-1.491400374282699e-06,0.24175226483816567,7.249321190055403e-05,0.0025740909326558907,15.0,80.23910590024617,13.096353128273638,103.78378378378379,103.78378378378379,17,0.4473684210526316,0.2309004845897552,0.7709703947368421,0.1452667901627426,8.163265306122794e-06,0.2956000375363847,0.010365670812546555,0.9315139291045846,0.03506654092109399,1
158,40.284375,18.960416666666667,44.70104166666667,2.5036152245719254,1.4370455199432233,2.3872925211622524,72.0,30.0,52.0,1206.890625,568.234375,1340.015625,63.18082874658226,1.651250706296535,1893.3550509572754,0.23874193388429754,0.0037498317686463513,0.5599714631955567,-3.197500000000006e-05,34.00371900826447,0.01720715935013004,0.015328044515630124,0.0002500000000000095,-2.385707518665221e-06,0.23873397347073205,8.133923703184152e-05,0.003595799630440988,15.0,78.67411653207327,11.74546423687044,96.0,96.0,17,0.4594594594594595,0.15157950219640884,0.7825168918918919,0.13540803314802022,5.897959183673441e-06,0.8220204516260556,0.007411202055825902,0.6577918606135512,0.00901583657823312,1
159,44.708333333333336,15.536458333333334,40.18958333333333,7.311544334513439,5.108481913112468,8.231260018554606,72.0,30.0,52.0,1339.734375,465.59375,1204.671875,63.241142730761204,1.812730290884344,1895.2865186277254,0.23639533884297523,0.0026161737329328766,0.5146615923066665,-6.395000000000012e-05,33.991983471074384,0.016989050178517644,0.015328044515630124,-0.0002500000000000095,1.181458318389391e-06,0.2363902051930072,9.03839302229948e-05,0.0023555034906069714,14.0,79.29698317610078,16.47121700696668,132.41379310344828,132.41379310344828,21,0.5675675675675675,0.17542885201145095,0.7888513513513513,0.16216106242588807,0.0009922499999999992,0.6608534974831661,0.011287874806524711,0.19593087696921496,0.01708075216294402,1
160,50.001041666666666,11.820833333333333,34.83958333333333,7.371891926879911,5.446633453081106,8.369295061496452,72.0,30.0,52.0,1498.5625,354.203125,1043.984375,63.278258448550474,1.884290154173879,1896.3654198604995,0.23486265289256197,0.001699543354861425,0.5146615923066665,0.0,33.985206611570256,0.015108378363776273,0.020443409585778147,-0.0001666666666666927,7.425853468554723e-07,0.23485513673688185,8.706204422736338e-05,0.0013478009409660296,14.0,81.58225212100481,21.425614345782282,147.69230769230768,147.69230769230768,27,0.7297297297297297,0.250203367803906,0.7808277027027027,0.1816182799749898,0.0007740318877551023,1.0055783774317688,0.01386155760814956,1.165461101850556,0.013784661563180941,1
161,54.626041666666666,7.869791666666667,30.469791666666666,2.2932757135294244,1.9431299810521914,4.546876670484611,67.0,19.0,37.0,1636.9375,235.75,913.3125,63.26954271235259,1.0100362880243774,1896.0325811350954,0.23451383471074383,0.00181629957729931,0.6116032465561706,-6.395000000000012e-05,33.976776859504135,0.01706646588798915,0.025561789013834445,-0.0006666666666666524,3.132424198751151e-06,0.23450385831308374,7.075057063456088e-05,0.0013955159094552628,16.0,84.8087977901098,22.94469324877682,147.69230769230768,147.69230769230768,26,0.6666666666666666,0.26478922305869307,0.7560096153846154,0.18835327296437013,3.188775510204259e-08,0.9310701728936008,0.010110668518966755,1.5480870675806493,0.010859190653207795,1
162,54.24375,6.469791666666667,31.570833333333333,1.506569813903978,2.1421182950366107,2.5378762720476,60.0,16.0,38.0,1625.59375,193.796875,946.234375,63.19555406248872,0.7624445783565689,1893.8831194686722,0.2340170330578512,0.001323266706211067,0.3346653648147996,0.0,33.969173553719,0.018877017241425147,0.017901147942747855,-0.0001666666666666335,1.1681634082157278e-06,0.23400923358097872,5.552507384279181e-05,0.0009275524191925461,16.0,76.31393100289667,21.26098571017334,137.14285714285714,137.14285714285714,27,0.7714285714285715,0.31172928857683174,0.8473214285714286,0.23463038806834471,6.117474489795717e-05,1.8491867679787968,0.043640136727592704,1.6477826690023687,0.023599637139569394,1
163,53.1125,5.591666666666667,33.70520833333333,1.4038080649908422,1.490921601635117,2.240157629854922,57.0,10.0,38.0,1591.703125,167.53125,1010.125,63.22321251499232,0.531686891679609,1894.7181276955118,0.23375277685950413,0.0016840896380199025,0.3835449647980611,-2.1316666666666706e-05,33.9602479338843,0.01608154889117998,0.01534609875883932,-0.0001666666666666335,8.05871374558731e-07,0.2337552671243198,6.329826138904804e-05,0.0012273975613599217,16.0,80.40798594747892,27.716475861208238,153.6,153.6,26,0.7222222222222222,0.34927579731393604,0.828125,0.25750981811109863,0.0013192461734693895,1.7923181915608841,0.024658642009872382,0.8073915310000506,0.013757960012891349,1
164,52.266666666666666,5.236458333333333,35.104166666666664,0.9540119961975787,1.1242237870032321,1.3453559524857683,57.0,10.0,38.0,1566.34375,156.90625,1052.078125,63.207890157906284,0.523526617649185,1894.2675832208217,0.23265347107438014,0.002397839251411482,0.3835449647980611,-3.197499999999983e-05,33.95462809917355,0.013301421182631157,0.01534609875883932,0.0,-1.1053077299421116e-06,0.2326624102095703,6.72764560049551e-05,0.002131972769615478,14.0,79.43159800392549,26.864728850116983,153.6,153.6,28,0.8,0.35871502698971963,0.834375,0.25250419904570753,2.025000000000002e-05,2.7156320976577892,0.015634579594365025,1.3157435601769412,0.00575725246724316,1
165,51.95729166666667,5.688541666666667,35.63229166666667,0.36692551232807763,0.601970685828822,0.5135649081961846,54.0,7.0,37.0,1557.109375,170.484375,1067.859375,63.263009490077344,0.36366916061664034,1895.9278765896152,0.23033864462809914,0.003057686898822611,0.43266264859588927,-6.394999999999989e-05,33.95247933884298,0.012215759482248473,0.010233744498203367,0.0001666666666666335,-2.077201656085189e-06,0.23034889967943406,6.860714217902198e-05,0.002874765900668817,14.0,80.88091936484396,24.221512609460735,153.6,153.6,29,0.7837837837837838,0.2924445541881496,0.7994087837837838,0.20178918590411418,0.0036818890306122383,2.257804687861236,0.036564838570783936,2.152900313535534,0.016194863429671115,1
166,51.89375,5.932291666666667,35.702083333333334,0.38346351955998803,0.3363389881214421,0.47740164053853956,54.0,7.0,37.0,1555.203125,177.78125,1069.953125,63.27043350248369,0.3639405736136341,1896.149225686279,0.22742151239669423,0.0027382116596095176,0.49026463999546666,-6.394166666666655e-05,33.951322314049584,0.012527137402641764,0.010233744498203367,0.0,2.759692731600578e-07,0.22742722678695632,5.888884872419171e-05,0.002603584425891479,14.0,79.68184741403348,22.89391332263849,153.6,153.6,27,0.7297297297297297,0.28641098093474,0.8044763513513513,0.1874162827470292,4.4127551020407775e-05,1.4972529240011812,0.0014048621750521247,0.48199396378244075,0.00093829315844503,1
167,51.755208333333336,5.742708333333334,35.93958333333333,0.4466005373155697,0.5056441419258102,0.3542830691065487,53.0,7.0,37.0,1551.03125,172.109375,1077.078125,63.27453406747586,0.3846061325155167,1896.260848060714,0.22486384297520656,0.0023445803022129675,0.3943930028538458,-6.394166666666678e-05,33.94900826446281,0.01581948577058563,0.015355141838833833,-0.0003333333333333854,1.9365146590463254e-06,0.22486403335372981,6.868231637646384e-05,0.002177088777285328,15.0,79.85831345425662,22.61127486029726,153.6,153.6,27,0.7297297297297297,0.28347164592801677,0.8019425675675675,0.18813427537203037,0.00029265433673469264,1.1840825133536348,0.003805512695370983,0.2817369739682858,0.0032138914750060492,1
168,52.407291666666666,6.672916666666667,34.41875,2.0508506767348735,1.8442748782079335,4.192958196488489,64.0,13.0,38.0,1570.578125,199.96875,1031.46875,63.24920964740291,0.6542965526995003,1895.4918530941604,0.2219255867768595,0.0032264484623942655,0.6054921935160666,-8.525833333333349e-05,33.949173553719014,0.016342753182556406,0.015355141838833833,-0.0003333333333333262,5.468801178978672e-07,0.22192743332630943,8.476963642483398e-05,0.002955004028269973,15.0,79.65995006210181,24.908665872919077,153.6,153.6,26,0.7222222222222222,0.2995066628164198,0.8094618055555556,0.1900085177628477,0.0011560000000000012,1.2977219326236709,0.004441904063965401,0.9904327839752636,0.0034228473390944206,1
169,52.811458333333334,7.535416666666666,33.53333333333333,2.0276407571191095,1.929161042108431,4.070848259952164,64.0,13.0,38.0,1582.703125,225.828125,1004.90625,63.19984686295003,0.7079770474142474,1894.0088793842474,0.2188708677685951,0.003477177809618736,0.6657113089917345,-7.460833333333347e-05,33.94603305785124,0.01658832302848899,0.015355141838833833,0.0,-1.4376122229592871e-06,0.21888003052667895,9.088403569470947e-05,0.003201127184156252,15.0,74.38706298836428,20.339815551474917,153.6,153.6,28,0.8235294117647058,0.3098729540191847,0.8538602941176471,0.18346932786989534,1.3011479591836686e-05,2.6404352313713173,0.002189990565101445,0.584871476284734,0.0008294051446829344,1
170,53.33645833333333,8.522916666666667,32.49166666666667,1.8394756834300787,1.140858518713965,3.668550652354263,64.0,13.0,38.0,1598.453125,255.484375,973.671875,63.17246423922339,0.713830239418486,1893.199125494988,0.2156469421487603,0.00304793607798723,0.6236535016423296,-6.394999999999989e-05,33.949999999999996,0.014993111365882553,0.015355141838833833,0.0003333333333333854,-4.594164523321022e-06,0.21567680771133188,0.00010087268384658681,0.002637222662677799,15.0,75.03395903620672,21.49791321773724,153.6,153.6,31,0.9117647058823529,0.3237442047860869,0.8534007352941176,0.19771553712539355,0.000626786989795913,2.4324614318160966,0.006509919673342687,0.27380027127019235,0.002676268403763477,1
171,53.052083333333336,8.329166666666667,33.16979166666667,0.5257889244321865,0.506194269909181,0.5927724042698757,57.0,11.0,35.0,1589.921875,249.625,994.046875,63.125282843952036,0.4651604071592858,1891.7962000219845,0.21297266942148757,0.00274183348014911,0.5227715045071397,-6.394999999999989e-05,33.952231404958674,0.015771488204188135,0.02302254528337666,0.0005833333333333357,1.8523332468853416e-06,0.21295734341181818,9.503063077164419e-05,0.0024265963141288037,15.0,72.94306605399017,15.289992533558166,103.78378378378379,103.78378378378379,27,0.7941176470588235,0.25660083153104596,0.8566176470588235,0.16507567878202414,0.00040000000000000403,2.000528870884706,0.016053178880931124,0.6031683797183911,0.008024467486856028,1
172,52.96458333333333,8.380208333333334,33.270833333333336,0.5131559149571946,0.5647860567777461,0.625485922214792,56.0,11.0,36.0,1587.296875,251.125,997.0625,63.112895258368766,0.3991579965043311,1891.411797189382,0.210562652892562,0.0025198016736556385,0.5291428806528637,-5.3291666666666534e-05,33.96322314049587,0.016273228841078832,0.017901147942747855,0.0003333333333333262,2.3974116857657212e-06,0.2105533458802965,9.188783276264339e-05,0.0021470522980585084,15.0,77.46556174913803,20.847346807532368,147.69230769230768,147.69230769230768,26,0.7222222222222222,0.2876261369257967,0.8216145833333334,0.184450571553341,9.877551020408191e-06,1.425628722810227,0.005175895677482342,0.579444337991679,0.003630605637125153,1
173,52.489583333333336,8.623958333333333,33.920833333333334,1.1151867525466557,1.337460652977832,1.2144886326717466,57.0,17.0,41.0,1573.09375,258.453125,1016.46875,63.12040130814418,0.6887043624302938,1891.6203871469008,0.20855432231404958,0.0021583867644700025,0.6468435979746414,-5.3291666666666765e-05,33.974462809917355,0.01923969782168223,0.017901147942747855,0.0003333333333333262,3.6845241918360218e-06,0.20851502130784083,8.929338966605207e-05,0.0017347373616672518,15.0,75.96404319815983,22.05153508218445,147.69230769230768,147.69230769230768,25,0.7142857142857143,0.3237186633142136,0.8459821428571429,0.20390108802794454,0.00045308163265306094,1.789088958808147,0.008183713669032795,1.4278579049315847,0.004574235187547416,1
174,52.469791666666666,8.564583333333333,32.561458333333334,5.655300238707982,3.7307835182066276,8.408724013780603,75.0,29.0,62.0,1572.3125,263.875,976.0625,63.24319155027741,1.8937324348810287,1895.3149291096292,0.2120319338842975,0.006842799836246454,1.1022337278731595,0.0001065833333333333,33.99396694214876,0.021493006313720166,0.025546752645667484,0.000416666666666643,-3.927792158015569e-07,0.2120362369523706,0.0001265120078402239,0.006688934345954715,14.0,76.45027345512416,23.510823791619934,147.69230769230768,147.69230769230768,25,0.7352941176470589,0.36001260960134396,0.8511029411764706,0.231453460714338,4.8501275510204435e-05,2.8685177467151926,0.01068687675803731,0.5513008346284319,0.0037255745655661726,1
175,52.10520833333333,7.117708333333334,32.126041666666666,8.158735985020222,5.37952318967619,10.936452281167961,77.0,29.0,66.0,1561.6875,226.5625,962.6875,63.291108195613894,2.6538490985290895,1896.7597967001152,0.2159640413223141,0.0072400963161904095,1.3452407582619073,6.394999999999989e-05,34.01545454545454,0.025777176143195753,0.025531733956988597,0.0006666666666666524,2.8630223525218947e-07,0.21596251007200484,0.00019174050008606759,0.0070717689960016076,14.0,76.77561992689394,19.692434540999447,120.0,120.0,26,0.7428571428571429,0.3393984256891804,0.8361607142857143,0.22327499174510232,5.5183673469388645e-05,2.5377158653712635,0.015241337684122211,0.9606842695346974,0.006005927571364428,1
176,50.182291666666664,4.11875,34.83020833333333,8.632973304812035,5.827955482342556,12.187823669135131,77.0,29.0,66.0,1504.0625,136.59375,1043.703125,63.23539411734166,2.586731687762063,1895.0691939025623,0.21831061983471078,0.0045926842855114084,1.0158200588188206,5.3291666666666765e-05,34.04685950413223,0.03307974481626991,0.0306110964867503,0.0009999999999999788,-4.0248431984231135e-06,0.21831964700666986,0.00018747068995257865,0.004361949933891886,15.0,79.25214737140841,19.10773907031857,132.41379310344828,132.41379310344828,23,0.6388888888888888,0.23828582401933068,0.796875,0.17096507877260264,0.0009302500000000011,1.6479624890714226,0.003937105228567378,0.6821033568010137,0.0023890745418518712,1
177,47.807291666666664,1.478125,39.50208333333333,6.480688376368456,3.934825894205274,8.68619569545392,77.0,23.0,66.0,1432.625,51.03125,1184.25,63.0668723872076,1.9074478487426376,1890.036337883926,0.21547779338842973,0.0042498407357953625,0.9087183393804832,-6.394999999999989e-05,34.07776859504133,0.0310022020893639,0.02548678365659,0.0006666666666667116,-9.183633941382862e-07,0.21547504888891986,0.0001585003205405575,0.004100963939256744,17.0,75.75844748738274,17.65444194313994,132.41379310344828,132.41379310344828,14,0.4,0.19198451439733974,0.8272321428571429,0.1560240713538675,0.001507103316326531,0.6890470466258017,0.005302886493603181,0.35394662095540763,0.007695971587964733,1
178,46.208333333333336,-0.31875,42.66458333333333,1.5283206106340674,1.2765768435546683,1.8033521544766444,56.0,8.0,46.0,1384.796875,15.953125,1278.625,62.94860988118843,0.5180225470781763,1886.4992634821742,0.21267670247933881,0.0018646228947378652,0.5259378911821077,-4.263333333333318e-05,34.108512396694216,0.02372922865587838,0.025471835374948317,0.000500000000000019,-1.8849251011823135e-06,0.2126768358615661,8.0110636024604e-05,0.0016141013988977028,16.0,68.99148667155436,14.934273957416918,132.41379310344828,132.41379310344828,13,0.40625,0.24046195250982785,0.9013671875,0.1591736962062666,0.0002769846938775486,2.207823436956624,0.003327679344859139,1.1251884634978004,0.001507221677765221,1
179,48.33125,-0.94375,39.65208333333333,4.252776360312559,1.5555554005456274,6.115877205524613,60.0,8.0,46.0,1448.3125,34.40625,1188.5,62.98051977153339,0.6723436429088592,1887.4443675979135,0.21142941322314052,0.0017618418737004554,0.42326717478249837,0.0,34.1300826446281,0.020061717491490348,0.0178172157615236,0.000416666666666643,6.16415966824016e-07,0.2114332523023724,9.038317271913685e-05,0.0013989472430713393,15.0,72.08737829596244,16.99989662680709,120.0,120.0,22,0.6470588235294118,0.29505021320852143,0.8745404411764706,0.1873270224664047,6.342984693877317e-05,2.1440510482979365,0.00335702902041555,1.046579036363061,0.001565741180967002,1
180,52.526041666666664,-1.66875,33.010416666666664,5.727796711208469,1.4974500895967564,9.142386166991027,63.0,8.0,46.0,1574.140625,54.265625,989.328125,63.00494706568884,0.6835716858881755,1888.1810265660845,0.21261328099173551,0.0031369247698905234,0.6274091624544482,5.3291666666666534e-05,34.1485950413223,0.01522860429043345,0.012715402121583355,0.00024999999999995024,1.1914119051772942e-06,0.2126116117859056,0.00011044153362072818,0.002779168981114952,14.0,72.23137609003541,17.61991229672645,120.0,120.0,25,0.7575757575757576,0.33097257693000415,0.8768939393939394,0.1978577554776739,0.0005257193877551031,1.6336123078179245,0.0063080861284902714,0.5401165943731794,0.003861434012404211,1
181,51.66875,-5.280208333333333,24.365625,16.04851571862125,16.273304569855007,14.531311939832147,85.0,73.0,72.0,1564.234375,233.921875,779.515625,63.29653989410714,4.2785944849958035,1896.976721810523,0.21822590082644625,0.009822783008890676,2.096169348758144,0.0002877666666666665,34.166363636363634,0.019917183909279244,0.02033571812847433,0.0006666666666666524,2.1001925279220408e-05,0.21814575239893624,0.0004151666577047585,0.009088761029738494,14.0,74.09363775779583,22.501649999425837,142.22222222222223,142.22222222222223,26,0.7878787878787878,0.27776980918474786,0.8721590909090909,0.21641935318382893,4.74617346938782e-06,2.028631159820666,0.01935071265003463,0.5884896418884495,0.009538802830843464,1
182,39.848958333333336,-11.810416666666667,30.19375,23.408133801770642,20.238409641728,20.782152862592618,85.0,73.0,90.0,1214.671875,441.4375,954.21875,63.26079982276481,5.156645949718408,1895.9226188654325,0.2626719173553719,0.06558311509411333,5.6340570325037795,0.0014281583333333333,34.19396694214877,0.03261291481857472,0.02539735621786068,0.0007500000000000284,-5.922269116678614e-06,0.26267753359643004,0.0008446028111641083,0.06531873957454475,14.0,78.7953675280784,32.867730914786215,153.6,153.6,27,0.8181818181818182,0.6100882244409922,0.8948863636363636,0.382989247371161,0.0013637193877550934,5.232868724397968,0.0422844302546153,3.189086287393547,0.008080544818077783,0
183,27.397916666666667,-13.997916666666667,38.2125,22.985230670868972,20.037308842749376,26.416469176443695,85.0,73.0,90.0,841.296875,537.734375,1241.421875,63.247293508804155,5.848670545048067,1895.4410486775485,0.3580853471074381,0.12749393334675427,8.899765717389107,0.002813675,34.22586776859505,0.03446568353162114,0.03299246195953576,0.0009166666666667212,-8.947351428039517e-06,0.358182784390148,0.0015738614533570778,0.12723983352181115,14.0,79.78913961722282,35.17586861993743,153.6,153.6,26,0.8125,0.6716463883381953,0.91845703125,0.4446735817935363,0.0004350204081632554,9.971711802335284,0.07000030339746302,0.7957745527758915,0.007019888338637062,0
184,15.728125,-14.277083333333334,53.13645833333333,13.86565152878538,12.597465677391448,18.54187613996843,78.0,65.0,90.0,476.953125,469.4375,1639.4375,62.874527624630716,4.029839861940151,1884.333494996878,0.4856097520661157,0.13165908782833705,9.535942755621816,0.003485116666666667,34.253471074380165,0.02273493484666574,0.02790853460452198,0.000500000000000019,3.7284331820866286e-05,0.48554940161919674,0.0017328180068039807,0.13107355678613164,14.0,79.3797901251086,34.06554848373305,153.6,153.6,27,0.84375,0.7445037604299625,0.92529296875,0.4645274392390941,0.0041372461734693645,7.448925064484153,0.050286587691073165,1.2483007454716133,0.006750851600163811,0
185,13.234375,-11.38125,56.196875,12.816016412782417,5.425294010850165,17.130375999990243,78.0,33.0,89.0,396.5625,371.53125,1730.828125,62.78579229717978,2.801508929499656,1881.653338369856,0.6207972644628099,0.12643109260058616,8.343516226072122,0.0035170916666666663,34.26900826446281,0.015179638312620074,0.015211719541342747,0.0001666666666666927,-2.3953943103492307e-05,0.6209050095233596,0.0019281261768842896,0.12611464600937888,14.0,72.25979018268234,26.95739530498482,142.22222222222223,142.22222222222223,24,0.8,0.5752564551781562,0.9526041666666667,0.3672037525953934,0.0007213061224489805,3.518173807635001,0.06774563417733155,0.6996255419026662,0.019255908855416032,0
186,9.354166666666666,-12.775,60.630208333333336,0.8657747814658395,1.056428732412493,0.4955257712072658,13.0,16.0,62.0,280.359375,382.875,1817.0,62.678949851064,0.42850970561315394,1878.4073284014792,0.7753315041322314,0.16463769179757048,6.9206038057792405,0.005404108333333334,34.27347107438017,0.011406156363031203,0.01013818572999587,-0.0001666666666666927,3.155418433231955e-05,0.7751551042248526,0.0018892137645538252,0.16380130157213618,13.0,72.15737695801373,25.063658662249814,142.22222222222223,142.22222222222223,26,0.8387096774193549,0.5598825095313897,0.9324596774193549,0.32539879129168486,0.0011584298469387775,2.649419529680647,0.04490092109016329,0.6889390639236529,0.01694745606996243,5
187,9.25625,-12.882291666666667,60.621875,0.6637664781382079,0.9648504624710272,0.48919643400342444,11.0,16.0,62.0,277.390625,386.0625,1816.765625,62.67441712470269,0.41425203130551175,1878.2759956601885,1.0150949256198347,0.2605152128658356,7.656036621576336,0.006428091666666666,34.27,0.01360602686099586,0.01013818572999587,0.0,-5.720029002692684e-05,1.015200458824181,0.002456945313006696,0.26018035992163635,13.0,73.87552601439936,26.050436756657543,142.22222222222223,142.22222222222223,23,0.71875,0.43450153355458976,0.9033203125,0.2831812356842387,0.0043560000000000135,3.914094835363056,0.16534046619723572,0.25101014147546324,0.04224232502069649,5
188,9.070833333333333,-13.058333333333334,60.625,0.6670701903764618,0.9302404109810658,0.4884072754030868,11.0,16.0,62.0,271.828125,391.359375,1816.859375,62.68622831491137,0.41995593118516394,1878.633435677677,1.3452863305785123,0.36237626541066625,9.421540899648052,0.013154858333333332,34.259090909090915,0.014993111365883778,0.015211719541342747,-0.0003333333333333854,-8.8486720858268e-05,1.3455948959372188,0.0030167428873142488,0.3630737125415324,14.0,72.93666019521382,21.884699285669257,137.14285714285714,137.14285714285714,26,0.7878787878787878,0.38363869708665177,0.8901515151515151,0.24571628394283113,0.0003435727040816274,1.9324995205958366,0.037518634866003014,0.4873869874386551,0.019414563608499684,5
189,8.460416666666667,-13.104166666666666,60.71041666666667,0.9908413056870184,0.9776584128529874,0.4759812598435175,11.0,16.0,62.0,253.546875,392.765625,1819.40625,62.69809530168151,0.4068319160654862,1878.9848091275367,1.8022845123966942,0.45479329608384933,7.027030514327979,0.010442858333333334,34.24619834710744,0.01392163417470999,0.010144105839797963,-0.0001666666666666927,1.3827930798792312e-05,1.802147228986611,0.004209361254987987,0.4540758530001337,14.0,74.15576615778392,20.77460775622428,137.14285714285714,137.14285714285714,24,0.7058823529411765,0.2757645836345219,0.8625919117647058,0.1981061025243154,0.00017556249999999874,2.7940531678064002,0.011075791473958495,1.8526819199265527,0.003964058952626894,5
190,8.8125,-13.108333333333333,60.55,3.6383733201345168,1.7056075815445422,1.1777450205088253,31.0,24.0,65.0,263.890625,392.796875,1814.671875,62.7102015892896,0.8692621185005655,1879.3486507930343,2.3240191900826446,0.5340558959898387,7.564510173675021,0.013514041666666669,34.23314049586777,0.016764437855580752,0.02284092090297837,-0.000500000000000019,1.4527295404019316e-06,2.3239224818823505,0.008042084582978662,0.5323981847802791,14.0,69.85111247683639,19.772658038329645,132.41379310344828,132.41379310344828,26,0.8125,0.41755931766655774,0.9228515625,0.24519109941417855,4.4400510204082596e-06,1.987219923877598,0.03546226425837787,1.3327428982904266,0.017845163402539513,5
191,19.801041666666666,-7.614583333333333,52.51979166666667,19.18090953478477,10.12522612058889,16.96606981468004,75.0,24.0,70.0,593.34375,362.78125,1575.90625,62.89571389094702,3.285702484218748,1884.8175630589535,2.800655280991735,0.4069370039860927,4.265472685989139,0.005633108333333336,34.217851239669415,0.021444011727264376,0.017770348874527237,-0.000416666666666643,-4.834912579257228e-05,2.801255320678887,0.009479703732860842,0.40569097702390977,15.0,77.59424505198308,27.932178912008574,147.69230769230768,147.69230769230768,28,0.8484848484848485,0.4848394320827708,0.8735795454545454,0.2992791320504221,0.0011198584183673475,2.0426563288918027,0.030511040287838517,5.370523197834295,0.014936942576332258,0
192,23.241666666666667,-3.169791666666667,51.485416666666666,19.149519503690485,11.284360672626986,17.048698503396736,75.0,24.0,81.0,699.890625,317.59375,1544.84375,63.00989955974074,3.9271298855589416,1888.346054889298,3.1950567438016533,0.3350011382882481,3.667258876466617,0.007641116666666666,34.20132231404959,0.022924314882390117,0.022854276229538825,-0.000416666666666643,-9.114844444353504e-05,3.1952215247188733,0.009845115457976152,0.33032625524905573,14.0,84.57380628522596,29.385548498940395,153.6,153.6,33,0.9166666666666666,0.4625105573119386,0.8038194444444444,0.2955114070645106,3.0624999999996996e-06,2.1096850078253464,0.014534716774824187,2.5850375249768693,0.006889519867141923,0
193,23.7625,-0.42083333333333334,51.90625,18.496391821559865,9.270696628205574,17.241591021060092,75.0,24.0,81.0,715.265625,235.078125,1557.5625,63.00396787715287,3.863562484032451,1888.1864003241942,3.404733876033058,0.2709797596560777,2.7506059741440496,0.0036963916666666653,34.18644628099173,0.019576487167144257,0.017780742418192285,-0.0002500000000000095,9.934026641309447e-05,3.4045281103036715,0.007613950942477359,0.2673740368533168,15.0,84.72870452108509,26.702134832441683,153.6,153.6,33,0.8918918918918919,0.35699886265088826,0.778293918918919,0.2359557570190922,0.001110317602040822,3.193489323594042,0.023268226037457703,4.791933455606439,0.007286144927915711,0
194,14.282291666666667,-2.9427083333333335,60.09375,8.212572866136242,6.262142285054205,4.577067212837641,52.0,23.0,81.0,430.578125,176.359375,1800.890625,62.8215156308147,2.229276530021359,1882.524767177267,3.598310256198347,0.22071490564075807,2.4069231986119775,0.004999766666666665,34.17388429752066,0.015921911760003637,0.015247323350224622,-0.0001666666666666927,6.040087619239511e-06,3.5992315188356447,0.006662623864573895,0.21398075384665355,15.0,80.05061795013947,22.51701738417041,153.6,153.6,31,0.8378378378378378,0.2712836800646962,0.8023648648648649,0.19774969970075426,0.00034755612244897685,2.4007473389840017,0.0031418479570426787,0.42308861387795005,0.0013086957990224458,0
195,13.079166666666667,-4.463541666666667,61.16770833333333,1.4797182070320762,0.5869447361241849,0.5342429986412758,18.0,8.0,64.0,391.953125,133.78125,1833.125,62.72958952356803,0.5426154605215076,1879.9307780127267,3.59893005785124,0.21120835299970478,1.9371156180413185,9.592500000000041e-05,34.165041322314046,0.015218733939270779,0.02033571812847433,-0.0002500000000000095,6.531697296015607e-06,3.5989043153498024,0.0050176300145132885,0.20926682136535094,14.0,69.88162733450258,15.153518504687959,120.0,120.0,22,0.6666666666666666,0.2157473894051936,0.8925189393939394,0.161592269826915,0.00046996045918367286,1.2346389484299813,0.0038892985065734414,0.13407510056913582,0.003150150504744109,0
196,13.94375,-4.325,61.02395833333333,0.9751936239366348,0.5210166344113529,0.4138852477002398,18.0,8.0,64.0,417.90625,129.59375,1828.8125,62.755426559309065,0.45549865623712515,1880.7074855029018,3.541961842975207,0.19196819886237138,1.8006507296382768,-0.001578591666666666,34.151487603305775,0.0182571691805501,0.017806779546416837,-0.0002500000000000095,-4.5252556183083794e-05,3.5421002757479325,0.0037891166754409063,0.19054668923620932,13.0,68.90335937907182,14.106373642341733,120.0,120.0,20,0.625,0.1945903990105801,0.8994140625,0.14410502503294634,0.00011633163265306055,0.9357279959927102,0.01874548608531661,0.3142089600276179,0.020033050379591986,0
197,14.030208333333333,-4.305208333333334,61.01145833333333,1.0227230595802668,0.4847400058421925,0.39905351345054235,17.0,6.0,63.0,420.484375,129.03125,1828.4375,62.7617438530702,0.428135712447456,1880.8958837975883,3.3928898925619837,0.12511947988268027,1.2886491009275167,-0.0029641083333333336,34.1395867768595,0.018956090811861098,0.017806779546416837,-0.000416666666666643,-5.4748972249723504e-05,3.393023065051005,0.0015305645136026306,0.12484014413190384,13.0,67.0183108140348,9.363501354455172,96.0,96.0,17,0.53125,0.15224194023637339,0.91015625,0.10867521674409028,0.0002710727040816325,0.4412348538614533,0.0025579024486116785,0.025540009074466446,0.005797145049232339,0
198,13.085416666666667,-4.244791666666667,61.20104166666667,2.3334068068789224,0.5278434489479076,0.6359040139286397,17.0,6.0,65.0,392.171875,127.21875,1834.109375,62.77433109361852,0.5701073718397306,1881.26316795203,3.320943950413223,0.07103284155447623,0.9175731308903378,-0.0009805250000000025,34.12586776859504,0.015410065482058416,0.010179772203082534,-0.0003333333333333262,1.1363535890307674e-05,3.3209296106300887,0.002836404206061907,0.06917935082241256,14.0,71.5797980678544,12.952947076522886,109.71428571428571,109.71428571428571,25,0.7352941176470589,0.19676072922306914,0.8616727941176471,0.1324271199909772,9.654336734693453e-06,0.7886262829553823,0.0087802575580327,0.5078819402091777,0.01113361011140616,0
199,11.984375,-4.083333333333333,61.45625,2.324409787316987,0.4801620096962645,0.6847768036618451,17.0,6.0,65.0,359.140625,122.375,1841.765625,62.792673971551835,0.5932710193466397,1881.814456629391,3.262028,0.09083852111811165,1.161167156001513,-0.0016839416666666663,34.115454545454554,0.01646433661479536,0.020371488993478667,-0.0004999999999999598,-3.0804254494171502e-06,3.2620858506725336,0.0028432326373488076,0.08960895533916129,15.0,71.68363273911697,12.903012579639775,109.71428571428571,109.71428571428571,22,0.6470588235294118,0.19300243732759942,0.8602941176470589,0.1322539713707649,0.0005306441326530627,0.7085297625862134,0.01225444457034777,0.10256162559991709,0.017295596060238415,0
200,10.608333333333333,-4.015625,61.77395833333333,2.4922240179316857,0.8507139311827058,0.9173949521683062,17.0,10.0,70.0,318.359375,121.625,1851.3125,62.862318323240835,0.8884546663769154,1883.8953404795782,3.211504454545454,0.10123742745489904,1.2873896535360774,-0.0012256583333333311,34.1009090909091,0.019750509984000183,0.025471835374948317,-0.0001666666666666335,-2.7063341595617825e-05,3.2115459921257474,0.0028506181430445385,0.10017985412558397,15.0,71.9294857294354,14.804912584623676,109.71428571428571,109.71428571428571,25,0.7352941176470589,0.2450232624624186,0.8662683823529411,0.16114533519612492,3.686224489796379e-07,1.110628941333514,0.00367697838454438,0.7080264723255937,0.00331071724110619,0
201,-0.45416666666666666,-4.566666666666666,60.873958333333334,15.441690839160788,1.531520667688019,2.018598151753808,51.0,14.0,70.0,422.625,139.71875,1824.328125,63.00238004543301,1.5052354004690232,1888.0998077802765,3.2001947768595036,0.1026046804077587,1.2826227351448538,-0.0001278916666666648,34.08520661157025,0.019417091114828137,0.01529206317186482,-0.0003333333333333262,5.597561338387851e-06,3.2001090494862465,0.0022706686678925967,0.10056180328582384,16.0,72.92388735428553,20.07363186558372,147.69230769230768,147.69230769230768,26,0.7878787878787878,0.3109826443358616,0.8716856060606061,0.18784523046169804,0.00015804081632653192,0.9288403308548202,0.004051132523311069,1.624629937175924,0.004361495069430043,0
202,-9.948958333333334,-2.972916666666667,59.22083333333333,15.30354326340572,10.927855072842775,5.11138265432054,51.0,56.0,77.0,507.65625,213.421875,1775.0625,63.171686797764806,2.0019437533994653,1893.1409984177267,3.163616297520661,0.13402874194761447,1.7731468535366635,-0.0022989833333333337,34.069834710743805,0.01676199316904301,0.01529206317186482,-0.0003333333333333854,-8.866400935160107e-05,3.1638491163658204,0.003212452037123932,0.13098945010661178,15.0,75.01996008067889,25.054403998517255,147.69230769230768,147.69230769230768,29,0.8787878787878788,0.4031299206337285,0.8773674242424242,0.26134648055245235,0.013464286989795947,3.2988409817948496,0.10075495412416904,2.0422252420003115,0.03054253135577023,0
203,-7.963541666666667,0.18333333333333332,55.05520833333333,21.709198414265103,16.146908028749312,13.56688961061441,80.0,56.0,77.0,600.34375,319.375,1658.3125,63.25739158258689,3.017020080686521,1895.7408881135532,3.3027978264462807,0.3034062020782236,3.0688879604306214,0.003870024999999999,34.05669421487604,0.015555203203354512,0.022961683732721092,-0.0007500000000000284,4.607952647634346e-05,3.3027601730205127,0.005367562200315356,0.3006656549050965,16.0,76.36566918926778,27.411433865581593,147.69230769230768,147.69230769230768,31,0.9393939393939394,0.4925671279006357,0.8816287878787878,0.2980571137764928,0.0011438890306122449,1.9398213427851174,0.01548729263200226,2.9140103985965617,0.007983875777841596,0
204,-0.06354166666666666,-0.5927083333333333,55.34375,21.735127193629758,16.453968270043468,13.635453272168842,80.0,56.0,77.0,548.96875,341.28125,1667.0625,63.124113855819175,2.776088360309198,1891.7504660794825,3.3769751818181817,0.3079758312146378,3.0688879604306214,0.0013109166666666653,34.044876033057854,0.018547045496791228,0.01786433051244487,-0.0003333333333333262,1.74640124296927e-05,3.3769258297756037,0.005101584365514659,0.3057148453847197,15.0,72.26663310769126,24.087406472924528,147.69230769230768,147.69230769230768,28,0.875,0.49318056179482384,0.91943359375,0.2998949343760723,0.0002293061224489761,2.8981340820772497,0.02469065387658092,0.4580946029128022,0.008519500194719696,0
205,6.05,-5.342708333333333,53.58229166666667,21.81836955411655,19.05283905349184,15.16690129025253,80.0,67.0,80.0,566.875,419.15625,1619.96875,63.19481857450598,3.4220956545087677,1893.782878991996,3.6017291983471074,0.29796961725274235,3.294499003797297,0.004399808333333333,34.03487603305785,0.018322893708421373,0.01786433051244487,-0.000416666666666643,0.00026573496198600556,3.6001981971743056,0.007550326342145076,0.29525098643165987,14.0,69.36306556722332,20.610161653324326,123.87096774193549,123.87096774193549,27,0.8709677419354839,0.3786712651936153,0.9445564516129032,0.29494114167940505,0.00917490306122452,4.586280237738683,0.04242466663049268,0.5356204328500218,0.009250343291584518,0
206,5.967708333333333,-28.373958333333334,38.04895833333333,18.917859698750206,29.48284721944152,26.89889826891795,60.0,114.0,80.0,545.390625,909.34375,1198.71875,64.50296420358633,8.857782865039848,1933.0869096153315,3.5834112314049587,0.23136602576947135,2.863466327948645,-0.00013977500000000124,34.022809917355374,0.019035553533854846,0.012763984130976723,0.0,-1.7100106221024854e-05,3.5834654624827813,0.007520964987931462,0.22606498091302474,13.0,75.35736042440705,23.729863579754333,142.22222222222223,142.22222222222223,29,0.8787878787878788,0.3686183888543306,0.8787878787878788,0.2911766286253443,0.00014744897959183723,3.826010995268402,0.05299061781899461,0.5673001608594265,0.013850095539330047,0
207,14.392708333333333,-44.19583333333333,17.969791666666666,18.823327420117053,27.067453998708896,25.94738514359261,60.0,114.0,80.0,649.546875,1384.203125,650.234375,64.52771281061045,8.929778614167633,1933.8615321352986,3.64275020661157,0.2350237851628279,2.863466327948645,0.004018016666666668,34.02107438016528,0.01694920232124637,0.012763984130976723,0.0,-2.2149955311628876e-05,3.642888361317465,0.007904740387736059,0.22911874616384292,13.0,85.16847819746728,29.300619782217034,142.22222222222223,142.22222222222223,32,0.8888888888888888,0.4624954753639681,0.8064236111111112,0.32699204575063,1.151147959183699e-05,3.7291383011284758,0.04502941631742795,3.6826317338904366,0.012075019128092295,0
208,24.544791666666665,-57.782291666666666,1.0270833333333333,10.502880257653004,9.69124921849245,7.1422522003255775,45.0,114.0,34.0,751.03125,1731.671875,151.4375,64.20470618041414,8.677165682795911,1924.165117225216,3.650734561983471,0.18577226778201922,2.6598587403810825,0.004156566666666665,34.013966942148755,0.017319522202625254,0.015319033314883473,-8.333333333331676e-05,-0.00027131852782039535,3.6523017485486347,0.005851590214644669,0.1792925455157217,14.0,85.26461995550194,27.249862540228296,142.22222222222223,142.22222222222223,33,0.868421052631579,0.4630281407448381,0.7853618421052632,0.2783495409231583,5.732653061224488e-05,1.167619328198856,0.0125708606600894,2.9966505293745325,0.01076623207281172,0
209,29.9625,-54.553125,-0.05520833333333333,5.574369358949943,2.872515343917534,4.16183978226744,45.0,68.0,20.0,898.15625,1634.796875,79.265625,62.67489348813087,1.5170617164277858,1878.2838377223013,3.7892038181818184,0.15649785433899965,1.42778907951569,0.00039556666666666905,34.01090909090909,0.016958871005615855,0.015319033314883473,0.0,0.0002556029076325707,3.788020220305346,0.00756696375653574,0.15234252397208164,15.0,80.1616201688954,30.073871073977017,142.22222222222223,142.22222222222223,28,0.8484848484848485,0.5809947776362753,0.8716856060606061,0.3537784241728695,0.0029702499999999924,2.8333567596751217,0.05946375085365631,4.546401448055144,0.020987032660325675,0
210,31.257291666666667,-54.119791666666664,0.090625,1.7746622208927219,0.9169832549891823,2.069398972981044,39.0,59.0,15.0,936.703125,1621.9375,39.84375,62.55677442745037,0.9492180464772522,1874.758893065687,3.9561474710743805,0.2557023622159388,2.4175368236071297,0.0027821750000000017,33.9995867768595,0.01108917230923607,0.015328044515630124,-0.0003333333333333262,0.0001125856338889649,3.956041260775606,0.009236351866418387,0.24935561360778963,14.0,76.06856234677619,24.47731808407191,123.87096774193549,123.87096774193549,27,0.8181818181818182,0.5490331300838661,0.8920454545454546,0.34448878161873,1.1479591836735853e-06,4.608136100957973,0.016645555313460503,2.987573210727671,0.0036122100017836074,0
211,31.808333333333334,-53.80104166666667,-1.01875,1.9813540544003965,1.1497277568757551,1.718060467746503,41.0,58.0,6.0,953.234375,1612.359375,45.78125,62.570309836171084,0.7181239486001343,1875.1524918030564,4.103033,0.23634047764308588,2.4175368236071297,0.0018537166666666679,33.9906611570248,0.013094414757248478,0.012782768514692684,0.0,-1.8997327043117083e-05,4.103042668096137,0.00897137299047548,0.22959456296045364,14.0,80.54608769005979,28.241247039887195,142.22222222222223,142.22222222222223,31,0.8857142857142857,0.5170504472308458,0.8526785714285714,0.33812949136931764,0.0005777155612244842,4.8241878578574955,0.01846154995409606,5.566807829768132,0.003826872107400716,0
212,32.657291666666666,-53.253125,-1.6364583333333333,2.2305289353866766,1.3857498816074276,1.5438466428363997,41.0,58.0,6.0,978.640625,1595.96875,56.75,62.56185635238698,0.604294141923519,1874.899791039958,4.199050809917355,0.2008955943170611,2.5627038692548796,0.0079287,33.98123966942149,0.016189489904311082,0.012782768514692684,-0.000416666666666643,-0.0002487185016504026,4.199800610756688,0.006237105833029033,0.1933997831308009,13.0,83.27782652674249,27.824779007528203,142.22222222222223,142.22222222222223,33,0.9166666666666666,0.4389643859618422,0.8129340277777778,0.30486520172132237,0.012194469387755077,6.038635257093514,0.06049131906926704,5.649234063047244,0.010017382486913511,0
213,33.43541666666667,-52.786458333333336,-2.321875,1.8918674177618497,1.2588122536464903,0.8584995540913228,41.0,58.0,5.0,1002.046875,1581.9375,69.8125,62.57284584403116,0.5178123654173187,1875.2394522637103,4.282956702479338,0.1658579109343243,1.2688337568280326,0.0005115749999999937,33.97115702479339,0.016523966198123425,0.012782768514692684,-0.0003333333333333262,-3.906190997515248e-05,4.28304597488471,0.0023798218283480194,0.16514757208375022,13.0,82.92777645161989,25.042264963067765,137.14285714285714,137.14285714285714,34,0.918918918918919,0.38642709610952347,0.7930743243243243,0.2441353233993398,7.56249999999973e-06,2.9753405161541138,0.008881562539038813,3.192162557495382,0.002985057505457898,0
214,33.104166666666664,-53.00416666666667,-1.5052083333333333,1.8595427678748224,1.2950158192941978,1.8405088625877053,42.0,59.0,10.0,992.140625,1588.4375,61.609375,62.573340966641354,0.8322411143667109,1875.2451697564557,4.3844786942148755,0.24962213959936064,1.8052159678333226,0.0043758749999999996,33.953636363636356,0.02412090756622199,0.02046749609946932,-0.0006666666666667116,-6.707644561430828e-05,4.384663905255577,0.005447890181898072,0.2478559087254411,14.0,80.72911243930871,24.872005835821877,137.14285714285714,137.14285714285714,33,0.9428571428571428,0.4162978990061225,0.8245535714285714,0.2804324853267371,0.0012882971938775675,4.501749545495953,0.024648713716737145,1.6901121428342054,0.00547536318216513,0
215,32.30625,-53.40208333333333,-0.08020833333333334,2.675498882607379,1.8497735878720103,3.5468330883475785,42.0,60.0,15.0,968.140625,1600.4375,82.203125,62.58450186631061,1.35012387546366,1875.5957985795972,4.462698363636363,0.1963778642599243,1.5468984418292766,-0.0009592083333333316,33.938264462809926,0.021615638888226266,0.02046749609946932,-0.0001666666666666927,0.00021654632300100745,4.462108378019245,0.0077981763904269655,0.19203619629612692,14.0,80.33437555412391,25.079645479435033,142.22222222222223,142.22222222222223,35,0.9722222222222222,0.3777060104858577,0.8276909722222222,0.2763973266744901,0.0005522500000000015,5.315353260446602,0.026485916293502557,3.89016598492687,0.00498290800173029,0
216,35.07395833333333,-49.04270833333333,7.766666666666667,6.804544204544285,8.03541956993725,10.959287030743479,54.0,60.0,38.0,1051.5,1469.953125,273.953125,62.62308841561004,2.2395231540115983,1876.8040613431656,4.263488256198347,0.41877623406282677,3.17790355741026,-0.0071092666666666615,33.915537190082645,0.023246804213783286,0.02818848499069021,-0.0009166666666666619,-9.085367292296474e-05,4.263897552510213,0.009469941407205116,0.41494668081612723,14.0,79.11675666127353,25.987216461941134,142.22222222222223,142.22222222222223,34,0.9714285714285714,0.4153135581250629,0.8495535714285715,0.2960888490049939,9.786862244897976e-05,2.264048830542328,0.053439923836429606,0.7252184664981488,0.023603697550829174,0
217,38.00625,-39.89479166666667,16.13125,11.577994685501459,18.70801894571587,15.081979537541924,71.0,115.0,67.0,1139.96875,1216.5,515.90625,63.061997658734384,5.565712858485611,1889.8047512255555,4.110060909090909,0.4345109494038686,3.0961019165248094,0.0011662166666666677,33.881074380165295,0.0454872909848963,0.0358921570150309,-0.000833333333333286,-0.00010375406051585613,4.109987633985458,0.009807635640263492,0.431160205127362,14.0,81.03726518998678,28.101407558046247,147.69230769230768,147.69230769230768,34,0.9714285714285714,0.4609258161530156,0.8370535714285714,0.3003970055932445,9.506250000000108e-05,3.203226464571352,0.011399413492893622,3.0201138608759015,0.0035587285566520393,0
218,41.95729166666667,-25.219791666666666,28.463541666666668,13.10666373764114,19.752706142617452,15.978915924532048,73.0,115.0,67.0,1258.90625,777.390625,864.703125,63.14304746412834,6.07130671899964,1892.3482481199935,4.266335280991736,0.5810234756266961,3.871403315542599,0.0038216666666666638,33.846859504132226,0.03835529978036505,0.03591335740442768,-0.0011666666666666713,-0.00016511058849274534,4.266550644985331,0.009095368803110931,0.5784760002878141,14.0,76.08250982570627,26.642470095584475,147.69230769230768,147.69230769230768,30,0.9090909090909091,0.43499036054783013,0.8821022727272727,0.2848852531073108,0.0007940318877551032,2.868610664788027,0.029784621581194846,0.9667187300107399,0.01038294319504517,0
219,46.29375,-12.182291666666666,29.404166666666665,15.770791914300519,18.785441475113927,17.691134294863314,85.0,115.0,70.0,1388.078125,442.53125,893.15625,63.46477661973111,6.552372619209306,1902.1408558874436,4.7675214958677685,0.6247619598880909,4.638030141419627,0.014858425000000001,33.818429752066116,0.015746350198272245,0.012843251841792927,-0.0002500000000000095,4.53561699964746e-05,4.767535429051286,0.008251317394961974,0.6229043357354441,15.0,78.5967435068492,27.143239073488957,147.69230769230768,147.69230769230768,29,0.8787878787878788,0.5873745398786504,0.881155303030303,0.41655312244247417,0.0012175114795918308,6.863904449403134,0.07130308205449143,1.2662322214246053,0.01038812276308592,0
220,50.34375,2.433333333333333,17.976041666666667,15.062458938394931,16.439463866629662,25.446931072297577,91.0,61.0,70.0,1508.421875,333.015625,805.015625,63.126818760739205,4.820481803248608,1891.7606442151668,5.203490181818181,0.2591803637900266,1.660721247259487,0.003613908333333334,33.81396694214876,0.015560032443983076,0.012843251841792927,0.0,5.486995928245042e-06,5.202930685411944,0.00615457816989458,0.25674902146212614,15.0,80.98552236712881,27.210112826529652,137.14285714285714,137.14285714285714,29,0.8787878787878788,0.6091871705716253,0.865530303030303,0.44294400022948965,9.999999999999879e-05,10.058657552009407,0.1006954926424142,1.7751141457029744,0.010010828196681015,0
221,50.06458333333333,4.846875,17.596875,13.998883729059337,14.786835735467827,27.438320804446256,91.0,61.0,70.0,1500.703125,286.109375,844.453125,63.16507128214257,4.154417719550444,1892.9893153469343,5.464926876033057,0.24875630416479586,1.9907923593280117,0.006418799999999999,33.81297520661157,0.013765727480103757,0.012843251841792927,0.0001666666666666927,0.00010310174165641711,5.4650798155352485,0.005424675080562349,0.24661213573536708,15.0,83.6706178681083,28.863666187707814,153.6,153.6,31,0.8857142857142857,0.6128881573193864,0.8401785714285714,0.4378838512886582,0.00015093877551020438,9.875465266810401,0.021094499167757085,3.0364406302781513,0.0021360511730674366,0
222,40.86875,3.0385416666666667,27.865625,16.0105259159144,15.287984591608662,31.99175781915359,91.0,61.0,84.0,1225.15625,286.359375,1152.75,62.915708260056654,3.335589023761531,1885.6862235167325,5.591752553719009,0.26271420049366184,1.5932184531153215,0.0038448583333333306,33.80752066115703,0.01657843823883647,0.01798587463148764,-0.0001666666666666927,-4.646992424940308e-05,5.591734095416104,0.006381605610993867,0.26030775623809527,15.0,85.5099999455918,31.112385640611556,153.6,153.6,30,0.8333333333333334,0.45686571712281376,0.80859375,0.3282360716440206,2.3584183673477277e-06,5.953893495424113,0.05893429297079618,1.2524498708327263,0.009898445952399106,0
223,32.271875,-3.997916666666667,49.14375,13.826154285183872,4.5055516487686855,16.76268681538951,73.0,33.0,84.0,971.234375,152.53125,1525.171875,62.915888307725965,2.5703352796378875,1885.5241630621097,5.703074595041323,0.2093926746855294,1.5932184531153215,0.0026298583333333346,33.79363636363636,0.02377581241931259,0.023131543998845268,-0.000500000000000019,-7.592823898876377e-06,5.70314104324008,0.006366205692243208,0.2066021602723732,15.0,83.07089675251052,29.827312249890145,153.6,153.6,28,0.7777777777777778,0.4184133774920273,0.8194444444444444,0.29362356091548814,0.00040286224489795845,2.7371399653285007,0.03127527162394653,2.0551393337908856,0.011426259533714782,0
224,29.815625,-4.077083333333333,53.7375,11.267041057558473,3.987780271411096,5.265240774804764,55.0,33.0,84.0,897.578125,134.890625,1610.671875,62.890767631940165,2.9386598417149092,1884.6401427955016,5.6827651239669414,0.14248212021084616,0.9739486094861174,0.003090775000000005,33.77198347107438,0.020474529014482264,0.020576591531351048,-0.0003333333333333262,-6.238953220532235e-05,5.683092106360571,0.006004809039108536,0.13932227961758004,15.0,80.34215109098095,28.760839472620706,147.69230769230768,147.69230769230768,25,0.7352941176470589,0.3951443115984796,0.8460477941176471,0.2971683040511455,0.00033046045918367175,2.5070137882945183,0.06576350653227642,1.3647135440263123,0.026231808871308316,0
225,36.503125,-2.566666666666667,46.57083333333333,13.423160590351848,4.069926971771797,16.299705497509933,70.0,26.0,74.0,1098.625,125.21875,1419.59375,62.96214504613998,2.4703575022312805,1886.9125518950295,5.785125743801653,0.22587151170102865,1.114978978877179,0.001588016666666666,33.75611570247934,0.01663273188508475,0.015437011713898116,-0.000500000000000019,8.474833238190216e-06,5.785096641950566,0.0030369245272085315,0.22441493961356745,14.0,74.79206883121898,24.840659079301254,147.69230769230768,147.69230769230768,24,0.75,0.6588848793789349,0.92431640625,0.4691910258463403,0.0007720459183673444,8.446141878221866,0.1489736255440111,0.5852729752115475,0.017638068089778993,0
226,40.3875,-3.189583333333333,44.782291666666666,7.936719121694219,4.070408434836594,15.282461998914439,70.0,26.0,74.0,1210.421875,140.015625,1366.03125,62.893674639867385,2.0679253599931635,1884.834350019807,5.901582090909091,0.27439741475970564,1.4990292381869474,0.005463799999999996,33.74355371900827,0.015685941704620683,0.015446162288791782,-0.0001666666666666927,4.979552308433703e-05,5.901448189949327,0.002895414857619287,0.2733654649721689,14.0,78.18541463747712,23.52611023246611,147.69230769230768,147.69230769230768,24,0.7058823529411765,0.6052392190783791,0.8713235294117647,0.4484587772853911,0.0017104132653061133,7.982962435047548,0.09861620609767437,1.0874000644553186,0.012353334604797874,0
227,41.494791666666664,-4.160416666666666,43.901041666666664,7.311376263964528,3.7015334425598385,14.773977649285827,70.0,10.0,57.0,1243.484375,162.5625,1339.8125,62.8544415900121,1.0841689940946446,1883.692551216107,6.04256032231405,0.1752200270946829,1.0630069363971553,-0.0015240750000000026,33.73479338842975,0.015433096000314603,0.015446162288791782,-0.000500000000000019,6.4247039684934e-05,6.041575778898331,0.003220778194421543,0.17398439314811787,13.0,79.80901047225711,19.244440854011557,123.87096774193549,123.87096774193549,24,0.6857142857142857,0.5823819820169072,0.8321428571428572,0.4261824225263263,0.0005062500000000121,15.815467616908453,0.04242760556506434,11.757831285905505,0.0026826652611715777,0
228,36.41979166666667,-5.373958333333333,50.5875,3.817152074072662,2.052627624517062,2.6253273605400147,49.0,19.0,69.0,1091.484375,167.46875,1516.03125,62.7541131665092,1.4047647554983016,1880.6672625481922,6.05305614876033,0.18505555032014556,1.0630069363971553,0.0027390749999999984,33.72322314049586,0.015651941290789353,0.018033886788637446,-0.0001666666666666335,0.00010209568645590258,6.0528162424180465,0.004199534645365202,0.18350516466724104,14.0,77.78966115251684,20.058076664379726,123.87096774193549,123.87096774193549,25,0.7142857142857143,0.3637540902084571,0.8361607142857143,0.2842442651944246,0.004785674744897949,1.0898985349549382,0.0251849349256167,0.9742837580110093,0.023107595907226327,0
229,32.959375,-5.201041666666667,52.77916666666667,5.12280599633069,2.129211258094702,3.272229001596449,42.0,19.0,69.0,987.78125,162.328125,1581.71875,62.75747551308125,1.412480286000367,1880.7680932249996,6.102309223140495,0.13145823560622694,0.7458916981420333,0.00020618333333333183,33.704132231404955,0.027049676415705937,0.025774172140961407,-0.0005833333333333357,-3.288599166436274e-05,6.1023305576473765,0.004637225207774656,0.12937015536682217,13.0,80.5438152056463,26.70650119893549,142.22222222222223,142.22222222222223,26,0.7647058823529411,0.44619836461726436,0.8460477941176471,0.34176256083933126,3.317602040816288e-06,5.145594654741186,0.036616180184795746,0.747852735274066,0.0071160249964612645,0
230,28.830208333333335,-4.602083333333334,55.43020833333333,4.175738951363046,2.420828851114611,2.3087974770279343,58.0,19.0,69.0,863.390625,146.921875,1661.21875,62.8451590817249,1.995448151674867,1883.058928183235,6.1223335867768585,0.1055177371331333,0.7458916981420333,0.0006181583333333333,33.67975206611569,0.028004214851522383,0.020625452584116043,-0.000500000000000019,-5.533492724128644e-05,6.122598176072384,0.004276124630283969,0.10311689480393559,14.0,79.13752646611194,34.61216334919319,153.6,153.6,27,0.8709677419354839,0.6045481913172844,0.9405241935483871,0.4657568983128028,0.0006797193877551083,8.533348826941106,0.11251727256494859,2.0439119757585713,0.013185593938186859,0
231,25.557291666666668,-8.011458333333334,41.646875,11.223062609270128,29.706916877610574,22.579472854808674,59.0,72.0,63.0,788.375,606.5625,1257.609375,62.902798518061175,3.653682653095963,1885.140793553835,5.967530363636364,0.2819016741002889,1.6267932688051037,-0.004175249999999993,33.65512396694214,0.021129889623540725,0.020637704126726254,-0.0006666666666666524,-0.00011968100222000338,5.967684482405584,0.008175218317401511,0.2746832132787037,14.0,84.7273524965621,34.83672318909362,153.6,153.6,31,0.9393939393939394,0.5403418356155724,0.8636363636363636,0.4205537096410368,2.8698979591838923e-07,7.163654946725354,0.07023835128426395,2.2202447683879294,0.009804820556910166,0
232,26.822916666666668,-24.210416666666667,22.375,11.808449298125003,36.22225225134023,26.792314662977518,59.0,72.0,63.0,826.578125,1092.5,733.59375,62.935435673032664,3.834560380569729,1886.096683119296,5.7055986446280995,0.3533273355284736,2.1810921914068047,-0.0047934,33.638925619834716,0.0143625806799932,0.012911983406552027,-0.000416666666666643,2.2214865961710638e-05,5.705530058764583,0.008856127346640789,0.3394874453258839,15.0,80.87043854878414,33.36790648648479,153.6,153.6,30,0.9090909090909091,0.5011735495392913,0.8887310606060606,0.4010771624841028,0.0008914489795918387,10.351005185277906,0.01797196229159941,5.048030946072044,0.0017362528536997244,0
233,27.935416666666665,-41.41354166666667,3.846875,11.826964064926194,34.61982247629139,11.153310916541406,59.0,72.0,63.0,859.265625,1605.484375,198.15625,62.91355512407661,3.867492510198439,1884.9245922536281,5.5358573801652895,0.24897044973296656,2.1810921914068047,-0.002320775000000001,33.626528925619844,0.014241758167628325,0.015501294366626114,-0.0003333333333333262,2.8071518902703496e-05,5.535773513220628,0.00995710999627609,0.22503065651732557,16.0,83.42488727258201,27.28081738608597,153.6,153.6,33,0.9166666666666666,0.3534448614554832,0.7925347222222222,0.24221861110410287,0.006440062500000009,3.1319910224322296,0.06484757346161457,1.7013974469728221,0.020704904004244396,0
234,32.66354166666667,-32.69895833333333,10.658333333333333,10.778659662651192,34.595218825461956,20.413688558307037,71.0,70.0,69.0,979.265625,1321.421875,399.1875,62.98529296307648,3.508435599441527,1887.5942627683212,5.684189157024793,0.3579474420365545,2.4373570695313074,0.003930116666666665,33.61760330578513,0.014143584439855774,0.015501294366626114,-0.0001666666666666927,-9.492621671198288e-06,5.684294432919766,0.006967205064727166,0.34780187190224704,17.0,77.14977157456369,27.934097406134967,153.6,153.6,30,0.9375,0.6867607370692057,0.9130859375,0.4537128712830077,0.0009150625000000063,2.280108493294794,0.12483948047094948,5.819798913784342,0.05475155276078744,0
235,28.553125,3.9427083333333335,17.553125,12.545055907981238,48.50120111225697,19.300887572018762,71.0,70.0,69.0,855.765625,1348.640625,551.921875,63.32247999368648,3.386859772096089,1897.6931909982457,5.952925504132232,0.32233918695538694,2.129156051587511,0.005866158333333334,33.613140495867775,0.011501567112142399,0.010337269459425277,0.0001666666666666927,6.315274063512546e-05,5.95279353114766,0.006383078709119289,0.3184737799262984,15.0,74.14452416215944,29.58782989166519,153.6,153.6,28,0.9333333333333333,0.7295270558488679,0.9755208333333333,0.49071262708276847,0.007946448979591847,3.4803482303069964,0.10921930643394531,1.3744102355991976,0.031381717922034265,0
236,24.576041666666665,28.760416666666668,31.48125,14.702269133196092,31.81310814470018,19.863116533854903,83.0,65.0,69.0,746.875,1120.28125,948.765625,63.46652870485488,4.121430878853347,1901.7805358722946,6.3334831404958685,0.3973602203089433,2.324475305069952,0.01117968333333333,33.606363636363646,0.014545454545454205,0.015510521332462831,-0.0003333333333333262,0.00018338702302828167,6.332633188827315,0.006800751473898913,0.39448100010505077,16.0,76.67089443159551,26.604704840690157,128.0,128.0,27,0.8709677419354839,0.6537775846634185,0.9198588709677419,0.4588631724492356,0.0002491887755102083,14.54543993324625,0.14015511754956572,6.202761606140821,0.009635674011427849,0
237,19.919791666666665,5.936458333333333,21.629166666666666,11.42041410325959,51.61664706393921,21.69091551715193,83.0,88.0,68.0,613.34375,1462.828125,727.234375,64.2093761186257,6.497417573430782,1924.2297630463179,6.714044256198347,0.4967864091147383,2.046756057067554,0.009984083333333331,33.59826446280992,0.016796186400608107,0.015510521332462831,-0.0001666666666666335,-0.00026477965327143004,6.714221117030918,0.011644326238972021,0.4913580614841299,14.0,81.24497776300132,20.89074935025076,128.0,128.0,31,0.8378378378378378,0.32790791429975685,0.7956081081081081,0.24416161912107756,0.001731154336734696,2.1684519258972466,0.037920291073880556,0.8999024860323763,0.01748726389596586,0
238,16.777083333333334,-22.872916666666665,28.677083333333332,14.559228739636435,38.72018336509254,28.44610942630038,83.0,88.0,80.0,568.046875,1201.171875,1022.375,63.980006381426804,7.3470821940359,1917.4272386190012,6.939026123966943,0.4397343726869547,2.6504380842157884,0.008052591666666668,33.581735537190085,0.020517184329498773,0.025866277716310282,-0.0006666666666667116,8.034287249805433e-05,6.9387242659416,0.016444826755193057,0.42467457834186206,15.0,86.70133147392508,23.313048410204203,153.6,153.6,34,0.85,0.2382163832997972,0.738671875,0.18087202979485076,0.0009021441326530644,2.638166019561104,0.018069407244638267,0.16843128997049453,0.006849230530095437,0
239,15.194791666666667,-35.56979166666667,33.630208333333336,13.321214829734206,19.6135933931019,30.263422021585683,82.0,88.0,80.0,509.890625,1066.078125,1170.71875,63.702955378475295,6.858475368572747,1909.0706113523775,7.213831652892561,0.4018557123656297,2.872055706385254,0.0032461,33.563719008264464,0.021823190008727147,0.020699180813148164,-0.0003333333333333262,-9.503930004689802e-05,7.214226884347613,0.015936653745407647,0.38592993309343143,13.0,83.83535552575957,25.38130252661727,153.6,153.6,34,0.918918918918919,0.3140262209560161,0.7867398648648649,0.2602728937187111,0.0006232155612244911,2.752291844657949,0.07453436859798203,0.3816293720837105,0.027080837645415128,0
240,17.192708333333332,-21.155208333333334,49.25729166666667,15.19352071876684,11.666363416817765,20.48015932550975,81.0,74.0,80.0,563.296875,634.546875,1561.015625,62.78477310178319,3.724129637593672,1881.5067089366494,7.275965495867769,0.3984808565071391,2.872055706385254,0.0014388083333333338,33.54586776859504,0.019141466453645423,0.023303936096381248,-0.000500000000000019,0.0001518968154547812,7.275804077274738,0.0127694187866561,0.38750612257380757,14.0,85.05554138316694,32.59792759669239,153.6,153.6,33,0.9166666666666666,0.45643037041340084,0.8211805555555556,0.33682345313271594,2.6989795918371833e-06,6.487731630216241,0.12077373930859864,2.918132141360774,0.01861571134448623,0
241,30.917708333333334,-14.395833333333334,41.876041666666666,20.958602523743416,10.204757026613725,22.79958536168872,81.0,71.0,76.0,929.34375,448.734375,1310.890625,62.93296498528765,4.405753983208535,1886.0462608270188,7.520238785123967,0.24212903838660066,1.8297111808813815,0.007570275000000004,33.52297520661157,0.02327147113439368,0.020736242944675173,-0.000416666666666643,-5.202045711675779e-05,7.520259197657021,0.012898741932145769,0.22531632016961486,14.0,86.25388074374051,34.87265124389369,153.6,153.6,29,0.8285714285714286,0.550643528098501,0.8397321428571428,0.39211933558782425,0.002763755102040811,6.8293740837045025,0.0949527260850646,2.499528845958805,0.013903576655967682,0
242,47.452083333333334,-10.616666666666667,24.010416666666668,19.691998053178576,9.924345766290537,24.071635621474822,81.0,71.0,76.0,1425.328125,335.328125,777.46875,63.145699337092374,4.386987033207658,1892.4112031116204,7.837038636363636,0.5274178850178269,2.462188531643591,0.008338683333333341,33.506198347107436,0.020859870856358747,0.020736242944675173,-0.0003333333333333262,-3.3609654459379535e-05,7.837101411009366,0.012879177573321672,0.5204917039748079,15.0,89.31783055361095,33.192250601351354,153.6,153.6,31,0.8378378378378378,0.533885923852184,0.7888513513513513,0.3468385059179028,5.2045918367346844e-05,6.440407332124849,0.06806665745771678,4.787531637621455,0.010568688275072178,0
243,58.766666666666666,-8.427083333333334,9.269791666666666,10.873119249885114,9.077151709634594,14.621157755911941,79.0,71.0,76.0,1764.1875,269.046875,335.609375,63.29832318717052,4.264483949926081,1896.9933956632449,8.193440190082645,0.47613031773970693,2.462188531643591,0.007592650000000008,33.48685950413224,0.015642338068523637,0.020748626499562252,-0.000500000000000019,2.895319870399615e-05,8.19345046375967,0.012806280667044713,0.46796726201572164,15.0,93.47927329346342,31.49069061361463,153.6,153.6,33,0.8461538461538461,0.479475700069604,0.735176282051282,0.30429839795561914,2.608290816326636e-05,3.6882032582057827,0.02997983290021154,3.869952406069851,0.008128573942748471,0
244,62.376041666666666,-7.719791666666667,5.515625,1.0514122240732013,1.0594927827018088,2.1722122040387766,68.0,11.0,13.0,1869.328125,231.359375,168.21875,63.14033221907516,1.0162786354240383,1892.2338368317648,8.427616479338843,0.17885548687554775,0.7471712799123189,0.0015951750000000005,33.47644628099174,0.016255171033936457,0.012973698660065222,-0.0002500000000000095,6.9064469492736836e-06,8.427502707726363,0.004350742122696191,0.17677326638015334,14.0,87.04127121815695,28.920107294001788,153.6,153.6,33,0.868421052631579,0.38329266976106857,0.7639802631578947,0.24224159714378712,0.0005014400510204123,3.131278307333035,0.008770792384787875,4.6659348824025315,0.0028010261381902248,2
245,62.340625,-6.8625,4.057291666666667,1.6065022904979003,2.5896126640870443,5.724021837682303,74.0,12.0,29.0,1868.09375,212.203125,181.484375,63.162747722685744,1.5581132138015574,1892.7197807972393,8.383579537190082,0.15526712864922795,0.9473608872806355,-0.003939900000000004,33.46454545454546,0.013111095547140766,0.010380508720498581,-0.0003333333333333262,-2.6252199024710275e-05,8.38449940197178,0.005058621428651011,0.14803011215181985,15.0,85.25898484411363,27.832783137617852,153.6,153.6,34,0.8947368421052632,0.35985206290787614,0.7771381578947368,0.24266279259992893,0.0007940318877551064,4.549232888594268,0.015279082213355,2.1614472442025967,0.0033586062941869522,2
246,54.04479166666667,-9.633333333333333,17.791666666666668,11.972323724877468,5.33374998372523,21.576036411311097,74.0,21.0,55.0,1619.90625,295.0625,594.265625,62.96611528650574,1.66226273288418,1887.018309847701,8.291592380165289,0.1375374271349923,0.8020419063750253,-0.0032151750000000145,33.4498347107438,0.0189816558280408,0.015584734392916605,-0.0003333333333333262,2.275757447449848e-05,8.291537877731493,0.004861888447730441,0.13204042086310974,14.0,76.36632003034927,23.009183809086178,147.69230769230768,147.69230769230768,31,0.8857142857142857,0.28021408487792077,0.8504464285714286,0.22986086491481703,0.0022732461734693847,2.669425547854176,0.03260727690970008,0.46219202963814227,0.012215091346492698,2
247,43.65625,-11.795833333333333,32.29479166666667,14.865527884028651,5.778009977973,24.663433922981284,78.0,26.0,79.0,1310.3125,360.265625,1037.21875,62.813711839195456,2.2484023918884866,1882.4363272942064,8.22925352892562,0.15760443590435042,1.0156541619956296,-0.0026396500000000008,33.433471074380165,0.020838249311853744,0.015584734392916605,-0.000500000000000019,-2.6270989605912326e-05,8.229319805271293,0.0057741821716051234,0.1506680158713631,14.0,78.40283364035274,20.99944364978103,132.41379310344828,132.41379310344828,31,0.8611111111111112,0.2981060004427955,0.8224826388888888,0.22290062666742486,0.0025864489795918346,1.0771924833857347,0.02898082603254592,0.3854627276993206,0.026904036631833883,2
248,41.071875,-11.20625,34.380208333333336,14.044202563728623,7.259846940822283,26.456454473151357,78.0,26.0,79.0,1232.390625,349.78125,1182.4375,62.771697035872165,2.0200786874142422,1881.22374590834,8.038130586776859,0.2663271859937507,1.1676567625543615,-0.0014891916666666708,33.41628099173552,0.01543486615527917,0.020798308980983764,-0.0006666666666667116,-8.680605497233487e-05,8.03806210520705,0.006130843503823886,0.2621488734245848,14.0,77.08530783711672,23.100324252959805,142.22222222222223,142.22222222222223,28,0.8235294117647058,0.47513797587377105,0.8625919117647058,0.30840095224021064,0.0003201543367346928,5.678026045086337,0.03798998126933094,1.1030709528197202,0.006690702185525688,2
249,49.43541666666667,-7.304166666666666,19.029166666666665,16.737744142896187,7.130274607069649,28.145218350054105,89.0,26.0,79.0,1483.765625,242.71875,770.390625,63.0241432365359,3.2286275671364715,1888.7521800344462,8.06848141322314,0.41078043684733867,1.699078418544927,0.00354556666666667,33.39371900826446,0.026446022726010855,0.026021258640769165,-0.0007499999999999692,1.0368378384119359e-05,8.06829442793686,0.007213043720728367,0.4069748932660372,14.0,80.17799335868911,22.54690400172537,142.22222222222223,142.22222222222223,31,0.8611111111111112,0.44932209603150264,0.8181423611111112,0.280771022935273,1.4062499999999888e-05,4.4295793761783155,0.0058685491351125165,1.0257912694200786,0.0013248547179609846,2
250,55.359375,-7.413541666666666,14.176041666666666,10.514029101286924,7.3343387538753095,22.423091914324928,89.0,22.0,56.0,1659.5,246.015625,617.421875,63.05033062513471,3.5170086334647963,1889.549131206981,8.271016123966943,0.5472159586345595,1.9223727182626775,0.007328583333333328,33.36504132231405,0.0339451177599811,0.026036858939088435,-0.0006666666666666524,5.6888787952300516e-05,8.271290619751754,0.0071406842082903,0.5448036809001672,15.0,81.7873096256611,25.218984895901468,142.22222222222223,142.22222222222223,29,0.8285714285714286,0.45603149985532154,0.8160714285714286,0.30087960971261635,2.2224489795916356e-05,4.22722946186002,0.010384155952530498,1.3030759049509442,0.002456492141299889,2
251,52.403125,-11.0125,24.06875,10.271572351286258,7.09311946536924,19.36377262064825,89.0,23.0,54.0,1570.171875,346.0625,773.75,62.960834661637804,3.657037559269385,1886.8549951814218,8.648001454545456,0.4551550185806921,1.9566741065585813,0.01249473333333333,33.33479338842975,0.02328760793984228,0.020848229962507063,-0.0004999999999999598,0.00020010513064161676,8.6475079059704,0.007599282909178611,0.4520840428060831,15.0,82.20709326479222,20.053441732608878,137.14285714285714,137.14285714285714,29,0.7837837837837838,0.2815873748106931,0.7749155405405406,0.19722323674765438,6.249999999999781e-06,1.8806533932159242,0.009178935975700705,1.037551211781136,0.00488071646206146,2
252,51.80416666666667,-12.0375,26.866666666666667,9.367006777632982,5.809712593292947,16.850041213269744,75.0,23.0,54.0,1552.328125,368.234375,851.453125,62.8407555629296,2.6168251018105857,1883.1852890906196,8.96071703305785,0.27538113755275645,0.9570137497200099,0.0047315666666666685,33.31578512396694,0.015468019052689911,0.013036006706384494,-0.0002500000000000095,-6.431396133812695e-05,8.960609172580842,0.00790552865220034,0.26999432695738435,14.0,86.82307200988359,25.279569450589634,147.69230769230768,147.69230769230768,28,0.7368421052631579,0.3168093913634523,0.7491776315789473,0.215344359001115,0.0004246543367346861,2.098490779924752,0.012652424585537782,1.5013183159617625,0.006029297200910969,2
253,54.76979166666667,-7.753125,11.78125,10.614167220744667,7.31796381523178,25.09037959931057,105.0,31.0,79.0,1641.796875,267.421875,677.640625,63.085309526000835,3.8239885820090613,1890.4592310624002,9.052423760330578,0.242103683722253,1.1567287553288201,-0.0058506416666666596,33.300909090909094,0.019582417480488654,0.020873280428132853,-0.0006666666666666524,-0.00048381640592567434,9.054005328461187,0.01380752371905406,0.22080468696854677,13.0,84.07775074236423,29.133876242813553,147.69230769230768,147.69230769230768,28,0.7777777777777778,0.45547420589111615,0.8203125,0.3601196241017621,0.021305572704081666,4.9421897817588025,0.13742980120099352,2.5492919488234245,0.027807471438720362,2
254,53.425,-8.755208333333334,13.713541666666666,10.917903873912794,7.560690138688657,26.29239085026814,105.0,31.0,79.0,1601.140625,292.96875,738.734375,63.026767525771156,3.7718132578903725,1888.8285797876538,9.026125942148761,0.27427177594095703,1.1567287553288201,-0.001705258333333326,33.282727272727264,0.024528613751331398,0.026099447636380127,-0.000500000000000019,-0.0002707488028173351,9.026912814833407,0.01465631867401042,0.2612136864713007,14.0,80.72415792032822,32.557168838572984,147.69230769230768,147.69230769230768,30,0.9090909090909091,0.5376098520556927,0.8849431818181818,0.40454951106665543,6.806249999999932e-05,3.329807210389696,0.07359697266747225,1.2491706268607856,0.02210247261097708,2
255,47.08645833333333,-11.80625,24.484375,11.535625252087431,8.671310604756737,28.642403109016097,105.0,31.0,79.0,1411.09375,384.671875,1016.765625,62.965835635251516,4.4676383867196545,1886.9654346202062,9.001258950413224,0.3387274271680673,1.5683771534927116,0.0005755249999999989,33.26421487603306,0.022772756890408568,0.020885828249317076,-0.000500000000000019,-0.00029370882154541205,9.00119314763566,0.01559271631822079,0.3246745807586253,15.0,77.81666199282354,32.709207392995495,147.69230769230768,147.69230769230768,28,0.9032258064516129,0.5497839300958757,0.9299395161290323,0.42799788714687037,0.004990413265306133,3.9279877476200658,0.4898125803108977,1.9870385569105973,0.12469809270858112,2
256,47.11145833333333,-14.378125,33.09791666666667,10.511158453754303,5.893476321411809,17.133021109144437,100.0,28.0,58.0,1412.0,438.71875,1043.859375,62.820310975267816,3.7494704920355986,1882.7385803035845,8.96353432231405,0.3062520347622527,1.5683771534927116,0.004603675,33.245702479338846,0.020116456249418203,0.020898391165643085,-0.0003333333333333262,0.0003466758547021635,8.962819276947352,0.010957322796249752,0.29753794812478224,15.0,77.66332587877135,29.622343226646223,147.69230769230768,147.69230769230768,28,0.875,0.4698994643031841,0.896484375,0.3588598124480288,0.006000715561224502,9.633162338059194,0.08490845992632956,0.532088875808836,0.008814183437028653,2
257,53.29270833333333,-11.279166666666667,24.083333333333332,10.51639340101589,6.129945565736199,16.78352780423578,100.0,28.0,54.0,1597.1875,348.75,774.65625,62.941843978146565,3.939689280978279,1886.3273395427798,9.020558024793386,0.27510063244627087,1.3682975562587918,0.000735391666666659,33.22512396694215,0.02706330816301291,0.028765579811732035,-0.0005833333333333357,0.00012257231798109113,9.020353705387938,0.008561493821753663,0.2652712461327977,16.0,78.83772079993446,29.880644927804553,147.69230769230768,147.69230769230768,26,0.7878787878787878,0.5621065247061161,0.8963068181818182,0.408335595337244,3.10408163265301e-05,7.965585271710305,0.04375371468239268,1.9577731109503667,0.0054928436756284,2
258,60.259375,-7.24375,11.888541666666667,4.688907080479949,4.282591030848031,11.259027579677143,100.0,25.0,42.0,1806.125,225.71875,419.5,63.09065763226927,3.4150650839747883,1890.75425160022,9.04212305785124,0.19718800436229653,0.8137162230358662,0.002962033333333336,33.202314049586775,0.027082986351518654,0.023542555217750748,-0.0005833333333333357,0.00019581255135691202,9.041955788308004,0.005847236179088989,0.1907464973530669,16.0,77.78894693818366,22.928833639177864,142.22222222222223,142.22222222222223,26,0.7647058823529411,0.4931991917150041,0.8556985294117647,0.33708569221326523,0.005025797193877551,4.687642564258987,0.04440725811734618,3.555996687743084,0.009473260281389647,2
259,59.60625,-7.007291666666666,12.528125,6.732164902231179,3.970063622277426,12.884148878280953,87.0,16.0,47.0,1786.640625,213.0625,389.6875,63.090706507673346,2.368245277828594,1890.762515727873,9.13050461983471,0.198031957524485,0.7400637309522049,0.004540249999999994,33.178760330578505,0.023126323877544555,0.0261781079350189,-0.000500000000000019,2.023526661025874e-05,9.130328808560796,0.004735277142482706,0.19475558437275076,16.0,81.66722125004914,29.10448702984446,153.6,153.6,28,0.8,0.515165236199256,0.8361607142857143,0.3403929302126816,0.003208413265306123,4.687820345892529,0.04065640705502209,5.769288710792043,0.008672774137056097,2
260,59.594791666666666,-5.992708333333334,9.348958333333334,8.321494129057026,4.398739042604205,15.489784905379755,125.0,17.0,47.0,1785.875,188.109375,343.84375,63.14735220899008,3.974453923969503,1892.4284904910933,9.231966487603307,0.15861433517823972,0.7556711795773237,-0.00010657499999999764,33.16057851239669,0.018864349194029767,0.020948794328505046,-0.000416666666666643,-0.00012988177186432277,9.23244766546889,0.0063292595722900125,0.14733101034273682,15.0,83.03626617997897,29.92361510217668,153.6,153.6,28,0.7567567567567568,0.3710640521742469,0.8078547297297297,0.25070805729876644,0.00020510331632652993,2.452667863402277,0.018502720761984774,2.2110917096715186,0.007543916173108853,2
261,58.967708333333334,-6.957291666666666,12.373958333333333,8.007158188037995,4.229515456676319,15.088998094580829,125.0,17.0,47.0,1767.140625,216.984375,423.8125,63.04509967367203,3.7021658710488206,1889.3940623168521,9.198579933884297,0.16195416348714864,0.7556711795773237,-0.0023012499999999956,33.140578512396694,0.02078212521291993,0.023592290569775572,-0.0005833333333333357,6.547268589739399e-05,9.197965805095288,0.006291315019583292,0.15202041137278963,15.0,84.23213547377675,32.871606931425305,153.6,153.6,26,0.7222222222222222,0.3902230074402511,0.8142361111111112,0.2800121723200199,0.0006002499999999968,2.0373553144637015,0.04014653164589191,1.017505810012062,0.01970521850601194,2
262,60.6,-5.315625,8.222916666666666,7.306560978554367,4.130597921936767,13.092471430548255,125.0,18.0,75.0,1816.359375,179.453125,334.953125,63.171065491257465,4.416921216480211,1893.1449243811498,9.20183794214876,0.16799583314053787,0.8750660758414431,-0.00041650833333332454,33.12305785123968,0.020280796404993685,0.018355094367656317,-0.0004999999999999598,-3.5405117219906664e-05,9.2021037358482,0.007820942596858655,0.15458406812841013,15.0,79.28818731364666,30.129140169531286,153.6,153.6,25,0.7352941176470589,0.44945285813487273,0.8699448529411765,0.3290803797181162,0.00027579719387754877,3.594082952234259,0.043639789220729946,1.9006797710934575,0.012142120758120316,2
263,61.436458333333334,-5.558333333333334,8.409375,5.181912046397278,3.052105375347028,9.365390387451823,83.0,18.0,75.0,1841.125,178.4375,288.375,63.19145843577758,2.6016816534814757,1893.7537909790067,9.238996644628099,0.19850557379883393,0.8922261559719804,8.440833333334119e-05,33.10404958677687,0.020188308227423374,0.01574481936514323,-0.000500000000000019,9.43342153356783e-05,9.238799822944415,0.006671313242364297,0.19365561333201986,14.0,76.5755580366822,26.887456955663453,153.6,153.6,26,0.7878787878787878,0.4511761025234839,0.8835227272727273,0.31950229917864564,0.0010217155612244878,4.2881100146542686,0.004093861792491403,0.7582201441392777,0.0009547007372714231,2
264,62.065625,-4.833333333333333,5.85625,5.233990035595056,2.766867462592951,8.453066658763552,83.0,18.0,75.0,1860.046875,156.734375,212.390625,63.31517137993087,2.737187996828897,1897.4640972445395,9.2737796446281,0.1734908064506785,0.8922261559719804,0.00012704999999999523,33.090495867768595,0.019321175796631396,0.01574481936514323,-0.0003333333333333262,-0.00019005481323785682,9.274017435726469,0.005865076571309561,0.1681749431810995,13.0,75.55650973223005,20.41313506810877,132.41379310344828,132.41379310344828,26,0.7878787878787878,0.3775547740684456,0.8574810606060606,0.25520613719749974,1.0331632653061556e-05,3.6141081235381227,0.013225243282756689,0.6263675130667328,0.0036593380249535816,2
265,62.719791666666666,-4.8,5.74375,2.32146325046594,2.143206320757135,2.7300340542747814,98.0,11.0,22.0,1879.625,150.75,177.765625,63.25982786134486,2.3308197312713177,1895.8174535167198,9.204597867768596,0.23962645217325138,1.166274213261006,-0.0014592750000000118,33.077107438016526,0.01722183970595938,0.01575433860818728,-0.0003333333333333854,-3.329888179702264e-05,9.204591041691481,0.0058718914512773,0.23695653806403916,13.0,76.44747104919826,21.469511358500128,142.22222222222223,142.22222222222223,27,0.7941176470588235,0.37283346689117236,0.8469669117647058,0.24643539286671987,0.00034622576530611907,2.194748261171926,0.02677300036516457,0.7096647615746254,0.012198665714339665,2
266,62.641666666666666,-4.513541666666667,6.190625,2.4538942972797795,2.160686609220293,2.978764359491197,98.0,11.0,22.0,1877.3125,142.109375,191.1875,63.21476854652821,2.475992247335853,1894.4853367435135,9.044763719008262,0.1888580810514868,0.8200261428227534,-0.002898083333333338,33.06140495867769,0.021715888425811646,0.02890481748361906,-0.0003333333333333262,1.3047860715075294e-05,9.044629393684977,0.005460150512633817,0.18616523810809332,14.0,78.87761331641417,27.57958551183413,147.69230769230768,147.69230769230768,29,0.8529411764705882,0.40594029570152607,0.84375,0.2629624340622462,8.576530612244346e-06,2.7560600165759364,0.037580602183481845,1.9868581706002508,0.013635625478929554,2
267,62.545833333333334,-4.470833333333333,6.79375,2.3523001450117333,2.1088067650266638,2.9624670356815783,98.0,11.0,22.0,1874.453125,140.859375,208.40625,63.176750754234725,2.3620783512199246,1893.3539799703044,8.945219611570248,0.17607804782812878,0.8022625207731758,0.0004697916666666746,33.043553719008266,0.02475865335435361,0.023656545639312753,-0.0003333333333333262,5.557497033714318e-06,8.945215465990945,0.005782779291236606,0.17264601531576124,16.0,78.03879031662495,30.867131239961978,147.69230769230768,147.69230769230768,30,0.9090909090909091,0.4613014982260788,0.8830492424242424,0.31304689862393215,0.00045308163265307173,5.254950129518349,0.01992028391673429,1.5869825883569062,0.0037907655497693782,2
268,62.30833333333333,-5.160416666666666,8.308333333333334,1.3152682447149537,1.3856766673322058,1.9845059558713571,78.0,14.0,20.0,1867.265625,154.90625,249.28125,63.11764113428217,1.3184754999513078,1891.5419302281932,8.900703545454546,0.11978352157727938,0.5675655073740823,-0.0030161749999999985,33.021404958677685,0.024639744321012073,0.02105033357011963,-0.0004999999999999598,0.0001419703038021564,8.899460951597165,0.0033334200786581513,0.12029561358649675,16.0,81.05377044578535,28.344329066681833,147.69230769230768,147.69230769230768,30,0.8333333333333334,0.3700849775727191,0.8250868055555556,0.25947275403464487,0.0007503686224489773,3.068805442881184,0.02737321249639451,1.2444415599185046,0.008919826625012386,2
269,62.140625,-4.2,4.151041666666667,2.313460526867705,2.9239670540779583,9.187576471242597,84.0,17.0,32.0,1862.25,143.015625,264.3125,63.169144750800946,2.0738413919640304,1893.0919144502172,8.862327776859505,0.19216565611645914,1.0393794376240408,0.0018757833333333362,33.00652892561983,0.022070912902876078,0.02105033357011963,-0.0003333333333333262,-2.3080064477462445e-05,8.862209464637742,0.00711688230320884,0.18558554988966514,14.0,74.65648797143533,24.552651233386424,147.69230769230768,147.69230769230768,28,0.8484848484848485,0.37959023316885737,0.8882575757575758,0.2786634325754442,4.604591836734615e-05,3.015955255097198,0.015835895122597102,0.5879228466046189,0.005250706254952958,2
270,61.88645833333333,-2.801041666666667,-1.45625,3.360714203349821,3.7118895343114073,11.73119783330614,92.0,17.0,38.0,1854.640625,123.40625,274.90625,63.20146217966906,2.858133718331298,1894.0673892178158,8.871946297520662,0.2023093386163441,1.001158064714419,-6.394166666667071e-05,32.99190082644629,0.018421782363080348,0.02106309522771014,-0.0002500000000000095,-7.027546759304619e-05,8.871899329039906,0.0073520941933604405,0.19536823346789162,15.0,78.71016661921485,23.65585698265698,147.69230769230768,147.69230769230768,30,0.8571428571428571,0.33968392328600217,0.8308035714285714,0.24768700418232753,0.00031001147959183745,1.876325573720353,0.018235558958283597,0.6726081563908509,0.009718760546511327,2
271,59.128125,-2.4739583333333335,0.284375,8.130142002718957,5.762066050031929,20.172727196044704,92.0,19.0,56.0,1771.78125,139.390625,404.65625,63.2271650004914,3.3017643264325507,1894.734982067793,8.934982793388432,0.2710369517996118,1.2104007074289935,0.004837816666666672,32.98504132231405,0.0161154905686431,0.02106309522771014,-0.0003333333333333262,2.162076828029885e-05,8.934638921188654,0.007476138369620079,0.2613960652294763,15.0,77.83997397668003,25.616346523388124,147.69230769230768,147.69230769230768,29,0.8787878787878788,0.4949929346678534,0.8683712121212122,0.32739209054520707,0.005555572704081635,2.1797478616584796,0.07732720137289567,0.730954937099516,0.03547529635563474,2
272,59.140625,-3.196875,5.3375,7.958879712374203,5.579705658399464,19.224838805132627,92.0,19.0,56.0,1772.28125,149.546875,422.296875,63.17692097705249,3.0117114501997797,1893.3481053339506,9.100489785123965,0.26916245879763195,1.2299355399873926,0.0006812499999999962,32.97280991735537,0.017591467714684582,0.013170418957176227,-0.0003333333333333262,-1.2084355662316973e-05,9.100681077306884,0.005560669676660533,0.2636205204558283,14.0,79.06854769707708,28.29548135561507,147.69230769230768,147.69230769230768,29,0.8787878787878788,0.533142309947588,0.8745265151515151,0.361857058823552,0.004950127551020412,3.394135086331336,0.11143551122208115,1.9304845563035058,0.03283178435379539,2
273,58.95104166666667,-4.676041666666666,12.98125,7.50587956748556,4.974753863083468,15.39276285913286,76.0,19.0,56.0,1766.609375,171.640625,472.53125,63.07635233644974,2.2362601059323515,1890.3310422657423,9.163853487603308,0.22014986799308744,1.2299355399873926,-0.0022816416666666672,32.95743801652892,0.023898162923270617,0.023721151670278755,-0.0007500000000000284,-3.636231881008333e-05,9.164060852466196,0.00504255325318823,0.21449099512563666,14.0,80.84588322952949,31.33049048020392,147.69230769230768,147.69230769230768,29,0.8787878787878788,0.5544605059305114,0.8773674242424242,0.38487474465258925,6.229719387755137e-05,3.1510230531931773,0.1324772404161414,0.8205285438489285,0.04204261224997763,2
274,61.26979166666667,-5.022916666666666,13.097916666666666,1.6928538398999156,1.8261685281089355,3.5099257817018805,80.0,10.0,28.0,1836.078125,156.046875,398.5,62.98125107131476,1.629331711269042,1887.3734765730028,9.160512074380163,0.14666274618778136,0.6253807034657002,-0.0022701250000000043,32.93462809917355,0.023532685983755776,0.02636884125378485,-0.000500000000000019,-0.00015772586021399996,9.160962546580746,0.004167992195948112,0.1437945208718209,13.0,80.00997688633002,28.738437935277503,137.14285714285714,137.14285714285714,31,0.9117647058823529,0.4039855303251853,0.8501838235294118,0.3045665212088534,0.0019929846938775537,3.260596580155044,0.16531092932620425,1.6386056474787407,0.05069959599796415,2
275,60.7875,-5.864583333333333,15.015625,1.0229909171965637,0.9422909987837562,1.3302434085691486,80.0,9.0,28.0,1821.71875,175.765625,450.03125,62.909548639796704,1.0368935675309048,1885.3228080719005,9.06963349586777,0.05741610497886635,0.27499153950884586,-0.0008837499999999979,32.91148760330578,0.023165275988238497,0.0211142969680866,-0.000500000000000019,3.5674097599994775e-05,9.06972716372067,0.0018852219102100344,0.05529533506066953,14.0,85.50369590446698,29.441701043791692,137.14285714285714,137.14285714285714,31,0.8611111111111112,0.5581615929453456,0.8068576388888888,0.34369382388553915,0.0016028584183673492,3.2721475657189307,0.011392111512308317,0.685861067049464,0.0034815396566032714,2
276,60.67916666666667,-6.036458333333333,15.440625,1.231184783946838,0.9723917882883193,1.3104609657324149,80.0,17.0,28.0,1818.484375,181.046875,462.734375,62.923273317410846,1.2858233506503398,1885.7387969151587,9.001925561983471,0.09299846952041048,0.39969256575627915,-0.002056116666666667,32.88619834710744,0.027310767360087296,0.023771645290091053,-0.0003333333333333262,-9.102340081641756e-05,9.002121738895877,0.002044982193991047,0.0912913490878294,14.0,86.69334305567304,28.6905536326042,137.14285714285714,137.14285714285714,28,0.7567567567567568,0.5362560298158789,0.7896959459459459,0.3341249735095445,0.0019485918367346902,3.223605874035267,0.011005765889729902,2.5413958933016185,0.003414116464539454,2
277,60.628125,-6.064583333333333,15.730208333333334,1.0379470046081352,0.9926793673633442,1.0333622097779762,72.0,17.0,27.0,1816.96875,181.828125,471.421875,62.94446670672092,1.054922275100101,1886.3831910999002,8.94587620661157,0.0973531071395137,0.39969256575627915,-0.0018003250000000026,32.86396694214877,0.023051481687840547,0.021139991300669188,-0.000416666666666643,3.0025951333154832e-05,8.945688995484383,0.002326232404605593,0.0959051710083648,15.0,86.65331606531477,26.50652339349967,137.14285714285714,137.14285714285714,26,0.7027027027027027,0.5378218916637532,0.7829391891891891,0.33576379826854613,0.000687188775510204,2.918714733530491,0.07346964028356716,6.898778684653913,0.025171915377525757,2
278,60.7125,-5.872916666666667,15.5375,1.156796042236199,0.995037600489996,1.3550253687662088,72.0,17.0,27.0,1819.46875,176.140625,465.640625,62.96679193205225,1.1225850163675775,1887.0293186666363,8.92485547933884,0.08164930052436052,0.3413490869552394,-0.0009698666666666671,32.84578512396694,0.01775648251387598,0.021152861932139732,-0.000416666666666643,-3.0932253412790875e-05,8.925062319435504,0.002400695001618723,0.08002666014129108,15.0,82.396759639176,22.73004036339203,132.41379310344828,132.41379310344828,26,0.7027027027027027,0.3225068804444764,0.7884290540540541,0.23262563907819278,0.00044250127551020583,2.442232728842256,0.014297208122000554,1.7027625093022432,0.005854154664767828,2
279,60.817708333333336,-5.759375,14.959375,1.2946600898552056,1.004892005495284,1.9368723781847375,67.0,10.0,22.0,1822.640625,172.609375,448.375,62.935535276890704,1.1413914364694806,1886.1235246695992,8.92095529752066,0.0887570395777467,0.38848910919207535,-0.00046894166666667424,32.834462809917355,0.014768204243142194,0.015869473911532095,-0.0004999999999999598,8.88303640017386e-05,8.920740808476127,0.0026242803653539325,0.08712046256671348,15.0,86.96411058097515,22.07151018588214,137.14285714285714,137.14285714285714,31,0.8157894736842105,0.2502506134061116,0.7360197368421053,0.19146001439062169,0.000469960459183675,2.360128545560309,0.008788472297431984,2.5541912512064453,0.003723726113971282,2
280,60.905208333333334,-6.146875,14.419791666666667,1.3198697688019156,1.2707816758626689,2.0498536427260414,67.0,10.0,22.0,1825.28125,184.15625,432.125,62.939739744320846,1.143183821829194,1886.2428867123738,8.8433096446281,0.16273564632131934,0.5744275753239224,0.0004902583333333451,32.82371900826446,0.012273214226363136,0.007938361227109603,-0.0002500000000000095,-9.069633153740741e-06,8.843525716215737,0.0026277091124278272,0.16148620890866908,14.0,83.44160884514359,25.227589527654846,137.14285714285714,137.14285714285714,32,0.8648648648648649,0.35007400941225586,0.7930743243243243,0.2607842244186265,0.00015894005102040933,3.9721606132167606,0.020007457847955087,2.13728277420316,0.0050369206575845175,2
281,61.03125,-6.742708333333334,13.451041666666667,1.1915774296424606,1.3163431663503338,2.061476755855024,66.0,10.0,20.0,1829.03125,202.078125,403.109375,62.908756148226196,1.0482445085380463,1885.2990229452525,8.715108752066117,0.16688938820763508,0.5549948013923197,-0.0034851166666666727,32.80851239669421,0.019652399051278805,0.018534141300547403,-0.0005833333333333357,-1.2291275989659318e-06,8.715190403013121,0.002315404082041167,0.1661387720088862,13.0,88.8007971689196,27.221181358266872,142.22222222222223,142.22222222222223,35,0.8974358974358975,0.3756932325933585,0.7556089743589743,0.27866707427474363,0.0002781747448979644,7.24474579009322,0.03193506960635799,1.8897813739208074,0.004408031769731298,2
282,61.130208333333336,-7.379166666666666,12.653125,0.7308128738584332,0.9409565906860717,1.7551978239052335,65.0,10.0,18.0,1831.9375,221.171875,379.25,62.89331909186028,0.6218228119354535,1884.7889587626369,8.591693925619836,0.11299888541709993,0.4660178951318864,0.0007146000000000097,32.79247933884297,0.020176124984683304,0.02119156803076354,-0.0003333333333333262,-3.8919300687109026e-05,8.591801024709849,0.0018576755339009183,0.11203585291131611,12.0,87.30184924366435,32.64777040457295,142.22222222222223,142.22222222222223,32,0.8888888888888888,0.4324162542785432,0.8138020833333334,0.36238876331490977,0.00012257653061224842,9.364691868616582,0.020531983088732143,0.453667782881505,0.0021924889122662905,2
283,61.33541666666667,-7.603125,11.534375,0.5627275774199172,0.818911005161733,0.9524451127011642,63.0,10.0,18.0,1838.15625,227.828125,345.6875,62.884762459718836,0.5326666106207483,1884.5865159958073,8.568270809917356,0.1165690433482628,0.5105217055702957,-0.0017900000000000027,32.77859504132231,0.015603866077627064,0.015898521164917093,-0.0003333333333333262,-7.278851041793358e-05,8.568522741356706,0.0020757124467430184,0.11612494882349282,13.0,87.38208808900004,30.11585374124306,142.22222222222223,142.22222222222223,31,0.8378378378378378,0.3787070818184477,0.7871621621621622,0.31732656449549607,0.0007641275510204177,5.825945980952642,0.014374040060135658,0.6381198304569098,0.002467245681152927,2
284,61.65833333333333,-7.54375,9.985416666666667,0.7758955399336233,1.0656387462456496,2.279847361788845,69.0,10.0,13.0,1847.8125,226.109375,299.21875,62.967367846586164,0.6423938091552732,1887.041089048162,8.594377727272727,0.11877594343994738,0.4818075872034848,0.0005973583333333347,32.76834710743802,0.015338985465282961,0.015908227227219147,-0.0003333333333333854,-8.77855940022318e-06,8.59427805987361,0.002890513009007249,0.11741622995937874,13.0,87.8053168090375,29.83855202901093,142.22222222222223,142.22222222222223,31,0.8378378378378378,0.3753253796707598,0.7744932432432432,0.2940620768169772,0.0001526989795918368,2.862027191705592,0.012421902651870854,1.3294902990591198,0.004340246203065654,2
285,61.802083333333336,-7.2,9.704166666666667,1.027940818524534,1.2843610603460902,2.334519787641323,71.0,10.0,19.0,1852.125,215.765625,290.8125,63.03017219598938,0.9284267753901723,1888.9283834681169,8.60571061983471,0.1179814472557707,0.4818075872034848,-0.0026538083333333367,32.75776859504132,0.01731991655858617,0.015908227227219147,-0.0003333333333333854,8.676708436757352e-05,8.605447270796978,0.003069794162846939,0.11636150708838583,15.0,86.62147482873736,27.289943126572823,147.69230769230768,147.69230769230768,32,0.8205128205128205,0.32932698079508343,0.7572115384615384,0.21126284127608289,0.001058572704081638,1.2035933211537326,0.008325908179960952,2.312134587885618,0.006917542689568896,2
286,61.858333333333334,-6.933333333333334,9.548958333333333,1.2775029897768884,1.2876550607812465,2.5359291028990847,71.0,10.0,37.0,1853.8125,207.78125,286.203125,63.03897676308822,1.231070129125368,1889.190533932449,8.681819008264462,0.2055991308261966,1.0206392965590425,0.006788541666666662,32.745206611570254,0.014776526703226779,0.0106087214874324,-0.0003333333333333854,-0.00016447344704947412,8.682187263072521,0.004362693437408213,0.20584908857741885,14.0,88.09102315065654,28.237958545799465,147.69230769230768,147.69230769230768,33,0.8461538461538461,0.32967795103407554,0.7524038461538461,0.23317101175400554,0.00011710331632653149,1.6589429091558014,0.030405428092019342,2.9142369256244516,0.018328194372579088,2
287,61.557291666666664,-6.652083333333334,11.139583333333333,1.5474606074460255,1.1936445561342324,1.9103053402677685,79.0,16.0,37.0,1844.796875,199.34375,333.921875,62.949476378905814,1.5725134726228451,1886.5215068095636,8.762628380165289,0.2631850157872401,1.0846654494160728,0.001704741666666676,32.73330578512397,0.013690101977421142,0.015917945147884655,0.0,3.428777098894914e-05,8.762612806406707,0.0053553394843905726,0.261532523082426,14.0,85.28273824745193,27.072302471483066,147.69230769230768,147.69230769230768,33,0.868421052631579,0.3303096513787009,0.7738486842105263,0.23548904209248703,8.03584183673475e-05,1.851932064330108,0.025684985240466602,1.666798792090546,0.013869291285130122,2
288,61.39479166666667,-6.792708333333334,11.579166666666667,1.3660214273321467,1.1527814905395366,1.6208226220725765,79.0,16.0,37.0,1839.921875,203.546875,347.125,62.87563063560953,1.419679133137826,1884.3073929742563,8.846648049586777,0.22705866161274144,1.0846654494160728,0.0031009166666666607,32.719338842975205,0.019697528359026516,0.023902478543050255,-0.0005833333333333357,1.885857771110094e-06,8.846722787382127,0.005329861725244782,0.2248939816590938,14.0,83.62716654505358,23.79673077329454,142.22222222222223,142.22222222222223,30,0.8108108108108109,0.30095875444153475,0.7761824324324325,0.21899280847633681,7.367346938775653e-06,1.7627027213294229,0.012193307774850433,0.9623275571835974,0.006917393175438166,2
289,58.63229166666667,-8.183333333333334,16.144791666666666,7.375861458044334,3.7911263351263953,10.837381004649165,79.0,27.0,68.0,1757.421875,245.15625,483.4375,62.842511566875174,1.5525484320388838,1883.3314380375828,8.833868363636363,0.21822001246043277,1.1800054631004284,-0.0022488083333333333,32.69785123966941,0.027460162326398634,0.01859649814709999,-0.0005833333333333357,0.0002324683502056587,8.833550538893707,0.00514746087261954,0.21455392562067846,15.0,80.2292562144308,24.993829544607586,142.22222222222223,142.22222222222223,28,0.8,0.4108373633865496,0.8325892857142857,0.29610029154504597,0.003978005102040834,5.872911620869668,0.06911941549625644,1.328565179765024,0.011769190472854614,2
290,51.128125,-12.302083333333334,27.161458333333332,11.244778446804025,5.909243803261877,16.577908680126008,70.0,27.0,68.0,1532.296875,368.65625,813.9375,62.75412859725702,1.1321854966960339,1880.670678518017,8.73465741322314,0.19337335719774956,0.8883580007120696,-0.002035658333333338,32.67801652892561,0.024346664193954235,0.021256393938231494,-0.0005833333333333357,-1.1644840444310928e-05,8.73463652313181,0.003707715997451582,0.19167603617738768,15.0,77.2923933531266,19.29984001815967,109.71428571428571,109.71428571428571,26,0.7647058823529411,0.3657617589350238,0.8386948529411765,0.26710015848180957,8.688903061224473e-05,3.3930579337305713,0.009223675630347431,0.6690697813875686,0.002718396151935508,2
291,48.184375,-13.788541666666667,31.320833333333333,11.263712274055491,6.3258788880753345,16.883645419129394,72.0,27.0,68.0,1443.640625,417.6875,940.96875,62.7919920171829,1.4013048136313164,1881.817381799704,8.748127438016528,0.2340052818436842,0.9003621723230719,0.0013322333333333435,32.66041322314049,0.014624596863264864,0.02126940674213469,-8.333333333331676e-05,2.9576228698394514e-05,8.747994069092094,0.004130322207608318,0.23147553584372077,15.0,75.50500428686408,21.463737758061438,123.87096774193549,123.87096774193549,30,0.8823529411764706,0.42419221919521055,0.8713235294117647,0.2885853778844654,0.00022714795918367116,3.637902222738216,0.009236053612809318,0.38783491152867317,0.0025388405315240783,2
292,50.66354166666667,-12.942708333333334,27.219791666666666,11.281729512354502,6.136625782811258,17.46832323445109,85.0,23.0,47.0,1518.34375,392.171875,827.125,62.79100513515418,1.610217102455913,1881.7437528441292,8.798275892561986,0.2150150826525803,0.8844105693453429,-0.004220516666666659,32.64818181818181,0.019284730395995212,0.023953747904672706,-0.000416666666666643,-6.615834329205505e-05,8.798342913315247,0.005412988283991683,0.2123680864064212,14.0,81.26143386773623,24.040999704160615,142.22222222222223,142.22222222222223,30,0.8571428571428571,0.432083061527322,0.80625,0.2561519847389715,5.102040816326496e-07,1.941437491491007,0.003365681932381524,1.4201462336388884,0.0017336030375084133,2
293,57.78125,-9.734375,17.319791666666667,7.688740584181088,4.432040729285062,11.951674567046965,85.0,21.0,46.0,1731.875,295.9375,530.140625,62.86848744305914,1.6005061559545293,1884.08179459324,8.842045404958679,0.1796331903447442,0.8844105693453429,0.0041565666666666615,32.62983471074381,0.024762791037311487,0.018636398710100657,-0.0005833333333332765,8.79158607946363e-06,8.8420845153432,0.005635420648286032,0.17519668104365427,14.0,78.23751076098898,26.963122176064054,142.22222222222223,142.22222222222223,31,0.9117647058823529,0.5116929968363488,0.8681066176470589,0.32593348988333537,0.0002853686224489787,2.9109670992988295,0.017339444372560416,2.3274207007650123,0.005956592356106327,2
294,60.72708333333333,-8.621875,12.938541666666667,1.968633153499035,1.5863153798583054,4.855127654339333,85.0,15.0,31.0,1819.90625,258.375,398.703125,62.89743917421701,1.8432476752560225,1884.9565565312403,8.875515768595042,0.13638097667928645,0.5865706151868028,-0.0018224916666666738,32.60669421487604,0.027071635296130023,0.023968436715523078,-0.0006666666666666524,-3.278263122686109e-05,8.875532447978818,0.00608616916502199,0.13218250534969542,14.0,77.48270329526537,27.912660375834683,147.69230769230768,147.69230769230768,28,0.8484848484848485,0.5248784969147027,0.8830492424242424,0.3403569023324416,6.98418367346943e-05,2.272874476433541,0.0632605637302179,3.2279602994817798,0.027832845318181674,2
295,60.56875,-8.810416666666667,13.95625,1.7492446286421273,1.5510399177290342,4.140521618206254,70.0,15.0,28.0,1815.1875,264.03125,419.609375,62.939819392031644,1.4705333154234934,1886.2292213031806,8.89646511570248,0.1609385005452556,0.6468303935486643,0.002930916666666657,32.585371900826445,0.020531826627247795,0.021321617673285467,-0.000500000000000019,-8.171639904418572e-05,8.896608626077278,0.005033546112090925,0.15828881891362687,15.0,79.96841638949888,27.753360767971426,147.69230769230768,147.69230769230768,28,0.8235294117647058,0.4249328016170928,0.8460477941176471,0.3080131091060306,0.00011556249999999741,5.184947229517613,0.0515790754759057,1.5091766823134556,0.0099478496487426,2
296,60.342708333333334,-8.915625,14.865625,1.9659203099135414,1.6583644129206545,4.837964622928565,70.0,15.0,37.0,1808.484375,267.234375,446.578125,63.003191410105856,1.5285332211730058,1888.0743001126673,8.929125727272726,0.14193921771479373,0.7104628849005756,-0.004071299999999992,32.563223140495865,0.020498533550979425,0.016005943665813555,-0.0003333333333333854,4.374408022660432e-05,8.928359834106523,0.0059161124011450645,0.14043095578979709,15.0,81.88523662341304,25.77954193677315,147.69230769230768,147.69230769230768,30,0.8108108108108109,0.3533903102400061,0.8057432432432432,0.2569386691101127,0.00038724617346938496,3.8362442236142718,0.01784722798799386,1.6738468863807832,0.0046522658484916025,2
297,59.53854166666667,-9.15,16.322916666666668,4.043844854417293,3.305676935213119,7.008469268895709,98.0,22.0,57.0,1784.265625,281.609375,491.90625,62.9792266725003,2.2391700993505954,1887.4247813012748,8.794064099173553,0.22883583080660427,0.9817904265328748,-0.0024081583333333285,32.54909090909091,0.018938787869090506,0.024019989725396974,-0.0005833333333333357,-5.0208608524260385e-05,8.794146951297229,0.007263832371230623,0.22371569318683096,15.0,80.01033958665734,27.657544370506088,147.69230769230768,147.69230769230768,30,0.8823529411764706,0.4451858040129952,0.8547794117647058,0.33692526234612763,1.8062499999999914e-05,8.475623565505959,0.056220778170963284,2.495157493824429,0.006633232084512373,2
298,58.715625,-9.410416666666666,17.633333333333333,5.07479121337765,3.9513046148990107,9.12762138907077,98.0,22.0,57.0,1759.5625,292.234375,533.828125,62.95337922744128,2.926915699611205,1886.6272387204544,8.597402214876032,0.2582546163689454,1.041328454107582,-0.004177366666666667,32.52661157024794,0.022139815635575044,0.02136094439780623,-0.000416666666666643,7.91438057444328e-06,8.597398399750361,0.007542869000641258,0.2523214104325689,15.0,76.6857768059115,28.130894473787038,153.6,153.6,30,0.9090909090909091,0.44461808521383694,0.890625,0.3349422581399349,0.0014905114795918317,4.85637620246666,0.006329654631170894,0.7103244735691491,0.0013033699135491033,2
299,59.276041666666664,-9.238541666666666,15.328125,5.2993561871480095,4.02755792922509,9.58012485919199,98.0,22.0,57.0,1776.609375,287.140625,464.59375,62.93153557219328,3.1074435675925125,1886.0876149328324,8.471219752066117,0.13795796504345179,0.7100577249707498,0.0007998583333333365,32.50776859504132,0.027044120770954555,0.026725835356453037,-0.000416666666666643,-0.00029201318239585204,8.472665871985757,0.0069560983573799745,0.1287376851258434,15.0,75.4849633148767,34.285408244631874,153.6,153.6,28,0.9333333333333333,0.7177243900744621,0.978125,0.46938498657818195,0.004658062500000001,6.5570385064259025,0.031841122295287454,1.1748016415243803,0.004856021855611055,2
300,59.975,-9.411458333333334,14.101041666666667,3.824455298906412,2.732991713598346,7.521164509675162,82.0,20.0,57.0,1797.359375,284.875,425.671875,62.90529018043099,2.450231414058461,1885.2011830485394,8.466844900826446,0.1400540876375629,0.729081677615792,-0.0010977666666666626,32.48256198347108,0.02006307926976412,0.021387242909309795,-0.000416666666666643,-1.4646129890429306e-05,8.466790823507166,0.004431508085683336,0.1348914204250271,15.0,75.53146283177628,31.44678140199231,153.6,153.6,29,0.9354838709677419,0.656243799573883,0.9400201612903226,0.4165697782339439,0.00261924617346939,5.997115650438033,0.0637536629759049,0.8563794885860689,0.010630720948536034,2
301,60.87708333333333,-9.196875,12.547916666666667,1.599314903238953,1.6104446283687204,2.709127287471414,72.0,15.0,23.0,1824.421875,275.640625,376.140625,62.91467585421571,1.5120418288857507,1885.4818739987043,8.445155710743801,0.1353994097489141,0.549087274922349,-0.00255789166666666,32.46388429752066,0.020904027087464437,0.018728246118032702,-0.0005833333333333357,-1.5719891851952142e-05,8.44534361834152,0.00244553117745441,0.13409279055711906,15.0,74.5872320414,28.79750704518276,142.22222222222223,142.22222222222223,27,0.9,0.6478383839041052,0.940625,0.41255918136068676,0.0069067971938775756,8.5838404122849,0.1728309382654485,0.7157103447943848,0.020134453806724874,2
302,60.563541666666666,-9.290625,13.902083333333334,1.1762068086000956,1.4045742330121491,2.367047174516995,68.0,15.0,21.0,1814.984375,278.390625,416.6875,62.89130194887735,1.081460050950841,1884.7523685371325,8.340102595041323,0.1583340773502032,0.6659315742499206,-0.004113933333333334,32.447190082644624,0.019759844935981003,0.024086598933289075,-0.0007500000000000284,3.855591024418713e-05,8.33994006315003,0.0018081130065767173,0.15705833000377165,15.0,74.18429543022694,24.600374004681655,142.22222222222223,142.22222222222223,28,0.875,0.43619296408278135,0.89892578125,0.29382646255408296,0.001964389030612241,5.104066985881742,0.0315993215254627,0.7552323228285194,0.006191008388578942,2
303,59.81666666666667,-9.576041666666667,15.828125,2.848196310337864,2.913769208132979,5.10582190422936,70.0,24.0,57.0,1792.609375,288.765625,474.703125,62.93161019860522,1.5962000117381494,1885.9990008604186,8.155098958677687,0.15988976947478772,0.8724190748138927,-0.0034176666666666743,32.432479338842974,0.017357733015307585,0.01606515187583119,-0.0003333333333333854,0.00012071113940875427,8.155137578973875,0.005108567308981348,0.15730177659447497,15.0,75.03459872082774,28.60886711347238,153.6,153.6,27,0.84375,0.4509646778019316,0.9072265625,0.3088393380956692,0.00018515433673469819,4.0717289806837265,0.03225755763473487,0.333593353106104,0.0079223243461843,2
304,59.58125,-10.111458333333333,16.367708333333333,2.7763252278566597,2.9085137166481707,5.099346256949404,70.0,24.0,57.0,1785.578125,304.765625,490.71875,62.928084750536236,1.515167635168239,1885.870584019638,8.01246144628099,0.16473259810973254,0.673042667272611,-0.0036201666666666687,32.420413223140486,0.01668357405744981,0.021426812316490285,-0.0003333333333333262,1.955355821366885e-05,8.012488261436857,0.005214601492974486,0.16216344276922168,15.0,74.16412608835313,27.214686596284967,153.6,153.6,28,0.875,0.5539718094136199,0.919921875,0.3390064667841668,0.000851389030612242,8.930149439656033,0.04222910167874763,3.9513111063715014,0.00472882362877616,2
305,58.9375,-10.9875,17.990625,2.7846771955351186,2.9197335066748815,5.316142440031901,70.0,24.0,57.0,1766.265625,331.015625,539.453125,62.93091445805608,1.5024304108659392,1885.9625837061888,7.877846388429752,0.11330776550342017,0.544363056170635,-0.0032045166666666717,32.404876033057846,0.017726839271126612,0.016084985407994343,-0.0001666666666666335,2.1969037160744966e-06,7.877812730284527,0.005217874625368911,0.10914305005486635,15.0,72.45303612604589,25.810537444986892,153.6,153.6,27,0.8709677419354839,0.48889856810573024,0.9299395161290323,0.3208037629227735,0.004580389030612238,4.942749025814511,0.04078462071917612,2.3255051363719788,0.008251404331106061,2
306,56.161458333333336,-12.197916666666666,21.039583333333333,10.414931886795863,2.181932398828056,10.40064580493549,66.0,30.0,66.0,1683.578125,365.515625,630.125,62.95406714237694,1.937301877981252,1886.6584893541763,7.839515636363637,0.06722678342633417,0.28734254759176203,0.00017053333333333736,32.386859504132225,0.022490881820046937,0.02413866205180886,-0.0003333333333333262,-0.0001640798309319638,7.840047840370669,0.0032603019516273275,0.06455430975672803,16.0,73.58479410916964,25.3555099104295,128.0,128.0,27,0.8709677419354839,0.5191248018500304,0.9213709677419355,0.3316815668349626,0.010035746173469376,4.4286589036385005,0.08023953316620072,1.7722758788515574,0.018118246383860694,2
307,47.87083333333333,-12.794791666666667,28.344791666666666,18.239379996011074,4.93864163577367,18.742411629952993,76.0,30.0,66.0,1434.234375,391.9375,857.484375,62.94367031233963,2.277743974088179,1886.3448352251312,7.827455487603305,0.06624414378060192,0.33963917494986334,-0.00033039166666667025,32.368595041322315,0.021447833508033514,0.021466528413077543,-0.000416666666666643,-3.33366546911091e-05,7.82761709657477,0.003504650853317909,0.060781878922955175,16.0,75.93735877234081,31.70966802649825,147.69230769230768,147.69230769230768,26,0.8387096774193549,0.7643218075659187,0.9657258064516129,0.5038351429080631,0.0004187869897959216,12.602225630452185,0.020539282421374906,2.041299150883791,0.0016298138934874734,2
308,48.979166666666664,-11.605208333333334,24.8625,18.920491078164144,5.395925735212685,20.74884158413027,76.0,30.0,66.0,1467.5,356.203125,752.96875,62.9628166622513,2.25447916137242,1886.9187270279222,7.8172873553719,0.08268266684614786,0.35124132352671694,0.00022381666666666523,32.353801652892564,0.020378898434413383,0.016104867972417676,-0.000500000000000019,0.0002709836102822512,7.816860985986411,0.004462180413470534,0.0789588934200438,15.0,79.07757039118674,31.81182618771778,147.69230769230768,147.69230769230768,23,0.71875,0.7467798815797451,0.92333984375,0.4946361364229714,4.903061224489635e-06,11.836386057002374,0.02210703340281509,0.5787146655738225,0.0018677181781965137,2
309,39.940625,-24.307291666666668,18.704166666666666,23.603972468125818,23.819073872947506,22.00842602214484,81.0,113.0,77.0,1222.90625,736.703125,616.53125,63.954459530858976,7.391719879864798,1916.8568030279596,7.688352958677686,0.2591422677271442,1.5306541856251064,-0.004441416666666672,32.33561983471074,0.02455866856377901,0.026858059860306052,-0.0006666666666666524,2.1859787440182624e-05,7.688420836521172,0.010828014652035478,0.24809455768776797,15.0,82.75608064232631,27.68577100081575,147.69230769230768,147.69230769230768,26,0.7647058823529411,0.5230044709272078,0.8161764705882353,0.29675546218405596,0.0011438890306122464,1.5227773726338196,0.003965291485848579,6.079287450720102,0.0026039863456797686,0
310,34.95729166666667,-37.494791666666664,8.673958333333333,25.15529369731675,26.651687992944534,15.32355719684338,81.0,113.0,77.0,1114.765625,1123.71875,403.9375,64.76118003560283,9.327992034529013,1940.7733276573567,7.579608809917355,0.29627527210029586,1.8678084120776628,-0.009307499999999995,32.313801652892565,0.026167173882623487,0.02687467997336139,-0.0005833333333333357,-0.0002862526106674531,7.581928326638726,0.01405905075688804,0.27146523346627177,14.0,84.75128471578341,28.177189449361254,153.6,153.6,30,0.8108108108108109,0.3987522585707544,0.784206081081081,0.24425509209368826,3.9999999999998575e-06,2.151132146459573,0.010305445595659945,2.537352781158998,0.004790707819889679,0
311,19.29375,-37.4375,19.978125,21.94194903840966,30.811595659480755,27.78714744537556,82.0,113.0,95.0,704.625,1244.6875,776.328125,65.30421322790734,10.546540966149989,1957.1878539173326,7.453045264462809,0.3027091057405237,1.8678084120776628,-0.002640233333333334,32.28636363636363,0.025968830649246443,0.02151971280538955,-0.0006666666666666524,7.819628316381669e-05,7.452370766495265,0.016418099634866293,0.27962601942454085,15.0,89.01248495062707,27.61594218439318,153.6,153.6,33,0.8461538461538461,0.3903288350949478,0.7439903846153846,0.24065089418551508,0.0016171887755102104,3.3416334787559943,0.012760744190255073,1.9530390695641673,0.0038187144913946623,0
312,22.538541666666667,-18.733333333333334,32.78125,22.28626665026238,31.371193881577977,28.481281544858547,86.0,98.0,95.0,779.015625,812.984375,1111.59375,64.4490095738964,8.477737902519127,1931.6460845487206,7.503189834710743,0.3214653119339614,2.1916409120168914,0.005986799999999996,32.25694214876033,0.030064475486725976,0.026924663959052943,-0.0006666666666666524,-0.0002031022291484144,7.504647915490789,0.013911567893983076,0.3077311543247717,14.0,91.39631413050057,29.94925920492379,153.6,153.6,32,0.8205128205128205,0.3838809271123767,0.7339743589743589,0.2540607500720116,0.0011927155612244881,3.50441506643945,0.023437377943244492,1.558907705213521,0.006687957190829366,0
313,23.257291666666667,2.421875,49.54479166666667,19.228869597515708,18.43660705817934,19.598524443775453,86.0,71.0,95.0,759.140625,403.375,1519.28125,63.70073181982187,6.118031324355953,1908.9188906996765,7.714465371900826,0.4234426997250418,1.9175471230417993,0.011822758333333334,32.22636363636363,0.02959785562927239,0.02964010508301806,-0.0003333333333333854,-1.6863427109218907e-05,7.713265386583692,0.011051392913566285,0.42039564903765303,15.0,87.77007060538838,27.961550965194593,153.6,153.6,32,0.8205128205128205,0.40029960253885233,0.7616185897435898,0.2620474088980669,0.0003788584183673471,1.792868130354687,0.03345108016964414,1.0769098200792278,0.0186578586585877,0
314,25.921875,9.092708333333333,54.16041666666667,12.08335376255457,7.097442978397025,10.985468423925106,86.0,40.0,85.0,778.984375,317.375,1622.96875,63.19472742729673,3.3852265393920153,1893.85763704819,7.951806305785124,0.31965924899655057,1.308861911246138,0.005443258333333338,32.19834710743802,0.026138446002042667,0.02427357789745885,-0.0005833333333333357,-0.00013590822214031855,7.952099506197554,0.00588735819111514,0.3176098285992995,13.0,77.34154399649887,25.657103631073745,153.6,153.6,25,0.7352941176470589,0.39167472590032015,0.8506433823529411,0.24504484908445717,0.0004684132653061237,1.3978824766581956,0.018669545003078918,0.7037974757801381,0.013355589840220823,0
315,20.944791666666667,8.430208333333333,58.31666666666667,4.554996564938026,6.414284511146239,2.0985444691235133,29.0,22.0,87.0,628.78125,308.40625,1747.6875,63.03942815760532,1.7063843535729777,1889.224792518584,8.045119033057851,0.1392798286065145,0.640126279701003,-0.004092616666666663,32.177768595041314,0.021338964605219984,0.02158656504187138,-0.000500000000000019,2.1170820451282846e-05,8.04476220724416,0.0025094610799511335,0.13685254740502956,14.0,78.95339641295018,26.888819819710623,153.6,153.6,27,0.7714285714285715,0.3011018750430023,0.8276785714285714,0.2105108354984249,0.0007445102040816322,2.6405871701782164,0.01772866154975924,0.1546213463571774,0.006713908841934846,0
316,21.15625,2.558333333333333,58.25416666666667,5.4153103269803475,8.750876940182751,2.214531396380633,29.0,22.0,87.0,637.28125,259.03125,1745.8125,62.89041784602162,1.811861791861014,1884.7400696450632,7.795447553719007,0.2955442979379776,0.9685057929893055,-0.006711541666666669,32.15363636363636,0.027453943400983626,0.03781176833660632,-0.0009999999999999788,-1.7022863022884467e-05,7.795502260645442,0.0019070761955723296,0.2946031084967584,13.0,75.33591224462869,27.694720470939927,153.6,153.6,24,0.7058823529411765,0.2950251377643586,0.8786764705882353,0.24442481837176983,7.562499999999777e-06,1.9764227023622165,0.014708282225209281,0.16784976937175056,0.007441870712995743,0
317,21.365625,-3.357291666666667,58.33541666666667,5.475767224116483,6.1473613037029065,2.1846995963722082,29.0,22.0,87.0,643.546875,201.578125,1748.28125,62.77025073000394,1.795770018434056,1881.160976297077,7.472328570247933,0.3400319912868147,1.2740105753683664,-0.009141541666666668,32.1304958677686,0.029058255527982663,0.029741596691405626,-0.000416666666666643,4.5147906119480826e-05,7.472167670263682,0.0018412765731282595,0.33880900442961503,14.0,75.33285088462806,28.780029991921356,153.6,153.6,25,0.78125,0.3231794153033365,0.88671875,0.2568043736545875,2.6989795918367933e-06,2.373524171385956,0.011384738893517758,0.04863986946937606,0.004796554857442191,0
318,22.528125,-6.263541666666667,57.95104166666667,4.6398680639692405,0.7680630116927618,1.4283946985796871,45.0,13.0,81.0,678.296875,187.703125,1736.75,62.66541027155924,1.5088286286025543,1878.0248128835815,7.146912553719009,0.2254812174371911,1.0227363621051744,-0.007058699999999996,32.1004132231405,0.028644203666029815,0.02705886810809433,-0.0006666666666666524,-3.0736176274247665e-06,7.146882597165581,0.0029449930150316017,0.22430384944942694,14.0,62.22333594223815,9.445526056285361,81.70212765957447,81.70212765957447,24,0.8,0.22885011117240187,0.9880208333333333,0.16105544491511473,0.00024581760204081554,0.8045942066865305,0.01268663304554553,0.0239156618033034,0.015767740980626072,0
319,23.13125,-6.364583333333333,57.76770833333333,3.9978460997767282,0.7132640883447183,1.419066212313772,45.0,13.0,81.0,694.15625,190.734375,1731.234375,62.68335461185551,1.4046694525893302,1878.5304008379835,6.93890505785124,0.15298542794633174,0.7807904131142498,-0.005217800000000006,32.07942148760331,0.02673090639063341,0.027075737753926576,-0.000500000000000019,1.394707247718296e-05,6.938881217464161,0.002921550067305429,0.15176621822698563,15.0,68.37851446464293,19.62930621694374,153.6,153.6,26,0.8387096774193549,0.3180240917236722,0.9354838709677419,0.23963328363762637,0.009052163265306133,2.2872175146387344,0.1302972203325073,0.6993893390502992,0.056967568453185666,0
320,23.634375,-6.5,57.49270833333333,4.078483381443197,0.7260050504874834,1.4484003238966392,45.0,13.0,81.0,709.28125,194.796875,1722.984375,62.637731850215125,1.420815022166136,1877.1742136903572,6.76184105785124,0.15427686105825592,0.8061546405575425,-0.0042905666666666654,32.05859504132231,0.02038090927841217,0.027075737753926576,-0.0006666666666667116,3.945460432820923e-06,6.761824235355348,0.0029091487610802386,0.15305705204302814,14.0,68.8398044074106,18.82851148168418,153.6,153.6,25,0.78125,0.338346459436039,0.923828125,0.22966457953240607,0.0004000000000000025,2.0381714520150225,0.014998252896721177,1.033288227656622,0.007358680685029353,0
321,22.197916666666668,-6.696875,57.48854166666667,8.722599707640047,1.587316467409172,1.2957759734089411,32.0,21.0,67.0,707.125,202.40625,1722.765625,62.62641122543841,0.8619940190910934,1876.8090079938254,6.614806057851239,0.14486218255580502,0.6469889730442725,-0.002339974999999998,32.04611570247934,0.018647309460786795,0.02439477551196258,-0.0005833333333333357,6.624572565789868e-05,6.614630458277298,0.002147320275633643,0.14438166515343945,14.0,71.95837768938061,22.317823037541512,153.6,153.6,22,0.6666666666666666,0.33032650602992414,0.8939393939393939,0.23403566267272813,0.00145487755102041,3.17258066423166,0.021032829333814076,1.0070095474661793,0.006629564874722527,0
322,14.384375,-2.7916666666666665,59.38125,12.677702112740107,6.161568838823077,2.8148531822281604,32.0,21.0,69.0,482.921875,193.640625,1779.5625,62.818674101444614,1.1238961116690696,1882.5887973054375,6.434103421487603,0.17337195323868723,0.9493344372644754,-0.005089699999999997,32.02421487603306,0.02458757551310605,0.02170795166296463,-0.0006666666666666524,-3.447675099683526e-05,6.434150551926912,0.0032476796717967956,0.17121583338794782,13.0,72.63963285296465,20.694111730167013,132.41379310344828,132.41379310344828,22,0.6875,0.5516353871013165,0.9013671875,0.3252627557691279,0.0008850624999999991,3.5296410876493036,0.038905363240458374,1.4848581389840023,0.011022470068300585,0
323,7.490625,3.25,60.86354166666667,10.853758739535428,8.79405575753683,2.4497287176196787,32.0,21.0,69.0,283.859375,246.71875,1824.0625,63.014524038170556,1.1632255052903995,1888.4756043068257,6.28210926446281,0.19619326840528933,1.2344329313626177,-0.0023682666666666667,31.99528925619835,0.036251517612353804,0.03258230630782553,-0.0008333333333333156,1.6773875200365576e-05,6.282073582260943,0.0037314921793873417,0.19412243231442672,14.0,72.77837895155469,23.119233353969477,132.41379310344828,132.41379310344828,22,0.7096774193548387,0.5905340538444841,0.9178427419354839,0.3494299735556392,6.514795918367173e-05,4.348851097559852,0.022602210791680767,1.3493612648674294,0.005197283209894886,0
324,8.453125,9.228125,57.871875,12.796642244525515,10.521953271662142,14.742768023148672,69.0,57.0,71.0,275.953125,331.421875,1757.890625,63.18849735440967,2.1899985749833757,1893.677945856358,6.183478173553718,0.1891078503145049,1.8581533861774702,-0.0017015750000000033,31.955785123966944,0.03432349907309829,0.02990918153893618,-0.0007499999999999988,-0.00010563574941516805,6.183666258599464,0.006834371945978428,0.18384463552603858,15.0,76.38650632753249,24.0771464149846,132.41379310344828,132.41379310344828,25,0.7575757575757576,0.5793378325457004,0.881155303030303,0.3543046340410163,0.0006685918367346944,4.169479581233668,0.06673461535212322,2.64992945812,0.016005502377919725,0
325,11.847916666666666,6.908333333333333,56.82395833333333,14.266576463645913,12.49407915329853,14.57163515183742,69.0,57.0,71.0,409.15625,347.6875,1726.40625,63.10482431668414,2.609857523652138,1891.179465406864,6.141186611570248,0.18375849648812542,1.4351765742679592,-0.002117233333333335,31.918595041322316,0.032302950895676634,0.027211455959105943,-0.0008333333333333156,0.00014747084308280235,6.141107716621728,0.007626459572258795,0.17785885198613632,16.0,71.59280539944083,20.21946604850052,112.94117647058823,112.94117647058823,25,0.78125,0.3121091305537215,0.9111328125,0.2763085185076681,0.0018275624999999943,1.997675834876449,0.06545445168644058,0.43514478595401795,0.03276530182910721,0
326,11.611458333333333,7.051041666666666,56.844791666666666,14.496122827843678,12.15201024858016,14.584947790099577,69.0,57.0,71.0,414.109375,351.78125,1727.046875,63.08130343777973,2.6743749906771908,1890.4538312219292,5.912287495867769,0.4083451045083913,1.9840804823161804,-0.00913115,31.888842975206614,0.025751196157553963,0.032684477468316694,-0.0010000000000000083,-3.474228761112517e-05,5.912478480112865,0.00824308307083291,0.40491314197957395,15.0,75.15027401466352,22.585710490938624,137.14285714285714,137.14285714285714,29,0.8529411764705882,0.285246230355141,0.8727022058823529,0.27129894688275685,0.002801433673469391,2.583437172073131,0.0911667448101734,0.07589448424642568,0.035288934368399916,0
327,6.983333333333333,7.723958333333333,60.942708333333336,9.416061927484453,8.214560811850943,2.3883067917663388,38.0,35.0,71.0,269.640625,324.078125,1826.40625,63.09075606563245,1.9600805426132066,1890.472620796915,5.553111404958678,0.48091156085288694,2.1912940912681425,-0.007846949999999997,31.852148760330575,0.03652705578401299,0.038191787327260834,-0.0010000000000000083,-0.0002682692308009777,5.554092353169613,0.006834967088636216,0.47880180522836074,14.0,73.5876491151253,22.18299438838772,137.14285714285714,137.14285714285714,28,0.8484848484848485,0.30017186645997074,0.8892045454545454,0.2695746804700897,6.1734693877552e-07,2.8729417900048935,0.05274066399004872,0.08978566214661943,0.018357721055656643,0
328,10.553125,3.0322916666666666,55.557291666666664,15.500177775358202,20.844813477575915,13.517690914684007,127.0,79.0,76.0,365.921875,505.40625,1665.046875,63.406299529512474,6.656335701701515,1900.155203017296,5.489982917355372,0.42587350971313254,2.090651519761641,-0.0035597333333333334,31.819090909090907,0.0381385035698243,0.0327460883162363,-0.000666666666666682,0.000339081867039305,5.488973759238201,0.014559815662845465,0.4139280932594755,14.0,80.77221817799757,23.544486186152245,137.14285714285714,137.14285714285714,29,0.8055555555555556,0.3617063356015287,0.8055555555555556,0.234936954908409,0.00039147448979592176,4.526062166525404,0.01585889875609471,6.810970375738171,0.003503906524613508,0
329,15.204166666666667,-10.366666666666667,49.17604166666667,17.476292969969982,27.859037532230403,16.65355470557554,127.0,87.0,80.0,501.8125,707.75,1475.734375,63.67394081653473,7.8380143675401275,1908.2581175532432,5.569673578512396,0.48730797081791466,2.168443392770242,-0.0010444750000000002,31.791983471074385,0.01913932538992373,0.016388475877112913,-0.0003333333333333262,-0.00033847008654149354,5.571538429564485,0.017208933238501464,0.46884891388336675,14.0,79.28145649944307,23.37808783024468,137.14285714285714,137.14285714285714,29,0.8285714285714286,0.4221897654726521,0.8325892857142857,0.27661284924483703,0.0015517971938775528,2.1122333833212457,0.03577628568714964,1.001897005215316,0.016937657538058374,0
330,27.466666666666665,-21.223958333333332,36.594791666666666,23.325972053104714,23.10927052789848,22.107440629946225,127.0,87.0,80.0,868.875,775.171875,1106.78125,63.59623769432838,8.151674743663753,1905.504105240017,5.968009983471073,0.5043595832991271,2.7302560576336825,0.010561024999999995,31.776446280991735,0.016305933824976214,0.016398789587376533,-0.0003333333333333262,0.00031063502773062744,5.966828843039107,0.018015613280351932,0.4891843459306526,15.0,83.31872146753919,27.945915545582807,147.69230769230768,147.69230769230768,30,0.8571428571428571,0.4570224122448675,0.8111607142857142,0.2934214402214546,1.3270408163265671e-05,3.052392041536758,0.023435057162612717,2.2343104386927743,0.007677603939372775,0
331,40.032291666666666,-21.238541666666666,25.716666666666665,23.70205684987973,16.802851133262987,21.55919499630932,87.0,87.0,80.0,1216.3125,679.90625,780.640625,63.24734446466788,4.868530048619511,1895.5683130621192,6.193019305785124,0.5707760007001175,2.758142364448823,0.011016549999999998,31.76123966942149,0.023126323877543577,0.021885717753682594,-0.0003333333333333262,-0.00037659811107666535,6.195322008343959,0.012031961723082674,0.5607061786111619,15.0,85.48886360085004,30.755934404427332,147.69230769230768,147.69230769230768,33,0.9166666666666666,0.46740133364853437,0.8046875,0.3055765164054205,0.0012325114795918362,3.443314977775727,0.02150193138574588,2.0855281089708306,0.006244543855129818,0
332,53.975,-17.729166666666668,15.61875,14.819799537555603,5.78139827137192,15.473918328513307,87.0,49.0,78.0,1618.25,530.90625,475.84375,62.91401781217031,2.426697906604034,1885.4943495439188,6.507261702479338,0.3741488604250533,2.671938930132013,0.013806275000000002,31.743223140495875,0.020659173458502815,0.027365774489447017,-0.0008333333333333156,0.0002077484042423074,6.5064590095259724,0.007065927962772434,0.3744391658676354,17.0,83.77025951354095,33.22615681037929,147.69230769230768,147.69230769230768,31,0.8857142857142857,0.5155832202324802,0.8397321428571428,0.3390782965613983,0.00146579591836735,5.419692250457093,0.07083357116484354,2.6481289917094104,0.013069666669517904,0
333,59.313541666666666,-17.201041666666665,11.647916666666667,0.8308027984609557,1.9643168231212658,1.225168284926152,63.0,22.0,15.0,1777.546875,515.53125,349.109375,62.89239922441455,0.49188731452864703,1884.8126740659059,6.630499107438015,0.059587633972935976,0.37311669120896457,-0.00010657499999999764,31.725371900826442,0.01920060787235224,0.01642980875387845,-0.0004999999999999894,-1.6163947271143982e-05,6.630517982078213,0.002397755179429318,0.05702697683130814,16.0,88.58439883289441,34.5887122244926,153.6,153.6,34,0.918918918918919,0.524272499417844,0.799831081081081,0.33918649724354416,0.005711040816326526,3.317579879935806,0.03411553471791369,3.213362049059742,0.010283259470024822,6
334,55.782291666666666,-17.615625,16.434375,10.295705969720121,2.3785424513151607,12.755303865165594,99.0,31.0,120.0,1672.328125,528.46875,491.984375,62.87278093712271,3.6651342266342084,1884.2268692063417,6.6342513719008265,0.058805496970543505,0.35508328956706803,0.0002557916666666715,31.711652892561982,0.019170703692426672,0.02191332512164988,-0.0006666666666666524,-1.7721259631366386e-05,6.634254126675407,0.0016180302212333633,0.058035658443481054,16.0,86.55889051809235,33.51524468941371,153.6,153.6,32,0.9142857142857143,0.46681586266144914,0.809375,0.32406717089208525,0.002471510204081624,3.171490776646101,0.02873487346083231,6.310584626007834,0.009060367973455016,6
335,44.728125,-16.492708333333333,30.764583333333334,16.641690889180754,2.7801283240641768,21.243106622927247,99.0,31.0,120.0,1340.71875,494.78125,921.875,62.782067956415254,3.6647910057814106,1881.5024958923573,6.648531132231405,0.07170141701793073,0.36820185325792293,0.0003303916666666629,31.701570247933883,0.014025258469815519,0.016440174570005885,0.0003333333333333262,5.290241828472476e-06,6.648567433469705,0.001655848847020971,0.07101080917518494,15.0,87.6421190480433,32.0205268634967,153.6,153.6,33,0.9428571428571428,0.43323651321036694,0.7892857142857143,0.30630856374657534,0.0021655727040816287,2.683077755012057,0.02065662380192508,0.8354659442572092,0.007698853961029637,6
336,33.76354166666667,-14.940625,45.225,14.244418642282218,2.7461366091368555,17.939580309100506,99.0,31.0,120.0,1011.78125,448.203125,1355.6875,62.66869646266873,3.6616117129698553,1878.1089726466073,6.651554074380166,0.058521804222929255,0.3204642393794733,-0.0008952666666666683,31.706198347107442,0.017872653211124606,0.02191332512164988,0.0003333333333333262,-1.513346918895886e-05,6.651607553980089,0.0010423460003350783,0.05805656408135326,15.0,75.52526149704393,28.840908065634917,153.6,153.6,28,0.875,0.5286642479842705,0.9091796875,0.3350150284314158,0.0003914744897959189,3.6282573363079007,0.004935341360625813,1.0036390822303907,0.0013602511903546498,6
337,22.210416666666667,-10.777083333333334,56.19583333333333,10.070558152012012,7.475396856336272,2.6250363754093433,29.0,18.0,76.0,696.125,386.8125,1684.078125,62.69393534143173,1.0386552545038048,1878.8826900487993,6.589794785123966,0.11631220464242033,0.6691215595738844,-0.0020996000000000014,31.716446280991736,0.019106465702047236,0.02191332512164988,0.0004999999999999894,5.738065903031128e-05,6.589761544926535,0.0020847391012621948,0.11505367254047735,15.0,70.47376306862861,26.76140520242912,153.6,153.6,24,0.8,0.5157555999704337,0.9682291666666667,0.3493735868834471,0.00021756249999999912,2.9764282928442927,0.06182626472395517,1.855232822129684,0.02077196513438381,6
338,20.4625,-9.683333333333334,57.07083333333333,10.145126600984337,7.604256848780309,3.1651065235716085,29.0,37.0,99.0,645.75,360.34375,1710.34375,62.73321171663829,2.207086552169985,1880.0318225450285,6.543668256198347,0.09062176685110122,0.5685837510808899,-0.0017585416666666687,31.72338842975206,0.013939285052765333,0.010949752018115709,0.0,-1.024210518553012e-06,6.54366522590651,0.0020621185049803504,0.08906235998507739,15.0,72.5398712865953,27.27653035886469,153.6,153.6,24,0.7741935483870968,0.44991680365189,0.9243951612903226,0.2856978265255541,2.469387755101913e-06,1.5209785656909194,0.01518621663733324,1.7455644888319035,0.009984504042260946,0
339,19.169791666666665,-8.729166666666666,57.871875,9.577171422533755,7.240624925070732,2.8941824955776947,29.0,37.0,99.0,606.9375,331.703125,1734.40625,62.773181491850956,2.2104340579339867,1881.2445206228615,6.466350297520661,0.08762458299219522,0.44839812690087916,-0.0018011749999999956,31.71512396694215,0.019671504855287965,0.02191332512164988,-0.0003333333333333262,-1.126006339958323e-05,6.466394614355185,0.002178917188790182,0.08545552034964753,14.0,73.82000148391859,25.683925728044855,137.14285714285714,137.14285714285714,28,0.875,0.4361658806041869,0.9091796875,0.29982695357055933,0.007618795918367356,4.109419118158577,0.02561259248367975,0.4425573342718252,0.006232655211658406,0
340,26.664583333333333,-9.091666666666667,53.309375,11.163463276527983,5.516068698710059,12.509209758255784,73.0,37.0,99.0,801.3125,308.171875,1610.0625,62.76922978420259,2.664942269163791,1881.1268023098296,6.440274669421488,0.17446146020094075,1.0393153101642507,0.003165383333333331,31.699752066115703,0.021376700451132005,0.02191332512164988,-0.0001666666666666631,-0.00011462712423964852,6.44022791406587,0.00384632473080139,0.17057515681073807,14.0,82.8141669416686,30.186791991105466,142.22222222222223,142.22222222222223,30,0.8571428571428571,0.48285310009192484,0.828125,0.299948842364351,2.9858418367347467e-05,6.860466948971119,0.002935694411136032,2.1644539799264346,0.00042791466426003337,0
341,36.321875,-8.091666666666667,46.422916666666666,13.852253901479054,4.729994420950433,13.891480296440294,73.0,19.0,61.0,1088.609375,271.6875,1403.484375,62.79703255761759,1.8985723471907912,1881.9442145044727,6.529531132231405,0.25990619030900586,1.3169805754413146,0.00211615833333334,31.68305785123967,0.018310588329423092,0.021927154940766275,-0.000666666666666682,6.0285096256521006e-05,6.529454122106637,0.004336134403396405,0.25676303144532303,14.0,80.32445675698253,30.99783706619633,142.22222222222223,142.22222222222223,29,0.8787878787878788,0.5764399535246766,0.884469696969697,0.40255346556989474,8.294005102040898e-05,3.814642331852677,0.12800182876209887,2.9855541614274994,0.03355539461544526,0
342,42.15416666666667,-3.9625,38.08958333333333,16.769863325985163,10.957999836496926,18.84266810971991,73.0,52.0,80.0,1298.703125,294.53125,1213.734375,63.08037809532064,4.55078557519378,1890.3786006382861,6.4966796694214874,0.37437356254488896,1.8924953364031798,-0.003108416666666673,31.66603305785124,0.01900323325438748,0.021941002227316913,-0.000500000000000019,6.624923612887097e-05,6.496477715087193,0.008120377524315376,0.3701167744376796,15.0,86.43541385010472,33.11364864046824,147.69230769230768,147.69230769230768,30,0.8571428571428571,0.561688804374414,0.8348214285714286,0.41023603755045956,3.3176020408161103e-06,6.612910005919499,0.10190083611509826,4.984675678766998,0.015409378930589175,0
343,49.78854166666667,1.4052083333333334,19.197916666666668,16.183906420884004,12.213950952630517,27.528250561796618,73.0,52.0,80.0,1527.375,310.453125,904.3125,63.23148293205434,4.485205258772453,1894.9615754241836,6.3547044462809925,0.44416708782377207,1.8924953364031798,-0.008501291666666666,31.648512396694212,0.02122921568000397,0.02743492375018074,-0.000666666666666682,-2.3969408908093995e-06,6.354776109414269,0.007456382549718362,0.4416164655063998,14.0,93.4189789879229,34.863221648132644,153.6,153.6,32,0.8648648648648649,0.42229274584634346,0.7521114864864865,0.31607253030274485,0.009079367346938809,6.535904907840727,0.07306089560204532,1.9656501682649674,0.011178390235512547,0
344,51.88333333333333,5.058333333333334,15.828125,16.489167319452154,10.456991945849225,26.16849729447684,77.0,52.0,80.0,1590.390625,263.609375,803.359375,63.34800705369782,4.588913523335538,1898.4733250574445,5.987456090909092,0.3550832186994345,1.823091372795874,-0.00879495833333334,31.63760330578512,0.01414358443985571,0.01647135064664589,-0.0001666666666666631,-3.334053260869955e-05,5.9874282467026605,0.007181403350870472,0.3518211375651433,14.0,92.85599833666254,32.76826555741246,153.6,153.6,33,0.825,0.4142911046486826,0.73671875,0.2721296849476137,1.6530612244896022e-06,4.692899398751239,0.01611796195480981,3.796907221189578,0.003434542398053266,0
345,56.44895833333333,5.310416666666667,16.044791666666665,4.253858415007551,4.896160893297478,21.969511875322368,77.0,22.0,38.0,1691.765625,160.9375,750.40625,63.188699194938025,2.0090322840378594,1893.7354125799543,5.721532305785123,0.18483048286340126,0.979731864353294,-0.0047507666666666655,31.620909090909088,0.023425634048590882,0.027469629593891366,-0.0001666666666666631,-8.375079245228542e-05,5.721778577150911,0.0019602293239141576,0.1841863428862249,14.0,84.39506187340372,30.614659685203026,153.6,153.6,33,0.8918918918918919,0.4045520740799151,0.8065878378378378,0.2918052934368352,0.0013037257653061211,3.9600287367426352,0.04437481614724993,4.221569855128239,0.011205680336489407,0
346,54.31041666666667,2.5302083333333334,31.085416666666667,3.155929576694568,2.113233097238421,6.864840662855103,77.0,13.0,38.0,1627.5,78.625,932.46875,63.1051959535519,1.2697907952953873,1891.1446173949225,5.525884504132231,0.15960879667575661,0.8903133723180096,-0.004729458333333336,31.604049586776856,0.02972542425158407,0.027469629593891366,-0.0004999999999999894,5.080499221070269e-05,5.525457127208223,0.0008569085588340468,0.15873674852302688,15.0,77.0945448391443,22.96455286244456,128.0,128.0,30,0.8823529411764706,0.4457089709018927,0.8556985294117647,0.28091940393143067,0.0002081836734693892,1.6636472096581887,0.007689480226664365,0.8468432004627431,0.004622061806147133,0
347,38.46458333333333,13.215625,32.9375,28.243302964178763,21.310559922083424,4.509971590819614,72.0,59.0,59.0,1348.4375,400.75,986.90625,63.28319639594203,2.5410323845431333,1896.6660649473495,5.310221421487604,0.21658167754607863,1.430474075626824,-0.0071754999999999935,31.57396694214876,0.026798277323533674,0.027504423356363085,-0.0008333333333333156,-6.221533197146823e-05,5.310535170988559,0.0040870193351827495,0.2143213885318475,15.0,74.20908098598528,24.1377267073449,153.6,153.6,29,0.8787878787878788,0.4200081670057887,0.8901515151515151,0.27811502068847843,4.702040816326542e-05,1.8062898507821872,0.008747546573525502,2.1087587643205685,0.00484282551315754,0
348,30.948958333333334,13.883333333333333,36.06041666666667,31.829403645292047,23.225455981649866,8.815144156113135,95.0,59.0,72.0,1236.171875,492.265625,1081.28125,63.56250726388264,6.402014942880602,1905.111877888082,5.267937421487604,0.2116412337952509,1.572790456950294,0.0019610416666666704,31.55066115702479,0.02583275955893718,0.0275218533116013,-0.0008333333333333156,0.00011920756903847065,5.267215304780646,0.005299880508220061,0.20626959312961365,15.0,82.31739623727913,25.630992821630592,153.6,153.6,31,0.8611111111111112,0.3507008289533565,0.8051215277777778,0.2601687911743799,4.899999999999942e-05,1.6000733776848466,0.018596122161577876,0.7024354217574317,0.011622043351839707,0
349,31.230208333333334,14.333333333333334,35.369791666666664,32.093225595493884,23.006460445323224,9.566637120217875,95.0,59.0,72.0,1244.609375,505.0625,1059.96875,63.56444399900241,6.492062520058938,1904.9681737673268,5.270526991735537,0.2241654354448004,1.572790456950294,-0.0006394666666666623,31.53743801652893,0.018386526041302115,0.016523574364353096,-0.0004999999999999894,-2.1729456584809496e-05,5.27056737557771,0.005790638709972823,0.21964270419665255,15.0,82.51469800547387,27.635096804964032,153.6,153.6,32,0.8888888888888888,0.3044957042859085,0.8038194444444444,0.24072543799298313,2.7188775510203063e-05,2.119568144942425,0.025865704598269493,0.8067352890762218,0.01220328992959653,0
350,45.81875,3.1958333333333333,36.346875,21.12222522457092,10.106267822769963,8.63902788132872,95.0,53.0,72.0,1487.484375,167.796875,1089.1875,63.383640654197805,6.008200431037888,1899.768238679886,5.276109157024794,0.2008092214352671,1.572790456950294,0.0016893333333333278,31.521735537190082,0.022660909873208984,0.0220524133386569,-0.0003333333333333558,-2.979524251014526e-05,5.276459392810787,0.00425899655545108,0.19669042436897918,15.0,79.0442423870457,25.077544036123115,147.69230769230768,147.69230769230768,28,0.8,0.294202366015499,0.8294642857142858,0.23221839430385618,0.0010516122448979558,1.5991339010965973,0.015717610744240152,1.4470291352527411,0.009828827175424076,0
351,52.82083333333333,2.3291666666666666,34.10104166666667,2.732745744769453,1.5096851676940977,4.508233088649834,76.0,13.0,51.0,1582.84375,71.046875,1022.28125,63.14247223277856,1.2024594238984612,1892.2926895045327,5.131921123966942,0.19834866911700913,1.2262585825953427,-0.006154983333333338,31.503719008264465,0.030859110162288414,0.027574275977307813,-0.0003333333333333558,-2.2940482769472664e-05,5.131948303149533,0.0025787284077499265,0.19793193461348338,14.0,70.06970723302351,20.414878715977906,147.69230769230768,147.69230769230768,23,0.71875,0.26229830961294137,0.9052734375,0.17742020223644514,0.001001270408163259,1.867658635324286,0.0030252960214642603,0.20309199572038084,0.001619833498608792,0
352,51.42604166666667,1.4854166666666666,36.48854166666667,1.145984365046293,0.8525670998356799,1.3836372501239462,56.0,4.0,40.0,1541.125,46.46875,1093.625,63.10306665376881,0.46419703791536887,1891.1374484339867,4.944632495867769,0.1258204644195286,0.7532212984540918,-0.002925650000000002,31.479421487603307,0.021215054714692337,0.022066419332338206,-0.000500000000000019,2.924394108862744e-06,4.94452639442207,0.0006923411827613495,0.12589751930971266,14.0,66.62282321032927,11.420047802425199,93.65853658536585,93.65853658536585,24,0.75,0.1983186000785019,0.92431640625,0.14111834982246713,3.188775510204211e-06,1.0926418463690146,0.0031555636318639693,0.14866133599045095,0.002888012794265844,0
353,33.01354166666667,17.0625,34.13854166666667,29.662385411324063,23.962258736396283,5.747333979617323,72.0,61.0,50.0,1240.734375,512.984375,1023.28125,63.46499267362512,2.3950723586933305,1901.9785613373897,4.781469338842975,0.15474456121785027,1.1806036407059732,-0.0034646916666666674,31.461900826446275,0.015551250891026545,0.016565592379277287,-0.0003333333333333262,1.4460276143698022e-05,4.781289413990915,0.002965267969386441,0.15333512476962907,15.0,71.0234562960957,19.72428554905962,132.41379310344828,132.41379310344828,27,0.8181818181818182,0.31254882431089864,0.8963068181818182,0.1948078017727799,6.984183673469474e-05,1.6492113108740705,0.0012156545130248718,0.9097467649519377,0.000737112645911083,0
354,30.105208333333334,27.252083333333335,25.742708333333333,30.16541849325588,25.777553943816876,13.015113368628946,85.0,61.0,50.0,1152.890625,819.359375,778.21875,63.60507044827123,3.1479511755723677,1906.2040276073515,4.632925016528927,0.15899221070467587,1.216045855226984,-0.004780874999999995,31.452975206611566,0.01619328644172475,0.02209448476078272,-0.0001666666666666631,0.0001343240065884973,4.632673744717102,0.0038963515829531434,0.15676610738617314,15.0,74.98294162977766,21.280065153531275,132.41379310344828,132.41379310344828,29,0.8529411764705882,0.32676938585811693,0.8534007352941176,0.1953773681205785,0.0018153686224489814,0.9364754466199532,0.013817005473282913,0.9447035712709404,0.014754263470711394,0
355,30.958333333333332,27.390625,23.851041666666667,30.986158424188194,25.717222577669133,13.045820649347077,92.0,61.0,52.0,1178.515625,835.8125,721.25,63.68632343478368,3.6469335100587856,1908.5681297984438,4.539835933884298,0.10779613948182797,1.142759829867855,-0.002468124999999999,31.44289256198347,0.014962101795217342,0.01657613029431113,-0.0001666666666666631,1.0199042374491526e-05,4.539819254425565,0.004613162373567691,0.10252034232610618,16.0,80.80144780581008,24.26399634270395,137.14285714285714,137.14285714285714,34,0.918918918918919,0.32664389602291327,0.8036317567567568,0.21118496309344248,0.0012780625000000032,2.056561033473436,0.015729503846114403,1.179874034397356,0.007648449810190171,0
356,46.348958333333336,11.463541666666666,26.403125,19.457970168586375,21.567740280101916,14.465511809163258,115.0,58.0,59.0,1447.703125,411.46875,798.09375,63.33346077072907,4.320594689297912,1898.052967182803,4.542466033057851,0.0956429320306545,1.0139870178657142,0.0013535416666666726,31.42933884297521,0.022258271271228286,0.02210854426355672,-0.0004999999999999894,3.743157952957552e-05,4.54245971050893,0.0037812347606509585,0.09194191845251344,15.0,81.40324732473798,20.888245184481892,137.14285714285714,137.14285714285714,31,0.8378378378378378,0.26821652478299446,0.7808277027027027,0.17615923087103263,0.00011175510204081707,1.3569226157897025,0.0033619391336612518,1.4768610103100381,0.0024776203849360035,0
357,16.584375,5.102083333333334,28.935416666666665,50.97296225313352,15.150701160663232,11.916025441664218,115.0,51.0,61.0,1580.515625,321.21875,869.796875,63.876007284111104,5.288200869878702,1914.3521055970668,4.6127762231404965,0.12060711014657836,1.068862066054617,0.003954066666666667,31.41859504132232,0.01721549298021985,0.016586681624906032,-0.0003333333333333262,-7.758509696000616e-05,4.61272609423352,0.003873996101718163,0.11379192481960283,14.0,81.07154052508571,23.953630957739218,137.14285714285714,137.14285714285714,30,0.8333333333333334,0.4277533579854835,0.8216145833333334,0.3120086197491073,0.004248246173469381,2.7288457797870724,0.008585657572602625,1.3750396498935356,0.003146259724971541,0
358,16.496875,4.823958333333334,29.583333333333332,50.80173871927064,15.136161479437156,10.86370741914973,115.0,51.0,61.0,1577.90625,309.9375,888.625,63.8210123147125,5.040797270801039,1912.6065773104528,4.545150727272728,0.1951187545120422,1.2887659687781712,-0.0022168333333333345,31.40851239669422,0.012105674990810026,0.011061306350752188,-0.0003333333333333262,9.183102172590753e-07,4.545029611504231,0.0033048122637345783,0.19224696995447504,14.0,79.31238129077768,22.829493806855655,123.87096774193549,123.87096774193549,25,0.7352941176470589,0.4347859539561688,0.8377757352941176,0.3155188446691752,0.00032143367346938777,2.436076953826674,0.03521833320451716,0.8458487512947575,0.014456987144513224,0
359,19.783333333333335,7.433333333333334,28.030208333333334,50.71196166148136,13.563344187756778,10.424536558360627,92.0,47.0,62.0,1618.234375,338.125,841.96875,63.84807028600115,4.482136293538721,1913.4106594175782,4.424824289256198,0.2293713978332394,1.4196608215682063,-0.004859983333333336,31.396776859504133,0.021289615519784328,0.022136717016895468,-0.0001666666666666631,-3.484147882978094e-05,4.4247999578126,0.0037947540548639146,0.22657630930540174,15.0,74.10751427837016,25.680647158547032,123.87096774193549,123.87096774193549,25,0.78125,0.47631661755736626,0.92138671875,0.3545335477550251,2.4999999999998016e-05,4.908631844356424,0.09046805873390146,6.819770881572227,0.018430402116613172,0
360,52.37708333333333,4.370833333333334,33.891666666666666,4.312227749055263,4.909597672473332,6.261550438101485,71.0,33.0,62.0,1569.609375,147.15625,1016.0,63.13871073822626,2.5529962099316252,1892.2382531662684,4.225013140495868,0.12305866699156379,1.428997185318521,-0.006032350000000005,31.37743801652893,0.02507934271021834,0.022150830335992275,-0.0004999999999999894,8.411435751369342e-05,4.224757621687856,0.002914651773276329,0.12048299406608226,15.0,78.56576381771258,22.462530147808028,123.87096774193549,123.87096774193549,26,0.7428571428571429,0.2890687101876625,0.8308035714285714,0.2480809636808442,9.215561224489573e-06,2.2007770112703042,0.010136074016909238,0.6390835712679466,0.004605679705395788,0
361,51.9875,5.566666666666666,34.63645833333333,3.897896067111077,3.9557096567984975,5.446149629777954,71.0,33.0,62.0,1557.796875,171.671875,1038.421875,63.152569503564216,2.372113705289987,1892.5381470921318,4.127242636363637,0.10209294118498916,0.9607792424413923,-0.002366049999999997,31.353471074380167,0.022070912902877535,0.02769737563179167,-0.000500000000000019,4.198894817506245e-05,4.127132634693702,0.0022955159686524704,0.10087405985507297,16.0,74.61354114207404,19.383325940652963,123.87096774193549,123.87096774193549,25,0.7352941176470589,0.29196244472326893,0.8607536764705882,0.23136447779585406,6.865306122448904e-05,2.2696583153228085,0.011929200087965334,0.410628513954839,0.005255945358572033,0
362,51.311458333333334,4.064583333333333,36.48125,0.5844102781983637,0.41078663527702824,0.714188423433667,54.0,5.0,38.0,1537.734375,121.8125,1093.296875,63.096310136463764,0.3797220428784354,1890.9126369916992,4.0248890413223135,0.07574316363493173,0.6142620756638165,-0.002375950000000001,31.337107438016524,0.019217675082721205,0.016629021616597284,-0.0001666666666666631,-2.53545607743444e-06,4.024896583921556,0.000193712505522153,0.07574328281136325,15.0,76.03511592611561,19.00952941251698,147.69230769230768,147.69230769230768,26,0.7428571428571429,0.2650973348921331,0.8303571428571429,0.17451874424209204,2.2562500000001013e-05,1.7775077871971219,0.012322736638113094,0.9695494642201308,0.006932592209648941,0
363,51.01875,3.9635416666666665,36.88125,0.48483513091221697,0.2808542740708941,0.45696291333834377,53.0,5.0,38.0,1528.96875,118.78125,1105.28125,63.081172316931976,0.3709098563463643,1890.4622077432514,3.934145512396694,0.08530817080561659,0.636547696337138,-0.0022054333333333285,31.32123966942149,0.016442750565879433,0.016639640410839013,-0.0003333333333333558,1.44899508556512e-06,3.934143647917045,0.0001829081288535117,0.08527382487487319,15.0,71.7608740344719,17.919676643912844,147.69230769230768,147.69230769230768,22,0.6470588235294118,0.24230584229877994,0.8745404411764706,0.1641165568383697,7.224999999999918e-05,1.0754432678522687,0.006385224614342502,0.23074554035066222,0.005937295629823615,0
364,50.56875,3.9302083333333333,37.442708333333336,0.8535846594411907,0.28925903603959474,0.9369992875827364,56.0,5.0,42.0,1515.5,117.8125,1122.0625,63.05635561066272,0.43322484729171606,1889.7061207387158,3.8361511157024797,0.08809660225070456,0.6539806807904908,-0.0024079250000000035,31.313140495867767,0.01605944833255044,0.022193278476040003,-0.0003333333333333262,-4.922648376741967e-06,3.836133248461225,0.0001851288946975532,0.08799441557809513,14.0,69.58822240241334,18.160873440133372,147.69230769230768,147.69230769230768,22,0.6875,0.26232833288432833,0.904296875,0.17327862585366488,1.7163265306121966e-05,0.8881184634584179,0.012325120808995466,0.27650822764320226,0.013877789187041863,0
365,50.3375,2.964583333333333,37.72604166666667,0.8759815922723492,1.5298406212376794,0.9513964289036171,56.0,5.0,42.0,1508.546875,89.5625,1130.609375,63.00549977208981,0.4762248795026261,1888.1972423760835,3.745763553719008,0.07370723767930279,0.5784568025808421,-0.0019503916666666658,31.306694214876035,0.013198323819951731,0.022193278476040003,-0.0003333333333333558,3.557178592665458e-07,3.745756466021086,0.00027990691052188213,0.07366626215022501,13.0,64.81568196659552,9.600941092141738,91.42857142857143,91.42857142857143,19,0.6129032258064516,0.21867558257991832,0.9450604838709677,0.13340392319855465,1.6576530612244784e-05,0.5794257917750649,0.0031404557709825707,0.22322372136847993,0.005419944737637268,0
366,50.197916666666664,1.9322916666666667,37.89375,1.1851493547462932,1.887071959835454,1.3720280381610281,59.0,10.0,43.0,1504.34375,60.96875,1135.65625,62.97541316308412,0.668053345313536,1887.2887109028247,3.6799878016528926,0.045989140666034704,0.433459287511295,-0.0015347333333333342,31.298429752066117,0.016614653716533943,0.016650272775438704,-0.0003333333333333262,5.889834246760546e-06,3.6799327570259313,0.00029331166614987857,0.04595456670026167,14.0,65.88157784895027,8.792037658182524,91.42857142857143,91.42857142857143,18,0.5806451612903226,0.19293342709770817,0.9264112903225806,0.12039092989740081,0.00010143367346938733,0.42700607390831535,0.0027802026755457307,0.3057727190785908,0.00651092067637118,0
367,49.92916666666667,2.4166666666666665,38.13645833333333,1.1579360829606369,2.426274006693299,1.3026911081541506,59.0,10.0,43.0,1496.34375,75.515625,1142.859375,62.942180806463746,0.5982616426729334,1886.2949519513004,3.6143388925619835,0.05853177652159192,0.5012216155287681,-0.001694599999999998,31.289834710743797,0.015319380642291916,0.011103727479639313,0.0001666666666666631,-7.074995303575632e-07,3.6143516733966905,0.0003316640013657258,0.058396307936686404,15.0,69.63296179382898,16.698217563876277,153.6,153.6,21,0.6363636363636364,0.19839366518797608,0.8915719696969697,0.1352311189080394,5.5715561224490015e-05,0.4251208351345268,0.007659270471811616,0.36250619305992354,0.018016690406123914,0
368,49.60520833333333,3.65625,38.45520833333333,1.1453592769362322,2.30817444549439,1.2837420716784282,59.0,10.0,43.0,1486.609375,112.03125,1152.453125,62.93464126384735,0.6052649481917304,1886.074958044912,3.5440414876033053,0.07814426129224722,0.5935416472453154,-0.001972933333333334,31.28107438016529,0.014759877090383702,0.016660918736423922,-0.0001666666666666631,3.7151900938389052e-06,3.5440445160207665,0.0002957847613301542,0.07807791811795892,14.0,71.30594043946704,17.43184926552096,153.6,153.6,20,0.625,0.19276054581836385,0.873046875,0.13820343414323819,0.0005126989795918365,0.9009688575790926,0.017563690485116322,0.25476170427535294,0.019494225951727163,0
369,49.459375,4.85,38.60520833333333,1.1512744862578748,0.9865765724632495,1.4503497991624488,59.0,12.0,41.0,1482.15625,145.84375,1156.96875,62.96084447125965,0.6698732212284167,1886.8064646511468,3.456168603305785,0.07393030991284681,0.7814062628805246,-0.002250025,31.273471074380165,0.01699347195037964,0.016660918736423922,-0.0001666666666666631,-3.726010935822802e-05,3.456302178178431,0.0005619479323203116,0.07365349970690886,15.0,76.54462930938794,26.31695606137856,153.6,153.6,27,0.8181818181818182,0.41413619627183035,0.8641098484848485,0.2744194988033137,0.000515938775510203,3.7228818876503253,0.007201752400466853,2.3261914861498445,0.0019344563211518364,0
370,41.526041666666664,2.990625,38.70104166666667,26.038580129587142,8.95142654046689,3.3124133570953807,88.0,50.0,70.0,1460.734375,200.375,1159.9375,63.14478336710422,3.6014869875480318,1892.3351159377864,3.4442351404958673,0.21273794854137287,2.8894533616447027,0.009133791666666665,31.26173553719008,0.018482857188091326,0.022221667734331898,-0.0006666666666666524,-2.3491675770553457e-05,3.444424155340831,0.002689616927834078,0.21159072981280458,15.0,77.52860758235455,29.617961590971362,153.6,153.6,27,0.84375,0.5016668285374654,0.8876953125,0.33845886782946366,0.00010000000000000618,4.666616543782049,0.02612023143344913,1.3845614860162638,0.005597252567977237,0
371,22.5625,5.786458333333333,36.375,40.629144019410504,22.290301141002946,8.218944072486845,88.0,112.0,70.0,1338.1875,459.703125,1090.25,63.635164190337825,5.602849287229922,1907.059348277157,3.547004239669421,0.37087386348088763,3.2645477796230153,-0.0006501250000000014,31.255950413223136,0.013272634644551607,0.01667157831989327,-0.0003333333333333262,0.0001221777283427859,3.546948603365667,0.007349457816011737,0.3642030919694168,15.0,80.85138491060778,29.474701376925665,153.6,153.6,29,0.8787878787878788,0.3953715525310101,0.8404356060606061,0.29291764265734443,0.0003150624999999971,2.9889737641894887,0.02319069631094678,1.1848692001168946,0.0077587487012403845,0
372,12.29375,18.919791666666665,34.16354166666667,38.42011683485836,29.833161497846607,10.972661290221737,88.0,112.0,84.0,1101.171875,853.796875,1024.421875,64.15442928071081,6.853742554225985,1922.6665979467575,3.6488424132231403,0.39895491507826036,3.3096139909269313,-0.0011084166666666673,31.253140495867765,0.01259890181828701,0.011117940254692194,0.0001666666666666631,-0.00017176630507728327,3.6498051970178054,0.00980526785571095,0.3884294244896269,15.0,79.98342984277554,29.055093352557407,137.14285714285714,137.14285714285714,28,0.8235294117647058,0.3889928021116804,0.8575367647058824,0.31762264382273603,0.00357860331632653,3.397544090538696,0.041540956662558456,0.2790661538085857,0.012226760140726224,0
373,9.836458333333333,38.10729166666667,28.1375,29.732370896436496,28.54229224907483,11.376778707085762,81.0,112.0,84.0,810.765625,1318.625,843.984375,64.29460651987654,5.911978443881238,1926.8436335485176,3.5571552479338844,0.42286855329619216,3.7224537344827646,-0.01102145833333333,31.25628099173554,0.014324009284821707,0.01667157831989327,0.0001666666666666631,3.858908874607328e-05,3.5561361837534577,0.010243543314944533,0.411559208972678,15.0,77.71245248729895,26.69837676534166,132.41379310344828,132.41379310344828,29,0.8529411764705882,0.43834469322184977,0.8699448529411765,0.3046985902071801,0.0009258979591836748,2.947474803591397,0.04436071343747133,0.2250038518176502,0.015050413114106802,0
374,14.25,52.541666666666664,25.43125,17.767127886446175,11.090082531503342,9.502163267952898,79.0,61.0,84.0,612.21875,1575.265625,762.59375,64.20116576918684,4.195223141946736,1923.9835384785065,3.390755727272727,0.2933970389706759,3.1763036659078345,-0.0004049999999999998,31.250330578512397,0.017436253876681407,0.02223588961721256,-0.0003333333333333262,-7.921862942738174e-05,3.390801643002755,0.007727556285218054,0.2874451717592225,15.0,85.28417343810037,31.126039911421405,132.41379310344828,132.41379310344828,29,0.8285714285714286,0.5559902111455793,0.8294642857142858,0.3738332188425797,0.0005863316326530655,6.047584995336922,0.05835439689123792,2.079436469841341,0.009649206573571587,0
375,1.6072916666666666,56.99375,21.364583333333332,19.418229969925957,1.5612369895374631,5.674173566231669,33.0,61.0,42.0,561.015625,1708.0625,640.28125,64.16460994173814,1.3858352564185425,1922.9279696853948,3.198143842975207,0.12372348114149041,1.704599209475446,-0.0014143916666666664,31.23495867768595,0.028433595742474997,0.03337521738706901,-0.0006666666666666524,0.000187519213232965,3.197605526590118,0.004710376468084437,0.119455254148247,16.0,85.7135607382879,29.21969882094529,137.14285714285714,137.14285714285714,32,0.9142857142857143,0.5519135016714176,0.809375,0.3516502866586957,0.0014630624999999878,8.205743280195614,0.0683852231146918,8.257054306131016,0.008333824344680399,0
376,10.480208333333334,40.128125,26.342708333333334,30.888064441732137,25.225508762316537,9.202255665411455,77.0,61.0,50.0,857.125,1230.09375,789.4375,63.912390536557524,2.079934510800588,1915.3798587806455,3.1686824214876035,0.12409744839171655,1.704599209475446,-0.00159556666666667,31.201404958677685,0.04072292560249589,0.03897521120835999,-0.0010000000000000083,-3.422437693161819e-05,3.168725803372806,0.002637644505487026,0.12212811356250995,15.0,86.64614387055863,28.515783080395025,137.14285714285714,137.14285714285714,34,0.918918918918919,0.4586291658906524,0.7930743243243243,0.33607065253628604,0.008203183673469377,5.978879364683667,0.11834964611473997,6.987958986727003,0.019794620178124576,0
377,25.636458333333334,22.621875,30.696875,34.238321061688524,25.96864577044867,9.34661205469884,77.0,61.0,50.0,1197.5,704.984375,919.90625,63.573918188040956,1.903847303123013,1905.2746715238031,3.0868899834710746,0.0700926015563831,1.1030975656106403,-0.0025441166666666662,31.15743801652893,0.04409847968031874,0.039025243740135926,-0.0010000000000000083,2.0276243795514257e-05,3.086894901606472,0.0023735109408759866,0.06755004066108858,15.0,80.82003034438169,22.856151168108568,137.14285714285714,137.14285714285714,29,0.8055555555555556,0.3250064388098444,0.8016493055555556,0.22452748188372293,0.001591440051020404,2.378333325604948,0.010383874702397922,0.45125055160773464,0.004366030022203343,0
378,49.0,5.044791666666667,36.46458333333333,12.042978590586854,8.688418653966739,3.428859721985657,77.0,56.0,50.0,1499.0625,177.65625,1093.078125,63.130703842470716,1.7055861223988176,1891.9208273855888,3.0305214049586775,0.07596334982349223,0.8050537064327568,-0.0010764416666666683,31.116776859504128,0.034165733063365206,0.033482430043386475,-0.0008333333333333452,-3.4416315343996376e-05,3.0306432794842344,0.0010113873067159333,0.0755740206308298,14.0,78.1611918369804,19.94530604601922,137.14285714285714,137.14285714285714,27,0.7714285714285715,0.2779240640643221,0.8147321428571429,0.19455273142806925,0.0027300625000000094,1.1479419236939017,0.035749011544217876,0.8571129567579278,0.031141829396022946,0
379,51.266666666666666,4.348958333333333,36.552083333333336,0.6371594951205093,0.6583588800423029,0.6719032616795036,54.0,8.0,39.0,1536.359375,130.28125,1095.453125,63.12147258736597,0.45815579854413135,1891.6535365623063,2.947072966942149,0.08455722243086065,0.8431738257410443,-0.0021635416666666647,31.084545454545456,0.024528613751330457,0.027946901966990765,-0.0008333333333333156,-4.570346733840167e-07,2.94704725449374,0.00024174470061549995,0.08451660886282995,15.0,71.4663533327634,13.507548531410384,101.05263157894737,101.05263157894737,25,0.7352941176470589,0.24349369780594346,0.8699448529411765,0.16460740166549803,0.0007562499999999979,1.645442298517041,0.014000763222407338,0.2733312645812201,0.008508814459811543,0
380,50.95,4.433333333333334,36.878125,0.9797958971132712,0.5698440332426253,1.0128037738747817,57.0,7.0,40.0,1526.921875,132.875,1105.171875,63.06804228595318,0.5344004901654924,1890.0715294010815,2.858445363636364,0.06966129520878354,0.7205838125726103,-0.0019823666666666647,31.063388429752063,0.021572622648800138,0.022364710490752508,-0.0004999999999999894,1.4360530391727292e-06,2.858445134198771,0.00010919588796585011,0.06966928389796584,16.0,72.29599405646161,15.534068732822282,109.71428571428571,109.71428571428571,30,0.8823529411764706,0.2661536628599875,0.8676470588235294,0.18024550881292947,0.0023418686224489834,1.2305884179397042,0.06080824966655876,0.10837396422744465,0.049413962280228624,0
381,46.427083333333336,8.303125,37.32604166666667,14.568262301765971,12.323452853578619,2.602272436082975,63.0,66.0,58.0,1426.0,248.21875,1118.921875,63.119714919982435,2.1034507569263403,1891.6184266649218,2.789435247933884,0.053205420925309437,0.5909637551549503,-0.0012363166666666666,31.04834710743802,0.018106530826616677,0.022379116117308452,-0.0006666666666666524,-3.868335649194885e-05,2.789633459562392,0.0010344686017619092,0.05275768987493699,16.0,75.5049780077388,21.490620408826594,147.69230769230768,147.69230769230768,30,0.8823529411764706,0.36063883501112554,0.8538602941176471,0.21894300679609177,0.0007840000000000051,2.398834217646834,0.016008829570792533,0.8973417629218232,0.006673587300458217,0
382,37.44479166666667,23.736458333333335,32.98229166666667,19.6771619406847,22.665601781626357,8.233740224320732,63.0,66.0,58.0,1204.546875,711.21875,988.546875,63.375447939548515,2.3729145499947157,1899.1976513516008,2.79076705785124,0.07235901174684548,1.02472506906969,0.0019290666666666677,31.042231404958677,0.014853978141263133,0.01678974035296074,0.0003333333333333262,4.2927417704622516e-05,2.7905761893775507,0.00213830570090486,0.07019310995494264,15.0,79.88961879148606,25.04973032899896,147.69230769230768,147.69230769230768,31,0.9117647058823529,0.431326505620461,0.8299632352941176,0.2666977878524965,1.7461734693879077e-06,2.4313319361056975,0.009617145430713204,0.5829481017438347,0.003955504918064432,0
383,17.036458333333332,39.77291666666667,30.041666666666668,28.869637380067616,20.12058688242109,8.08318298829256,63.0,66.0,58.0,908.828125,1192.296875,900.125,63.81298245280347,2.4824676187608414,1912.394805768152,2.800438363636364,0.11723897571334393,1.8890471431834706,-0.000341050000000002,31.03809917355372,0.017359306913211033,0.01678974035296074,-0.0001666666666666631,-1.3550433316550058e-05,2.8004752211768817,0.003686062549386789,0.11419760674089577,15.0,77.70393578602983,28.504443178788605,147.69230769230768,147.69230769230768,29,0.90625,0.5900711048425955,0.8916015625,0.34809350794146693,0.002532246173469389,5.30729745738856,0.021408531949851373,0.8609346807922028,0.004033791608956732,0
384,13.166666666666666,39.215625,31.7125,24.948558185906364,24.864012766634733,10.768233083937215,75.0,59.0,55.0,759.40625,1296.03125,950.328125,63.78080621394045,2.3499575243909163,1911.4191357030068,2.7989797438016533,0.12023209075058404,1.8890471431834706,5.3291666666666074e-05,31.02669421487603,0.022319558548615392,0.022393540313828886,-0.0001666666666666927,6.545971723707803e-06,2.7988684236370194,0.003626425113555897,0.1173941364492921,15.0,79.26580414621522,30.110583289899527,153.6,153.6,32,0.9411764705882353,0.5572274991378786,0.8782169117647058,0.3469681291369372,0.0006072704081632674,9.527022540769947,0.016194173166942504,3.476348115587202,0.0016998147215083357,0
385,15.863541666666666,19.6375,40.78541666666667,24.88467408111394,31.35070191266324,10.977808858164224,75.0,73.0,66.0,797.421875,915.03125,1222.5625,63.34970268870227,3.189756143191532,1898.4729956446122,2.750401,0.1107906101021649,1.8890471431834706,-0.0032613000000000004,30.996611570247936,0.04011458214714634,0.044844963833391316,-0.0013333333333333346,1.2937224593462655e-05,2.7503203142656134,0.0031328617374153512,0.1084254392911944,15.0,76.3353576238519,24.851539857279274,153.6,153.6,28,0.8484848484848485,0.4491083424104436,0.8697916666666666,0.28247488602949067,0.0006196543367346977,4.6833226194206325,0.017625737992638564,0.6679242102496887,0.0037635113838941593,0
386,24.829166666666666,19.625,41.83125,13.185376342962515,31.323264117904444,9.807557805293154,75.0,73.0,66.0,753.125,914.5625,1253.859375,63.19188691682006,3.0751034495053715,1893.7705014216253,2.727380033057851,0.08994093533420863,1.6881462414399264,0.001971708333333333,30.96404958677686,0.035128536406705144,0.02805522348042923,-0.0003333333333333558,-5.301818709556872e-06,2.727175448159418,0.006482312233779968,0.08219337279262517,14.0,74.16040063527402,22.48315927603169,153.6,153.6,28,0.8484848484848485,0.3145440959249593,0.8731060606060606,0.23126911698461777,0.00019400510204081454,4.067447733592342,0.008341578458386423,0.8133452565749006,0.00205081392675185,0
387,22.416666666666668,32.459375,36.63854166666667,11.331157879444135,29.536178656173096,11.85975222647016,58.0,78.0,66.0,691.46875,1179.609375,1099.015625,63.4884130639416,3.026024337145388,1902.661460983758,2.831683512396694,0.23652750829666028,2.7834693860837563,-0.0009059166666666655,30.947520661157025,0.02190441261766301,0.022451423519562107,-0.0004999999999999894,9.039959903027173e-05,2.831348318996277,0.010339942719456853,0.22960576587296258,15.0,82.00021416936434,25.320015024334847,137.14285714285714,137.14285714285714,28,0.8,0.2637259101767011,0.7964285714285714,0.22371550868576504,7.593877551020372e-05,2.3876636926911825,0.02217557079994613,0.4333242400113549,0.009287560416413423,0
388,17.941666666666666,52.890625,27.995833333333334,9.62011420006136,3.0590568441991506,8.670951464836806,62.0,78.0,56.0,561.34375,1585.703125,845.453125,63.807611174086496,2.9608919697602714,1912.604996355282,2.838553900826446,0.2431946099691691,3.1390357979793135,-5.3291666666666074e-05,30.94371900826446,0.0195879973117689,0.016844005869635605,0.0,-5.713423872924037e-05,2.838864122729266,0.011698534709988452,0.23336245144525775,14.0,86.89186169962956,30.075800472062344,137.14285714285714,137.14285714285714,31,0.8378378378378378,0.4024764647622268,0.7913851351351351,0.3222961242471145,0.004536984693877558,5.6902812164886925,0.08227977887000024,1.1873298416765024,0.014459703438132132,0
389,30.344791666666666,38.30416666666667,27.813541666666666,18.81651739934706,21.90503136965468,9.220765963660352,106.0,78.0,56.0,931.421875,1152.546875,840.078125,63.749481750467496,4.0652789834742755,1910.8008044116755,2.8024157933884295,0.2600767763926491,3.187272835687663,-0.0002771083333333313,30.931818181818187,0.03096252066532007,0.03372073975052526,-0.0008333333333333156,0.00028509505255498214,2.8017976051085745,0.01040822189736357,0.2518651795739892,14.0,91.2804990455869,29.850914862543647,137.14285714285714,137.14285714285714,33,0.825,0.40912903650268506,0.7484375,0.30546375475455345,0.0009411747448979646,3.794794070721645,0.046529680135039574,2.502268067653359,0.012261450626276319,0
390,33.665625,25.478125,33.692708333333336,17.290040052759903,25.541704879491537,13.731136642618624,106.0,69.0,104.0,1026.71875,822.984375,1015.328125,63.51492031926202,4.8405514669780585,1903.4275007275892,2.6820754132231404,0.12867133886296483,2.318679198126738,-0.001793066666666665,30.897768595041324,0.04100972679029321,0.03935361260557063,-0.0008333333333333452,-9.433727186765156e-05,2.6823660956862834,0.0065804238246716966,0.12025438023683577,13.0,90.60132639739871,29.67069047973057,147.69230769230768,147.69230769230768,33,0.8461538461538461,0.39525219921822335,0.7459935897435898,0.2685365027781013,0.001806249999999999,3.7479192138434043,0.028599780935425957,5.177866501884745,0.00763084242312084,0
391,28.209375,16.002083333333335,36.459375,29.447320825094454,25.031937846007626,14.081400839738034,106.0,59.0,104.0,1155.015625,626.4375,1092.75,63.627497137676826,4.969065102705672,1906.8605409196812,2.594266495867769,0.14460783703921123,2.8595368753736707,-0.001281483333333333,30.856280991735538,0.04122368394533368,0.04504847511441022,-0.0011666666666666713,5.3273230856659625e-05,2.5941052416891295,0.004388342368308568,0.14063261434075158,14.0,88.67277641507367,28.067597003357953,147.69230769230768,147.69230769230768,33,0.868421052631579,0.4006648955553823,0.7504111842105263,0.2404766834562088,0.0009021441326530581,2.843140499651029,0.004313249854914694,1.85907580137309,0.001517072355532239,0
392,21.6125,9.214583333333334,43.215625,24.76009579444312,28.12927367221537,14.324089762565778,77.0,59.0,104.0,957.5,653.796875,1294.859375,63.334343795445164,4.2258455958964145,1897.959501887965,2.526180818181818,0.14566948546720757,2.304427572450722,-0.004276341666666668,30.810661157024786,0.04185246691762721,0.03383018741319654,-0.0008333333333333452,-2.3743436419312916e-05,2.527134693775163,0.0035467356125063114,0.14676103093712728,15.0,84.11240551631609,27.759718772299227,147.69230769230768,147.69230769230768,29,0.8055555555555556,0.36837526358514977,0.78515625,0.22631916410414432,0.00010433163265305984,2.9207669455669194,0.021675467932215524,2.817355663159552,0.007421156270312531,0
393,16.613541666666666,21.296875,37.54270833333333,26.03198401242717,31.87557827294079,14.744640585591224,80.0,67.0,57.0,870.140625,960.25,1124.9375,63.53385382762743,3.6867500787285783,1903.9473443828301,2.4467114628099176,0.0500180830457439,1.1853954744722963,0.0003623666666666655,30.78090909090909,0.03138668454842179,0.0338521622576454,-0.0004999999999999894,-2.7657875437291133e-05,2.446813873416467,0.002903031030408994,0.045705535067982944,16.0,75.29548645888279,25.443991411308897,147.69230769230768,147.69230769230768,25,0.7575757575757576,0.38548374451480605,0.8825757575757576,0.27855721683106416,0.002383531887755098,4.536667997077352,0.036684463682130936,0.34752996329082175,0.008086212988423241,0
394,7.3625,29.319791666666667,36.797916666666666,27.520822609132406,29.621515687473927,12.77761697890973,80.0,67.0,57.0,791.171875,1115.140625,1102.59375,63.7018557072231,2.848544269645049,1909.1316250589648,2.41820473553719,0.07632028190069227,1.4553099889285033,-0.002312758333333335,30.761735537190084,0.017376610381422998,0.022582761211247818,-0.0003333333333333262,-7.7438060111043e-05,2.4186974679842623,0.0027666305132029076,0.07261979077378396,15.0,73.39705192617605,24.01728145519346,147.69230769230768,147.69230769230768,23,0.696969696969697,0.37306221336268097,0.8996212121212122,0.27727702870690674,0.0015658979591836705,5.673754129394054,0.04373266279881619,0.07259359936562283,0.007707888252021727,0
395,-11.9375,49.64791666666667,30.452083333333334,22.525963029727865,5.748278350345916,7.626147170080199,80.0,67.0,54.0,704.78125,1489.078125,912.296875,64.23295725229642,2.737873741548675,1924.7577793367955,2.3280491404958683,0.1541328603717218,2.2921670687146367,-0.0025535583333333315,30.741570247933886,0.03466506242358493,0.03955844668910225,-0.0006666666666666524,0.0001204829642722656,2.3279287098509465,0.004895262393945829,0.15193317737834608,16.0,80.08039824646663,27.473352388357718,153.6,153.6,24,0.7058823529411765,0.4278390855729983,0.8465073529411765,0.31110604978148554,4.000000000000009e-06,4.794189307748285,0.06658638429329092,0.8967566494835305,0.013888976846549462,0
396,-23.197916666666668,50.244791666666664,29.144791666666666,11.832441097524589,5.38743464368066,7.319129755187012,49.0,62.0,74.0,710.65625,1506.375,872.390625,64.2576114923286,2.379379884400811,1925.3158233842935,2.1850744876033055,0.1778084507370855,2.7053060438436862,-0.0024682916666666664,30.701900826446284,0.0517194282210789,0.056567374392118994,-0.0013333333333333346,-6.056749487657255e-05,2.1853234050431514,0.0057582507904610555,0.1747948592433479,16.0,80.9036435855059,27.469549792575208,153.6,153.6,25,0.7142857142857143,0.39361904042991946,0.8290178571428571,0.2819669150786659,0.0013453176020408188,3.3798496313988124,0.0516919603718906,2.789852436193374,0.015294159802753395,0
397,-9.204166666666667,32.653125,38.30833333333333,22.90432963376624,26.43934667752543,15.887387992436713,61.0,62.0,80.0,634.84375,1082.0,1147.6875,63.89701656392308,3.420438455774359,1914.951995346901,2.183481165289256,0.1682039674190531,2.6175759680975363,0.0012576249999999992,30.654297520661157,0.04075377478396562,0.03966166543399048,-0.0010000000000000083,2.109132129864709e-05,2.1831528963904705,0.005599043975646271,0.1647343544133561,16.0,82.85196451158465,26.908576280990804,153.6,153.6,29,0.8055555555555556,0.33859775176453843,0.8038194444444444,0.2694637960189998,0.010830862244897954,3.8936852446304937,0.13283562354424594,0.5568134760838747,0.034115655272194935,0
398,0.7572916666666667,14.086458333333333,48.090625,20.31421015770973,27.80422299981181,18.165245996390333,61.0,62.0,80.0,443.375,655.3125,1441.296875,63.37403640956729,3.3406038614058864,1899.2308473245541,2.2456417024793387,0.1725227203671162,2.6175759680975363,0.0018288166666666661,30.614958677685948,0.033355683147725905,0.045401682663215946,-0.0010000000000000083,-7.558359673450785e-05,2.245897610241638,0.0036603107307972825,0.17047911534956034,16.0,77.46012411655842,22.545828242882372,137.14285714285714,137.14285714285714,30,0.8571428571428571,0.343175070679718,0.8375,0.2281525179097777,9.367474489795965e-05,2.9542034916729873,0.014194429557942725,1.545052558417161,0.0048048245823121396,0
399,8.289583333333333,-5.316666666666666,60.708333333333336,11.85113812367356,4.759391300949687,4.654783978756575,61.0,17.0,80.0,296.984375,203.03125,1819.234375,62.924721857896685,2.780925344737894,1885.5547774126717,2.3353235537190087,0.05469963092370244,1.2629007421466765,0.000592508333333334,30.578925619834713,0.03725723964020256,0.0340957832833122,-0.0006666666666666524,4.332133809737841e-05,2.3351401836916352,0.001908982515488767,0.05226770218936267,16.0,77.3190605326874,22.929322702704,132.41379310344828,132.41379310344828,31,0.9117647058823529,0.5021187943280198,0.8607536764705882,0.3165719915180265,0.0013769400510203966,3.061643190600935,0.04362020519216304,0.8672386824295607,0.014247318343977675,0
400,8.098958333333334,-7.23125,61.021875,8.693603908329992,3.4569770181716093,2.121453075380567,30.0,14.0,67.0,286.359375,231.734375,1828.8125,62.70934304690503,1.0590693834292428,1879.3232758741842,2.2875729008264467,0.05294143174424601,0.6296579635238515,-0.0012895999999999982,30.546033057851236,0.03338924800568364,0.03411810463908002,-0.0008333333333333156,3.5979990880976847e-06,2.287561769308329,0.0006559651462354129,0.05269044131393193,17.0,69.93105011640338,21.966086603770695,112.94117647058823,112.94117647058823,28,0.9032258064516129,0.5709293182683242,0.9581653225806451,0.3466789418131279,6.173469387756038e-07,3.1073583279539743,0.04702593829429082,2.778100829616465,0.015133735260347277,0
401,14.554166666666667,-8.385416666666666,59.26145833333333,10.892619028753165,3.5749993929680914,2.618717473611314,30.0,14.0,67.0,477.03125,266.359375,1776.0,62.6994307351933,1.0621960660339886,1879.0287348805832,2.2307603388429755,0.0550438252233233,0.8315907346192718,-0.0014494666666666656,30.514628099173553,0.02381198123016872,0.028459690068305333,-0.0008333333333333452,-4.576968004585162e-05,2.230854077437123,0.0004467075409458725,0.0548131880721422,15.0,68.18647965629356,20.274409842758214,112.94117647058823,112.94117647058823,26,0.896551724137931,0.5548368134045618,0.9714439655172413,0.336349335708707,0.00017651020408163349,3.164495941686862,0.10288394257666722,1.1659769030464235,0.03251195276358106,0
402,27.777083333333334,-7.211458333333334,46.16354166666667,16.27908601528524,12.58612306099846,25.18629182293278,86.0,65.0,118.0,845.890625,365.765625,1502.9375,63.11672422299251,5.3564562313819915,1891.4973876933518,2.26471047107438,0.13728319892016394,1.9817901204386503,0.0031227583333333308,30.49809917355372,0.018466590318591953,0.017087001519765478,-0.000500000000000019,-6.834811401398902e-05,2.264891596426201,0.0025192694257684125,0.1359504917906156,15.0,74.27814057229516,22.357818676070824,142.22222222222223,142.22222222222223,27,0.8181818181818182,0.36754055500082233,0.881155303030303,0.26435299809999063,0.00036371938775510497,1.9202185780856411,0.026189573440927365,1.687609533729908,0.013638850149568399,0
403,41.909375,-5.769791666666666,25.738541666666666,18.512358361628994,13.892148710330254,32.50531004630778,104.0,65.0,118.0,1269.265625,368.015625,1056.765625,63.29802737976728,6.149215789857464,1896.863304916838,2.3669202644628102,0.18386597823085588,1.9817901204386503,0.0019610499999999976,30.47561983471074,0.023457102115182635,0.0228051056847995,-0.000666666666666682,9.069340281585706e-06,2.3669011475817707,0.003505403057725696,0.18175214662904532,14.0,79.79239068791435,24.88344696178426,147.69230769230768,147.69230769230768,29,0.8055555555555556,0.31544372446376456,0.8177083333333334,0.22395833333333334,0.0003462257653061231,2.213776907292557,0.024304774495990028,0.09424978136428999,0.010978872539471333,0
404,48.86875,8.55625,12.966666666666667,15.53522417296148,23.819480877442174,25.49070364313669,107.0,65.0,118.0,1478.25,602.609375,701.765625,63.56511250083352,6.889258989401182,1904.9861544104697,2.447715652892562,0.128618186283812,1.9817901204386503,0.0017372333333333322,30.455785123966944,0.027626555260530358,0.028515749965497477,-0.0003333333333333262,3.666869290935888e-05,2.4476740791395746,0.0035203799870909664,0.12557094156613655,15.0,86.78965101754012,27.394435506209188,147.69230769230768,147.69230769230768,32,0.8421052631578947,0.3435771985815344,0.7606907894736842,0.23006188336689784,6.984693877551243e-06,2.2399058577293403,0.02989867581038878,0.6434443016786972,0.013348184124442606,0
405,47.31666666666667,22.76875,15.713541666666666,12.013956004950611,22.820282063057412,19.196197104893734,107.0,50.0,49.0,1418.359375,834.65625,664.640625,63.384243117662585,4.497825333911492,1899.536925110203,2.4227920991735536,0.10748844079067292,1.3291004020324313,-0.002920258333333333,30.43264462809918,0.017988453369140497,0.017120681570827898,-0.0003333333333333262,7.80762375573151e-05,2.422565496643819,0.002509164989052596,0.1055876314628415,15.0,83.06453824310879,26.689467527246624,147.69230769230768,147.69230769230768,34,0.9444444444444444,0.3942864118297401,0.7951388888888888,0.23804356251392514,1.5624999999997784e-06,2.162028626582553,0.01481773438168395,2.1574597596370007,0.006853625432844454,0
406,40.135416666666664,37.63854166666667,27.3375,7.76385829724643,9.79144896699482,10.20970994119487,107.0,50.0,42.0,1202.734375,1132.75,847.140625,63.43956134076846,3.265057205860592,1901.2096772078858,2.331479743801653,0.07382946609312246,1.116844644269321,-0.0017585499999999996,30.425867768595047,0.012835218947647446,0.011417536495238823,0.0001666666666666631,-3.480070152453586e-05,2.3315779865914905,0.0006932273712096255,0.07372788697853552,15.0,77.78797547485104,24.123777144575673,132.41379310344828,132.41379310344828,27,0.7941176470588235,0.35461897365661743,0.8405330882352942,0.23215181532216064,0.0018736530612244895,0.885954536653294,0.01912532949773046,3.41240177012316,0.021587258382328136,0
407,37.479166666666664,39.708333333333336,32.08020833333333,1.7617413654929286,0.8817202252163412,2.154168429641445,46.0,47.0,36.0,1123.125,1190.015625,961.46875,63.3903032126917,0.8777814475567387,1899.7146028225352,2.2580726280991734,0.05017564338576774,0.7090087292191392,-0.0014494666666666656,30.42785123966942,0.01379942576181247,0.011417536495238823,0.0001666666666666631,-4.118751895655928e-06,2.25809322872244,0.0003921768846492395,0.05009502178983944,15.0,68.68168897805376,14.859037366057821,109.71428571428571,109.71428571428571,18,0.5625,0.28771413396471246,0.91064453125,0.17760487963700217,0.0022732461734693912,1.2528314247890573,0.01660721103873262,0.531434520208915,0.01325574272015792,0
408,37.853125,38.64895833333333,32.94375,1.5513067828044198,1.1622082780625949,1.4487647396431669,43.0,40.0,40.0,1134.421875,1158.21875,987.234375,63.382995149374146,0.5863809010200416,1899.4645325463352,2.1947702066115706,0.06501893722231465,0.9572113195558597,-0.0017692000000000005,30.432644628099172,0.012315990750543312,0.011417536495238823,0.0,-4.704008828559267e-06,2.1948050855410908,0.000527843770353081,0.06490212410102013,15.0,67.58940428860996,12.718211513722988,106.66666666666667,106.66666666666667,18,0.5625,0.24101808592289395,0.91455078125,0.1468347047762667,0.0009832704081632652,1.6012481835691699,0.008382565709101661,1.0543905867580536,0.005235019652242157,0
409,37.29895833333333,38.041666666666664,34.22708333333333,2.0724379158205335,1.2299785454316763,2.300474550983388,43.0,44.0,44.0,1117.84375,1140.0625,1025.765625,63.40389480552711,0.9592089568939436,1900.1739961225728,2.1230436198347107,0.0673511802802648,0.8771139429783187,-0.0017585499999999996,30.433140495867768,0.012333724367720485,0.011417536495238823,-0.0003333333333333262,2.3218775636676498e-06,2.123024090203559,0.00047549054425082476,0.0672771083775886,15.0,69.05867608050495,13.324239663522679,106.66666666666667,106.66666666666667,25,0.7575757575757576,0.26946047530928585,0.8982007575757576,0.15649229377445303,0.00042760331632653016,2.272068640747415,0.0034221289932745754,1.2947830773177773,0.0015061732431414744,0
410,37.725,36.69375,35.153125,2.4292917349164416,1.6137309578014132,2.1145553672206523,43.0,44.0,44.0,1130.546875,1099.65625,1053.515625,63.38200601668432,1.0234036191350915,1899.4719343314682,2.0586525041322314,0.05475569953489562,0.825255566466782,-0.0016413166666666681,30.43099173553719,0.014281986497340488,0.017131937779026128,-0.0001666666666666631,4.346770802333555e-06,2.0585900089395186,0.0004993220757323972,0.054648951377310864,15.0,71.11554633378863,16.17422357369369,109.71428571428571,109.71428571428571,26,0.7878787878787878,0.3121457953562626,0.8825757575757576,0.17581659838697106,0.0008102155612244909,1.5547904782838504,0.006788378518037107,0.6120825636506223,0.004366105023700683,0
411,37.748958333333334,35.932291666666664,35.952083333333334,2.0817908352178955,1.6312696225937704,1.052673102022761,43.0,44.0,44.0,1131.234375,1076.828125,1077.421875,63.37089317510255,0.947970563752555,1899.095433690233,2.005057917355372,0.03804421619220353,0.5589252449925676,-0.001050799999999998,30.430826446280992,0.013941244881956426,0.017131937779026128,-0.0001666666666666631,1.899835582101085e-06,2.005056033265955,0.0002769425848566285,0.03792079270914926,14.0,69.7915886491356,14.07101120465525,109.71428571428571,109.71428571428571,21,0.6363636363636364,0.27022386100896745,0.8896780303030303,0.15362084384958863,0.0010126033163265274,0.48789433828443163,0.009112004883183004,1.2297461071090696,0.018676184919921957,0
412,38.946875,35.22604166666667,35.38125,1.151217935221216,0.8990440283604332,0.7708643011797429,43.0,40.0,39.0,1167.203125,1055.65625,1060.34375,63.34023495766955,0.5553246863022229,1898.2287839761773,1.9594626942148758,0.041253580756949224,0.6286161399232268,-0.0011786916666666665,30.428347107438018,0.012749792248381143,0.017131937779026128,0.0001666666666666631,3.857173535515768e-06,1.9594586265594165,0.00024444625478774255,0.041189108272708476,14.0,68.25087464425677,11.30282800547023,109.71428571428571,109.71428571428571,15,0.46875,0.1898790600874078,0.89697265625,0.11102682466542978,0.0008914489795918332,0.6376291377377784,0.010457831012267374,0.4502623639731941,0.01640111844538714,0
413,39.244791666666664,35.33229166666667,34.965625,0.6170105671141747,0.49053431575227796,0.7865176578066551,41.0,36.0,37.0,1176.140625,1058.875,1047.859375,63.341415967270905,0.4737069359402993,1898.274062637685,1.9070710661157024,0.049116459535153346,0.8326101317013095,-0.0014238166666666664,30.4204132231405,0.015871211747646344,0.017131937779026128,-0.0003333333333333262,-6.728766983166665e-06,1.9070918706170952,0.00027119934011785377,0.049086774207943835,15.0,66.47948292967438,6.4608260697744155,89.30232558139535,89.30232558139535,16,0.5,0.1499485378791563,0.9111328125,0.09147946286716403,1.0103316326530602e-05,0.3206234157538322,0.0026111785932882306,0.09162742475152155,0.008144067042480259,0
414,39.146875,35.1875,35.17395833333333,0.7319285491369131,0.6787319672251583,1.0497762451734918,42.0,36.0,38.0,1173.203125,1054.546875,1054.09375,63.32201884049982,0.5154415227612144,1897.6915672303576,1.8474175206611572,0.055731973079112276,0.8614724812079767,-0.001513416666666667,30.411487603305787,0.015247877891898931,0.011425045564484168,-0.0001666666666666631,-3.890020258069955e-06,1.847425705668278,0.0002506903189308476,0.05569664758923978,16.0,65.53883734443494,10.329225709740165,91.42857142857143,91.42857142857143,17,0.5483870967741935,0.2927898759491751,0.9440524193548387,0.19352607188226342,8.999999999999992e-06,0.7745282696367829,0.02082404533947791,0.5699898359948546,0.026886101070582487,0
415,38.572916666666664,34.984375,35.978125,1.2174494485284482,0.6927944808587416,1.4981031843773867,42.0,39.0,41.0,1156.0,1048.453125,1078.234375,63.325249028682535,0.5667175563496153,1897.8070004095564,1.7774032809917353,0.06376876626112896,1.0714501795439682,-0.0018224916666666664,30.403884297520666,0.016025387958400746,0.017143208798037,-0.0003333333333333262,-3.004989488851994e-06,1.7774439582745827,0.0003244839884962251,0.06367884808615226,15.0,66.68165853762271,12.769909588126731,93.65853658536585,93.65853658536585,20,0.6451612903225806,0.3179601119834059,0.9375,0.21124063493270936,0.0006704400510204067,1.6671545094111717,0.05558195146333762,0.7125977865283997,0.03333941224378106,0
416,38.021875,34.721875,36.86354166666667,0.9919155631277291,0.6588663124703928,0.9953663261653414,42.0,39.0,41.0,1139.453125,1040.5625,1104.78125,63.342109347438274,0.6150000681627789,1898.2857627594292,1.711870603305785,0.05690978415936731,0.9278117631457121,-0.0015240750000000006,30.39809917355372,0.017359306913211033,0.017143208798037,-0.0001666666666666631,-5.942910824187144e-06,1.711880739242999,0.00030827528813255807,0.05691539606821463,15.0,71.32328200111108,18.963179602209124,137.14285714285714,137.14285714285714,22,0.6666666666666666,0.2970163109407356,0.8958333333333334,0.22930651724495338,0.004398531887755095,0.9433244657378497,0.014574598970109685,0.31969189684825694,0.01545025015195564,0
417,37.840625,34.608333333333334,37.188541666666666,0.9357570603750028,0.7308195551722889,0.9708640687194863,42.0,39.0,41.0,1134.03125,1037.171875,1114.5,63.36081988638594,0.6293541596697211,1898.8470856798897,1.6544660909090911,0.04174659860940223,0.8783118578126625,-0.001342891666666666,30.385041322314052,0.020933739106098814,0.022865138937813473,-0.0003333333333333262,2.772253663983996e-06,1.6544523764750043,0.00032967607567188455,0.04176326761788258,15.0,74.33702178315696,19.80707089791219,137.14285714285714,137.14285714285714,25,0.7352941176470589,0.25442927628083184,0.8524816176470589,0.17719017370727033,0.0010937193877551016,0.6760017511245344,0.006230038171919307,0.26236014186931406,0.009216008925354983,0
418,37.947916666666664,35.11666666666667,36.54479166666667,1.55033458530373,1.3892943852506165,2.0098906371402125,46.0,41.0,40.0,1137.28125,1052.390625,1095.203125,63.37645007538887,0.7384900191671817,1899.3255637237532,1.612937396694215,0.03412237322956655,0.7470419206143024,-0.0009485499999999998,30.36933884297521,0.019739440620662376,0.022880196669373788,-0.000500000000000019,5.747495117770915e-07,1.612929484570447,0.0003187545614298883,0.03413864830520678,15.0,80.91981215266996,28.139068661845837,153.6,153.6,27,0.7714285714285715,0.26215565211816433,0.8196428571428571,0.239463886225298,1.2257653061225685e-06,1.0695042796960568,0.013304960937258921,0.9472064681852304,0.012440306401616334,0
419,37.045833333333334,35.579166666666666,36.98125,1.939711998954713,1.3753724243111594,2.134943036905981,46.0,41.0,40.0,1110.21875,1066.25,1108.28125,63.36899206635345,0.6831382201045969,1899.0842974904804,1.5768627190082647,0.029898606395622897,0.580454636492667,-0.0008739416666666666,30.349338842975207,0.020398328289554415,0.0228952742464129,-0.000500000000000019,-5.8462571657548484e-06,1.5768680241449902,0.00029260810144237905,0.029847617624332627,16.0,75.92789841157676,26.085445020814245,153.6,153.6,25,0.7352941176470589,0.23177216334313655,0.8612132352941176,0.22200068629293215,0.0013982257653061205,1.9057400191854164,0.01924639396569013,0.28906541054926604,0.01009917080605609,0
420,36.08645833333333,36.12708333333333,37.353125,1.91208436614703,1.1107879304299666,2.3083387390881347,46.0,41.0,41.0,1081.453125,1082.71875,1119.40625,63.34330849253151,0.7058228436736537,1898.321493443117,1.540056140495868,0.035371961626560096,0.7611383754233435,-0.000886258333333334,30.334462809917355,0.01808841523346157,0.017177111012859014,-0.0003333333333333558,8.523121186246216e-07,1.5400621344987822,0.00026309968223324346,0.03531765668096822,16.0,77.87207670412529,25.810930000288863,153.6,153.6,27,0.7941176470588235,0.22225612805574863,0.8322610294117647,0.1945410803803607,0.0021788890306122543,1.3693951660199506,0.027674476606261912,0.2690739675174096,0.020209269970402923,0
421,34.92916666666667,36.059375,38.545833333333334,0.8121366709010388,0.7689384084838439,0.8465514193216828,38.0,39.0,41.0,1046.796875,1080.625,1155.203125,63.30665457225319,0.5843331265195232,1897.2316314966247,1.5082599256198346,0.028366717627554484,0.5391609255959683,-0.0007370500000000002,30.324214876033054,0.015521356447694503,0.017188441568413974,-0.0001666666666666631,1.1570889785109148e-06,1.5082463257796943,0.00022757602908714153,0.028214054798289832,15.0,69.97210935952727,18.567704187825264,137.14285714285714,137.14285714285714,24,0.75,0.3424990986272575,0.90771484375,0.20960805647268627,2.122576530612254e-05,1.959035778716423,0.013961017459113562,0.2794389159946792,0.00712647395764305,0
422,34.85104166666667,36.45625,38.20520833333333,1.136377174003958,1.2016319198628727,1.6210124017407215,40.0,40.0,41.0,1044.421875,1092.53125,1144.984375,63.31059146941732,0.650518607889287,1897.3325277546398,1.4705340661157025,0.03364341812921386,0.6943444634753205,-0.0009608666666666654,30.321239669421484,0.015188634720873258,0.017188441568413974,0.0,4.7487993950067124e-07,1.4705185216436052,0.0003392705182011328,0.033551626419560686,16.0,72.79452314270233,21.71147138825374,137.14285714285714,137.14285714285714,29,0.8787878787878788,0.3961041511208337,0.8920454545454546,0.24492854519648402,0.0029044400510204182,3.419365878086455,0.023513204689495828,0.5386909761916068,0.006876481057550438,0
423,34.901041666666664,36.891666666666666,37.739583333333336,1.158123013729783,0.9920167449303576,1.5971640991839948,40.0,40.0,41.0,1045.953125,1105.609375,1131.0,63.307430681685915,0.6320038108000676,1897.2545040701352,1.4287714545454544,0.04818514337856872,0.9313817092020981,-0.0011403916666666662,30.319256198347105,0.014325916482658352,0.017188441568413974,0.0,-6.814953023041948e-06,1.428790145779869,0.0003265549399348513,0.048137132746927526,16.0,71.94746731872475,17.087429490645057,112.94117647058823,112.94117647058823,27,0.7941176470588235,0.3284292420681425,0.8786764705882353,0.1946425577615415,0.0010890000000000051,2.6325772270505254,0.007118857358057019,0.4491337282689561,0.0027041399906177913,0
424,35.04375,37.463541666666664,37.128125,1.1031028680499384,0.9599934669554904,1.377361844629677,40.0,40.0,41.0,1050.234375,1122.75,1112.640625,63.353872275973075,0.6336015885583823,1898.6292460529098,1.3796536280991738,0.044045495170847625,0.9519832127179162,-0.0010124999999999995,30.317107438016528,0.012021882013863004,0.011462739556155272,0.0001666666666666631,4.244279761390086e-06,1.3796473398189466,0.0003147298706830014,0.04396998518378623,16.0,72.6480432264739,15.10936749352805,106.66666666666667,106.66666666666667,25,0.7352941176470589,0.28068387888766294,0.8607536764705882,0.1735532886816578,0.00010215433673469239,2.623839517400909,0.0010909814343968613,0.6869854960814974,0.00041579579359241926,0
425,35.91875,39.85104166666667,31.780208333333334,2.0009535487278725,4.38673413998735,10.270133882116495,48.0,50.0,41.0,1076.296875,1194.296875,952.5625,63.37318419265434,0.8978819246272063,1899.2004333105197,1.3582920578512394,0.028006518763988596,0.6604116562838515,0.0001065749999999995,30.31512396694215,0.012472495523909473,0.011462739556155272,0.0001666666666666631,-1.8684770121642243e-06,1.3582857716331163,0.0003519851941761063,0.027859923805103624,15.0,74.93548632825939,16.8513925807589,128.0,128.0,24,0.6857142857142857,0.31949883204242013,0.8415178571428571,0.1945885818823386,0.0003746989795918377,1.8088467072573973,0.015057603308259771,2.0284951257409727,0.008324421991010147,0
426,39.996875,39.922916666666666,25.611458333333335,5.79681940674151,4.570546082587457,10.924650736137849,53.0,50.0,41.0,1198.59375,1196.53125,767.46875,63.42041204573626,1.1083407789865338,1900.6273932790818,1.372318173553719,0.03978947171468246,0.8160303364236497,0.00034105000000000013,30.32239669421487,0.0167146589490346,0.017188441568413974,0.0001666666666666631,1.8454354947799104e-06,1.3723195014734917,0.00034900645570934777,0.039704124656761756,16.0,76.92996854148782,19.024686950085123,128.0,128.0,25,0.7352941176470589,0.36601450697777244,0.8295036764705882,0.21810460355779107,4.041326530612306e-05,1.6681522999241565,0.02253143552787103,1.7363567820923995,0.013506821606693488,0
427,45.123958333333334,38.65416666666667,19.355208333333334,5.675445004425987,5.397644483681954,7.348460294959566,53.0,50.0,41.0,1352.390625,1158.515625,579.78125,63.39509851733876,1.1605604868248962,1899.8790153568484,1.3842619834710743,0.03102429672166812,0.8160303364236497,0.00010658333333333215,30.335785123966946,0.020640650980978247,0.022910371708189513,0.0001666666666666927,-2.3252624258124223e-06,1.3842701470571845,0.0003414148418960745,0.030909294502434067,16.0,74.35891344990995,20.305941999171203,128.0,128.0,25,0.7575757575757576,0.40226789333454455,0.8693181818181818,0.24533461049924332,0.0055396122448979615,1.6097297067602792,0.06846886557194266,2.2195392915951655,0.042534386539801274,0
428,49.39791666666667,34.93020833333333,18.615625,1.9278647064534606,2.355473227031861,1.9523398421829639,54.0,44.0,26.0,1480.4375,1046.75,557.921875,63.39465237433164,1.0048467566317703,1899.8593354340856,1.3738719338842973,0.036023140589481,0.8160303364236497,-0.000863283333333333,30.3504958677686,0.0159467730184369,0.01716579538558725,0.0,4.451446951209995e-06,1.3738547621003796,0.0001587378186789014,0.035979792087591375,16.0,73.13005692549655,22.334374736149297,132.41379310344828,132.41379310344828,27,0.8181818181818182,0.4293944313061346,0.8925189393939394,0.2559587445325184,0.00018515433673469228,2.5251518491307987,0.005676748330713772,2.834947236686255,0.00224808196491938,0
429,50.28958333333333,33.51875,19.013541666666665,1.0623754011909141,0.8213698542678566,1.1414646833187125,54.0,36.0,23.0,1507.125,1004.484375,569.78125,63.376053151006,0.8035413290739749,1899.280959908298,1.3326498016528925,0.033829464731358734,0.7243542513164569,-0.000916575000000001,30.357438016528924,0.015456092201733692,0.01716579538558725,0.0003333333333333558,1.108158007707886e-06,1.3326410565998716,0.00015571810239782958,0.033830060888521786,16.0,75.72418005437575,26.0598389544415,142.22222222222223,142.22222222222223,24,0.7058823529411765,0.36485041624076653,0.8759191176470589,0.2623867593320038,0.0033764400510204137,2.2526745776959913,0.09959876683548947,0.45603047091132726,0.04421356187956713,0
430,48.50833333333333,34.936458333333334,19.409375,4.029311010858088,5.083175266497365,5.181710185132736,54.0,52.0,35.0,1453.859375,1046.78125,581.84375,63.389630549491265,1.0085825692545114,1899.7001312259072,1.301109619834711,0.027462064791860304,0.655473282601724,-0.0005222333333333329,30.354462809917358,0.016760363179912394,0.01716579538558725,0.0001666666666666631,3.5433412302778635e-06,1.3011015923656084,0.00022048448510186348,0.027408751626435763,16.0,75.2954077758123,26.246769820007778,142.22222222222223,142.22222222222223,22,0.6875,0.38383206475156767,0.8828125,0.2719546848023352,0.0002548584183673463,2.365977318849846,0.05890338138054189,0.4834582742473324,0.024896004247908905,0
431,46.409375,37.276041666666664,19.747916666666665,4.410229069187714,5.962892977819622,5.883327062673712,53.0,52.0,35.0,1390.78125,1117.1875,591.78125,63.41743601940585,1.0780269281883677,1900.5486419532078,1.2752242066115707,0.021216454895805308,0.5779120733669293,-0.0007034250000000001,30.354628099173556,0.01621351962717932,0.01716579538558725,0.000500000000000019,6.027778688723386e-07,1.2752247149335856,0.00025217885453874677,0.021132088067586374,15.0,79.38784431379298,29.734697632261742,147.69230769230768,147.69230769230768,24,0.7058823529411765,0.40968644179069585,0.8538602941176471,0.2900205792088199,0.0007386747448979602,2.249171615641624,0.0472408936430934,0.8093880228191814,0.021003685674566425,0
432,45.309375,38.209375,20.752083333333335,3.6530688618441074,5.437036917541422,6.017595366344896,52.0,52.0,35.0,1357.78125,1145.21875,621.859375,63.41540808645081,1.0716889608973863,1900.493144966124,1.247214214876033,0.032072921742145585,0.7228707038196571,-0.0007247333333333328,30.35809917355372,0.01677828435100806,0.01716579538558725,0.0,-1.5159778402903236e-06,1.2472192615969073,0.0002303980778923494,0.032036964808792964,16.0,77.29115292282059,27.943022004509913,153.6,153.6,23,0.6764705882352942,0.34656859248818617,0.8575367647058824,0.24765573407241073,8.786989795918731e-06,1.4256051725044965,0.021390102031870528,0.3243554717870473,0.015004225885553219,0
433,44.95729166666667,39.313541666666666,19.775,3.209563988809678,5.0027725602840025,5.4577353361994385,52.0,50.0,25.0,1347.453125,1177.921875,592.890625,63.41890216071373,0.9602163279625714,1900.5799235446893,1.2227768925619835,0.029622320744850012,0.7915297262946565,-0.0006607916666666658,30.36801652892562,0.015725950270765298,0.01716579538558725,0.0,1.027463587110107e-06,1.2227730998193487,0.00015828689281002605,0.02957420224525788,15.0,80.9767448431399,29.614180141645928,153.6,153.6,25,0.6944444444444444,0.3376384471326434,0.8237847222222222,0.23829508472790284,0.00019103188775510294,1.501605529965362,0.01530284771504426,1.694864010906992,0.010190990516262453,0
434,47.390625,37.05,18.35,4.073352891174746,5.0538351773677785,5.095995159600004,56.0,49.0,25.0,1420.21875,1110.421875,549.90625,63.423234328329016,0.9446193239611688,1900.7471518817435,1.2002738264462811,0.013945947994516079,0.38884000825360154,-0.0004476249999999996,30.377933884297523,0.01656030080035298,0.017154494657114452,0.0001666666666666631,1.5996276887014747e-06,1.2002753327247024,0.00010926677044578887,0.013890434189505472,15.0,74.61666927014046,23.81714574281436,153.6,153.6,25,0.7352941176470589,0.31763070338218347,0.8704044117647058,0.22609546855179113,6.117474489795954e-05,1.7250924662581841,0.03476312682723239,0.6254522905995986,0.020151457099940522,0
435,49.30416666666667,35.728125,15.685416666666667,4.71159731997075,5.654463633659253,4.044929417561641,56.0,49.0,25.0,1477.546875,1070.8125,469.953125,63.427529596198916,0.9560932607804995,1900.8371959126737,1.1837850082644628,0.021087453035605254,0.5543052968455974,-0.0004049999999999998,30.39264462809918,0.020561079940818922,0.022865138937813473,0.0004999999999999894,2.4502482122371386e-06,1.183783134655224,0.0001280507725339528,0.02106770094971147,14.0,71.05310945502978,19.238228583876797,128.0,128.0,23,0.71875,0.31204604124205565,0.8955078125,0.20426503620808395,6.0617346938774685e-05,1.270866095588326,0.016388443683312624,0.5117630399035489,0.012895492090160665,0
436,49.91979166666667,35.89270833333333,13.138541666666667,4.536061980388998,6.0772757190151045,4.160149982063614,57.0,49.0,22.0,1496.25,1075.34375,396.828125,63.45676331756794,0.9739426359714219,1901.7045115718515,1.1701711652892564,0.01983608673431726,0.5970764186628379,-0.00030907500000000126,30.411818181818184,0.02226808857075569,0.022850101012578623,0.0004999999999999894,-7.636702559206526e-07,1.1701720781718852,0.00015777123766154256,0.01978758536561234,15.0,67.13668675170207,15.0301714794776,120.0,120.0,24,0.7741935483870968,0.3066907967182365,0.9400201612903226,0.2284395193674793,0.0005691632653061203,3.148455931117353,0.010060413383517073,1.1650104266308015,0.0031953483242646947,0
437,44.91770833333333,40.51875,14.78125,7.510860120403248,7.497892933184629,6.280265262776194,57.0,49.0,36.0,1346.125,1214.296875,445.859375,63.47533927368655,0.8996827720845927,1902.2494689558155,1.1799905041322314,0.037485614357872996,1.14714948803288,0.0004476249999999996,30.43380165289256,0.021252367815464582,0.02853448570875619,0.0006666666666666524,-1.055485907521278e-05,1.180027441854029,0.0007392502446235137,0.03725167338961574,15.0,72.63122535807248,22.710957960662288,137.14285714285714,137.14285714285714,25,0.78125,0.4482232790283245,0.908203125,0.30335118615009876,0.0017941275510204163,5.385464869847564,0.01330505495782721,1.4311633629934422,0.0024705490202564097,0
438,42.325,44.192708333333336,13.780208333333333,5.7778852821195175,4.67410296188091,6.743254651125861,57.0,49.0,36.0,1268.171875,1324.65625,415.953125,63.513780588059745,0.99879531360132,1903.417578960404,1.1972508512396696,0.03655986412114223,1.14714948803288,0.0004796000000000004,30.45528925619835,0.024765824898795925,0.0228051056847995,0.0004999999999999894,-2.51297359501142e-07,1.1972449610697726,0.0007704409435860362,0.03626351534087311,15.0,76.76717987420827,24.36262683821247,137.14285714285714,137.14285714285714,30,0.9090909090909091,0.5113831795705215,0.8726325757575758,0.3231179391400655,0.00012178698979592021,3.1482959104842765,0.01529228644211372,3.0837000501039054,0.004857321826448465,0
439,43.454166666666666,43.075,14.382291666666667,5.92399634021569,3.881660941744741,5.784740969274011,53.0,49.0,36.0,1302.28125,1290.8125,431.21875,63.50882929954587,0.9074098675957668,1903.2802198725421,1.2039309090909092,0.02922527730188204,0.9243876947278835,-9.592500000000041e-05,30.47958677685951,0.028644203666029572,0.028497038809894765,0.000666666666666682,3.169160692020154e-07,1.2039233134606824,0.000765848406112589,0.028863238860006725,16.0,74.55749060855273,23.18164997082063,137.14285714285714,137.14285714285714,29,0.8787878787878788,0.49643197131977457,0.884469696969697,0.28677081941788485,0.000496653061224494,2.544934501434587,0.009323656710311786,2.1630298883370975,0.0036636136234767585,0
440,45.23645833333333,42.86770833333333,10.522916666666667,4.052689944953913,3.773840737886345,2.8386278656636597,53.0,50.0,23.0,1355.984375,1284.515625,315.1875,63.50117096961883,1.0171621407485236,1903.0825033718327,1.1912471074380167,0.019222437501116373,0.5196362276332719,-0.00014920833333333382,30.50289256198347,0.0258232394703312,0.034185244408118994,0.0003333333333333558,2.3839546198512505e-06,1.1912657846359287,0.00028241554751409764,0.019170196017007153,15.0,70.21183049752696,16.964582428109082,112.94117647058823,112.94117647058823,27,0.84375,0.35959407768433166,0.90087890625,0.1969311588662329,0.00044551147959183976,2.4796026064195726,0.002071517996051761,1.0659492235462364,0.0008354233822341936,0
441,46.697916666666664,40.984375,10.578125,4.735327759834113,5.4356812691119964,2.639077455799343,59.0,50.0,20.0,1399.4375,1228.28125,317.0,63.4834487123192,1.047651145978836,1902.5204300457465,1.2075669421487603,0.04613865466739701,1.2450743048898734,0.0010338166666666667,30.52586776859505,0.02165352342781728,0.022760287214162886,0.000500000000000019,-1.6818907576721188e-05,1.2076739855097867,0.0005627206026629408,0.046250691718061725,14.0,73.7763302480047,20.908102309943338,142.22222222222223,142.22222222222223,27,0.7941176470588235,0.3423265984407288,0.8676470588235294,0.20046459473270956,0.00010579591836734825,1.081217692984008,0.006153481850580863,0.7233300771569506,0.005691251531038234,0
442,47.364583333333336,37.08125,9.271875,7.606767534662072,15.146151274746334,7.283259960418938,90.0,50.0,40.0,1419.640625,1150.609375,311.15625,63.489340019825995,3.7160344697346175,1902.811205052436,1.2805935702479339,0.09909454369271072,2.5122823160828887,0.002184866666666668,30.54586776859504,0.022255816269702203,0.02844105238596014,0.0004999999999999894,-9.371471777690019e-07,1.2806209849166859,0.0019249467229623342,0.09853526357888243,13.0,80.99113849480682,28.23650930366636,153.6,153.6,33,0.9166666666666666,0.3920064856879648,0.8211805555555556,0.24458225873636105,0.0016057193877550987,2.401583158219245,0.008022219328506823,1.248055017278332,0.0033403879024764796,0
443,48.15625,30.932291666666668,14.605208333333334,8.981147065056149,17.197643944688004,14.16500139569109,90.0,51.0,66.0,1443.453125,1001.734375,481.0625,63.567802051019086,5.034377724120474,1905.1135275665897,1.3626680082644629,0.08359922450621927,2.1750471491345955,0.0017692083333333331,30.56454545454545,0.01799908170292992,0.017053453720337283,0.0004999999999999894,-2.9864701668409492e-06,1.362644293004799,0.0020871972793375148,0.08274744200776031,14.0,85.01997159447674,28.64423719686906,153.6,153.6,34,0.918918918918919,0.40027151429529684,0.784206081081081,0.24646031493532675,0.0005742869897959224,4.182743790790522,0.002306353395028799,2.742899846716032,0.0005513972431462046,0
444,46.22604166666667,27.984375,15.016666666666667,13.134716600099546,18.673810917772204,20.425008499930232,90.0,51.0,66.0,1403.4375,925.890625,566.25,63.63319084264304,5.890877680824524,1907.052305426847,1.4484101157024794,0.06685148336513441,1.9158344571684687,0.002206174999999999,30.58768595041322,0.025865524154734722,0.028385285517215534,0.0006666666666666524,9.094037673288654e-05,1.4480766679837749,0.0024462219200936147,0.06445890621379557,15.0,90.05960966744912,29.415206702165563,153.6,153.6,36,0.9230769230769231,0.37803731584468303,0.7387820512820513,0.2362491499068085,0.003306250000000018,5.505261182945649,0.011626002064349387,2.9442245533836418,0.0021117984556962965,0
445,35.8875,11.541666666666666,28.354166666666668,18.64224173975151,30.470346468146516,23.746043164540534,76.0,54.0,81.0,1126.015625,876.234375,932.234375,63.529035136179786,5.384509695973711,1903.777791123157,1.5086367272727272,0.07434153214691243,1.8633433143128029,0.0026857749999999996,30.61611570247934,0.03486388884171828,0.034051228078249625,0.0008333333333333452,-1.9991173404284742e-05,1.5085015502625772,0.0028352474175358344,0.07216110966106784,14.0,87.30760981656508,27.928205872509995,147.69230769230768,147.69230769230768,34,0.8947368421052632,0.38834639472679194,0.765625,0.2612350080689598,2.9469387755102453e-05,3.5157107472275624,0.003701933776430846,1.4153088364713242,0.0010529688141580295,0
446,31.151041666666668,-1.0864583333333333,37.66041666666667,17.22543840027293,26.883076770028833,24.367441046604018,74.0,54.0,81.0,983.84375,662.78125,1202.859375,63.11561485080209,4.413803575739563,1891.645061498958,1.6576494876033057,0.16391332260060149,2.70007137126209,0.004039333333333334,30.663057851239675,0.04732240353547792,0.045312862535136986,0.0010000000000000083,1.162393169373113e-06,1.6575962654284768,0.0027982162013850138,0.16292982465730543,13.0,86.93928851673009,29.861002234350636,147.69230769230768,147.69230769230768,33,0.868421052631579,0.38819344556861396,0.7804276315789473,0.28072290173561587,0.002324617346938773,4.783593693159605,0.027950272555227605,3.2434794171244667,0.0058429445199736875,0
447,35.55104166666667,-10.158333333333333,42.001041666666666,18.840876963354543,16.683073174794732,14.630198469202798,80.0,54.0,81.0,1098.09375,410.84375,1258.953125,62.971628556223564,3.6160863250677338,1887.140823815611,1.7902523305785125,0.15489164176818188,2.449534299410305,0.003305600000000001,30.704876033057854,0.04283575594721266,0.04528333300247641,0.0011666666666666713,6.146217101705824e-06,1.7904564781810077,0.002594649440109864,0.1536014193329806,14.0,78.22488836256002,27.892018012750427,142.22222222222223,142.22222222222223,29,0.8529411764705882,0.3846897577968354,0.8648897058823529,0.28999581919638784,0.0011390624999999964,3.0105823868625428,0.014486673668844107,0.7294467928297618,0.004811917365909156,0
448,49.723958333333336,-0.8177083333333334,29.2375,14.911469612290531,7.9143263399313115,19.057912016185472,80.0,23.0,68.0,1490.140625,208.265625,876.296875,63.0093229377683,2.447408069235375,1888.2950247959645,1.9050425867768594,0.03543107335357301,1.2308171401260568,0.0013232333333333328,30.74702479338843,0.030059022602761158,0.03955844668910225,0.0009999999999999788,6.626866866059117e-05,1.9049678588105883,0.0011796580304761673,0.03512252335661681,15.0,77.5039670621572,27.633121399605315,153.6,153.6,30,0.8823529411764706,0.3956214544577591,0.8648897058823529,0.27606750820262715,0.00029143367346939095,3.5006118540946165,0.015398018916343913,0.8571898123383119,0.00439866502146848,0
449,59.48229166666667,5.140625,17.390625,4.360057692462019,4.815125433746076,10.030812717623716,80.0,22.0,54.0,1782.828125,186.03125,524.8125,63.271909563904636,2.545797544400043,1896.3558342251156,1.9421237438016525,0.0425468609389789,0.7306418105662311,0.0009608583333333347,30.775289256198356,0.030289904495107822,0.033874165668786205,0.0008333333333333156,1.2636783120925506e-05,1.9420152613716237,0.0009893270868264043,0.041644806942214806,15.0,79.09799686991224,25.726482805961783,153.6,153.6,31,0.9117647058823529,0.3827424371568399,0.8331801470588235,0.24892694192947604,6.688903061224599e-05,2.953986809279512,0.009364644843278416,0.9996505798323885,0.0031701715166299227,0
450,60.03541666666667,7.052083333333333,16.302083333333332,3.205918328090859,2.085514483220441,8.238527113086148,73.0,22.0,54.0,1799.1875,211.796875,492.390625,63.23915225830835,1.746793724846036,1895.2157797484647,1.967754487603306,0.0377016633497881,0.5531042825195667,-0.00018118333333333458,30.800743801652892,0.021365194885363818,0.022553442436041578,0.0003333333333333262,-1.73521514470233e-05,1.9678698989909922,0.00063286420048468,0.037163009684339575,15.0,79.75747591522534,28.365524991096606,153.6,153.6,33,0.9428571428571428,0.39319010729918064,0.8366071428571429,0.25767631297891574,0.004980326530612244,4.141413878689764,0.017738277217616075,0.88577456856298,0.004283145258408225,0
451,58.61875,7.289583333333334,21.247916666666665,2.7303202078693993,1.9731256489106033,6.3335248737483365,73.0,22.0,54.0,1756.671875,218.921875,640.75,63.16029143189336,1.7345997343184312,1892.8251922625225,1.9728808099173551,0.03234153379919589,0.5472830159643137,0.00011724166666666757,30.820082644628098,0.01874120698586284,0.016909589321248853,0.0003333333333333262,-6.758044795637529e-06,1.9728968541963467,0.0004117738676021986,0.03169104266878116,15.0,76.05805122415939,25.302578437939747,153.6,153.6,29,0.8529411764705882,0.2898133419992212,0.8579963235294118,0.21879488927084742,1.4062500000000305e-05,1.9538285050247959,0.012957877789371235,0.35526258107702513,0.00663204460168667,4
452,58.19583333333333,6.63125,23.364583333333332,0.4509057243174256,0.5414703169765326,0.8038940600117792,61.0,9.0,25.0,1744.0625,198.734375,700.1875,63.06862141203919,0.3521266602687419,1890.0865476458587,1.9447863388429751,0.03993054642349105,0.6443270086651929,-0.001001833333333335,30.83297520661157,0.01883572428272591,0.022538811577944903,0.0001666666666666631,1.8509378288006436e-06,1.9448080085487034,0.00018847224009629947,0.039919441845504174,14.0,70.21453908880089,22.212455978622657,153.6,153.6,27,0.84375,0.27803947126378503,0.91357421875,0.19860445943629615,0.0016171887755102026,1.2895310027569244,0.017455130134291626,0.18515484363467066,0.013536029841061451,4
453,58.104166666666664,6.404166666666667,23.590625,0.3188248822716877,0.515573440183086,0.5810511532630611,59.0,9.0,25.0,1741.296875,191.921875,707.015625,63.04172198470886,0.2673902316985411,1889.2823177909113,1.9056993140495868,0.030957736787041654,0.5119394740817658,-0.0009378916666666663,30.844049586776865,0.015134576055881623,0.01689862330309444,0.0003333333333333558,8.181677552334176e-08,1.9056876948115633,0.00014298942997810444,0.030913175754951467,16.0,66.05384552110112,11.278011149173016,98.46153846153847,98.46153846153847,23,0.71875,0.2111474089981047,0.93115234375,0.1359834790573402,0.0013296441326530652,1.2344483827052934,0.021302281625433784,0.32162923776903485,0.017256518720329024,4
454,58.06458333333333,6.34375,23.671875,0.25819048469858236,0.5047302290993345,0.48908995529963606,59.0,9.0,25.0,1740.125,190.125,709.40625,63.02855752826698,0.24130390093466936,1888.8862405017048,1.8685993223140493,0.03132288421623059,0.5242320204301686,-0.0009378916666666681,30.850165289256203,0.015953624478696513,0.022524199690199753,0.0003333333333333558,-2.4047417783058684e-06,1.8685946837383134,0.00012294550020277252,0.031225448123839903,16.0,66.53472268216441,10.644800119837875,98.46153846153847,98.46153846153847,23,0.71875,0.20707998323267549,0.921875,0.1281940553236089,4.746173469387472e-06,1.0107535348946215,0.0016910479016566185,0.025528065473350403,0.001673056628817947,4
455,58.061458333333334,6.344791666666667,23.634375,0.25693294831639546,0.47966346528639797,0.5068958072178148,59.0,7.0,25.0,1740.03125,190.140625,708.296875,63.01157540693586,0.25962743056592436,1888.380998462902,1.8329685950413224,0.03583902816384075,0.5923849933429162,-0.0010444750000000002,30.857603305785123,0.013668132290531224,0.016887671498848598,0.0001666666666666927,-1.6523907167927132e-06,1.8329723311796433,0.00015508038594009972,0.03576205040014653,16.0,65.38718134100884,9.332932494353855,91.42857142857143,91.42857142857143,18,0.5806451612903226,0.20064592959365013,0.9339717741935484,0.11690723727250997,3.906249999999992e-05,0.5938473505248731,0.0034406935154459193,0.5481079500955195,0.005793902275399319,4
456,58.104166666666664,6.392708333333333,23.538541666666667,0.32207551736958967,0.49260041101338464,0.5348032721763729,60.0,7.0,25.0,1741.296875,191.59375,705.4375,63.020327766119635,0.3074707316954833,1888.636553118714,1.7941880909090908,0.03174723819705417,0.5376354300163627,-0.0009272333333333327,30.86256198347108,0.013144393621204004,0.016887671498848598,0.0,-9.019716948345122e-07,1.7941890483604623,0.00015190990587839352,0.03171282732018834,14.0,66.89893834348014,10.700910602027466,93.65853658536585,93.65853658536585,20,0.6451612903225806,0.18894839876493616,0.9168346774193549,0.12690006858291117,0.00016622576530612198,0.6129820754128876,0.00603541104232906,0.08399450951096601,0.009845982915999257,4
457,58.098958333333336,6.35625,23.526041666666668,0.3122481624134169,0.4788903188622631,0.5316532374871383,60.0,7.0,25.0,1741.15625,190.5,705.03125,63.00701983604134,0.30075136025032756,1888.240109734936,1.7593818181818182,0.028874228559263047,0.49268340599049937,-0.0008099999999999996,30.860247933884303,0.01338945001724232,0.016887671498848598,-0.0001666666666666631,3.669630460853772e-06,1.7593702173128387,0.00014782494140049327,0.02886388364186152,16.0,66.57013499582708,10.929124671652403,93.65853658536585,93.65853658536585,19,0.6129032258064516,0.21459976676556136,0.922883064516129,0.13382032721259562,0.00013307270408163246,0.47172867760254933,0.0007249086128042563,0.2943298606729965,0.0015367066859035044,4
458,58.123958333333334,6.36875,23.440625,0.33579656281329356,0.48246599621113195,0.5250155007632313,60.0,7.0,24.0,1741.890625,190.84375,702.5,62.99949592878021,0.3210857407886532,1888.0083836391227,1.7300823636363636,0.02405380461375485,0.46216049595244885,-0.0007140749999999992,30.856611570247942,0.012955978804803793,0.016887671498848598,0.0,1.2614392840429538e-06,1.7300788934685434,0.0001225776309814729,0.02398013939571275,16.0,67.32603592876549,10.206475595756933,93.65853658536585,93.65853658536585,22,0.6875,0.20603147025119967,0.91015625,0.12729820888125254,8.622448979591057e-07,0.7193924528656394,0.0021779295179777613,0.0996992903065136,0.0030274567231031715,4
459,58.119791666666664,6.370833333333334,23.451041666666665,0.34342629961010396,0.4830279207480891,0.5378380316265194,59.0,7.0,24.0,1741.765625,190.921875,702.828125,62.999849635567486,0.3294377471079547,1888.0261473166702,1.7060677603305787,0.018465801639754413,0.357897983718764,-0.000532900000000001,30.85528925619835,0.012535858000567838,0.016887671498848598,0.0,2.052834051550007e-06,1.7060632513486464,0.00014808489513258162,0.01834737360955298,16.0,68.6774761942858,8.606659314038495,89.30232558139535,89.30232558139535,21,0.6363636363636364,0.17662557639900642,0.8877840909090909,0.1143326207822209,3.188775510203505e-08,0.33135101250001775,0.003259515112636281,0.2680796244210232,0.009837045880872648,4
460,58.16979166666667,6.375,23.296875,0.391742844985358,0.4841229182759271,0.5287471680381214,59.0,7.0,24.0,1743.265625,191.046875,698.171875,62.989180242164686,0.37450734762231364,1887.694691439526,1.6843363057851242,0.019772405739848817,0.3762737780082144,-0.0005435500000000001,30.861735537190086,0.013278808441913722,0.011254798643803493,0.0001666666666666631,-2.2555313639452043e-06,1.6843420240162126,0.00012939225938464387,0.019715598432793652,14.0,70.32198676092784,7.69119652549871,85.33333333333333,85.33333333333333,18,0.5294117647058824,0.16128259008224155,0.8644301470588235,0.10410909326621604,7.844897959183673e-05,0.3827756053386555,0.0022324836281035747,0.25237704144157436,0.0058323560774684565,4
461,58.165625,6.317708333333333,23.292708333333334,0.39616077465468486,0.4655853823563288,0.5211655190665331,60.0,7.0,24.0,1743.15625,189.328125,698.0625,62.97782542341613,0.3774430699505632,1887.374339508949,1.6605859669421488,0.02313345869919449,0.42199257207006846,-0.0005968416666666661,30.867520661157023,0.014898055324619517,0.011254798643803493,0.0003333333333333262,1.0612726798410753e-06,1.6605869808996494,0.00012264922286780538,0.023097002576875796,14.0,70.32045619888763,9.408762459138277,93.65853658536585,93.65853658536585,17,0.5,0.1936911873102818,0.8699448529411765,0.1278242855244312,8.556250000000005e-05,0.6849770706463241,0.002163848131027967,0.10425344641297679,0.0031590081241496507,4
462,58.1125,6.186458333333333,23.308333333333334,0.3289028478644314,0.38947608817986357,0.4944834566382265,60.0,7.0,24.0,1741.5625,185.390625,698.546875,62.920664902083765,0.32808019296572005,1885.6651393763111,1.6338867438016529,0.02444823605918098,0.4551122002839727,-0.0007034166666666657,30.87297520661157,0.01577971436014859,0.016876733880888742,0.0001666666666666631,-1.2263911602583253e-06,1.6338934672245133,0.0001061593301433106,0.024397162980258943,14.0,67.39331595258159,11.166566750406703,96.0,96.0,17,0.53125,0.2272783116524334,0.91357421875,0.14384255125021558,0.0006303686224489806,1.1909543767004644,0.014455191584546489,0.056202518307948236,0.01213748558915796,4
463,58.06458333333333,6.165625,23.432291666666668,0.26219393532692975,0.37174367429049826,0.4974926280162909,60.0,7.0,24.0,1740.125,184.75,702.25,62.920250876409376,0.2820100170270385,1885.6452686854282,1.6068915041322314,0.02305214838991106,0.41451838032741817,-0.0006394749999999986,30.875785123966942,0.014644665410470225,0.016876733880888742,0.0001666666666666631,-4.669722771533891e-07,1.6068913519481922,0.00011003303573520487,0.022974070207943027,16.0,66.43616091200552,11.22245266945847,96.0,96.0,17,0.53125,0.20711801095923474,0.9267578125,0.14338850925859556,0.0012026033163265305,0.9787625759169711,0.03225592383061769,0.07487348402432643,0.03295582056802505,4
464,58.0375,6.144791666666666,23.583333333333332,0.18998355191963323,0.3518906647391425,0.4930066485916346,59.0,7.0,24.0,1739.3125,184.15625,706.765625,62.9494537579106,0.2296299501539786,1886.5189679426521,1.5809955454545452,0.02194983247474616,0.42156113776261284,-0.0006288166666666669,30.880082644628096,0.014344974514873833,0.016876733880888742,0.0,-4.214721304819901e-06,1.5810137979431151,0.00011115388921920852,0.02189602760847792,16.0,66.67384446207781,12.065303984313191,103.78378378378379,103.78378378378379,18,0.5625,0.22627119064014686,0.9248046875,0.1410279329376005,0.002145674744897959,0.6523518515620199,0.04324681893123876,0.21217942425099456,0.06629370151657679,4
465,58.02916666666667,6.141666666666667,23.728125,0.1682735042192389,0.3516824641001532,0.4472609056337624,59.0,7.0,25.0,1739.0625,184.0625,711.109375,62.99553877440747,0.2056765797466664,1887.9015184375585,1.5557865785123965,0.022198902154654747,0.4284889872855845,-0.0006394666666666678,30.879917355371894,0.012364696997860922,0.016876733880888742,0.0,1.1249469878947094e-06,1.5557746456198438,0.00011834676745665153,0.02209368579680246,16.0,66.85224602337385,10.218752961641332,91.42857142857143,91.42857142857143,21,0.65625,0.22539937114396918,0.91748046875,0.1335134521450424,4.365433673469348e-05,0.62185718118274,0.005501242045997071,0.12862588280476395,0.00884647184669315,4
466,58.01354166666667,6.104166666666667,23.807291666666668,0.11557806855349137,0.3088677800541124,0.3970581379729618,59.0,7.0,25.0,1738.578125,182.90625,713.5,63.00678772797158,0.1735421245565649,1888.2271376148638,1.5304191157024793,0.022642022734813326,0.4427337090437562,-0.0006501250000000014,30.884049586776857,0.011683039369964903,0.011247511624190434,0.0,1.1147470355532922e-06,1.5304166518348703,0.00011326477382695499,0.022557296176968094,15.0,66.48470525389911,9.313693286139621,91.42857142857143,91.42857142857143,20,0.625,0.19056219219126846,0.919921875,0.12716328758326584,5.153188775510195e-05,1.0660566211464988,0.010765174149440383,0.4023740339951999,0.010098126061881115,4
467,58.030208333333334,6.165625,23.70625,0.17116012950028855,0.37453530235257315,0.4577600581454583,59.0,7.0,25.0,1739.09375,184.765625,710.4375,62.99082061020685,0.20478163835035013,1887.7525235908884,1.506298867768595,0.02065579461249129,0.44156160138302675,-0.0005755250000000008,30.883553719008262,0.011843295284411554,0.011247511624190434,-0.0001666666666666631,5.544971340015936e-06,1.5062790167991316,0.00014978816385436336,0.020607061890799243,15.0,67.06630624739026,9.942149686426356,91.42857142857143,91.42857142857143,19,0.59375,0.21739572143347405,0.9140625,0.133671395564599,9.928698979591814e-05,1.4588741438614676,0.004359368964097096,1.1478048205387597,0.0029881734366464,4
468,58.030208333333334,6.1625,23.640625,0.17116012950028855,0.3689088640843427,0.47981726664950275,59.0,7.0,24.0,1739.09375,184.6875,708.46875,62.965966324081776,0.2081703019111002,1887.0085043761492,1.4916200578512395,0.011599036364432614,0.29030323401950486,-0.00033205833333333303,30.888347107438015,0.014678207123499407,0.016865810421672917,0.0001666666666666631,-1.1090322746434052e-06,1.4916234544013884,0.00022093490925525504,0.011317074392123545,14.0,68.54495640763403,12.448597243487995,106.66666666666667,106.66666666666667,19,0.59375,0.22508468948268368,0.9013671875,0.14784201587409054,0.00037331760204082,1.1469549907212342,0.010635784940067786,0.11917405694057043,0.009273062174287883,4
469,58.02916666666667,6.163541666666666,23.621875,0.1682735042192389,0.36985914877228,0.4849190493010148,59.0,7.0,24.0,1739.0625,184.71875,707.921875,62.9581108699095,0.2072253817681063,1886.7786813026194,1.4795787438016528,0.009941506211877987,0.22536281033386063,-0.00025744999999999983,30.890826446280993,0.0148594949392774,0.016865810421672917,-0.0001666666666666631,3.282832000728103e-07,1.4795845062186481,0.00022855618761491876,0.009602251688910785,14.0,67.65072830593901,12.623864020092327,106.66666666666667,106.66666666666667,18,0.5625,0.23688175579777923,0.9130859375,0.14399909951670217,3.3889030612244856e-05,1.1852740257171852,0.0014851871735070271,0.08907403065292753,0.0012530327513153514,4
470,58.01770833333333,6.115625,23.614583333333332,0.13188915142607024,0.3197747009614738,0.48669359942598617,59.0,7.0,24.0,1738.71875,183.28125,707.6875,62.939802195841445,0.20424547735084492,1886.2235805289388,1.468351305785124,0.016272794774285074,0.3479879023158264,-0.0002787583333333325,30.897438016528927,0.017081667018530297,0.016865810421672917,0.0003333333333333262,-4.853025582403744e-06,1.4683490128231618,0.00024456353921561557,0.016050835254633748,15.0,68.82738914039953,12.517372106343737,103.78378378378379,103.78378378378379,20,0.625,0.23444219466881178,0.89697265625,0.14159061784211935,0.00013974617346939,1.2185648832545928,0.0031586295554042847,0.11082175578866504,0.0025920897596918174,4
471,58.15625,6.272916666666666,23.35,0.37159916240486873,0.474885768428109,0.730581959810123,60.0,8.0,24.0,1742.859375,188.0,699.765625,62.988354396196236,0.2931901416906134,1887.6715114693732,1.4499110165289253,0.016862061032022764,0.36041554484992266,-0.0004263083333333325,30.90239669421488,0.015049493738961712,0.016865810421672917,0.0001666666666666631,2.4115640054579912e-06,1.4499040530989338,0.00019201153485108542,0.016751851011375538,15.0,69.07449417736701,10.08935849818635,103.78378378378379,103.78378378378379,18,0.5454545454545454,0.19020670037406018,0.884469696969697,0.1106152218341731,1.127040816326556e-05,0.42304609486042155,0.001203380706699682,0.4751658624443647,0.0028445616714573895,4
472,58.31041666666667,6.348958333333333,23.020833333333332,0.47158402544568406,0.5042516715528952,0.794239241174989,60.0,8.0,24.0,1747.484375,190.265625,689.90625,63.01865197768939,0.36015447824252417,1888.5843770286883,1.431096768595041,0.01704430611295371,0.43347993254090933,-0.0005115749999999992,30.911818181818184,0.016057747029686653,0.016865810421672917,0.0004999999999999894,1.8406541238815169e-06,1.4310912606118709,0.00018855077063459108,0.01691716337581117,15.0,69.05819957188692,10.345018724333999,103.78378378378379,103.78378378378379,20,0.6060606060606061,0.21415015883100286,0.8868371212121212,0.12393188915097987,0.0008723584183673484,0.5139020032824406,0.0039458319376938725,1.1094429602490217,0.007678179716153476,4
473,58.407291666666666,6.292708333333334,22.840625,0.4997384298449429,0.48813949331165113,0.7134245646002106,60.0,8.0,24.0,1750.40625,188.59375,684.484375,63.036058520864984,0.3954337122092716,1889.1171108312838,1.4111198512396697,0.017776027087602935,0.37827409263690537,-0.000490258333333334,30.92487603305785,0.018277733483343855,0.02246594110672146,0.0003333333333333262,-1.5477264328378517e-06,1.4111274339274587,0.00013904698177113686,0.01769667176860555,14.0,66.15073485217778,8.954215236028553,89.30232558139535,89.30232558139535,20,0.625,0.19644329909178504,0.923828125,0.12626012780385926,1.5433673469387675e-05,0.30809045992051076,0.005782831886026773,0.16189682206515774,0.01876991545768337,4
474,58.4875,6.194791666666666,22.780208333333334,0.5019233839276003,0.4012661709271734,0.576107591164378,59.0,7.0,24.0,1752.796875,185.65625,682.6875,63.07673002834417,0.41468333064820345,1890.32862098545,1.3919462727272727,0.017406014562275564,0.390236395812957,-0.0005115833333333338,30.935454545454544,0.014083575804390309,0.016844005869635605,0.0003333333333333262,3.3619489126732566e-07,1.3919432867643076,0.00010872902483223669,0.017349769823254188,15.0,68.1746039815036,14.602016153693517,123.87096774193549,123.87096774193549,18,0.5625,0.22616674974344955,0.9140625,0.1660500883346272,0.0012425624999999989,1.866900329762088,0.010421713266888656,0.9749824345971358,0.005582361897282844,4
475,58.401041666666664,6.190625,22.926041666666666,0.4922302119915256,0.39806252780394524,0.4806126280736794,60.0,7.0,24.0,1750.203125,185.53125,687.078125,63.048119733640625,0.41859652711733636,1889.475854600151,1.374886603305785,0.01331378450240644,0.33136732014322184,-0.00029842500000000033,30.946859504132224,0.014318286167079173,0.011225707072154945,0.0003333333333333262,1.5727822951446153e-06,1.3749008612165594,0.00015209865324079122,0.013212475643887259,14.0,70.12983231891458,12.64450754551706,87.27272727272727,87.27272727272727,17,0.5151515151515151,0.18317772012020866,0.8858901515151515,0.17049136807654927,0.002005760204081629,0.3894624970160051,0.013786166692988506,0.4008043267891573,0.03539793124784993,4
476,58.36145833333333,6.267708333333333,23.075,0.4890189566167712,0.4497672526954605,0.5724581498531865,60.0,7.0,24.0,1749.03125,187.84375,691.53125,63.07455910748593,0.41078388023748247,1890.277968981551,1.3591587438016528,0.013677448957158804,0.3444198267685195,-0.0004476333333333323,30.952314049586775,0.01568071567025609,0.016833124722079512,0.0003333333333333262,-2.1751448683180976e-06,1.3591700588502085,0.00020915655346240321,0.013470183859862607,15.0,75.449343910864,19.893548217985224,142.22222222222223,142.22222222222223,22,0.6285714285714286,0.28176015822806794,0.8433035714285714,0.19506629890728883,0.0002446989795918387,1.1148739435473047,0.01619111372092649,2.62413042393301,0.014522820104136277,4
477,58.46666666666667,6.31875,22.470833333333335,1.5044840385401974,0.9823772718088845,2.983144197915273,76.0,14.0,25.0,1752.140625,189.671875,673.578125,63.04020943687842,1.129488448150019,1889.217888216654,1.3505866776859503,0.020108704236466036,0.7021317519252,0.0003410583333333328,30.963719008264462,0.01564757692038164,0.016833124722079512,0.0001666666666666631,-2.739846704049278e-05,1.3506971850108969,0.0004474853415098363,0.0200995986541657,14.0,82.26914873318859,23.759528988471562,147.69230769230768,147.69230769230768,26,0.7027027027027027,0.3077878233199419,0.7846283783783784,0.20754784430197623,7.781760204081808e-05,1.704830811329831,0.014477086569071027,2.9859147911450066,0.008491802513692467,4
478,48.68958333333333,1.3614583333333334,31.636458333333334,17.227506343820888,7.774127359813269,15.120492577622283,76.0,19.0,67.0,1469.484375,223.6875,947.9375,62.89973319119308,1.6945445238734438,1885.0348579663853,1.3722759338842974,0.046577078327395,1.191997753731874,0.0004902666666666666,30.968016528925624,0.013943204435677812,0.011218457662923596,0.0,1.9402091346389195e-05,1.3722353515549075,0.0014426550366164964,0.04571018865132172,14.0,80.36158250764025,27.01416535533195,147.69230769230768,147.69230769230768,30,0.8571428571428571,0.41031268900358536,0.8321428571428572,0.2793922488169269,0.0009433673469387766,2.8472069975366665,0.017841412442361645,2.2230781492693734,0.006266285682002607,4
479,35.615625,-4.714583333333334,43.2875,19.746232911436763,8.664210138632885,17.560747243497357,76.0,19.0,67.0,1077.265625,281.40625,1297.484375,62.729323634805596,1.703451785782874,1879.9284118263993,1.3977703388429752,0.044994765777966995,1.191997753731874,0.0007353916666666664,30.981404958677683,0.01833146529985093,0.022422444560578663,0.0,3.772492729931757e-06,1.3977668415189852,0.0014554854616269204,0.044128414781203815,15.0,76.48506682812332,24.107343334847204,147.69230769230768,147.69230769230768,26,0.7878787878787878,0.49120996676096923,0.8740530303030303,0.3241881293485532,2.222448979591889e-05,5.144272226215647,0.01416654974663284,2.7240133675620988,0.002753849159544649,4
480,22.284375,-10.85,55.744791666666664,10.959839834263471,3.6157064777624495,7.277567842802785,67.0,19.0,67.0,677.421875,337.0,1671.078125,62.49994164130751,1.30743189745705,1873.129174316723,1.41920579338843,0.020576691523377145,0.7335923705945541,-3.19749999999989e-05,30.994793388429752,0.023709647705179374,0.022422444560578663,0.0003333333333333558,1.1356605274957763e-05,1.4191779634341246,0.0014109203337409448,0.01891660934574598,14.0,70.16466353380103,21.706343338049724,147.69230769230768,147.69230769230768,25,0.8064516129032258,0.5065649740326177,0.938508064516129,0.3093575743471159,0.0012150204081632678,4.724745365912568,0.032133748882729414,2.8085791909758195,0.006801159934366726,4
481,18.997916666666665,-12.001041666666667,58.233333333333334,0.13691479000539797,0.05589199343873463,0.4229525846816507,20.0,13.0,59.0,569.34375,359.65625,1745.171875,62.41884770413056,0.3939030615375845,1870.6070551453076,1.408879090909091,0.011368788377551654,0.26063953118110544,-0.0003090833333333339,31.01066115702479,0.017043238022678917,0.016811404547579893,0.0003333333333333558,-2.405617027412291e-05,1.4089362775039285,0.00027073577766964914,0.011275522080712893,14.0,69.97087380851877,17.088829417442742,147.69230769230768,147.69230769230768,21,0.65625,0.24010141506482013,0.89404296875,0.16311736574980382,1.3061224489795578e-06,0.5361662455900975,0.03349006528184343,0.25525947166243734,0.062462091855455586,4
482,19.007291666666667,-12.001041666666667,58.139583333333334,0.1161399942478425,0.05589199343873463,0.3465542185414699,20.0,13.0,59.0,569.625,359.65625,1742.375,62.33413531256529,0.32492281360591524,1868.0802691844483,1.3960473553719008,0.012217962915963538,0.24662864003630358,-0.00030907500000000126,31.021404958677678,0.014732085920765399,0.016800565466320163,0.0003333333333333558,-2.1813898247610916e-06,1.3960522401203523,9.236357065378312e-05,0.012125083650451366,14.0,66.3420249103211,17.144622716420933,147.69230769230768,147.69230769230768,17,0.5483870967741935,0.24476950254269833,0.9425403225806451,0.16044701412563409,2.0250000000000465e-05,0.5416269433710045,0.030650210050564244,0.38652160478460684,0.056589153153648444,4
483,19.013541666666665,-12.002083333333333,58.071875,0.11557806855349137,0.045595976308831845,0.2582808246366733,20.0,13.0,59.0,569.8125,359.6875,1740.34375,62.273027580381495,0.24417065011877084,1866.2470372189343,1.3822960495867767,0.011554627657136428,0.2573026511440867,-0.00033040000000000104,31.03231404958678,0.017092859201050893,0.01678974035296074,0.0001666666666666631,-7.908642501158939e-07,1.3823023399890608,9.228898133880008e-05,0.011436272147260918,16.0,65.49791184483998,9.06542648772922,96.0,96.0,15,0.4838709677419355,0.1165084492644203,0.9314516129032258,0.11258099538373292,6.400000000000042e-05,0.3045713020315494,0.03296694766526005,0.16032673975183737,0.10824049227673173,4
484,19.008333333333333,-12.003125,58.083333333333336,0.11149240133549711,0.05581428468591172,0.28382310609877337,20.0,13.0,60.0,569.65625,359.71875,1740.6875,62.28233513303736,0.26867956631285816,1866.5262637986102,1.3694114958677683,0.011227471121636114,0.2512312677148004,-0.00027709999999999866,31.043388429752067,0.016137514376804843,0.01678974035296074,0.0003333333333333262,1.3932560205193294e-06,1.369412308398322,0.00010565947288335618,0.011166214969638152,16.0,66.9215295168116,13.16171618712876,120.0,120.0,18,0.5625,0.18202265096330644,0.92236328125,0.13517455930671515,0.00047306250000000007,0.30247848880952827,0.019619542398414937,0.021539570251516427,0.0648626038685661,4
485,19.019791666666666,-12.046875,58.16770833333333,0.4289327335731741,0.38849418834134447,0.3899772406998759,23.0,15.0,60.0,570.0,361.03125,1743.21875,62.3753853280058,0.4003292596510212,1869.3177696476635,1.358651438016529,0.009040460092047871,0.23679386321926055,-0.0002984249999999985,31.053966942148765,0.016786424013035105,0.016778929180522033,0.0004999999999999894,-8.228693872223777e-07,1.3586479753103453,0.00011761482845353099,0.00891124877050407,15.0,77.30255645681396,21.640864860915414,142.22222222222223,142.22222222222223,23,0.6571428571428571,0.20921992720861096,0.8245535714285714,0.17889813862950624,0.0003396122448979609,0.8081883219895809,0.016757976957868757,0.09924905920570219,0.020735237693876005,4
486,19.014583333333334,-12.042708333333334,58.233333333333334,0.44229024375654286,0.3916431176431193,0.4422166387140533,23.0,15.0,60.0,569.84375,360.90625,1745.171875,62.434345541743895,0.4465106651859724,1871.0719902737073,1.3483776942148762,0.00839675328522527,0.21420131810195142,-0.00022380833333333257,31.060578512396695,0.01707046749790237,0.016778929180522033,0.0004999999999999894,-2.7323983731223016e-05,1.3484221773018434,0.0003429496178822031,0.008160021866607999,15.0,80.59200221751537,24.998434527039755,142.22222222222223,142.22222222222223,25,0.6944444444444444,0.3139697579840635,0.8098958333333334,0.22891498964165471,0.0018674744897959187,1.3556120481687384,0.04086146252055985,0.46268697688132693,0.030142445676665797,4
487,21.797916666666666,-4.673958333333333,53.67916666666667,5.337055585844023,19.593444613737454,11.73887697520035,53.0,56.0,72.0,653.265625,485.8125,1608.59375,62.654272894357504,1.7545786994921178,1877.6797556501629,1.3190994049586777,0.04066486299261205,0.9066444075966545,-0.0005861833333333343,31.068181818181817,0.016262312563634487,0.016778929180522033,0.0003333333333333262,-4.510654061748627e-06,1.3191218040028625,0.0007478239875357924,0.04019138108128192,15.0,82.24156402785637,26.289827994644508,142.22222222222223,142.22222222222223,27,0.75,0.4823835791263155,0.8168402777777778,0.3136612778649403,0.00030251147959183737,2.5750536140100904,0.02388155249252304,1.7286508422385891,0.009274196219678966,4
488,23.28125,-4.736458333333333,53.20625,4.961525145641543,19.61558489543278,11.56670700491285,53.0,56.0,72.0,697.78125,487.71875,1594.390625,62.73373131617605,1.735294446628377,1880.0615151195357,1.2961206776859504,0.0360471388099488,0.8573063279206748,-0.0004796000000000004,31.08190082644628,0.022056053668986147,0.02235032339832456,0.0001666666666666631,-3.4349717117059236e-07,1.2961189699170683,0.0007544337764933221,0.03551721580315409,16.0,76.25927301696642,22.914451931993298,132.41379310344828,132.41379310344828,24,0.7058823529411765,0.4900767178656209,0.8685661764705882,0.30866483142308165,5.556122448979471e-06,1.969481242335584,0.022372605369290123,2.638001432181212,0.011359643792676451,4
489,24.729166666666668,-4.830208333333333,52.755208333333336,4.058630635927454,19.652272026153376,11.385181979511668,53.0,56.0,72.0,741.203125,490.53125,1580.859375,62.82787246121996,1.7145530020033655,1882.8808633416024,1.2816928264462812,0.022361680169683165,0.7827762239830907,-0.00033040000000000104,31.099586776859507,0.024406905072769356,0.02235032339832456,0.0003333333333333262,1.7313796700610335e-05,1.2816821536802583,0.0006963962810119236,0.021509850039611006,16.0,77.82216271189807,25.41993001922929,147.69230769230768,147.69230769230768,23,0.6571428571428571,0.3277199004945337,0.8486607142857143,0.2651064115384151,0.014980011479591842,3.9688900197528736,0.09375664345477724,3.7475449053785255,0.023622887756566024,4
490,23.280208333333334,-12.247916666666667,56.934375,0.4560061658178416,0.4366012594143794,0.25179692751964494,24.0,14.0,58.0,697.671875,367.03125,1706.265625,62.72081742831084,0.25227853224591534,1879.6694786820333,1.2881510247933885,0.007078564030573033,0.1984290032729806,1.0658333333333585e-05,31.117438016528926,0.018565449364758575,0.022335954804278198,0.0003333333333333262,4.687242060159868e-06,1.288144771985567,0.0001577311376227933,0.006922124356083557,16.0,78.87378238132955,26.515809727022358,147.69230769230768,147.69230769230768,20,0.5714285714285714,0.22512379151780681,0.8294642857142858,0.21281395624932542,2.359183673469331e-05,1.2512715206436262,0.025472496800279482,0.2241386737633645,0.020357289668973683,4
491,23.967708333333334,-14.529166666666667,54.3,6.869012465286687,8.316849321641513,9.255944036131593,66.0,60.0,64.0,722.28125,435.078125,1627.40625,62.690698645697054,2.4371797186631072,1878.649326854842,1.297621603305785,0.025196981942281472,1.5452134788735028,-0.000916575000000001,31.130826446280988,0.016342753182556333,0.02232160467296089,0.0003333333333333262,-1.0782556815643897e-05,1.2977577944405165,0.0009139364163040781,0.022613164183056447,15.0,81.84540862258432,32.398100189975786,153.6,153.6,28,0.7777777777777778,0.3351293227194967,0.8294270833333334,0.25407312892041484,8.556250000000073e-05,4.649231184004332,0.019079343362035303,0.5386695240490359,0.004103763096934766,0
492,31.434375,-4.733333333333333,42.45729166666667,17.700808174375588,19.693636168964723,21.32492304007052,67.0,60.0,70.0,970.453125,534.703125,1287.453125,62.86599403582417,4.113762740815291,1883.999706148326,1.282348305785124,0.039895041681777856,1.5452134788735028,-0.00021315833333333348,31.142727272727264,0.019069251784912332,0.027893054279039278,0.000500000000000019,6.2448449224586675e-06,1.2823293882590294,0.0013014151162663184,0.03823734018773148,15.0,79.50410728900387,30.288292511146,153.6,153.6,28,0.8235294117647058,0.41815843278033155,0.8616727941176471,0.29474205605767334,0.0014521543367346968,4.428219577395337,0.028330454812447895,1.3830873696363926,0.006397707773360183,0
493,40.44479166666667,4.85625,30.080208333333335,21.083788054014327,22.16275409940816,22.75725213984758,73.0,60.0,70.0,1244.796875,606.3125,922.546875,63.207330955639435,4.756353308743869,1894.200722786858,1.2774438512396695,0.041381591083747594,1.5452134788735028,-0.00027710833333333313,31.15793388429752,0.01844882828467879,0.01672508149257097,0.000500000000000019,-1.0248110945493923e-06,1.2774526151359753,0.0015033240980468856,0.039553784098377516,14.0,84.1995334107951,28.785618616325362,153.6,153.6,29,0.7837837837837838,0.39855662707153533,0.8019425675675675,0.27915544322459684,0.0004217155612244948,7.5184680184857,0.030068577542851152,1.6661598037618717,0.003999295796553416,0
494,50.77395833333333,17.453125,19.273958333333333,17.929606246789987,13.142484014360008,16.984519574157243,73.0,52.0,70.0,1550.75,600.15625,598.296875,63.39005776141706,4.296747064645803,1899.672629023008,1.2623079008264464,0.02813618621691895,1.0656281998197372,0.000809991666666667,31.173966942148763,0.02034736926740458,0.02785727095366636,0.000500000000000019,-2.985472418707334e-05,1.2624785619422478,0.0013232521772509975,0.026664340846931547,14.0,80.1075740848836,25.64552574368997,128.0,128.0,28,0.8,0.4343703713253174,0.8397321428571428,0.29583565379467436,0.0007840000000000006,6.118545383648419,0.036369594086292645,2.6413530133731,0.0059441569532995555,0
495,49.22083333333333,24.407291666666666,22.014583333333334,13.440810961603304,13.513563747765819,12.995103077430958,73.0,46.0,69.0,1479.140625,758.0,666.53125,63.458818373879275,2.858509913282602,1901.7846316239493,1.2577100495867766,0.02775231434228348,1.0750817214451371,-0.0007993333333333334,31.19033057851239,0.018538942007021286,0.022278664700203295,0.0003333333333333262,-1.052088184715333e-05,1.257751028989148,0.000814199611281166,0.02731664009372196,14.0,77.36861393911859,22.38073278033662,132.41379310344828,132.41379310344828,27,0.7714285714285715,0.3770147318027819,0.846875,0.25682101014130443,0.001523786989795919,3.5107909564665567,0.007282695636281043,2.9173002194328594,0.0020743746143207366,0
496,48.340625,31.139583333333334,22.169791666666665,7.772790121702867,10.342937195322655,7.2410378484899445,67.0,41.0,35.0,1448.484375,933.453125,664.546875,63.36533686112087,1.627472829269082,1898.9485742499708,1.2132218429752064,0.05629511630272492,1.2286082971440824,-0.0009378916666666663,31.211983471074376,0.02550708327195652,0.02782157932186698,0.0004999999999999894,9.492147872461444e-06,1.2132042634524163,0.0003775175526711907,0.05624329130795179,15.0,73.19003624326749,23.371852971252512,132.41379310344828,132.41379310344828,29,0.8787878787878788,0.4139703612107242,0.8996212121212122,0.2607487551991854,0.0026082908163265377,3.931511379313934,0.02044041794536314,2.8075908697232066,0.005199124706318435,0
497,45.56666666666667,36.641666666666666,23.717708333333334,3.723480301486172,1.5487674310739996,4.883272783860965,53.0,41.0,35.0,1365.578125,1098.140625,710.703125,63.40884628178666,0.9434448647109215,1900.2797290814779,1.1582695289256197,0.05984286571369786,1.5308872951835626,-0.0017052583333333335,31.230661157024795,0.02341630205576994,0.02225012971578797,0.0004999999999999894,-1.0647003123377037e-05,1.1583345448964122,0.00031706710151986145,0.059932665487926265,14.0,73.56549215521449,21.395402553638313,132.41379310344828,132.41379310344828,27,0.8181818181818182,0.3636695673261907,0.8778409090909091,0.22095260631080407,0.002655929846938778,1.1897345614266486,0.015297644699934925,1.6655690409081059,0.012858031695398536,0
498,47.578125,35.76354166666667,21.61875,1.1457078529778,1.152589457090955,2.082282026407566,50.0,40.0,28.0,1425.890625,1071.796875,647.828125,63.37755777584013,0.5843118773787911,1899.3563742664924,1.1133796942148761,0.03033531949897416,0.8749505808046044,-0.0007140833333333319,31.253471074380162,0.021616902775896153,0.02778597903165013,0.0003333333333333262,3.7642730135107646e-06,1.1133684074694499,0.00029744668003704955,0.03021233962693203,15.0,71.81477127330601,18.005617216951098,112.94117647058823,112.94117647058823,28,0.8484848484848485,0.3650828980669151,0.8849431818181818,0.20193115738027315,0.0006072704081632687,1.3131367863819026,0.003124502159927085,3.684175125238088,0.002379418650311407,0
499,47.286458333333336,35.11354166666667,23.20625,1.2789253131427272,0.7736708752847613,2.424089713170699,50.0,38.0,29.0,1417.140625,1052.296875,695.453125,63.36603672581253,0.5964950374000053,1899.007275706329,1.0865535867768594,0.029271594172781634,0.9843490510420836,-0.000863283333333333,31.26388429752066,0.017970218743704587,0.022221667734331898,0.0,-8.36944162536283e-06,1.086594233725828,0.000216608643628225,0.0292661700447216,15.0,74.28105723880653,21.50050402064239,147.69230769230768,147.69230769230768,29,0.8529411764705882,0.3609464161629938,0.8671875,0.21521733895560635,4.8005102040816164e-05,1.2632649562856646,0.0020110619649439396,1.0681783630892892,0.0015919557927554623,0
500,46.354166666666664,35.19479166666667,24.99375,1.11877133747498,0.7790044115817888,1.926234047089467,49.0,39.0,29.0,1389.1875,1054.734375,749.03125,63.381547307620046,0.6465311737176849,1899.469131846285,1.0573175454545454,0.040944097424425244,1.3240080234082847,-0.0005755249999999999,31.27495867768595,0.015054938891551017,0.016660918736423922,0.0003333333333333262,-1.4595575160894516e-06,1.057311282315532,0.0001809956391500144,0.04092916631413446,16.0,73.39006443020367,20.722508571151543,147.69230769230768,147.69230769230768,28,0.8235294117647058,0.3254081244271289,0.8722426470588235,0.20363590260140083,0.0002458176020408161,0.7446817209703886,0.0126867878101621,0.7300039039691057,0.01703652372939952,0
501,45.9125,35.25416666666667,25.80625,0.9685954177742809,0.7499884258366185,1.5179353096119304,49.0,39.0,29.0,1375.921875,1056.515625,773.421875,63.4048062019364,0.6417168338828741,1900.161473783986,1.0279033388429752,0.027116261727822978,0.9136298103801227,-0.0006296333333333348,31.27842975206612,0.015158025147914223,0.016660918736423922,0.0001666666666666631,-1.8711089721675955e-06,1.0279058442300801,0.0002526073320731358,0.0270414505964963,15.0,72.5444282955549,20.30987124698049,147.69230769230768,147.69230769230768,28,0.8235294117647058,0.3208173451348819,0.8800551470588235,0.19962052508699546,0.0018245102040816354,0.983944326907961,0.046142817982098794,0.7849406347830412,0.046895760989955924,0
502,45.764583333333334,35.385416666666664,25.935416666666665,0.703263103721186,0.6084439111829089,0.8599877865734813,49.0,39.0,29.0,1371.515625,1060.46875,777.25,63.406589455962,0.615965553493115,1900.228066473751,1.0058114380165288,0.013967313861677946,0.5211886340911336,-0.000469775000000001,31.285867768595047,0.016040724076709208,0.016660918736423922,0.0004999999999999894,1.7276861078081733e-06,1.0058049431489122,0.0002546251460147652,0.013741365700017381,16.0,68.29213997402006,11.829022255414655,103.78378378378379,103.78378378378379,22,0.6875,0.2349455421200768,0.90185546875,0.13861598648198564,0.00039288903061224413,0.90533686406928,0.00041502280125707363,0.052313582160370346,0.00045841809577005626,0
503,46.07395833333333,35.296875,25.501041666666666,0.6436783603611529,0.5307135772162482,0.6308055021932055,48.0,38.0,28.0,1380.796875,1057.796875,764.234375,63.40166056761254,0.5527014889726697,1900.0779888626244,0.9874507603305785,0.024432930136226636,0.770305754255306,-0.0005123999999999999,31.292644628099175,0.015838471576717004,0.016650272775438704,0.0001666666666666631,-9.997071927067683e-07,0.9874482498137769,0.00025565029881682296,0.024289727212123784,16.0,68.16416079084757,12.764811064426295,103.78378378378379,103.78378378378379,24,0.7741935483870968,0.2659158946374461,0.9082661290322581,0.15410533859998363,5.625000000000962e-07,1.2583137618579374,0.007170528136653055,0.8049553447604701,0.00569852158818128,0
504,46.233333333333334,35.02916666666667,25.598958333333332,0.6436657172442506,0.5255783851043428,0.6587543155561782,49.0,37.0,27.0,1385.5625,1049.78125,767.140625,63.40901397631371,0.540127964764305,1900.2832886778344,0.9590464132231403,0.031371284924476994,0.9490007532061556,-0.0008739416666666657,31.301239669421488,0.016035613666954898,0.016650272775438704,0.0,-1.681479189343764e-07,0.9590514173579224,0.00011354971308456941,0.031353717726087124,16.0,68.54188146000087,17.644297038693733,132.41379310344828,132.41379310344828,24,0.7741935483870968,0.3756396454438305,0.9294354838709677,0.23317471443227356,0.0008061543367346937,1.557750310311757,0.01623430507931173,0.12811585120829097,0.010421634951279651,0
505,46.33645833333333,34.655208333333334,25.96875,0.6679601709163172,0.6248949564504599,0.7965174851606628,49.0,37.0,28.0,1388.65625,1038.59375,778.25,63.43183619881696,0.5477892962823366,1900.9910579473587,0.9260158677685952,0.02721324008577416,0.8468974526774508,-0.0007567083333333335,31.3098347107438,0.01615950816872725,0.016650272775438704,0.0001666666666666631,-6.451576625741751e-07,0.9260256192736437,9.582905159689942e-05,0.027191155624234114,15.0,67.05466800135034,17.224503052559143,132.41379310344828,132.41379310344828,25,0.8064516129032258,0.3684210220375144,0.9470766129032258,0.22714581538961146,3.858418367346931e-06,1.4867803039515144,0.0064952294811116565,0.44384717081918923,0.0043686545105883195,0
506,46.5125,34.05104166666667,26.430208333333333,0.7512836237622468,0.7869369404621243,0.6640500407327916,50.0,36.0,28.0,1393.921875,1020.484375,792.078125,63.42505002816873,0.5741912494629214,1900.7781920912741,0.8956911487603306,0.02463730785264097,0.8583940492392481,-0.0007353916666666664,31.321404958677682,0.015174237907475824,0.016639640410839013,0.0,-6.570641463535374e-07,0.8956973751061973,9.912242513492798e-05,0.02459441682360174,15.0,68.29101833438392,15.375763037686347,132.41379310344828,132.41379310344828,22,0.6875,0.28797405692123973,0.9130859375,0.1663226710223116,2.469387755101996e-06,1.1932979233886831,0.004749246261122026,0.5936980415936857,0.0039799333997291245,0
507,46.196875,34.784375,25.284375,2.018092804533115,3.865494473678842,4.693897370633668,50.0,50.0,30.0,1384.640625,1042.21875,757.875,63.43314963353082,0.8285947361383587,1901.0318296323899,0.8745198842975207,0.02539964414997365,1.053724474795949,0.000266441666666666,31.328181818181815,0.01431637795274934,0.016639640410839013,0.0001666666666666631,2.9983639036651703e-06,0.8745071292842422,0.0002487591772552362,0.025301094236701165,14.0,68.12146175940903,10.670561102052211,98.46153846153847,98.46153846153847,20,0.625,0.20505442211331557,0.9013671875,0.13729996435688666,0.00011100127551020499,1.003276064588624,0.0038599412668573812,0.302674771115899,0.003847337141886349,0
508,43.90416666666667,39.05104166666667,21.55,4.041346636814131,6.966026108784254,6.428906075945839,50.0,50.0,30.0,1315.71875,1170.421875,645.6875,63.42189504574815,0.9023693660431151,1900.6879970528908,0.8847726115702478,0.036212859079799535,1.077320080918298,0.00031974166666666655,31.335785123966943,0.011624430395054019,0.011089550996401496,0.0001666666666666927,-1.993658721174129e-06,0.8847764760113848,0.0002817173604787303,0.03616673422460922,14.0,70.7065303642277,14.164107018131173,112.94117647058823,112.94117647058823,22,0.6666666666666666,0.2619081637339103,0.8792613636363636,0.16157007041825128,8.368622448980537e-06,1.777258365491575,0.0048843234662734394,1.0724801858516748,0.002748234899950788,0
509,43.896875,39.530208333333334,21.025,4.090485737379894,6.610843677115947,6.094857805286901,51.0,50.0,31.0,1315.421875,1184.859375,629.953125,63.46782095584767,1.0207610476810227,1902.050563235743,0.9124231900826447,0.045863732056898816,1.5585560296599221,0.0008099999999999996,31.344214876033064,0.016946784288234266,0.016629021616597284,0.0003333333333333558,-2.7436004518596083e-06,0.9124357033838622,0.000408410638627797,0.04581053299015291,14.0,71.51165509077856,17.03526756505966,120.0,120.0,25,0.7575757575757576,0.29578077538921244,0.8802083333333334,0.18151213193724558,7.408290816326472e-05,1.4472509005212173,0.005946253858757674,0.12917872419083226,0.004108654454190474,0
510,44.94166666666667,38.28541666666667,21.396875,4.331417845873976,6.41594659109022,4.529508645284644,51.0,50.0,31.0,1346.921875,1147.28125,641.296875,63.42791036463077,0.8336536709152689,1900.8581732224634,0.9442593884297521,0.019918002291366334,0.8052966186937444,-4.2633333333332484e-05,31.355123966942152,0.015751988067067825,0.016629021616597284,0.000500000000000019,3.9458906991456477e-07,0.9442634285272994,0.0003482599867230726,0.019816207055262013,14.0,69.37777899158905,18.263845534530233,120.0,120.0,26,0.8125,0.31066751023453126,0.9189453125,0.2194616458551809,0.002670674744897962,1.368871319351059,0.013251220127724846,0.25845954096876783,0.009680398690803787,0
511,48.572916666666664,33.2875,23.346875,1.854862931069451,1.3959203952948032,2.2223979693958955,54.0,38.0,31.0,1455.671875,997.53125,699.734375,63.420900153268605,0.7616093152880373,1900.6326343645653,0.9450838016528926,0.019389082040942803,0.8052966186937444,0.00015986666666666742,31.373471074380166,0.020356766040780842,0.022150830335992275,0.0003333333333333262,3.141452358957262e-06,0.9450774378640585,0.0003241404437558769,0.01928893767161737,15.0,65.82124367160455,15.753585540848103,120.0,120.0,23,0.7666666666666667,0.3105271779293378,0.9583333333333334,0.20851554531710315,0.00021232653061224567,2.478512894524759,0.018603870960281613,0.14025808907595583,0.007506061800759282,0
512,50.35208333333333,32.19375,20.828125,1.8013293220255115,0.9703749812143071,2.8563964450057817,54.0,35.0,25.0,1509.0,964.796875,624.203125,63.38449332543145,0.5762356679363108,1899.5596378819105,0.9375263801652891,0.014774863958068835,0.5070864638025727,-0.00026644999999999956,31.389338842975206,0.022844625647519833,0.022136717016895468,0.0004999999999999894,-6.285550788111747e-07,0.9375275808834631,0.00013876311095077217,0.014724490270417516,15.0,65.4069343383717,14.820119768620723,98.46153846153847,98.46153846153847,24,0.8,0.3247595264191645,0.9645833333333333,0.2161276347760482,0.0012400459183673517,2.0499848027055907,0.038206726524371216,0.21423690011098698,0.018637565738997476,0
513,52.104166666666664,31.385416666666668,17.447916666666668,1.6781634720398633,0.7125335031109453,3.563325318629901,56.0,33.0,25.0,1561.515625,940.59375,522.875,63.40331776954898,0.5990652276068948,1900.1279395037557,0.9211749421487603,0.014171237486745616,0.45900022056398815,-0.0003303916666666675,31.412314049586776,0.02400965131625395,0.022122621670853333,0.0006666666666666524,1.956764913547791e-07,0.9211801270999777,0.00012602418345138876,0.014100284759086755,15.0,67.93876409788517,12.225803750974348,98.46153846153847,98.46153846153847,25,0.78125,0.2658472741735071,0.91064453125,0.15621261149351554,0.0008451479591836742,0.9783684417796927,0.0035530550667359556,0.15430883612620747,0.0036316125040509292,0
514,53.561458333333334,30.864583333333332,13.704166666666667,1.3245966203328552,0.7029668031912238,3.3275966260283947,58.0,33.0,19.0,1605.15625,924.984375,410.703125,63.42083202498689,0.6133435076667085,1900.6355485081895,0.907899214876033,0.01733154574432738,0.5965208977470452,-0.00042631666666666696,31.43479338842975,0.028865581138596906,0.027626898730028104,0.0008333333333333156,3.70665779943019e-06,0.9078892098887602,0.0001238854958179118,0.017277671141718142,15.0,68.92450650660737,14.033647931496514,98.46153846153847,98.46153846153847,27,0.84375,0.29929247044137813,0.9052734375,0.17469008114567808,0.0005623673469387734,1.7458456689159132,0.003162023471292804,0.44754219874219503,0.0018111700980168938,0
515,52.125,33.790625,10.460416666666667,4.127524480040467,5.59100054635796,3.953702883760432,59.0,46.0,32.0,1562.1875,1012.578125,315.375,63.49162160705238,0.9918555204998709,1902.7411243011275,0.9171477685950413,0.04606128151519979,1.5345534491351696,0.0011297333333333335,31.46371900826447,0.029545656821824046,0.033120686987998936,0.000666666666666682,7.190873475916521e-06,0.917141840483188,0.00035323274283309943,0.04595332211331751,15.0,72.07379401302651,14.587926838676815,96.0,96.0,28,0.8235294117647058,0.2702773284615323,0.8685661764705882,0.181748397505108,0.00017841326530612268,1.0412937672235976,0.012249386854498903,0.5002920841916385,0.011763622562688964,0
516,48.046875,29.890625,14.267708333333333,9.271646441402682,20.52613972741526,12.380773020356896,78.0,128.0,97.0,1440.921875,1056.484375,429.21875,63.573089384263284,4.9548812101944035,1905.2746959223118,1.0385360247933884,0.20100730733407082,5.289059140671117,0.005969225000000001,31.499090909090906,0.03770262064241476,0.04410489775137877,0.0011666666666666713,1.7237904460775353e-06,1.038649244073447,0.0012022263782134129,0.2010652665988998,15.0,77.85843188472326,20.014267023654202,137.14285714285714,137.14285714285714,29,0.8055555555555556,0.28233916091416417,0.8203125,0.20190270600210444,0.0002491887755102036,2.3167207630500783,0.006240149418316698,0.20263369278877785,0.0026935267805435602,0
517,38.025,12.683333333333334,28.320833333333333,13.291812956352743,32.05034667865891,21.109071493212475,78.0,128.0,114.0,1140.703125,965.96875,850.796875,63.412819042849165,6.094379736462109,1900.416669299276,1.2872123884297522,0.3037480155647552,5.866631978369421,0.006661991666666667,31.546363636363637,0.049393009844385875,0.04404898005005195,0.0011666666666666713,-5.08001165944003e-06,1.2872163151831317,0.001320117485783969,0.3035451164528186,15.0,87.36600737683236,24.003800643446468,147.69230769230768,147.69230769230768,31,0.7948717948717948,0.3025024976789013,0.7447916666666666,0.2247442605249106,0.0020153686224489847,2.717586516617244,0.008463295944196984,1.2794931656978676,0.003114269184236238,0
518,31.276041666666668,-10.0625,41.80833333333333,11.287984437663376,28.255571906263018,15.743210617772842,78.0,128.0,114.0,938.4375,843.484375,1253.25,62.96249820587897,6.062166390107929,1886.9439324555765,1.492267165289256,0.1996047686784544,4.332078529234252,0.003869633333333333,31.60107438016529,0.05199811905200373,0.049476720326017264,0.0014999999999999976,-1.019225721170514e-05,1.4922737665860002,0.0012855049212869263,0.1992799753789188,15.0,87.8772466883763,28.151971495209615,147.69230769230768,147.69230769230768,34,0.8717948717948718,0.40601270903915776,0.7628205128205128,0.26919201396123593,0.003363999999999998,3.3975348900544997,0.0337049384388922,1.3266912161435007,0.009920409805814103,0
519,26.48125,-25.820833333333333,49.63333333333333,5.172811785753792,6.416708603759061,4.545709210037772,60.0,47.0,114.0,794.078125,774.515625,1487.4375,62.50667988106208,3.5986646013620023,1873.191852431491,1.564614256198347,0.07697976756109885,1.5498523916225528,-0.001374858333333334,31.65892561983471,0.04885129489630349,0.043909804163897156,0.0011666666666666713,-4.434887147557773e-06,1.5646149868514718,0.0005773942734107738,0.07682917439519307,15.0,79.57719316830557,23.69314551328614,142.22222222222223,142.22222222222223,29,0.8055555555555556,0.33913295433249435,0.8220486111111112,0.2467034658603633,0.0007022500000000039,3.326457397127335,0.02641400045720531,1.4549749383094341,0.007940579813231919,0
520,27.959375,-21.247916666666665,46.74166666666667,4.0959094972148735,20.978138318887808,5.788812246240348,89.0,47.0,67.0,837.78125,883.359375,1401.140625,62.46467123033778,2.5530321356793144,1871.998359332409,1.492750305785124,0.071694276273707,1.7702621142560735,-0.0019930250000000003,31.704876033057847,0.04094171835205202,0.04385437975135495,0.0011666666666666713,2.199491066662188e-05,1.4927111783098044,0.0002474205065052775,0.07156079284941555,16.0,69.23366251605408,17.77505561217839,142.22222222222223,142.22222222222223,24,0.7741935483870968,0.24596350720177984,0.9067540322580645,0.16647415607534688,0.002076755102040816,1.1034687600606243,0.03343651391803434,0.47068996978921995,0.030301278231200077,0
521,31.857291666666665,2.269791666666667,37.921875,7.824470759414374,35.48507790780885,13.511690178670284,89.0,67.0,67.0,954.625,1028.96875,1136.46875,62.857626634932856,3.1631048286001264,1883.7840551395257,1.574903165289256,0.22395294367338126,3.7048928081084567,0.0041902,31.74652892561983,0.03339497521963506,0.03282859834125718,0.0009999999999999788,2.5742430790388445e-06,1.5748949797502916,0.0008626171821916632,0.2238065353070525,16.0,67.07925499644631,13.155051029794148,109.71428571428571,109.71428571428571,22,0.7096774193548387,0.2266073949771572,0.9299395161290323,0.19094908033613955,0.000668591836734695,1.4871650651464534,0.02901879982932255,0.3270087119054634,0.019512830491660877,0
522,37.74166666666667,23.329166666666666,31.163541666666667,8.632299648542224,29.36338393258213,11.471128793189035,89.0,67.0,67.0,1131.140625,1096.46875,933.71875,63.23209724998183,3.140594800698483,1895.0204223031042,1.6857825454545452,0.2359898612357799,3.7048928081084567,0.0021865166666666675,31.779421487603308,0.033532949644142176,0.03280793187828704,0.0008333333333333156,-6.0626015235181325e-06,1.6858001652509607,0.0008743175575135249,0.2358528591582061,15.0,65.79346220996494,13.647092034823508,109.71428571428571,109.71428571428571,20,0.6666666666666666,0.22737388153503987,0.9505208333333334,0.19582571461243853,8.035841836734635e-05,1.3497365249430522,0.020505499566953248,0.036502363298036695,0.015192223954833267,0
523,43.15416666666667,37.18020833333333,26.061458333333334,4.938916815006662,6.74288390007796,5.460404246933606,54.0,67.0,35.0,1293.359375,1114.15625,781.046875,63.402625376004,1.9058057167751532,1900.1116353836774,1.7719074876033056,0.16011737770118126,3.2578970604990856,0.0014404750000000003,31.81297520661157,0.0282446404803889,0.02729697293170604,0.000666666666666682,-5.685274455085725e-06,1.7719295249734945,0.000881493955680387,0.1598917309139527,14.0,67.16433482425117,14.997332798062946,109.71428571428571,109.71428571428571,17,0.5483870967741935,0.27882344417360844,0.9359879032258065,0.20454893421069825,0.0004455114795918402,1.870412751087171,0.04373557552370172,0.22102834994316917,0.023382847180805716,0
524,45.29270833333333,34.155208333333334,28.21875,0.7336757900670811,0.8048511497562073,0.4378718657704938,48.0,36.0,29.0,1357.390625,1023.59375,845.671875,63.36724190220031,0.5253446881473717,1899.0527493856591,1.6996625702479338,0.10783618093543991,2.2642975127289677,-0.0038474916666666674,31.839421487603307,0.023152299232917596,0.021830711179195182,0.0003333333333333558,4.669061554318608e-06,1.6996696020555653,0.0002717614836834009,0.10781135879686048,13.0,62.80089090904934,10.805570284864514,106.66666666666667,106.66666666666667,13,0.43333333333333335,0.23899892804730027,0.9802083333333333,0.15780132661215351,3.6429846938775425e-05,1.3340321357895952,0.006358686579305259,0.0414258086404101,0.004766516794246219,0
525,42.89895833333333,37.003125,26.7625,5.941660731501243,7.004536522928671,3.196653523608713,48.0,54.0,30.0,1285.84375,1108.703125,802.109375,63.403317675899025,0.622942765454232,1900.1105833240008,1.6085827190082644,0.06293061355165035,1.1886192266846,-0.0013855250000000005,31.858760330578512,0.015617866857544727,0.016357612439122506,0.0003333333333333558,2.8736691171445955e-06,1.6085826805942955,0.00044100098370814276,0.06283237073034335,14.0,68.37902301109969,15.891054969933979,109.71428571428571,109.71428571428571,20,0.625,0.2664538775300642,0.92041015625,0.1971924901170664,0.00017936862244897567,1.6991183066770295,0.015426399206626149,0.17008672609125458,0.009079061267249602,0
526,40.295833333333334,40.809375,24.08125,7.8521482817690655,8.780667425811567,4.378410872774886,52.0,54.0,30.0,1207.421875,1223.21875,721.609375,63.45394152665141,0.7681230797447518,1901.6359206051154,1.5467705950413226,0.04471480305622143,0.8883394621289822,-0.0012576333333333338,31.87264462809917,0.013591963780379069,0.016347350442824322,0.0004999999999999894,2.2185967278839334e-06,1.5467511711989976,0.00041256267292570214,0.044717904117383495,14.0,73.94420022156616,16.687922548842586,120.0,120.0,23,0.6764705882352942,0.20327063543724314,0.8478860294117647,0.16554645853505637,0.001192715561224489,1.516308177881828,0.010878474341751147,0.29867883285584335,0.007174316211198955,0
527,40.58645833333333,41.465625,22.75,8.068252079804143,8.268846253219067,3.3948490393535913,52.0,54.0,30.0,1216.125,1242.890625,681.6875,63.471090387346116,0.7983431016837467,1902.1365083824003,1.4964064628099174,0.0473583035312294,0.9877122646347534,-0.0012699416666666667,31.884049586776857,0.014234082738254893,0.016347350442824322,0.0003333333333333262,1.505726074052706e-06,1.4964153942990108,0.00043306568056770815,0.04727701673942102,14.0,74.64514453570902,17.521620872247688,120.0,120.0,23,0.6764705882352942,0.2453099365336048,0.8442095588235294,0.17626761937533095,5.556122448979414e-06,0.9972810569933315,0.007301727459651058,0.13059143246278543,0.007321634566753716,0
528,43.811458333333334,38.358333333333334,23.117708333333333,6.7616314875378905,6.884972565103091,2.6267254167366936,52.0,54.0,26.0,1313.15625,1149.375,692.828125,63.440860771473595,0.7165434910052397,1901.2266786582793,1.4403102727272727,0.054264666229737316,1.1462184056971219,-0.0015896749999999996,31.89495867768595,0.013913782152551742,0.01633710131424396,0.0001666666666666631,2.277277808863491e-06,1.4403050351678133,0.0001935695507871562,0.054225071066644634,15.0,72.2312232646098,18.330711137787087,123.87096774193549,123.87096774193549,19,0.5588235294117647,0.23687117710995262,0.875,0.18055457358958715,0.0001241632653061216,1.408534240695734,0.008132243971772047,1.1515722225961273,0.005773550785499678,0
529,44.15416666666667,37.95104166666667,24.114583333333332,4.864966526663421,4.940341899261348,2.3006783042664227,50.0,50.0,29.0,1323.265625,1137.296875,722.71875,63.43419669875494,0.9251022557901546,1901.0503733350968,1.4151941074380163,0.048270189719436994,1.1232324516827625,0.0003820250000000006,31.90586776859504,0.01562311391526194,0.01088798592971331,0.0001666666666666631,-2.3196252427057903e-06,1.415224124281607,0.00047592977168533465,0.048206045141267036,15.0,66.32777356987393,12.851636184760016,101.05263157894737,101.05263157894737,18,0.5806451612903226,0.32552291666000005,0.9405241935483871,0.19686057274161348,5.624999999999896e-07,1.235000720525851,0.004141526684111142,0.4465902569570937,0.0033534609456322595,0
530,44.108333333333334,37.621875,23.211458333333333,6.928709395615384,8.176423208492514,3.5965947376090655,71.0,50.0,31.0,1321.828125,1127.484375,695.671875,63.44335803160843,1.568142746418341,1901.3358891211283,1.4294689586776859,0.07642612159350191,2.2782229128702425,0.0010444666666666676,31.920082644628103,0.021377978465090115,0.0217623405745743,0.0003333333333333262,-3.631759445370614e-05,1.4294630708937772,0.00249039684988483,0.07454176709059121,14.0,70.66569923993309,21.566518890352935,147.69230769230768,147.69230769230768,23,0.7419354838709677,0.4610390071846777,0.9213709677419355,0.2616213895992407,0.00022607270408163792,4.72071086693135,0.00518163414249353,3.8350735222061365,0.0010976385312625168,0
531,45.57604166666667,35.44375,18.580208333333335,11.364072084054959,12.026748075470497,11.240543430958482,80.0,73.0,64.0,1372.1875,1062.265625,602.96875,63.749016731501555,3.8544280725854767,1910.4811545320413,1.5770762561983473,0.21533817084353657,3.883489236409626,0.005255983333333333,31.940743801652893,0.025974090372357095,0.027194416822955925,0.0008333333333333156,2.5898711418126766e-05,1.576994617874703,0.003081766374321262,0.2141158621619332,15.0,73.41225514672024,25.450768829048467,147.69230769230768,147.69230769230768,27,0.8709677419354839,0.5554242466349484,0.9259072580645161,0.3415427610545598,0.0004231836734693887,5.207115181445846,0.06490868627366712,0.38211517448780524,0.012465383232725823,0
532,48.646875,29.50625,14.538541666666667,13.178632114185511,11.831189469822268,18.226599551386354,80.0,73.0,64.0,1463.8125,888.578125,567.5,63.833846312686774,4.428184156997613,1912.8752642557722,1.737813338842975,0.21847172722824296,3.4953467823213034,0.0026767833333333326,31.96520661157025,0.02493294059141566,0.02446348252791074,0.0004999999999999894,-2.9974874640419503e-05,1.7378426227932338,0.003220309245211868,0.21736635138253052,15.0,81.03707757441478,25.817791414431458,147.69230769230768,147.69230769230768,28,0.8,0.5125240982497942,0.8397321428571428,0.33718038059193545,5.624999999999919e-05,3.7725277283421055,0.012409347481016193,3.001959974410159,0.003289398614034752,0
533,40.2375,15.060416666666667,21.816666666666666,22.416787096950355,26.10612348012861,25.183653207763342,80.0,73.0,76.0,1260.09375,787.828125,786.03125,64.0448635796926,6.193009423957883,1919.438813516143,1.88257947107438,0.13773707703747629,2.8552366823120314,0.004104933333333335,31.992809917355373,0.03094177791682793,0.03258230630782553,0.0009999999999999788,2.927626461355336e-05,1.8829708695428218,0.0027787133487550617,0.13726832707118394,16.0,82.35341046110972,25.41125538551355,142.22222222222223,142.22222222222223,26,0.7428571428571429,0.4379921076880939,0.8160714285714286,0.3103067164771274,0.0012250000000000167,3.7252143398086877,0.024132264998859666,1.5366922407156474,0.006478087647461113,0
534,25.602083333333333,5.510416666666667,38.592708333333334,23.66960066540461,24.37642935623924,27.480480742366886,75.0,68.0,80.0,836.875,579.640625,1242.078125,63.662763704150784,5.649614371747895,1907.9087346881377,1.9855857190082644,0.12313187825303157,2.4731416612819324,0.0012256583333333348,32.032479338842975,0.04468958115742107,0.03795338589629099,0.0008333333333333748,-4.429251087888088e-06,1.9856053552751627,0.002323787248930686,0.1211935522542008,15.0,85.5536835933297,26.57928922511469,153.6,153.6,28,0.7567567567567568,0.36196979903945947,0.7702702702702703,0.23427263713040639,0.0032898418367346936,0.6335577505237553,0.036523232959448496,0.6113931351031979,0.05764783546449418,0
535,9.698958333333334,2.558333333333333,55.034375,17.23314390687116,21.358076471338787,13.254553683899545,75.0,68.0,80.0,404.140625,486.359375,1650.421875,63.4845819757905,5.28554803457535,1902.36724182394,2.067755223140496,0.12915067373411182,2.5128164997242286,0.003229333333333334,32.076611570247934,0.04733481445530219,0.04876681977105914,0.0010000000000000083,-8.630922936813638e-06,2.0679297804512666,0.0022466971241134107,0.12696921054158167,15.0,79.56915133628263,31.41958887255979,153.6,153.6,26,0.8125,0.5586223874624017,0.88818359375,0.3879814725365326,0.0025430408163265297,4.624822296741988,0.06301296382904599,1.5075749134215883,0.013624948113884556,0
536,-0.6614583333333334,11.173958333333333,60.56875,10.18940288763759,10.071615899725188,3.068228061520199,33.0,34.0,80.0,244.234375,412.875,1815.140625,63.25113851665721,2.7995046609432976,1895.5435536164728,2.1123491487603308,0.09149473754768642,1.515129093409853,-0.0011297333333333344,32.11958677685949,0.03217711044700497,0.02976012443154746,0.0008333333333333452,-3.3325249115468382e-06,2.1122573553804815,0.0022885154519120343,0.08971412753759994,14.0,78.78808905812556,29.477069517600192,153.6,153.6,28,0.8484848484848485,0.525771672925407,0.8892045454545454,0.38792368311142433,0.0003330625000000053,5.871899947925381,0.10494113510134045,3.1919527989254517,0.017871751227371904,0
537,-4.084375,18.064583333333335,60.115625,6.256676902268088,2.164100042293691,1.564637080190909,26.0,23.0,73.0,170.53125,541.53125,1801.578125,63.253915032334014,1.4557872150845765,1895.656090840157,2.0054569504132234,0.169619041259229,2.2781355089928566,-0.003357233333333335,32.14793388429751,0.024356761423903157,0.03242015448374621,0.0005833333333332765,-4.9246495783318085e-06,2.0056132239599114,0.001963305210401481,0.16931162562941995,13.0,77.56329966519044,24.732616395526822,132.41379310344828,132.41379310344828,26,0.7878787878787878,0.4993739977696451,0.8735795454545454,0.35337262612715986,0.00750698469387755,4.001410995505267,0.06580966219866544,2.0737742314542613,0.016446614025049808,0
538,-7.786458333333333,17.528125,59.92395833333333,6.3343659211687395,2.5830458089320962,1.1289047782093444,26.0,23.0,68.0,234.46875,525.328125,1795.859375,63.291847000317894,0.9786359324854651,1896.785953570332,1.8787358016528926,0.15234245237972277,2.4334344595248174,-0.0038261666666666674,32.173305785123965,0.024709499954875695,0.027008385063778676,0.0008333333333333452,-8.982000078444266e-07,1.87870618727866,0.0021492352499782614,0.15176234832166446,14.0,74.66310373698256,20.29808666337151,132.41379310344828,132.41379310344828,26,0.7647058823529411,0.305145464876751,0.8630514705882353,0.23234596043124942,0.00014571938775510224,2.363254177438145,0.009280442058809507,0.27448798087260806,0.003926975840097678,0
539,-2.236458333333333,25.29375,53.422916666666666,10.537696417620435,15.34591295006046,13.615489640836358,21.0,63.0,76.0,252.71875,758.15625,1600.859375,63.45214875350453,2.128385983901103,1901.6005667715563,1.8320173305785123,0.0935392517903261,2.082697912643689,0.0021315750000000006,32.19578512396694,0.026527767024982888,0.02697483422091361,0.000500000000000019,3.798229516627832e-05,1.8318348358707093,0.0013849744832684003,0.0925726217700777,15.0,79.56338431012935,23.22131164820064,142.22222222222223,142.22222222222223,31,0.8611111111111112,0.3391946541336658,0.8207465277777778,0.24285822532801205,0.00031379591836734665,1.9848575258117043,0.010094095497472302,0.22257651111678167,0.005085551666155151,0
540,1.084375,28.833333333333332,51.00208333333333,12.615721244781913,16.081994762950135,14.124962973156977,29.0,63.0,77.0,339.4375,864.140625,1528.296875,63.60026471165861,2.461172540400067,1905.9709342989524,1.972806876033058,0.21976900619373366,3.218841876628667,0.005147749999999999,32.21198347107438,0.019859832575706473,0.02427357789745885,0.0005833333333333357,9.476511283143066e-05,1.972373014978769,0.0029901723633792665,0.21807940805167528,15.0,78.35277442218677,31.064973914579728,153.6,153.6,30,0.9375,0.664235923749381,0.921875,0.45285552331841994,0.020397960459183698,9.175961485642809,0.0580136462684715,0.34635549533910304,0.006322350672378333,0
541,5.446875,35.188541666666666,47.440625,9.359670279148459,15.30525760558325,15.046200227168375,29.0,63.0,77.0,274.75,1054.5,1421.921875,63.7134887484686,2.7108380928104117,1909.4126174448406,2.1557169752066114,0.20771232941502515,2.8446397746509406,0.003058800000000002,32.22553719008265,0.019997950854658775,0.02425851281788602,0.0003333333333333262,8.072231598362748e-05,2.1554475254120398,0.004094208294978796,0.2058751956812535,14.0,76.51519168669333,33.894683636754195,153.6,153.6,28,0.9333333333333333,0.7191422748873636,0.9802083333333333,0.49578190384538606,0.002369603316326531,9.17444945261848,0.04604385938273788,0.006432024298556189,0.0050187054406405284,0
542,2.0833333333333335,34.4125,48.907291666666666,10.648617541988985,13.905583785539774,13.248221144676892,36.0,60.0,77.0,262.34375,1031.640625,1465.40625,63.70381464188382,2.1403952296657507,1909.1356712194765,2.2618798760330576,0.13644304144478622,1.9970008708725595,0.002110258333333333,32.24074380165288,0.024601460994586193,0.02964010508301806,0.0006666666666666524,1.0108270963939245e-06,2.261958795252607,0.004386548730782846,0.13315037505004917,14.0,67.26637372613722,29.77217341041908,153.6,153.6,23,0.8846153846153846,0.7092235521152692,1.0763221153846154,0.47821625345004154,0.00702603188775514,6.558193380798835,0.11033570116057007,0.0,0.016824099985159387,0
543,-2.915625,33.682291666666664,47.161458333333336,13.757428509452932,16.45024375953937,15.81448353693318,57.0,60.0,82.0,324.34375,1009.515625,1413.3125,63.78027494541206,3.041803667942769,1911.4306479407467,2.3062203388429747,0.11380071148600038,1.7682867283949844,-0.0012406416666666642,32.26438016528926,0.02455866856378035,0.026924663959052943,0.0006666666666667116,-0.0001351205079541894,2.306798380239661,0.004560570675320491,0.10911741956837796,14.0,70.98376955810267,24.01622365911764,132.41379310344828,132.41379310344828,26,0.896551724137931,0.5799245039188599,0.9574353448275862,0.37754828650516287,0.0015971441326530626,2.9074753266475586,0.0815459305312736,0.6023040511800757,0.028046989697174656,0
544,-8.447916666666666,30.059375,48.827083333333334,13.974656966322604,16.76490678797156,15.667817859965552,57.0,60.0,82.0,433.59375,900.59375,1463.75,63.80564565538678,3.1129767371261687,1912.259280762966,2.2654498842975204,0.12136181866859361,1.8851714754468336,2.7641666666666785e-05,32.29099173553719,0.02517393899305176,0.02151971280538955,0.0006666666666666524,-8.256342081609599e-05,2.266012397879938,0.0042013693328568505,0.1179753870361662,14.0,71.40045903862152,23.742716183972888,132.41379310344828,132.41379310344828,27,0.9,0.5908005805429,0.9505208333333334,0.37832904561171643,0.0006928176020408191,3.3478777995999294,0.1219639728585822,0.051906896440029215,0.03643023436314099,0
545,-12.394791666666666,19.635416666666668,54.155208333333334,11.688998297826775,15.93111459774202,13.983616677142715,57.0,59.0,82.0,479.71875,588.65625,1622.90625,63.62375006418245,3.1559617293480793,1906.7420196330231,2.217576537190083,0.1391666635700656,2.0236949543312326,-0.003382875,32.31280991735537,0.019967872563292525,0.018821003329546844,0.0003333333333333262,-8.263263422244787e-06,2.217624995533466,0.003978532598853423,0.1371200964555249,14.0,74.70397809580346,23.35698833183648,137.14285714285714,137.14285714285714,28,0.8484848484848485,0.41592850466888387,0.8854166666666666,0.2891019543781268,0.000473062500000004,3.4470213715768008,0.07761218758355856,1.9060124661684403,0.022515725670727637,0
546,-10.985416666666667,13.752083333333333,56.065625,15.591791237476713,12.526929152551936,13.566152182031633,85.0,59.0,79.0,504.84375,412.46875,1688.015625,63.455831070329744,3.252595605631556,1901.5636295422187,2.10747247107438,0.1101543095811826,1.3995828459426582,-0.00013421666666666812,32.32661157024793,0.011100868777575901,0.008061151054767408,0.0002500000000000095,1.0842606455876854e-05,2.1069973226399448,0.003283034276694275,0.10858387170096079,14.0,80.54355781515785,24.33974296401803,137.14285714285714,137.14285714285714,26,0.7428571428571429,0.3085108437590351,0.8133928571428571,0.24257796453419056,0.00032786862244897505,3.98673823377285,0.011060881152502419,0.5773369057526951,0.0027744187112167013,0
547,-10.489583333333334,10.030208333333333,58.26354166666667,15.05558782732806,7.282264697418235,11.762861930241746,85.0,48.0,79.0,480.53125,300.859375,1754.1875,63.35609992584546,3.057507512056941,1898.8297135461444,2.012896851239669,0.10801421786943056,1.755118807430104,-0.002564208333333334,32.333223140495875,0.00901925177240317,0.008061151054767408,8.333333333337597e-05,-9.172538482455406e-06,2.01300226375236,0.002202781709086172,0.10702063574704651,14.0,86.04816844239792,25.282500257596386,147.69230769230768,147.69230769230768,29,0.7631578947368421,0.2953038975223522,0.7537006578947368,0.2014873958189675,2.718877551020281e-05,3.0613222337904564,0.004526570900088282,1.000410387633556,0.001478632615059144,0
548,-8.11875,12.953125,57.828125,15.998126924867382,8.352076252907118,12.014342150850721,85.0,55.0,83.0,458.328125,397.21875,1740.921875,63.51923453360117,3.6246509163460088,1903.590799296116,1.9589937603305787,0.11942521229242727,2.0823455082241296,0.0019120916666666673,32.34049586776861,0.013897573346023708,0.016114827698580234,8.333333333337597e-05,2.9183187114022767e-05,1.95876683555923,0.003030934518874883,0.11714771546470655,15.0,88.7737764241046,29.340516146548257,153.6,153.6,33,0.825,0.29617833237309527,0.744921875,0.2199850042607663,0.00020510331632652857,3.9029638611830357,0.013164465858973483,1.5918113376990286,0.0033729407514890937,0
549,0.45729166666666665,-0.934375,52.825,17.997923750577375,25.401543293522703,16.070891128579856,52.0,58.0,83.0,487.71875,619.609375,1593.53125,63.312954543884885,3.235705011889405,1897.4291059293578,2.0461733636363637,0.20740870910645626,2.9736217409490715,0.0001235583333333327,32.347024793388435,0.013705559473966868,0.010739895820340519,0.00024999999999995024,-0.00018634340934853456,2.0467453832769937,0.006565059331669568,0.20499383373833677,14.0,86.33098272060636,29.65135087745037,153.6,153.6,34,0.8947368421052632,0.3271078991750317,0.7693256578947368,0.22712000968410792,0.00048086224489795996,2.802258119998544,0.010473857420748666,3.901968810313388,0.0037376490573802343,0
550,13.671875,-19.438541666666666,42.188541666666666,18.887596255683473,29.484607106193515,20.451692930087653,64.0,58.0,83.0,624.03125,915.765625,1275.390625,63.07416397774764,3.264206923823304,1890.2622556321503,2.1264586528925618,0.1898756973332299,2.9736217409490715,0.002628158333333332,32.35561983471075,0.017434295165176226,0.016104867972417676,0.00024999999999995024,1.5030907878413793e-05,2.1263925765909257,0.006994959906038802,0.1863386224360334,15.0,86.13286163703758,28.081899570546028,153.6,153.6,29,0.7631578947368421,0.3771405685496403,0.7697368421052632,0.24432509045709944,0.0031600459183673494,2.8623385739244527,0.012132056402822783,1.2745316831589872,0.004238512003207553,0
551,23.596875,-27.459375,41.376041666666666,10.723561996885255,20.495335232097126,19.62309568675639,64.0,58.0,75.0,713.390625,841.640625,1251.046875,62.738564594585235,2.6074037427531387,1880.3184815939521,2.2005289008264466,0.10665291267900648,1.7568265870209858,0.0010827666666666643,32.36239669421487,0.018453640523643525,0.016104867972417676,0.000416666666666643,-3.4256237694823433e-06,2.200633921927021,0.006822502656474511,0.10105398638535892,14.0,86.03610595796661,27.20264502997418,153.6,153.6,28,0.7567567567567568,0.46748962499628444,0.7829391891891891,0.3044959720221615,0.0011174693877551102,4.62870646373479,0.0521911419211824,3.698902445332772,0.011275535039884694,0
552,24.341666666666665,-20.496875,47.061458333333334,10.961672495056987,17.775392360443366,17.135470459642008,78.0,56.0,75.0,729.890625,619.6875,1412.609375,62.82781435129785,3.13566747368374,1882.8887353542282,2.224735545454546,0.11993787927385885,1.6353509147656065,0.0010231500000000024,32.37528925619834,0.019287917691347873,0.01878030923655152,0.0003333333333333262,9.944156651852647e-05,2.2245126615602127,0.004307287110482989,0.11744312503099234,14.0,89.64688125798534,29.87443837739016,153.6,153.6,27,0.7105263157894737,0.5389569153353891,0.7717927631578947,0.348530224889383,6.0617346938775925e-05,10.116919307149333,0.013472893781307949,1.759919166767873,0.0013317190117140745,0
553,23.539583333333333,-8.842708333333333,56.577083333333334,8.834856148218952,4.43344873263812,4.99398553192293,78.0,36.0,75.0,705.890625,270.59375,1695.546875,62.82464192091959,2.997706207791662,1882.775610376243,2.256032669421488,0.10932715170664335,1.6353509147656065,0.000916575000000001,32.388181818181806,0.019750509983999232,0.01878030923655152,0.0003333333333333262,-1.4483805946782256e-05,2.256078336566218,0.0032559164017417473,0.10749965345966016,14.0,86.69569915726363,31.256560331276027,153.6,153.6,33,0.8918918918918919,0.5232366426402005,0.8040540540540541,0.34670479515513575,0.001347938775510204,9.342896385653244,0.030326392174937225,3.9671154884227087,0.0032459304827040358,0
554,24.802083333333332,-8.223958333333334,56.463541666666664,6.5701658269069245,3.993594996774696,4.6375644602812685,78.0,36.0,68.0,744.046875,249.84375,1692.109375,62.80289257973594,2.7070156294612984,1882.178702793991,2.3315114628099174,0.06682729957024991,1.0772899340344118,-0.00047959999999999854,32.40454545454545,0.021281272564944255,0.029493711320113095,0.0003333333333333262,6.839025995896358e-05,2.331118988175596,0.0028943047755969997,0.06430724558280414,14.0,85.37044438026643,30.42669370503059,153.6,153.6,32,0.9142857142857143,0.4779729910225669,0.8035714285714286,0.311813659564196,0.0016057193877551147,6.254453114737151,0.04169937060956585,4.073969282207745,0.006667148964840918,0
555,24.891666666666666,-7.135416666666667,57.04479166666667,1.3310136070762846,0.7947718706577939,0.5943080345498919,31.0,12.0,60.0,746.015625,213.828125,1709.546875,62.66765516251399,0.37276636860890433,1878.0742462021751,2.2840531487603304,0.07373849774415431,1.1840449689253503,-0.0012149916666666686,32.41578512396694,0.01714074292321837,0.021440034676300405,0.0001666666666666927,1.0644636051255556e-06,2.2840477940901756,0.0006100722997778417,0.07361145382511276,15.0,74.7971493535581,25.74659906010766,153.6,153.6,28,0.8484848484848485,0.45762348113736606,0.8963068181818182,0.31195070525698537,0.0004546033163265319,5.146204735657695,0.06235853768020676,0.6041692909651881,0.01211738375819539,3
556,24.996875,-7.008333333333334,56.94375,0.8738031248752014,0.5736699593165239,0.3242981203049647,31.0,11.0,58.0,749.046875,210.015625,1706.5625,62.59134294270108,0.269716448360126,1875.7747822285683,2.2352524545454546,0.1079154699784868,1.5550277908001175,-0.0014814416666666683,32.42371900826446,0.013854750141948138,0.016075062524222306,0.0001666666666666927,-2.3576866215561825e-06,2.2352630991839963,0.0005934228688915204,0.10785086750876385,15.0,66.38874365716522,17.666172555660964,116.36363636363636,116.36363636363636,18,0.6,0.4425794268040172,0.9697916666666667,0.27886527574061437,0.0024821747448979694,6.997930515957559,0.061491330495902996,0.7317605162365567,0.008787073600642755,3
557,24.5875,-7.153125,57.015625,0.5270298062412283,0.45010487782478736,0.14707433282187615,27.0,9.0,58.0,736.84375,214.375,1708.671875,62.5055469881994,0.2289738835088188,1873.1948609566002,2.1295863223140494,0.07836298712336147,1.1052194852121082,-0.0022807833333333325,32.426694214876036,0.011598548623372201,0.016075062524222306,0.0,-1.0226236872015399e-06,2.1295884594807504,0.00012318265325613725,0.07835253306802749,15.0,60.97729497820907,7.184954191823755,78.36734693877551,78.36734693877551,13,0.4482758620689655,0.18868209960094634,1.0032327586206897,0.1718200985171961,0.007110103316326555,1.3873793567487323,0.08086541877683621,0.10775838537584895,0.05828645091443559,3
558,24.369791666666668,-7.2625,57.02395833333333,0.48704461458599685,0.48072211307573526,0.1595859170809115,25.0,9.0,58.0,730.3125,217.671875,1708.9375,62.44034888493364,0.24306609752387034,1871.254781400156,2.049553280991735,0.062480728846266785,0.9139278368021053,-0.0018075083333333334,32.42619834710744,0.012936986399571278,0.016075062524222306,-0.0001666666666666927,1.3089689609382973e-07,2.0495334415602984,0.00021329808050290575,0.062494468153867604,16.0,60.34476383750543,3.891835898690704,71.11111111111111,71.11111111111111,15,0.5172413793103449,0.10368657969108497,0.9983836206896551,0.0638782342037885,4.17869897959184e-05,0.19103369090592118,0.0003091578043315562,0.04025309269783865,0.0016183417849776449,3
559,24.126041666666666,-7.147916666666666,57.208333333333336,0.7456463627376512,0.7644414037205352,0.4476016333998595,27.0,10.0,60.0,723.0625,214.234375,1714.46875,62.50694987398567,0.41704410363420286,1873.2767204822094,1.9833152727272725,0.051333595088345556,0.7791120194306804,-0.0014877666666666658,32.422727272727265,0.01499311136588372,0.016075062524222306,0.0,-7.997337935422468e-06,1.983346590734872,0.00023988545535091478,0.05126316215475858,15.0,62.106759695360175,8.073521568574126,89.30232558139535,89.30232558139535,21,0.7,0.1626129001038122,0.9796875,0.10644513331406937,0.00030750127551019995,0.661896778110794,0.0008997177134673942,0.1386638907483164,0.0013593021498539335,3
560,18.58125,-4.438541666666667,55.35625,19.57117519306135,9.24337453927211,7.004028788549726,64.0,48.0,74.0,780.59375,241.828125,1659.3125,62.784487940665834,2.216592511428359,1881.5340663156503,1.9331116776859503,0.04824448039549862,1.0791127036378476,6.827499999999913e-05,32.41380165289256,0.016326027404781392,0.016075062524222306,-0.0003333333333333262,1.2529746899537942e-05,1.9330895537919646,0.0008216027987930053,0.047301473727701604,15.0,71.87148325234838,20.237781616298275,142.22222222222223,142.22222222222223,25,0.7575757575757576,0.20988597862515138,0.8839962121212122,0.18066906242693498,0.001686862244897966,1.4902094564911335,0.009721771252134258,0.23169244388388144,0.0065237616160517915,3
561,-8.911458333333334,-2.665625,44.88229166666667,40.11088113434139,9.521448683159598,15.512216253056724,78.0,48.0,74.0,1121.484375,209.15625,1344.875,63.49523623995306,3.0764183448535687,1903.1221227588107,1.9398608842975207,0.060155821158961224,1.5955251207939343,0.0012043416666666677,32.407520661157015,0.015118320763343733,0.010720013255917829,-0.0001666666666666335,7.513057291710671e-05,1.9397446359234096,0.0017530838652784183,0.05811283578394345,15.0,73.55275248433982,20.485547448735627,142.22222222222223,142.22222222222223,27,0.7941176470588235,0.2544874248991847,0.8658088235294118,0.18696759764516457,0.00022500000000000143,1.7140046295419338,0.01146742092361943,0.40101279993203814,0.006690425875153025,3
562,-9.330208333333333,-3.040625,44.84375,39.97715915523843,10.462702388773259,15.669256074795,78.0,48.0,79.0,1108.640625,241.34375,1343.46875,63.5901746796566,4.08861437948034,1905.7154381519647,2.0182463801652895,0.11817476044424133,1.8451658382964347,0.002259466666666667,32.397933884297515,0.013721995094555987,0.016084985407994343,-0.0003333333333333262,2.1320380080500295e-06,2.0182415438777013,0.00211205979975552,0.11713364547822198,15.0,82.21897072119232,28.595010058277673,147.69230769230768,147.69230769230768,30,0.8108108108108109,0.3219702191952093,0.8065878378378378,0.23122464226357806,0.00039430612244897276,2.518348560825395,0.006468253592234656,3.8948421884439437,0.0025684504888849337,3
563,-4.732291666666667,-6.441666666666666,47.02395833333333,38.39208630149705,5.956153447392779,15.578044410802358,78.0,31.0,79.0,1021.578125,234.640625,1409.34375,63.363095958925484,3.5162343257146738,1898.8886150522817,2.1057218677685947,0.07898905901755246,0.9995418500622656,0.0008632916666666656,32.399090909090894,0.013360853142452639,0.016084985407994343,0.0001666666666666335,4.239217531907441e-06,2.105586497434731,0.001981175788091295,0.07805425940513233,15.0,79.46110288054692,29.678455019991663,147.69230769230768,147.69230769230768,27,0.7941176470588235,0.4936639860829459,0.8612132352941176,0.31526271218219587,5.725765306123048e-06,5.2472733008361985,0.019685268430964405,0.4260082949238543,0.00375152337268718,3
564,22.063541666666666,-8.784375,57.795833333333334,4.1537036633905275,4.067703798546341,2.4820151702911804,70.0,31.0,79.0,661.421875,283.890625,1732.265625,62.74295989835064,2.757592523795837,1880.527207890832,2.148709181818181,0.023104141560327893,0.48009348087495074,-2.131666666666717e-05,32.400578512396685,0.013379243864361262,0.016084985407994343,0.0,-4.614070376488438e-05,2.1490301491910047,0.0012620908153561975,0.021318313634528328,15.0,81.32271811230272,29.37011924356125,147.69230769230768,147.69230769230768,30,0.8823529411764706,0.5001775253029487,0.8405330882352942,0.31590014697270175,0.0006107959183673464,5.38856839798233,0.008669878443907717,1.941315117752481,0.0016089391102753795,3
565,21.815625,-9.14375,57.989583333333336,0.7516409998851402,0.7218051012334747,0.35339990528515364,25.0,13.0,60.0,653.796875,274.03125,1737.859375,62.63733072319452,0.3115951537109914,1877.151937295564,2.1173697603305786,0.04078316919032927,0.6516833336992827,-0.0011510500000000016,32.40256198347107,0.012096644273408235,0.010720013255917829,0.0,2.457430340486627e-06,2.117374761733003,0.00029653043545807415,0.04054728952516233,16.0,78.9948800092416,26.375794211928817,153.6,153.6,31,0.8857142857142857,0.4911761610050979,0.8482142857142857,0.2970411055179854,9.85765306122467e-05,4.652753376380092,0.011068671733658376,1.2763869852205603,0.002378950878817041,3
566,21.40625,-9.163541666666667,58.18125,1.2039702117715925,0.8583680969901873,0.5004815389535695,25.0,16.0,61.0,641.484375,274.609375,1743.578125,62.68617903811635,0.36832856874613057,1878.5747835660472,2.085301041322314,0.038710442302811315,0.577861433285599,-0.0008526333333333339,32.39628099173553,0.012864984279199045,0.016084985407994343,-0.0001666666666666335,-6.723910670287439e-06,2.0853172429480833,0.00023958765135399888,0.03864218289111593,15.0,77.9828099176499,28.091674367626503,153.6,153.6,32,0.9142857142857143,0.4117713735345137,0.8549107142857143,0.25605315361168624,0.0010217155612244934,1.8656117237948942,0.00898818287304997,2.8614876818651265,0.004817820749307283,3
567,20.161458333333332,-9.182291666666666,58.62916666666667,2.286731191008369,1.0119591962774763,0.8126495588847358,25.0,16.0,66.0,604.203125,275.1875,1757.046875,62.728124422546536,0.5235199100195286,1879.8861981540606,2.058770892561984,0.023170389948031264,0.3608421313898329,-0.0005648666666666672,32.385537190082644,0.012193373977857015,0.010726632592737106,-0.0001666666666666927,-1.1325204530385253e-06,2.05880057602487,0.00039085652379537385,0.022912529440557595,15.0,79.49446452229786,31.451719428169582,153.6,153.6,32,0.9411764705882353,0.4738594635471384,0.8584558823529411,0.28063508085252603,3.582908163265232e-06,2.1992581458863065,0.010268792639066385,1.5992108706251418,0.004669207504482398,3
568,19.452083333333334,-9.173958333333333,58.954166666666666,1.9936868676873227,0.9926547729517492,0.6876767449576547,25.0,16.0,66.0,582.90625,274.9375,1766.796875,62.7956270925968,0.5301820890234764,1881.9059040950249,2.0379589834710745,0.03096323007500044,0.5162020934635595,-0.00039434166666666435,32.379917355371894,0.013267487618863597,0.01878030923655152,-0.0001666666666666927,1.4973865102653642e-06,2.037959108588242,0.0004028776483584219,0.03077377115991718,14.0,72.5713840683749,23.155500385368622,142.22222222222223,142.22222222222223,31,0.9393939393939394,0.41433879343139896,0.9005681818181818,0.24692768250870223,0.0010012704081632624,4.657006243943792,0.024995082156676438,2.2237331993316642,0.005367199622972658,3
569,19.297916666666666,-9.055208333333333,59.06979166666667,1.8604423290503316,0.8933049348331298,0.6505798361952888,25.0,14.0,66.0,578.265625,271.421875,1770.21875,62.83317675249641,0.5666267344655321,1882.9878236628533,2.011650776859504,0.03588867651582664,0.5907718191396907,0.0004049999999999998,32.373553719008264,0.013957402972588465,0.013418648795891507,-0.000416666666666643,-1.0327291459480314e-05,2.011657804877974,0.0004656135242052538,0.035695925192992535,14.0,73.45499751664269,21.881325709852433,142.22222222222223,142.22222222222223,27,0.7941176470588235,0.2799713146494032,0.8704044117647058,0.18640648543282684,2.394005102040731e-05,3.093080988573581,0.004721421557724985,2.4202760180292193,0.001526446147115707,3
570,19.366666666666667,-9.082291666666666,58.99791666666667,1.0669921378446152,0.9345782016131959,0.45414277460092023,25.0,16.0,62.0,580.390625,272.1875,1768.09375,62.77167961919999,0.4943306429011126,1881.1882280043346,2.048338487603306,0.08525880338085796,1.1736305714904076,0.0006288166666666687,32.363719008264475,0.019503431840623593,0.013418648795891507,0.0,3.3378540244416264e-06,2.0483152083558425,0.000592157286295942,0.08515710442801319,14.0,69.65313782988657,16.605466526191414,128.0,128.0,27,0.8181818181818182,0.31366968593569894,0.9048295454545454,0.20209762168679782,1.6530612244899474e-06,1.6825389879001422,0.0073687627041944355,0.4791970733675252,0.004379549453050634,3
571,19.107291666666665,-9.063541666666667,59.0,1.0093051231402832,0.9827278988936301,0.44487826050130463,23.0,16.0,62.0,572.59375,271.640625,1768.15625,62.69123882541838,0.4767856272529073,1878.77226390447,2.064827380165289,0.08069908722898304,1.1736305714904076,0.00031973333333333115,32.35173553719009,0.01789213253163378,0.016104867972417676,-0.00024999999999995024,-2.4478457360649907e-06,2.064827402550271,0.0005818603342330559,0.08059573821809102,14.0,68.98377851511987,19.297881619901958,128.0,128.0,23,0.7419354838709677,0.4115242563223542,0.9359879032258065,0.276059714705907,0.0020767551020408133,2.74343610087869,0.07214872096752473,1.3784247966531074,0.026298670103676317,3
572,19.039583333333333,-8.978125,58.973958333333336,1.4195421185681278,0.9877060043563908,0.47252530612714866,29.0,16.0,62.0,570.53125,269.140625,1767.359375,62.642308099664625,0.4420436781110015,1877.2856565501684,2.0759679008264467,0.06912086611666146,1.1003562225255934,-0.0007993416666666661,32.341074380165296,0.010349404334083082,0.010739895820340519,-8.333333333337597e-05,1.946956519179587e-05,2.0759357470955644,0.0005195545569412539,0.06902151119381868,15.0,72.01012281112037,22.4433382477598,137.14285714285714,137.14285714285714,27,0.84375,0.43651783475647804,0.91552734375,0.3014617751706476,0.0009193890306122435,3.2711400246399966,0.06310589060715296,0.7141782791302786,0.019291711798273766,3
573,20.122916666666665,-8.78125,58.625,2.169748409314366,1.0134833188069747,0.8016909213240059,34.0,14.0,63.0,603.046875,263.09375,1756.90625,62.65037012794985,0.4914666800045146,1877.5278218653411,2.0170624793388425,0.03450432225077187,0.5727249374313109,-0.0009272333333333345,32.336859504132235,0.010043957753666077,0.016114827698580234,-0.00024999999999995024,7.1997111095568355e-06,2.0170297299052327,0.0002032992958120993,0.03442906618121321,15.0,74.63595410981159,25.61103519923976,153.6,153.6,27,0.84375,0.40827079597093635,0.8876953125,0.2817497052764028,0.000602001275510202,2.5939982584052057,0.04834764880726994,0.9187701722689912,0.018638273426210453,3
574,20.983333333333334,-8.669791666666667,58.307291666666664,2.027861489900684,0.999126680288285,0.8467763370161896,34.0,14.0,64.0,628.875,259.8125,1747.390625,62.61522554011898,0.6056929035118985,1876.5040842323006,1.9984807685950412,0.020702006297055157,0.33773346507948043,-0.00021315833333333348,32.334380165289254,0.008017806833478866,0.008061151054767408,0.0,5.138866184718724e-06,1.9984668872231908,0.00030164271406076757,0.020488939045576263,15.0,74.16702222417318,23.97670810742105,153.6,153.6,27,0.84375,0.3176739030347864,0.87890625,0.24048037455658414,0.00011943367346938759,2.4911457726267936,0.017612862163521988,0.0852238731840464,0.0070701852766127254,3
575,21.563541666666666,-8.647916666666667,58.02708333333333,1.3919874723803691,0.8145780050976633,0.6545480576109154,34.0,14.0,64.0,646.25,259.171875,1738.984375,62.52730401816948,0.5301357241993518,1873.858324126856,1.982108214876033,0.024701719353015707,0.48577833920704255,-0.00037302499999999905,32.33,0.00995859195463976,0.008061151054767408,0.0,7.489556946841352e-07,1.9821117323480661,0.00028300176094739695,0.024497277023361633,15.0,71.30167514375589,23.453816406014322,153.6,153.6,25,0.78125,0.31400845607064626,0.90673828125,0.22519402085899096,0.0004115102040816339,2.575456789157781,0.011659753372806917,0.07268255613868296,0.004527256454813152,3
576,21.379166666666666,-8.496875,58.08020833333333,0.5533829044060622,0.5737219719007342,0.41935461119505485,24.0,11.0,64.0,640.734375,254.609375,1740.609375,62.475533655597665,0.44180815778162846,1872.3347344821118,1.965038049586777,0.034016677424548766,0.5491777618050787,-0.0006074999999999998,32.327024793388425,0.011616789509629103,0.008061151054767408,-0.0002500000000000095,-7.076570865750139e-06,1.9651532821519513,0.0004777384973378412,0.03378059255185449,15.0,71.20217039404433,21.221725571981647,147.69230769230768,147.69230769230768,26,0.8125,0.3506231851197927,0.9052734375,0.23644713880841017,4.225000000000075e-05,4.956324749182894,0.010625349542318708,2.4475607978357736,0.0021437960747165362,3
577,12.705208333333333,2.228125,49.35208333333333,25.435448810795478,21.866999504223443,15.892772067611602,68.0,55.0,83.0,803.953125,480.953125,1478.859375,62.978232387018046,3.6694907103597934,1887.3830704889015,1.8667496115702482,0.12354682803259352,1.8491406957488632,-0.002238149999999998,32.319752066115704,0.011168344426043787,0.008061151054767408,-0.0002500000000000095,-7.064274542371792e-06,1.866754381942161,0.001079916149558544,0.12317881747572215,15.0,77.62336352825312,27.05036041447967,147.69230769230768,147.69230769230768,28,0.8235294117647058,0.42903057565689284,0.8566176470588235,0.25951201721362965,0.00012736734693877646,3.7186505465858914,0.008706249563469087,1.1594745264586004,0.0023412389667704404,3
578,16.1375,0.42604166666666665,47.33020833333333,27.084702208996134,22.93320802166436,15.049582080241649,68.0,55.0,83.0,907.0,534.96875,1418.1875,63.027985806309935,3.7716161698834747,1888.8915291681656,1.809884173553719,0.105324222689442,1.5899262617419465,-0.0009485499999999998,32.31628099173554,0.010295809257782463,0.008061151054767408,-0.0001666666666666335,-4.513640061738695e-06,1.8098850563997424,0.0011272826156387339,0.10472940588549381,16.0,77.74049873649197,26.332710313382425,142.22222222222223,142.22222222222223,30,0.9090909090909091,0.47475804641598096,0.8678977272727273,0.3072256343350307,0.000746460459183673,4.195901509165502,0.02411228483530618,1.3250466166190797,0.00574662793743739,3
579,19.301041666666666,-1.24375,45.55416666666667,28.05017823321147,23.690121062111523,13.945921720664035,68.0,55.0,83.0,1001.921875,585.0625,1364.890625,63.06642366275703,3.7958527442864485,1890.0388976475165,1.7577857355371898,0.06709301029843023,1.526778271914929,-0.0015560499999999996,32.31900826446281,0.011670755899635859,0.008061151054767408,0.0002500000000000095,3.206318895511051e-05,1.7577213161833427,0.0014052682480014116,0.06530260165875018,16.0,80.43651911029838,29.38081617778983,153.6,153.6,31,0.9117647058823529,0.4530515222556722,0.8570772058823529,0.33992973162109114,0.0008744693877551135,5.63457116420804,0.05175518415476173,1.1461930519582775,0.009185292482153983,3
580,30.664583333333333,-14.448958333333334,52.57083333333333,2.3116543123318034,2.2209933396862214,1.1306263627840198,45.0,19.0,60.0,918.9375,433.015625,1575.5,62.63531012388747,1.074422643922694,1877.0954330023012,1.7965769090909092,0.03998526945664692,0.8877102720063452,0.0007673666666666652,32.327190082644634,0.012934874410918467,0.008061151054767408,0.0,1.1300511650982753e-05,1.7965460312863633,0.0010085477878381155,0.03856666702332244,16.0,73.31993765936089,23.740407248199162,153.6,153.6,23,0.696969696969697,0.3742362828617186,0.9015151515151515,0.2965255331601077,0.0007232257653061236,4.37073016337566,0.03804772633059771,0.9889549255889583,0.00870511903237975,3
581,29.879166666666666,-15.220833333333333,52.85,1.3173455528279416,1.92980550977438,0.6970174555442161,37.0,20.0,57.0,895.453125,456.109375,1583.84375,62.63384957366464,0.7121359305291178,1877.0509606614428,1.8055189008264463,0.03626274058772052,0.8619685578989615,2.131666666666717e-05,32.334958677685954,0.00863626477858822,0.008061151054767408,0.0001666666666666335,2.5466656790789195e-05,1.805473733483682,0.001232637104049383,0.03467365097839943,15.0,74.05877871112554,24.73960148531788,153.6,153.6,23,0.696969696969697,0.3879694894022354,0.8929924242424242,0.28363678982299306,0.0021192869897959216,6.282309590378226,0.06756029146055542,7.930054046067813,0.01075405318515797,3
582,29.55,-16.258333333333333,52.78958333333333,1.2245747561228482,1.1734623508612831,0.6673141387099648,36.0,20.0,56.0,885.578125,487.21875,1582.046875,62.666484786958556,0.7138635111553125,1878.03908982501,1.8078760165289256,0.025727490301034203,0.5763826482403613,0.00027710833333333313,32.33876033057852,0.008388327972350063,0.016114827698580234,-8.333333333337597e-05,4.838268919365218e-06,1.8078630746515534,0.0009098285412537984,0.024941532253472638,14.0,75.09161302739975,24.423460167764972,153.6,153.6,23,0.696969696969697,0.33428691523782195,0.8754734848484849,0.2596243111004264,0.0002548584183673465,1.3326275448286757,0.07431665906264227,0.5569353720787935,0.05576701408509196,3
583,29.703125,-16.227083333333333,52.734375,1.1956477607173166,1.0520297016033129,0.6991554615212556,36.0,20.0,56.0,890.15625,486.296875,1580.375,62.681830146136235,0.7221515521413832,1878.4830608559016,1.7791367520661157,0.035328643053542885,0.6536183081279259,-0.000863283333333333,32.34214876033058,0.01193692871128226,0.016114827698580234,0.0002500000000000095,-9.877541835495906e-07,1.7791425490563932,0.0009388463839868743,0.03463638174366716,15.0,83.09688427229486,30.114488909854924,153.6,153.6,33,0.9166666666666666,0.3783702716916328,0.8229166666666666,0.29976209461513903,3.951020408163272e-05,3.478883158006684,0.046250548728591176,0.9415800959180929,0.013294654240440667,3
584,29.91875,-16.129166666666666,52.728125,0.9615864170733694,1.0675045537243493,0.5773869162369949,36.0,21.0,56.0,896.625,483.359375,1580.1875,62.74987485167964,0.6225601164092518,1880.524402022204,1.7420368429752067,0.03573966795065781,0.6645782324526681,-0.0010871000000000001,32.34280991735538,0.012741754131211754,0.010739895820340519,8.333333333337597e-05,-1.594154029164856e-05,1.7421695780071038,0.0005390194024909855,0.035734179389153534,15.0,82.80406754984018,29.551237860924942,153.6,153.6,33,0.9166666666666666,0.3473532738797779,0.8172743055555556,0.27853189464821315,0.0017730114795918355,2.49273212724795,0.08455975395667248,2.009842422234968,0.0339225194044532,3
585,29.940625,-16.078125,52.753125,0.6419498495793889,0.8750837013537619,0.47268143011440594,33.0,21.0,54.0,897.3125,481.828125,1580.9375,62.76199641284835,0.4152484480556973,1880.9027134306682,1.707367834710744,0.025794792348840235,0.5381840230705699,-0.0008846083333333347,32.34214876033058,0.01312411266234573,0.010739895820340519,8.333333333337597e-05,-5.581598113716594e-07,1.7073102335287962,0.00040671569197505244,0.025284555447797098,15.0,80.1667550896907,26.48719713062113,137.14285714285714,137.14285714285714,31,0.8857142857142857,0.3671337179010571,0.8285714285714286,0.2552322371840187,5.7868622448979806e-05,3.045613318929998,0.019963846027023786,1.0369770408208445,0.00655495098571397,3
586,29.910416666666666,-16.126041666666666,52.802083333333336,0.5517923761605346,0.856196140844621,0.41129347963332563,32.0,21.0,54.0,896.375,483.28125,1582.40625,62.79977898281698,0.36975402996057,1882.0256117980807,1.676599165289256,0.02573791111957467,0.47769698227649454,-0.0007673666666666652,32.34,0.010909090909090677,0.010739895820340519,0.0,2.556073727335169e-07,1.676592908196598,0.0001300599742209449,0.02568437616411013,16.0,73.98588735660837,21.906802465891232,132.41379310344828,132.41379310344828,28,0.8484848484848485,0.38820539689162137,0.8806818181818182,0.24479120875052415,0.0014089298469387738,3.0453448848312474,0.019093644958523774,1.7155115100116238,0.006269780823061627,3
587,29.9125,-16.142708333333335,52.8125,0.4571765705574452,0.6796513799470203,0.39561397430660444,32.0,19.0,54.0,896.4375,483.765625,1582.71875,62.81084404653622,0.3607794733275565,1882.3534778679007,1.6469403884297518,0.02806982014515507,0.478925948834511,-0.0007567083333333335,32.33834710743802,0.013132956930896295,0.016114827698580234,0.0,5.061657255520307e-06,1.6469206911393852,0.00013783643975297306,0.02802800613172989,17.0,69.94134681367713,18.312927297538508,112.94117647058823,112.94117647058823,22,0.6875,0.30174277475514716,0.90966796875,0.20319013284921164,0.00011100127551020583,1.7002880609393678,0.01266657682718921,0.2327953113624736,0.007449665217428648,3
588,22.64375,-2.8604166666666666,47.260416666666664,16.61914566408775,28.17388891319506,12.537148791746427,44.0,66.0,63.0,816.921875,697.828125,1416.71875,63.07456469602409,1.7921463129647266,1890.2487986647445,1.596075818181818,0.060232022894390766,1.3273474002289039,-0.00114205,32.33669421487604,0.012687498223071221,0.016114827698580234,0.0,2.5782817726149612e-05,1.596080280034822,0.0011236201820601067,0.05973537357349504,17.0,72.41631731027641,22.778290731097584,153.6,153.6,22,0.6666666666666666,0.2901426188235925,0.8915719696969697,0.2137184941123855,0.0007720459183673512,1.0923483135137237,0.014780733929906378,0.6214921322441771,0.013531154620783584,3
589,7.090625,21.988541666666666,36.235416666666666,23.390772655957914,37.01008975545179,16.817426348673436,44.0,66.0,63.0,685.59375,1120.796875,1085.875,63.58331039638349,1.9083515671433704,1905.525493419449,1.5112192561983468,0.10414251157381074,1.815087713203736,-0.002452966666666667,32.33727272727273,0.015902596076850496,0.02147979985065725,0.000416666666666643,-8.316425763817995e-06,1.5112230009637697,0.0012277946196152377,0.1038264799264531,15.0,74.06867178592655,23.554547917064,153.6,153.6,25,0.7575757575757576,0.2727110886829228,0.8731060606060606,0.21116999588066185,0.0009698775510204126,1.4102707173983688,0.026602681494226416,0.4905672556162182,0.0188635282332901,3
590,-3.246875,46.657291666666666,27.764583333333334,17.019856376236213,26.565450796067132,12.110893677170244,44.0,66.0,63.0,403.34375,1537.984375,831.71875,64.00796436135188,1.835778213522114,1918.2533444707901,1.4158457685950412,0.09710555399354215,1.7721178054171216,-0.00243165,32.344380165289266,0.01743429516517708,0.02147979985065725,0.00024999999999995024,-6.27890250779424e-06,1.415862740315305,0.0012353080953823995,0.09674000813253547,14.0,82.59294832226004,29.72600091967435,153.6,153.6,30,0.8333333333333334,0.3302545690178152,0.8142361111111112,0.257635613186723,0.0022698418367346983,1.883403230007994,0.08388193177236962,1.5362422049882114,0.04453742588729318,3
591,-3.665625,58.567708333333336,22.7,11.175664858344744,1.2228718582080553,6.018340025843228,32.0,63.0,32.0,256.421875,1755.171875,685.65625,64.19548527266879,0.6739836347405144,1923.832383814752,1.3518657024793388,0.051552107055180936,1.3799338942050947,-0.0008313083333333323,32.35545454545455,0.02132007163555939,0.02147979985065725,0.000416666666666643,-1.6026301924740748e-05,1.351848455978219,0.0008649292985987814,0.05129559379670915,14.0,82.30449467489386,29.205229270202004,153.6,153.6,30,0.8333333333333334,0.3166465963251235,0.8103298611111112,0.2414766892519111,0.00010579591836734724,1.9670457689271588,0.025389759714452852,0.8066613196897505,0.01290755920148244,3
592,-0.6020833333333333,35.7625,21.580208333333335,25.47134819739732,38.45478744036083,16.53052176903673,77.0,72.0,127.0,470.5,1480.15625,748.546875,64.22248645923962,4.616810731026216,1924.8672691470467,1.403943049586777,0.12595281117141058,2.468082356945272,0.0030481499999999995,32.36834710743801,0.019681224321839854,0.01878030923655152,-0.0001666666666666927,-1.3217371734636682e-05,1.403864330986815,0.0023711922956472634,0.12492066586842485,15.0,85.98944261023402,29.73710898638653,153.6,153.6,31,0.8157894736842105,0.3371799971925333,0.7804276315789473,0.25339358335439366,0.0003943061224489803,2.7178439947883044,0.019769749100688367,1.6944000205346808,0.007274055883486518,0
593,16.229166666666668,22.752083333333335,16.3875,35.250289350664275,36.45029429226951,22.825512270629694,77.0,72.0,127.0,947.09375,1128.28125,731.78125,64.1163051886427,5.559098454200728,1921.5277672325426,1.5307169752066117,0.17081996718687972,2.595787088827655,0.003357224999999999,32.38123966942148,0.01930915288184984,0.01878030923655152,0.0003333333333333262,-8.954539137420996e-06,1.5308653887534145,0.002596491121305178,0.17002016607692957,15.0,83.34589520543068,25.92769825286151,153.6,153.6,31,0.8378378378378378,0.374620033194747,0.7930743243243243,0.2564982473523235,0.00010143367346938779,3.1236652944821626,0.03899561828833839,1.17252233441023,0.012483929810669115,0
594,26.013541666666665,15.851041666666667,14.244791666666666,37.13902406216312,30.49422245412395,26.36007622725316,77.0,72.0,127.0,1265.96875,921.109375,763.15625,64.0095787799788,6.1405306021836035,1918.280756072265,1.677552388429752,0.12269481661654713,2.8267256958302185,0.0038261750000000002,32.39628099173553,0.01854778200212284,0.016084985407994343,0.0003333333333333262,-6.870673769562742e-05,1.6778247323460007,0.00326612273641595,0.12066872761654451,15.0,82.27924400080454,26.940329263270677,153.6,153.6,28,0.8,0.4211680487355793,0.8169642857142857,0.29149426999304034,1.746045918367391e-05,3.4279752152487566,0.08791649506110646,1.0348650548426752,0.025646770918886782,0
595,40.94583333333333,31.867708333333333,20.229166666666668,15.00538734273646,13.58132138569724,23.639558638834377,76.0,56.0,72.0,1257.09375,993.0625,845.484375,63.6637242061798,4.087074569029704,1908.0990599401302,1.7579858512396693,0.07532648495601736,1.6940507770999267,-0.0002647916666666657,32.41446280991735,0.020648591220156515,0.021440034676300405,0.000500000000000019,4.999284319900526e-05,1.757872308281654,0.0024385214392759337,0.07369584472647395,15.0,74.62396945625613,24.816478448206897,153.6,153.6,24,0.75,0.3265249968818768,0.8857421875,0.2664119059837648,0.00015446938775510056,1.574803231812691,0.10617932652495667,0.19051107030069034,0.06742386882375015,0
596,38.280208333333334,37.723958333333336,26.680208333333333,12.264431293647382,3.715935413629237,16.696332679861086,73.0,56.0,52.0,1176.53125,1130.65625,900.640625,63.530364762568595,2.6813481935369015,1903.9128533182688,1.728244818181818,0.10135194969441637,1.9892117452620215,-0.001000183333333332,32.43132231404959,0.018672565669848398,0.021426812316490285,0.000500000000000019,7.674842417642119e-07,1.728391913447347,0.0021791229749721502,0.10050117820134666,15.0,68.58738734316123,24.16530162116438,153.6,153.6,22,0.7096774193548387,0.32531034861600494,0.9586693548387096,0.2621345738871604,0.004830250000000016,1.4237736509508911,0.14083699037919417,0.2027988400549418,0.09891810421209427,0
597,41.228125,36.641666666666666,30.880208333333332,3.4425403388159452,1.2148102275206976,3.283041012526428,46.0,40.0,37.0,1235.609375,1098.078125,925.453125,63.401983846871,0.5009433911227752,1900.0946252966196,1.6628730991735539,0.11125068696226978,2.1590456844575905,-0.002737416666666666,32.44553719008264,0.017341986179972436,0.0160552534402007,0.0003333333333333262,2.4409344181406902e-05,1.6627640593028659,0.0006604416216350192,0.11090831543480123,14.0,66.33847413831676,19.24621117298961,147.69230769230768,147.69230769230768,21,0.7,0.2518787167091227,0.9583333333333334,0.2043366639206538,8.359183673469534e-05,1.3358884370127107,0.04257991036270915,0.15391716602039077,0.03187385202459389,0
598,43.81041666666667,36.09791666666667,28.010416666666668,2.1162801074185706,1.0169377200147947,2.629538899957346,50.0,40.0,33.0,1312.921875,1081.828125,839.4375,63.39608274165392,0.5996746451508942,1899.8906290972163,1.5708753223140495,0.04858684198358067,1.1062646767091457,-0.0014937583333333338,32.45611570247933,0.019724210102712483,0.0160552534402007,0.0003333333333333262,4.224997144902575e-06,1.570850909707329,0.0003792076269647054,0.048536015744446964,14.0,68.272905992646,20.347403942302048,147.69230769230768,147.69230769230768,24,0.7741935483870968,0.3228998651543024,0.9395161290322581,0.22081905758214626,0.0004115102040816307,1.4983555640219195,0.026943610117961085,1.818419183602541,0.01798212037577946,0
599,46.036458333333336,35.31041666666667,25.386458333333334,1.8113427220151412,1.3139856010330637,1.8684953723777915,50.0,40.0,30.0,1379.65625,1058.21875,760.796875,63.39409082423361,0.5842361698434018,1899.8445440545888,1.5172841983471075,0.050107109650206816,0.896619110302156,-0.0013019166666666674,32.46289256198347,0.017412734796856337,0.0160552534402007,-0.0001666666666666335,-6.430792540310659e-06,1.5172990847706183,0.00038692998020087576,0.050056583511307734,14.0,69.51331047421154,19.114751799384518,147.69230769230768,147.69230769230768,21,0.65625,0.306546104383832,0.9111328125,0.18600631850800753,0.0007601836734693897,1.1297794293076047,0.006249230246681643,0.6198337272551798,0.005531371951524679,0
600,47.02291666666667,34.9125,24.135416666666668,1.7770222732769059,1.3846818226581874,1.5105172380310292,50.0,40.0,29.0,1409.21875,1046.28125,723.265625,63.40000690485915,0.5929793114551267,1900.0019225125054,1.4623295454545453,0.04742421987822099,0.966920542769044,-0.0013552083333333335,32.46669421487603,0.015501982264718077,0.0160552534402007,0.0,7.13602398851139e-06,1.4623360930882794,0.000352029480793934,0.04732726355637411,15.0,66.09911055422802,12.654578934586059,96.0,96.0,19,0.6129032258064516,0.2995357736356377,0.9390120967741935,0.16750562507056577,8.035841836734785e-05,1.0671457459190472,0.009744704950853347,0.31061675065284633,0.009131559571987998,0
601,48.092708333333334,34.079166666666666,23.29375,0.5851895689408879,0.4564164460470528,0.7466330675104071,50.0,36.0,27.0,1441.265625,1021.3125,698.0625,63.385576258198064,0.5233839408035974,1899.570132537522,1.4378614628099176,0.03386544858995713,0.8079768416984634,-0.0007567083333333335,32.46421487603306,0.013712036464102415,0.0160552534402007,-0.0001666666666666335,2.9483901119458756e-06,1.437878625555188,0.0004048638915239076,0.0337940622193044,14.0,66.21114444651882,18.66720363557232,137.14285714285714,137.14285714285714,20,0.6666666666666666,0.3700167276915352,0.96875,0.2459965912704212,1.5715561224490642e-05,2.4025622721569357,0.013069336361833625,0.04929880949529797,0.005439749268226224,0
602,48.407291666666666,33.740625,23.152083333333334,0.7890850175554949,0.694033819571016,0.7704137371496493,51.0,36.0,27.0,1450.703125,1011.171875,693.84375,63.39632252238231,0.564615478074155,1899.9122676380173,1.4013217024793387,0.04692221758085256,1.2925453035889052,-0.0010124916666666669,32.461900826446275,0.01221799577690862,0.010700204171894719,0.0,4.416922702982769e-06,1.401315097103216,0.00038406636062676393,0.046841667703411284,15.0,66.1134324187257,18.800969324004882,137.14285714285714,137.14285714285714,21,0.7,0.37653466505365607,0.9713541666666666,0.24827147667114766,0.0005985012755102047,2.6475731349062452,0.0071382718592364605,0.014091471263768541,0.002696156629300908,0
603,48.817708333333336,33.21666666666667,23.002083333333335,0.7991525187746636,0.682316316348624,0.7026703777179042,51.0,35.0,27.0,1463.03125,995.453125,689.34375,63.37894821269545,0.5641794505901784,1899.402448015305,1.3677943305785123,0.06270089075835142,1.5410187596279408,-0.0009485499999999998,32.46074380165289,0.011220206775851036,0.010700204171894719,0.0,4.822232685390109e-06,1.367768169765032,0.0003655505569700951,0.06262769687664475,14.0,66.71095063549238,19.540457110031326,137.14285714285714,137.14285714285714,19,0.6333333333333333,0.3552755312781898,0.9619791666666667,0.23763987565952022,0.00660156249999998,2.221216207666469,0.0858311329341322,0.2473367097652152,0.03864150308190996,0
604,49.26145833333333,32.615625,22.88125,0.6780593926276336,0.5801989825697733,0.45696291333834377,52.0,34.0,25.0,1476.3125,977.4375,685.703125,63.361698844627654,0.5676291536238666,1898.8638515003693,1.3040902314049587,0.04657798269280859,1.1266080864149441,-0.0013855250000000005,32.463719008264455,0.0147783755023179,0.010700204171894719,0.0001666666666666335,-8.991601701182305e-07,1.304079849353183,0.00016686150016704995,0.04657552743498375,14.0,66.56016373056201,12.791575672057531,112.94117647058823,112.94117647058823,19,0.59375,0.2467339582816983,0.92919921875,0.1499707193406296,0.0001822499999999981,1.5661698762990448,0.0038113766596612293,0.131362915557241,0.0024335652966763384,0
605,49.197916666666664,32.62916666666667,22.979166666666668,0.6999968997947221,0.6661325985784579,0.5377260506573543,52.0,38.0,26.0,1474.421875,977.84375,688.640625,63.35620258226627,0.5950582785215082,1898.7112170380642,1.254782173553719,0.04610825924287205,1.1110929427666218,-0.0011190833333333335,32.46371900826446,0.014778375502317899,0.010700204171894719,0.0001666666666666335,-2.4932505511865143e-06,1.2547806104266546,0.00013832618464977838,0.0461013798724609,15.0,67.1556725323077,12.691381421037269,112.94117647058823,112.94117647058823,20,0.625,0.245694400439363,0.91943359375,0.14278449186642683,5.678698979591996e-05,1.2871243709134823,0.002439398341053728,0.07674387651701284,0.0018952312582835081,0
606,49.16770833333333,32.60625,23.094791666666666,0.7971295889610561,0.7064896348614512,0.666437949047438,52.0,38.0,26.0,1473.515625,977.171875,692.125,63.36494250174235,0.6806088579736472,1898.9872326626385,1.206351438016529,0.03796857131693876,0.9157848776706511,-0.0010551250000000012,32.46223140495868,0.014170601817752945,0.010700204171894719,-0.0001666666666666335,-9.342571786047365e-07,1.206360382243955,0.00013489670279152665,0.03791521506369511,16.0,68.5844525793581,11.663598037312036,98.46153846153847,98.46153846153847,25,0.78125,0.25691360278185904,0.89892578125,0.14526756986629327,0.00035964413265306204,0.7918409780929839,0.0019769754689938634,0.1240545880517247,0.0024966824446937277,0
607,45.626041666666666,25.688541666666666,27.5625,7.735655337349505,18.947786644001383,9.268351727788495,78.0,49.0,56.0,1367.515625,935.59375,826.171875,63.25397346276427,2.2415228094414092,1895.6759652984103,1.1890910165289257,0.025693583503911148,0.7166059064031554,-0.00026644166666666693,32.46140495867769,0.011156718697972731,0.010700204171894719,0.0,3.4424895152204084e-06,1.1890820796465638,0.0004087393007668908,0.025536659244349544,15.0,72.37433399323366,19.867450063276006,132.41379310344828,132.41379310344828,28,0.8484848484848485,0.30304293750664485,0.881155303030303,0.19924318937806765,8.294005102040946e-05,2.0714621373677127,0.013063686215543298,0.6261462658370265,0.006306504946377553,0
608,42.69479166666667,27.754166666666666,29.527083333333334,7.836451548581404,20.082641326252105,8.889676587277451,78.0,49.0,56.0,1279.421875,997.75,884.953125,63.27372222775572,2.274320509106868,1896.232529116212,1.1853704380165289,0.02318950551181552,0.7166059064031554,-7.459999999999874e-05,32.470826446280995,0.01603646551500791,0.013373196849725249,0.0001666666666666927,1.8190460093684818e-06,1.1853735918063049,0.0004142594808505724,0.023033282147002322,14.0,75.86069263720736,21.035091991991717,132.41379310344828,132.41379310344828,28,0.8235294117647058,0.3266108643684176,0.8478860294117647,0.2143835754751262,2.155612244898996e-07,2.6794362623028993,0.032112176830927264,2.7430865798923367,0.011984676509277276,0
609,40.365625,28.570833333333333,32.378125,6.488825781760647,20.310536657251465,7.6835688203925345,78.0,49.0,56.0,1209.5625,1022.25,970.46875,63.26653181659025,2.2416776233527154,1896.0231874919032,1.1795993305785124,0.029643845938456603,0.8534944518350042,-0.0002024999999999999,32.48239669421488,0.016714658949034414,0.021387242909309795,0.0006666666666666524,4.371133645505471e-06,1.1795902224960024,0.00040743557717915066,0.029544998054806836,15.0,73.83632399766446,21.82613729504973,132.41379310344828,132.41379310344828,23,0.696969696969697,0.3319852909368689,0.8764204545454546,0.22466843587345262,6.173469387755157e-05,1.0812282598102665,0.03184318220346306,1.5775318905015376,0.029450934078481157,0
610,41.67395833333333,36.39375,30.661458333333332,2.268201600004702,3.1156798515733293,2.0748930590749066,46.0,48.0,33.0,1249.015625,1090.53125,918.984375,63.4039220187335,0.6700168970716365,1900.1385484343555,1.1500567603305785,0.03728767383222762,0.901507312622405,-0.0009165833333333336,32.49727272727273,0.017248787237282428,0.016035493117043772,0.000500000000000019,-3.62739518052492e-06,1.1500490743148637,0.00011893464947033222,0.0373100746887744,15.0,68.33288028540483,14.78349943387827,103.78378378378379,103.78378378378379,19,0.59375,0.2614562582918986,0.9140625,0.17098491115811945,9.433673469387787e-06,0.4459131115565906,0.016105174290319768,0.3288222173838663,0.03611729252387294,0
611,42.653125,35.014583333333334,31.00625,2.339758406554332,2.4668206244183133,1.4090342806925127,50.0,53.0,33.0,1278.546875,1049.0625,929.28125,63.40216854509369,0.6385390456865542,1900.0748947940976,1.1096485371900824,0.03267943267360147,0.8874527588469262,-0.0009378916666666681,32.50685950413223,0.017057659041777324,0.016035493117043772,0.0003333333333333262,-1.5234616763627764e-06,1.1096499055040256,0.00014202297692494646,0.032626459699458474,15.0,65.99826763931635,12.49634274103797,101.05263157894737,101.05263157894737,20,0.6451612903225806,0.24640976733380518,0.936491935483871,0.14854678086151318,0.001081940051020414,1.205518212810793,0.005466600164912161,0.10079318435705073,0.00453464751243053,0
612,37.775,41.07604166666667,27.204166666666666,8.239475610336699,9.060988319802494,5.364620145504764,50.0,58.0,32.0,1132.171875,1230.84375,815.5,63.496376283270095,1.1128000239828701,1902.9137993231861,1.087874785123967,0.018006651516310892,0.5491896356265078,-0.0003623666666666655,32.5202479338843,0.0188277450411475,0.01335263850672704,0.0001666666666666335,3.856165945658399e-06,1.087875101889296,0.00016746803668167795,0.017930464990068173,15.0,69.33823989817893,17.06626428170279,116.36363636363636,116.36363636363636,24,0.75,0.3305760032906395,0.91064453125,0.19469568128219106,7.593877551020188e-05,1.3856653220696993,0.01154460121250693,1.3439183052540151,0.008331449902537313,0
613,37.91770833333333,42.364583333333336,24.695833333333333,9.184480737359655,9.066559196284015,5.190454312699633,52.0,59.0,39.0,1136.109375,1269.859375,740.015625,63.508542273903714,1.599301903055835,1903.272084827025,1.0952207933884297,0.028062407503182386,0.8017171936291535,0.00018118333333333458,32.53280991735537,0.021173160169501912,0.018687951719974973,0.0001666666666666335,-2.2722087505807273e-06,1.0952292165182964,0.00028646782749501277,0.0279207510827847,14.0,72.02841175671917,20.798481480176907,142.22222222222223,142.22222222222223,26,0.7878787878787878,0.3448690060699225,0.890625,0.21427373591160245,0.00023694005102040808,1.92653093815207,0.005169060661362219,0.19224788290028452,0.0026830924741444253,0
614,39.530208333333334,42.040625,22.611458333333335,10.05221389163919,9.017888219683606,3.4354272475579934,52.0,59.0,39.0,1184.765625,1259.890625,677.546875,63.50678889206465,1.5455763602618302,1903.22394124265,1.103444033057851,0.02341277925292115,0.7912244956128746,0.0002557833333333333,32.54933884297521,0.019571253045442234,0.024019989725396974,0.000500000000000019,2.018704884776371e-07,1.1034436076650058,0.00028188536676299416,0.02322325957268249,15.0,71.2083423207312,19.75315465309955,142.22222222222223,142.22222222222223,19,0.59375,0.28378672314587056,0.89208984375,0.1928896351847199,0.0018184132653061276,2.289500249359501,0.029770076554158975,0.18977675671974328,0.01300287106869165,0
615,46.06979166666667,35.94895833333333,23.364583333333332,5.0773520779303745,4.90158339195243,2.797393845419141,52.0,59.0,39.0,1381.15625,1076.90625,700.546875,63.37457417974941,1.3967274377769316,1899.365483545053,1.1014885950413225,0.025361852292607533,0.77027704924789,-0.00018118333333333458,32.567355371900824,0.019907579645478814,0.021334710482067185,0.000500000000000019,-1.332132680678365e-05,1.10151428519449,0.0002851649536731328,0.025171909468961095,15.0,67.93327659521745,15.801878622548239,142.22222222222223,142.22222222222223,13,0.40625,0.1803710263796768,0.91259765625,0.13228637604634721,0.0005742869897959196,0.7826719498971613,0.005278347271675559,0.08815363484994929,0.006744009763438059,0
616,50.440625,28.676041666666666,21.010416666666668,6.522286762277092,12.41765581735393,4.360797881090365,69.0,49.0,26.0,1511.671875,865.65625,629.6875,63.4000904972073,2.0477080551819284,1900.0190225119115,1.1125340082644628,0.04868966748985517,1.326461849925436,0.0004369749999999987,32.58586776859505,0.020395649409998256,0.01599611803492481,0.000500000000000019,7.086948366608037e-08,1.1125067418848182,0.00042605975268338085,0.0485636609269064,15.0,70.33146187768182,19.224570782956057,147.69230769230768,147.69230769230768,16,0.5161290322580645,0.26689341759242896,0.8961693548387096,0.16462190474098976,0.0007940318877551033,0.8180584879992542,0.0032192774755427063,0.7421081489955461,0.003935265659813851,0
617,50.653125,27.73125,19.136458333333334,8.159573277304906,13.025082473347338,10.43317644775217,76.0,49.0,59.0,1518.125,837.34375,602.78125,63.52584605142492,3.2426532527124787,1903.6269581140484,1.1855078181818182,0.1200030028366026,2.8162903442151306,0.0026751250000000004,32.606198347107444,0.01996924074120792,0.021308540924391876,0.0003333333333333262,2.3709549591718706e-05,1.185435596779824,0.001278120353102405,0.11948692047246344,14.0,74.23018381451615,27.473255147427302,147.69230769230768,147.69230769230768,25,0.78125,0.4756299541940277,0.90771484375,0.29438095507905543,0.0002458176020408201,3.2126976895286488,0.04460036580321386,2.23751573370167,0.013882528053785667,0
618,50.348958333333336,27.191666666666666,17.801041666666666,9.684937777201457,13.721817076790119,14.25690618314263,76.0,56.0,63.0,1509.015625,827.4375,572.234375,63.714113054367395,4.1399131667976565,1909.419084842506,1.3676251983471075,0.2085786984876539,4.1591792698614585,0.003975383333333334,32.62851239669421,0.023378352529275476,0.023953747904672706,0.0003333333333333262,1.4877159232710923e-05,1.3676078453983693,0.0017345922420026881,0.20817067193033714,14.0,79.2636361436659,29.579546953070423,147.69230769230768,147.69230769230768,31,0.9117647058823529,0.5321474705358725,0.8681066176470589,0.32272320013970585,0.0005078584183673461,4.555631796796938,0.016533858324423577,0.6542224019879255,0.0036293227947106093,0
619,40.717708333333334,23.7125,26.297916666666666,19.784897937945765,18.601877425410585,21.53956620562236,77.0,84.0,87.0,1290.828125,831.640625,832.6875,63.85248125084722,6.006698741977262,1912.9325234177286,1.5667704876033057,0.21645979598466067,4.519432574169603,0.006106958333333334,32.65925619834711,0.03507171611851636,0.031904130040945965,0.0009999999999999788,-3.1316387019584555e-05,1.56698041858268,0.002720224384168909,0.2159172727218952,14.0,80.58742310472377,29.06037025691122,137.14285714285714,137.14285714285714,31,0.8857142857142857,0.45784653432014816,0.846875,0.3051090261810405,1.2001275510204033e-05,7.529548154127836,0.02740911577670187,2.258257683114462,0.003640207249577877,0
620,32.74791666666667,9.248958333333333,34.73020833333333,22.206347530823752,27.176458465890363,23.12815572968578,90.0,84.0,127.0,1057.046875,740.046875,1068.703125,63.80400203821746,7.7330022570242996,1912.1217723589598,1.82701452892562,0.25733592308643005,4.4397912303200435,0.007312958333333332,32.70669421487603,0.0502125799941901,0.04248685762980506,0.0013333333333333049,2.1962234163172994e-05,1.826922467680759,0.0031279001236280335,0.2556522843851868,13.0,80.51593688393545,32.042152652228346,153.6,153.6,30,0.8823529411764706,0.49934853392528683,0.8671875,0.3306157652579991,0.0015772244897959257,4.706690276656393,0.048822745148306645,2.0286613352515914,0.01037305245906048,0
621,25.25,-5.544791666666667,47.322916666666664,19.770190101935455,21.052614494165102,18.607735170077046,90.0,84.0,127.0,832.78125,509.875,1438.375,63.5058007166595,7.42291948422334,1903.2575328566027,2.288352867768595,0.5809216507192793,7.02430602239637,0.011531674999999998,32.75884297520662,0.05052108769506072,0.0503992567262107,0.0015833333333333736,-4.0702821614122004e-05,2.288404730192828,0.004918172098248271,0.5801159789014123,13.0,75.56046658809566,32.07007444305109,153.6,153.6,30,0.9375,0.47724988435507815,0.9248046875,0.33146637381522553,0.0003025114795918375,3.565299979079709,0.08501012608019834,1.3686065698385335,0.023843751319388706,0
622,24.3375,-11.276041666666666,52.108333333333334,12.239223576273128,15.403998701579532,14.101371584195473,90.0,62.0,127.0,735.59375,437.0,1574.9375,63.14558122539653,5.771260408857762,1892.338141608133,2.726636710743801,0.534694873666929,8.59435670257676,0.020866074999999994,32.81115702479339,0.03948407111912137,0.04235736349300783,0.0011666666666666713,0.0002676402446423809,2.725863864229465,0.006430854498617432,0.531781304553452,13.0,75.6710583001374,34.466116199055385,153.6,153.6,29,0.9666666666666667,0.5402227799155226,0.9458333333333333,0.36133373212616376,0.00043204591836734895,6.029892959654506,0.11456006100247684,1.1658384686794143,0.01899868899315267,0
623,19.351041666666667,-0.515625,51.66875,12.589541747614588,26.366166878395028,10.48504204907321,60.0,75.0,92.0,613.390625,592.9375,1548.5625,63.15853578042301,4.358347325117669,1892.6971350250385,4.033076595041322,1.4700316333738688,9.361090299679674,0.030307425000000002,32.847851239669424,0.03173252396163225,0.026449136265790308,0.0006666666666666524,-0.00020441885776140687,4.03379539564136,0.011014418893542348,1.469224214460178,13.0,74.54086587867,28.283118990853296,153.6,153.6,31,0.96875,0.43692358341240345,0.90380859375,0.2839795223697762,0.0004998418367347001,3.4809440138002588,0.03465431262628221,0.3373868833008968,0.009955435217830173,0
624,25.340625,12.258333333333333,37.99270833333333,22.10975500262365,29.87177341943766,20.66480877800705,75.0,75.0,92.0,797.90625,757.265625,1156.875,63.417421829813065,4.721116583275863,1900.3318344943145,5.084996619834712,1.4982742801534403,7.764999433170913,0.027073566666666667,32.874462809917354,0.02108426279382025,0.021139991300669188,0.0005833333333332765,-0.00034683549858607036,5.086593055620301,0.016162946272888657,1.4969579936870714,14.0,83.20461307179326,34.79416952957784,153.6,153.6,31,0.9117647058823529,0.5156393478260897,0.8506433823529411,0.34331504853140143,0.008093572704081729,9.302258957781023,0.06739476221193248,2.101801034034339,0.007244988826671941,7
625,29.916666666666668,18.60625,26.535416666666666,28.53655063637198,30.499849086033745,19.731394079648528,89.0,75.0,92.0,953.65625,867.96875,813.03125,63.61263610239202,5.715223364370976,1906.1045843165327,6.286962355371901,0.5664737013890722,4.9106456902674465,0.014190100000000006,32.89297520661156,0.018120105636090886,0.01584053260566967,0.0001666666666666927,-0.00018212945507755117,6.286715157834552,0.01887049369509039,0.5564468006728238,14.0,82.69259595011145,30.62041465527167,153.6,153.6,31,0.8857142857142857,0.45559828302609257,0.8272321428571429,0.3042652260875739,0.00016992984693877633,6.964365193880303,0.0016190775040820107,3.53214471683642,0.0002324802704925238,7
626,27.275,-0.49270833333333336,29.140625,29.263483359527335,33.75033871679311,20.618812597788175,89.0,72.0,77.0,851.859375,862.140625,891.765625,63.21855224752934,4.163090005401112,1894.5768354537006,6.212406793388429,0.519222891959935,3.222930024469506,-0.0013348666666666675,32.90735537190082,0.018709108359446208,0.0211142969680866,0.0003333333333333262,0.00036914695410105705,6.211175471920092,0.018045021475231144,0.5094887757855657,15.0,89.19551818949552,33.12032597543563,153.6,153.6,31,0.8157894736842105,0.46708601051221416,0.774671052631579,0.30533798602221524,0.00010143367346938653,5.936121708651715,0.00636832581124404,1.9003064319062233,0.001072809171342023,7
627,21.261458333333334,-15.971875,36.23854166666667,28.45997507389276,26.909033501491184,20.66973365914352,89.0,72.0,77.0,668.5625,822.4375,1097.09375,62.98564953552843,3.8071526001619915,1887.4971194821803,6.338906975206611,0.6831061002658766,3.6411025528616965,0.01548431666666666,32.9204132231405,0.01688055726504217,0.015830908947480935,0.0001666666666666927,0.0003369200723972476,6.338760898281379,0.016469133425665767,0.6764847629722767,15.0,80.89443659061254,27.339008733519357,153.6,153.6,29,0.8055555555555556,0.32298266414667787,0.8138020833333334,0.22655875835032963,0.00018906249999999815,3.3803798297209573,0.01721377646570946,0.3788009010706933,0.0050922610276994875,7
628,29.125,-17.523958333333333,25.429166666666667,30.127420373031168,19.987116917277753,29.133514194232657,73.0,45.0,77.0,888.390625,639.296875,979.109375,62.88475942440402,1.8472250724162385,1884.5810720348513,6.766637338842975,1.0276842504415509,3.7132367110164193,0.017434700000000004,32.92917355371901,0.01613920727105565,0.015830908947480935,0.000500000000000019,0.00022452575270451696,6.76607061453007,0.013210216182810021,1.026083075755772,14.0,84.93554368237191,30.868814558587307,153.6,153.6,30,0.8108108108108109,0.3916652814691817,0.7905405405405406,0.24207398329900787,0.00029143367346939295,2.173182539297422,0.014889350377394323,1.273284201103769,0.00685140346388388,7
629,49.161458333333336,-3.683333333333333,4.844791666666667,24.610253070754823,15.468305408874697,26.184558783882483,73.0,37.0,77.0,1480.0625,312.703125,596.453125,63.095076329939666,1.8610282782430225,1890.8937578592308,7.559060545454545,0.8742921693626466,3.504049160255654,0.021107974999999998,32.936115702479334,0.0151778383910749,0.01582129697558974,0.0003333333333333854,-3.040971603217708e-05,7.55927231570723,0.01152676465611217,0.872980044478035,14.0,81.60480330932715,28.75186476057089,142.22222222222223,142.22222222222223,31,0.8857142857142857,0.4312679823616566,0.8245535714285714,0.2670284800984222,0.00010875510204081605,4.013162386253955,0.013474374866033083,3.103048277240042,0.0033575453891888482,7
630,53.16770833333333,9.008333333333333,0.8197916666666667,19.400547644716905,18.226466942943773,20.50654935924774,72.0,63.0,74.0,1609.640625,347.296875,481.515625,63.470687761569344,3.033652101571851,1902.0970646858204,8.026850347107437,0.32096809770037926,1.9475174218690596,-0.003684708333333327,32.94090909090909,0.012060453783111439,0.010544328624904854,0.0003333333333333262,8.554054824519345e-05,8.025856404002539,0.011490523305333188,0.30553410596731195,14.0,89.02658914475232,33.42968457687955,153.6,153.6,32,0.8648648648648649,0.4887098813102491,0.7850506756756757,0.31975128829730565,0.0004231836734693867,6.259986557421564,0.032657668168313704,2.768531359550205,0.00521689110172229,7
631,39.864583333333336,8.226041666666667,23.054166666666667,23.747727870115398,19.57395029535251,30.51692125098613,72.0,63.0,80.0,1222.546875,401.8125,940.765625,63.57947088574757,4.937088233129974,1905.4129368838785,7.9186328512396695,0.470990898769197,2.3922656555290445,-0.007905225000000009,32.94454545454545,0.013360853142454108,0.010544328624904854,0.0001666666666666335,9.853750903147524e-05,7.918329564587257,0.01492436246640244,0.45048332794975754,14.0,87.27273314973127,29.90121806762295,153.6,153.6,32,0.8648648648648649,0.45639831826289023,0.7825168918918919,0.3054392013335643,4.751147959183715e-05,2.756118514319151,0.028808486501812697,2.58735669822412,0.010452557229357501,0
632,29.004166666666666,4.966666666666667,45.145833333333336,18.495945032327732,20.71927779200381,19.34822298400783,72.0,63.0,80.0,896.671875,411.15625,1368.71875,63.433540908706995,5.097431161875878,1901.0296819030273,7.4938882148760335,0.6188177777725248,3.0497827651549385,-0.013811016666666665,32.949999999999996,0.01360602686099586,0.010544328624904854,0.0,0.0001443698783903688,7.492995925438189,0.015919456116985174,0.6030640522511977,14.0,86.3043529070047,30.001040605026258,153.6,153.6,31,0.8611111111111112,0.4343075487197983,0.7864583333333334,0.2934284587709015,1.746045918367324e-05,3.031302090375282,0.030051738466222926,1.851130260094544,0.009913805213159224,0
633,23.310416666666665,-3.60625,56.290625,13.129542699311942,7.442919069211578,6.125588035122968,68.0,38.0,95.0,746.90625,212.09375,1686.890625,63.00870805567761,4.496943497649804,1888.3606566466967,7.0621704628099184,0.5486488706803684,3.0497827651549385,-0.00903331666666667,32.95809917355371,0.014218719449656327,0.015811696668723514,0.0,-5.307931414029623e-05,7.0633870683555475,0.014569917343571659,0.5379643331225941,14.0,77.62100477161306,26.325730556487322,142.22222222222223,142.22222222222223,31,0.9393939393939394,0.5757181741230903,0.8806818181818182,0.3529212627481157,0.002256249999999994,3.0275769264959953,0.052848854552788184,3.76639480809039,0.017455825511906473,0
634,23.15,-6.363541666666666,56.9625,10.126203632161463,1.3859878991525223,3.786578545776297,68.0,24.0,95.0,729.546875,190.875,1707.0625,62.732346790258376,2.1436824671796137,1880.0132578281396,6.675396545454546,0.2543398974795359,1.1787153520505766,-0.006790399999999997,32.96603305785125,0.011955795914065233,0.010537932306303878,0.0,1.2609071854244394e-05,6.675411918662885,0.010085671817727931,0.24556029285644615,14.0,71.37097646240578,24.573590560563016,142.22222222222223,142.22222222222223,29,0.9354838709677419,0.5362661468043022,0.9415322580645161,0.33124162492112164,9.716326530612389e-05,6.645685621495236,0.028757652458372758,4.145061109579087,0.004327266454699143,0
635,20.558333333333334,-6.919791666666667,58.25833333333333,8.12459828066731,0.9041708669257277,1.895700544800142,46.0,24.0,95.0,651.625,207.40625,1746.0,62.70540098087915,1.7363696305303036,1879.2159890587548,6.507733867768595,0.13923967738524157,1.0781635730777333,-0.0024726333333333333,32.96404958677686,0.016189911785766096,0.015811696668723514,-0.0001666666666666927,-0.00018409531854950164,6.5083653220809055,0.00789365803576484,0.130115972384206,15.0,67.03494784964579,19.049973082706693,123.87096774193549,123.87096774193549,29,0.9354838709677419,0.4354864377911211,0.9627016129032258,0.267020097628851,0.001582903061224494,2.180054117722845,0.00607178087637709,0.8034280462403353,0.002785151445102341,0
636,21.90625,-6.869791666666667,57.71041666666667,5.744522980268538,1.3937075697328172,6.847102172431943,82.0,9.0,61.0,655.921875,209.328125,1735.28125,62.748515508272064,1.420772034778076,1880.561216726378,6.393981371900827,0.10749776131046875,0.9362227634126432,-0.005064708333333331,32.95694214876033,0.017384469900745495,0.015811696668723514,-0.0001666666666666335,-5.4627385546623236e-05,6.395040779908005,0.0027265175667788273,0.10118904053150433,15.0,64.57747060912733,11.84163314505827,98.46153846153847,98.46153846153847,28,0.9032258064516129,0.236861807020465,0.9566532258064516,0.15323243831148972,0.0019802499999999968,0.8845098331523429,0.0108399103901097,0.13886548891602143,0.0122552740329374,0
637,24.209375,-6.252083333333333,56.709375,6.651199423866471,1.6995697474328284,7.182727808851011,82.0,9.0,63.0,725.484375,191.3125,1704.453125,62.746744628558254,1.64323010718621,1880.4522789061998,6.220678561983471,0.20547719903138487,0.9324315142737163,-0.004920258333333331,32.94966942148759,0.013356762876586525,0.015811696668723514,-0.0001666666666666335,1.6852928439124454e-05,6.220596437023418,0.002977497507553459,0.2040634591549866,15.0,66.54578193261467,11.341789987612474,98.46153846153847,98.46153846153847,27,0.84375,0.23681525333835587,0.92578125,0.14437280166075256,1.2501275510203863e-05,1.9421313130981728,0.00047376062043869607,0.34667781233624756,0.0002439385108738772,0
638,26.535416666666666,-5.659375,55.802083333333336,6.4886756989688505,1.6518977801430894,7.076103847437673,82.0,9.0,63.0,795.34375,173.515625,1677.203125,62.78775956932595,1.6215856225262992,1881.6853546887041,6.018846669421487,0.22476548126764817,1.0848500287199832,-0.005517083333333331,32.94388429752066,0.010552654346786105,0.010544328624904854,0.0,-7.86531045114453e-05,6.0188111980705665,0.00328570492066344,0.22342076103656014,15.0,65.75114588267662,11.028082345590413,98.46153846153847,98.46153846153847,24,0.7741935483870968,0.24045922319768342,0.9359879032258065,0.14305994737586122,0.0002239298469387752,0.8044452400698587,0.0024262976975417223,0.21472525572486167,0.003016112939310848,0
639,23.835416666666667,-2.298958333333333,56.282291666666666,12.138179942906962,5.97975742943897,7.147005415901862,90.0,35.0,83.0,726.484375,167.875,1687.203125,62.95460105462793,3.464023102209205,1886.7002381901211,5.848683471074381,0.18349275115252345,1.7634768282737694,-0.0020863083333333347,32.93644628099174,0.014594208300592892,0.01582129697558974,-0.0003333333333333854,-0.00011041610793778547,5.849172508818671,0.0072107864201262795,0.1735266069688025,15.0,66.91259150616771,20.497185739827167,153.6,153.6,24,0.8,0.5033227417150811,0.9713541666666666,0.3079640419407309,0.00010287755102040865,4.361774308336803,0.005915107574317088,0.05404273576717022,0.0013561241724523317,0
640,22.173958333333335,-2.609375,57.014583333333334,11.896951156981238,6.126659267173397,6.885204232728967,90.0,35.0,83.0,676.8125,176.734375,1708.6875,62.961140569391176,3.3956140634695764,1886.8825315583217,5.858172330578512,0.19285691196665006,1.7634768282737694,0.000682108333333331,32.923223140495864,0.016171338589932152,0.015830908947480935,-0.0003333333333333854,-4.1363423770127865e-05,5.858253277666109,0.007226314709616885,0.1844452795030242,15.0,70.20013860216768,25.14755665263732,153.6,153.6,24,0.8,0.7022683958320228,0.9828125,0.44787457408808473,0.00012416326530612142,8.517316608198465,0.07103838298600577,1.699461569821294,0.008340465225588393,0
641,20.369791666666668,-2.689583333333333,57.49375,12.675177676200986,6.568191645579136,7.362628217615863,90.0,35.0,84.0,640.15625,187.390625,1723.796875,62.98934048348099,4.2480713807684,1887.9053247310262,5.90948861983471,0.19140045291803096,1.7634768282737694,0.0025472249999999976,32.914793388429736,0.013366986194483907,0.015830908947480935,0.0,0.00045485946119846104,5.906424386712767,0.00998795407997173,0.18373954336000312,15.0,73.67313943226499,25.080039332378085,153.6,153.6,22,0.7096774193548387,0.6798281703091108,0.936491935483871,0.44651455058774564,7.531760204081776e-05,6.1508445816395385,0.0985606879382479,2.0122394000680375,0.01602392754849547,0
642,24.329166666666666,-5.219791666666667,55.16458333333333,10.05194753794286,5.8100688426727976,12.898966198616675,91.0,36.0,84.0,748.921875,210.921875,1679.5,62.85463974551808,3.572390067514008,1883.615227799855,5.795247264462811,0.27497349050506964,2.0528397978702992,-0.0011616999999999988,32.9086776859504,0.012527137402642117,0.015830908947480935,0.0,-0.000177088403635141,5.795177488885483,0.010585322389442408,0.26458471959811025,14.0,69.37954863544101,18.60454997151441,112.94117647058823,112.94117647058823,22,0.7096774193548387,0.5529719656471445,0.9495967741935484,0.3718726636002471,0.00029387755102041187,4.119895513528964,0.1003558297344994,0.7854134270370381,0.024358828859846006,0
643,27.175,-2.191666666666667,47.141666666666666,15.273158645152613,20.269145613194674,20.669137957082025,91.0,66.0,84.0,844.6875,418.890625,1445.6875,63.29283856644236,5.564014096759052,1896.8087363936575,5.580482256198348,0.35403397847588486,2.710609133840087,-0.011551383333333335,32.902396694214865,0.012922195230208504,0.01584053260566967,-0.0003333333333333262,-0.00011279345380958694,5.580427854121144,0.013260870252536073,0.3415312139684475,14.0,77.50995777958781,25.456113162244748,153.6,153.6,28,0.8235294117647058,0.33130002481043364,0.8501838235294118,0.25311472062514523,0.0033972244897959186,2.997314493854055,0.02571825760967345,1.0478456746884475,0.008580433472165942,0
644,27.13125,-5.879166666666666,46.025,14.484167451767235,22.3339237328678,20.67646105276884,91.0,66.0,78.0,825.796875,521.25,1412.546875,63.23990900801933,5.078893448127934,1895.3459171446452,5.385472198347108,0.29308497208028167,2.5652718942667203,-0.003802216666666669,32.89710743801652,0.011458730586733828,0.01584053260566967,-0.0001666666666666927,-0.00040885963820665324,5.385860079990154,0.0128990236688773,0.2779410286868655,14.0,79.88653587522961,28.38034247006871,153.6,153.6,31,0.9117647058823529,0.4434291146675514,0.8460477941176471,0.2923447976483349,0.0003448979591836767,3.8053237462663967,0.07314247249049181,0.5897193073858409,0.019221090600308514,0
645,26.1125,-8.115625,46.53541666666667,16.023610509183005,22.469334788982405,19.18291329090524,88.0,66.0,78.0,805.0625,557.40625,1402.0625,63.36659687075919,5.249446893279148,1899.0471319904827,5.595656471074381,0.49858898026915505,3.3955929335025283,0.008189575000000001,32.893636363636354,0.010601730717899483,0.010563564254984269,-0.0001666666666666335,0.00018671164856519224,5.59513990396069,0.011744147640647892,0.49253189072371,16.0,87.69963335309805,33.76945717695981,153.6,153.6,30,0.8333333333333334,0.5096310158550288,0.8029513888888888,0.3418166468046768,0.01786041326530611,7.8960617392139,0.2175611721247128,2.8014304314599077,0.02755312449549974,0
646,22.869791666666668,-12.360416666666667,54.51979166666667,10.964560522729455,9.450049373401296,10.88986646489588,70.0,46.0,78.0,695.96875,385.3125,1635.890625,62.96765460719083,3.3769275882355516,1887.0690009866169,6.077538404958678,0.6781710789266758,3.7451659636739842,0.019525691666666668,32.893636363636354,0.012331509060226883,0.010563564254984269,0.0001666666666666927,0.00028874329921216795,6.077028299270877,0.008901143983945698,0.6773943094780853,16.0,83.85716885585043,31.28023890172597,153.6,153.6,29,0.8285714285714286,0.47495132055125644,0.8227678571428572,0.3186436897545724,0.0002757971938775545,6.283190478727481,0.05127620764675921,4.871003835531825,0.008160855192972608,0
647,25.298958333333335,-8.788541666666667,53.360416666666666,13.470538800716074,7.423784549670778,13.587574587089568,74.0,41.0,78.0,768.09375,300.328125,1602.78125,63.02543083955469,3.687148964784138,1888.9348579232847,6.541617314049585,0.41947274179560373,2.5796599546479237,0.009389158333333337,32.894132231404946,0.01203777947506224,0.010563564254984269,0.0,9.553004861565525e-05,6.54121002370468,0.006901632741309137,0.41595437058818363,16.0,78.28929441120096,31.761104734362473,153.6,153.6,25,0.78125,0.46021291804937,0.8896484375,0.3367753337571594,0.00014314413265306122,5.843552025459883,0.06044112690120167,0.19744885552403899,0.010343217042967114,0
648,25.657291666666666,-7.973958333333333,54.159375,11.579986729911678,5.580504472261495,12.244582799863307,75.0,30.0,77.0,768.96875,267.484375,1625.5625,62.901951337597964,3.6920152025406967,1885.0826194163797,6.855323247933884,0.2343701467643335,1.5922945451381585,0.009465533333333331,32.89264462809916,0.01119094934202284,0.010563564254984269,0.0,0.00010965809475436515,6.8554030934238375,0.015002831567870054,0.21713008140071285,15.0,76.36791210874114,27.780405658286774,147.69230769230768,147.69230769230768,27,0.84375,0.3613746087689383,0.8798828125,0.2782894719754995,0.004751147959183659,3.1981521589249224,0.018758791226927165,0.2757110690441743,0.005865509298729877,0
649,26.873958333333334,-3.8270833333333334,51.96666666666667,12.600667515318275,15.002544778349735,13.63837009649206,91.0,59.0,84.0,805.5,345.65625,1559.765625,63.04025566842103,5.759785030141692,1889.2280916877742,6.935361396694215,0.31274007346419175,1.8393436738713922,-0.0003090833333333339,32.89198347107437,0.010727259993115312,0.010563564254984269,0.0,-2.440071471576605e-05,6.935540293511174,0.015222366964514051,0.2980991647817714,15.0,77.21263821137126,31.636883369152212,147.69230769230768,147.69230769230768,26,0.8125,0.48482191921031603,0.9033203125,0.33199534502557765,3.861734693877657e-05,4.311165566752786,0.10292552020495152,4.115758865258054,0.02387417477043826,0
650,24.295833333333334,-5.121875,54.35625,10.061890940849814,14.96456720003539,10.08960699288299,91.0,59.0,84.0,727.734375,363.5,1631.03125,62.99085661786785,5.500464302876131,1887.7797874509574,6.942369157024793,0.31021847197312247,1.8393436738713922,-0.0001918416666666663,32.89148760330578,0.012640035897060746,0.010563564254984269,0.0,-9.315462027756841e-05,6.942807561929081,0.015155658102767188,0.2953051148517737,15.0,77.87173171626645,30.653982086328085,147.69230769230768,147.69230769230768,26,0.8125,0.5124535900504993,0.8876953125,0.324887241463138,0.0006890624999999994,3.864866882142496,0.07368139047267999,0.7189928162899566,0.019064405765984515,4
651,21.00625,-5.165625,56.16770833333333,8.230909889202206,14.651246591765094,7.782057284651484,91.0,59.0,84.0,629.546875,358.03125,1683.203125,62.79413651111825,4.756198042874711,1881.8106366465584,6.806347239669421,0.2995202385194709,1.814877265569888,-0.009118574999999995,32.88884297520661,0.01438491419638633,0.010563564254984269,-0.0001666666666666927,-0.00010186715050047721,6.806562441073958,0.0038012828047999203,0.29808234601062594,15.0,71.3361009385714,25.098235951797374,147.69230769230768,147.69230769230768,23,0.71875,0.4249903639799454,0.92529296875,0.26296155406333693,6.061734693877648e-05,1.8563306585126358,0.010449256757047437,1.2502690380732957,0.005628984636508556,4
652,17.025,-8.863541666666666,59.354166666666664,4.659376746590328,1.6661845005672558,1.907109323615776,38.0,24.0,69.0,510.140625,266.0625,1778.796875,62.59933350804765,0.8812317222062445,1876.0232534953511,6.670315702479339,0.13468330946479906,0.6025552782430915,-0.00014920833333333198,32.88371900826446,0.016370313355187502,0.01849467693940668,0.0,-2.316768323392649e-05,6.67034921051814,0.0011693631953619188,0.13433770242106785,15.0,69.606062523796,16.78269697530565,132.41379310344828,132.41379310344828,24,0.75,0.23107556629533482,0.89892578125,0.15900809746042305,2.155612244898005e-05,1.2667150574175685,0.007317543209774036,0.273939497367091,0.005776787105295955,4
653,14.167708333333334,-8.360416666666667,60.46145833333333,0.5439046315889293,0.4801213315981238,0.5005975162382339,16.0,9.0,61.0,424.59375,250.53125,1811.96875,62.66412816687244,0.4387000711761021,1877.9778080030803,6.638098975206612,0.11215899831046845,0.6025552782430915,-0.0005648666666666635,32.87619834710744,0.014560003993001117,0.01849467693940668,-0.0005833333333332765,-9.298604569983964e-06,6.638180237529706,0.0010453465367636792,0.11168156405608529,15.0,67.29989211183779,11.530277411721553,106.66666666666667,106.66666666666667,24,0.75,0.18619336387207788,0.9140625,0.1345815091949392,0.001770005102040821,1.058766967567779,0.012779854573146746,0.02797615141093717,0.012070507453122463,4
654,13.8625,-8.289583333333333,60.65416666666667,0.48931286855480643,0.4535689874637472,0.47782420640045253,15.0,9.0,61.0,415.4375,248.421875,1817.734375,62.771776032159096,0.4377599438683476,1881.1945196128727,6.592111429752066,0.1507251684378732,0.8006197579490372,-0.0014873500000000058,32.86454545454546,0.018362736251566078,0.01585981506629309,0.0001666666666666927,-1.045103154259915e-06,6.592129790296092,0.000855941878261131,0.1504625821158025,15.0,67.769935032056,10.817818719486985,106.66666666666667,106.66666666666667,26,0.8125,0.1876469518223672,0.90478515625,0.12514392196764626,0.00014144005102040676,0.7396424295817119,0.004700432554225719,0.10481686796475116,0.006355006644067111,4
655,13.760416666666666,-8.2875,60.77708333333333,0.42682919267808084,0.45259667475579185,0.41620286686769575,14.0,9.0,61.0,412.375,248.375,1821.421875,62.8671442556638,0.40988592423990394,1884.0577016623297,6.462555925619835,0.1851986905656798,0.8769739119236917,-0.005462733333333336,32.85479338842975,0.020413055842990843,0.021152861932139732,-0.000500000000000019,1.2385931034685246e-05,6.462518243926367,0.00032544412359115655,0.1851815984688385,16.0,66.12443586229975,8.696074279494475,89.30232558139535,89.30232558139535,22,0.6875,0.17980251403253336,0.921875,0.11206240849828947,2.8698979591838145e-07,1.0237319787229147,0.00256628062541517,0.9096185636805711,0.002506789549171409,4
656,13.73125,-8.353125,60.748958333333334,0.4684443447909972,0.47794114111990815,0.43361244016274364,15.0,9.0,61.0,411.515625,250.328125,1820.578125,62.842814201214466,0.417676036704587,1883.329058310694,6.275521983471074,0.1444307191877498,0.7096174056421853,-0.004205100000000006,32.839669421487606,0.01949502518857847,0.021152861932139732,0.0,-2.356153141847643e-06,6.275539542174006,0.0005076837992220418,0.1442921266600674,16.0,71.24667533981435,15.187532744662727,128.0,128.0,23,0.696969696969697,0.20019293062607443,0.8721590909090909,0.1465479588241924,0.000102154336734694,0.5561114130609925,0.004415056194435583,0.362924541726745,0.007939157677296858,4
657,13.758333333333333,-8.38125,60.771875,0.4540710908608426,0.4856937692620732,0.41962362227953753,15.0,9.0,61.0,412.3125,251.171875,1821.265625,62.87457083501438,0.4054429422563958,1884.278363698531,6.120763768595041,0.12155417277468591,0.6265696716495274,-0.0036839333333333296,32.833884297520655,0.017645353886014858,0.021152861932139732,-0.000416666666666643,4.931271107849424e-06,6.12076182384029,0.0005632329419240028,0.121393010390455,16.0,70.43857931985393,15.606635178944781,128.0,128.0,23,0.696969696969697,0.19804726023138075,0.884469696969697,0.15309018011744915,6.806249999999975e-05,0.6628541545932319,0.003153409511137367,0.3951120050677681,0.0047573202782028165,4
658,13.727083333333333,-8.411458333333334,60.780208333333334,0.4704782953430358,0.49209793056249373,0.4141054092022411,15.0,9.0,61.0,411.390625,252.078125,1821.5,62.87999267617932,0.4008587161343117,1884.4293024802673,5.986187363636364,0.11516734812530363,0.5844250884808065,-0.003236308333333334,32.82669421487603,0.010709417324247596,0.007938361227109603,0.0,-1.5444411833801247e-06,5.986167679658938,0.0005767728614619796,0.11502059358464568,15.0,68.71800358372667,11.684845247689521,106.66666666666667,106.66666666666667,22,0.6666666666666666,0.18194488965369088,0.8948863636363636,0.13074356248868013,0.00015894005102040895,0.6291345517117064,0.014101170203446488,0.6760712591970149,0.02241360002416174,4
659,13.697916666666666,-8.425,60.81041666666667,0.4591611841777956,0.49434299833212964,0.39197129111142254,14.0,9.0,61.0,410.5,252.484375,1822.40625,62.904534617877225,0.38560494674254003,1885.1622118791988,5.844043,0.12632072937795483,0.6398329423925482,-0.003566699999999997,32.82371900826446,0.012539671355108722,0.013234635560759217,-0.0002500000000000095,-4.909118528925908e-07,5.844059618671477,0.00037681646906010963,0.1262103608596949,14.0,65.66042910474634,6.693773134777652,89.30232558139535,89.30232558139535,17,0.53125,0.08418998532505073,0.92236328125,0.08499881294767973,0.0011559999999999988,0.0865080955759206,0.018478038239208606,0.05013866827431579,0.2135989483549785,4
660,13.741666666666667,-8.438541666666667,60.78125,0.4424521317486095,0.4962084977747649,0.41339864235384227,15.0,9.0,61.0,411.8125,252.90625,1821.53125,62.88763105333244,0.401852584832658,1884.65720765568,5.708568768595041,0.12139344797619744,0.6273824322989776,-0.0033465750000000035,32.81264462809918,0.015994244576485028,0.013234635560759217,-0.0004166666666667022,-2.738830170500882e-06,5.70857132357387,0.0002571058994672812,0.12138292297107144,14.0,66.92301985360474,7.856329865982846,101.05263157894737,101.05263157894737,16,0.5,0.13429409604994172,0.90673828125,0.08894629677691561,0.00017841326530612393,0.4049533947441532,0.005637033292698069,0.10202216839565559,0.013920202585928458,4
661,13.782291666666667,-8.460416666666667,60.76145833333333,0.43240962246141357,0.4984306970103488,0.4261919050504779,15.0,9.0,61.0,413.0625,253.5625,1820.953125,62.880333096171164,0.4071769245602575,1884.4601168467334,5.5723236363636355,0.11070815483121482,0.6392058169698493,-0.0034185416666666635,32.799421487603304,0.017828268047925245,0.01588882693928354,-0.0004999999999999598,-3.771321604662494e-06,5.572344431799766,0.0003113831007025007,0.11055697003899669,13.0,68.65735299832583,11.186827668360847,112.94117647058823,112.94117647058823,16,0.48484848484848486,0.1563964157747469,0.8915719696969697,0.11154764418236471,6.061734693877552e-05,0.4528194492071014,0.004821908234475396,0.18165984241179683,0.010648633231012235,4
662,13.825,-8.491666666666667,60.760416666666664,0.4038873605350878,0.49993055073235476,0.4268291926780808,15.0,9.0,61.0,414.3125,254.46875,1820.90625,62.89271123872013,0.41154956319540503,1884.8054077916618,5.4472819999999995,0.11337908267481184,0.6090258724377319,-0.0024166999999999978,32.786528925619834,0.014241758167627735,0.010595780073438062,-0.0003333333333333262,-3.7920890242702143e-05,5.4471904106864235,0.0006879509717244101,0.11335901019707041,15.0,71.40788739886102,16.11814379889652,120.0,120.0,22,0.6470588235294118,0.20248661338094637,0.8736213235294118,0.1520278657134781,2.0897959183673653e-05,1.0134298546583727,0.011962873496487825,0.40018739753698107,0.011804342887175464,4
663,13.56875,-8.445833333333333,60.83229166666667,0.5158553778272874,0.4970573128143496,0.3845979479888345,15.0,9.0,62.0,406.640625,253.09375,1823.078125,62.901045064557565,0.3611160291362597,1885.0738295723363,5.331869429752066,0.10117465288194595,0.6063710454857231,-0.0030455083333333316,32.777603305785114,0.012130474797955053,0.010595780073438062,-0.0001666666666666335,-2.572037228803839e-06,5.331865005603694,0.0010958935145594895,0.10071744989164308,16.0,73.15160418987703,21.380831508657995,153.6,153.6,24,0.7058823529411765,0.28974951630152845,0.8745404411764706,0.20730585957060008,3.5147959183673495e-05,2.676191053768518,0.012947251325730663,0.058556809647486815,0.004837939842709959,4
664,13.3125,-8.394791666666666,60.90416666666667,0.4724162183216547,0.4888058986931544,0.30819253542045577,15.0,9.0,62.0,398.96875,251.578125,1825.21875,62.908513674342856,0.29782369228154254,1885.2882741255073,5.213225785123968,0.1041997457044855,0.5929100238743877,-0.0028243249999999978,32.76851239669421,0.0143544940424437,0.021204501560868623,0.0001666666666666335,6.461376176673795e-06,5.21321398381537,0.0010767677887289853,0.1038645428975327,16.0,71.98084367506235,21.66262584299707,153.6,153.6,23,0.696969696969697,0.323735992246431,0.8929924242424242,0.21922706407837989,8.035841836734776e-05,2.6662202092303615,0.01929941095696257,0.6303885140402024,0.007238490988159449,4
665,13.061458333333333,-8.346875,60.953125,0.2528462113562752,0.47597556069088254,0.23024132493610552,15.0,9.0,62.0,391.40625,250.15625,1826.6875,62.89551855913305,0.22957245279615765,1884.893832829698,5.104408966942147,0.10971980018533413,0.7364715627417596,-0.003288016666666671,32.760909090909095,0.013360853142455277,0.015908227227219147,-0.0001666666666666927,1.9321610831230645e-05,5.104226818922208,0.0009350272163145106,0.10906068202365851,16.0,69.12522892482934,19.507325823728006,153.6,153.6,22,0.6875,0.3238974980047078,0.91943359375,0.2074034601862785,0.0018520727040816365,1.875705736360287,0.02640776813190251,0.11610854449757493,0.01407884382928074,4
666,13.107291666666667,-8.380208333333334,60.94479166666667,0.3094837070518504,0.48543790189603264,0.22838645595544604,14.0,9.0,61.0,392.8125,251.140625,1826.4375,62.901739581211686,0.22664066440046338,1885.0850513315725,4.997144148760331,0.07925048990214469,0.48010955631754915,-0.0022542083333333333,32.75181818181819,0.015427784316799233,0.015908227227219147,-0.0003333333333333854,7.264287789240759e-07,4.997162401419217,0.0003384796802687466,0.07926834014436435,15.0,67.54221339514518,11.163607794155212,103.78378378378379,103.78378378378379,18,0.5625,0.2355147020871384,0.91064453125,0.13976704289168645,0.0006815829081632649,0.9261666893642297,0.003587129688369906,0.2409793783777857,0.00387309296432622,4
667,13.122916666666667,-8.405208333333333,60.936458333333334,0.32834152908552733,0.4909323170565935,0.24393467007354425,14.0,9.0,61.0,393.28125,251.890625,1826.1875,62.900406546306066,0.2400131442594359,1885.0450602844037,4.912149892561985,0.06716350497043826,0.4078508430597063,-0.0019238166666666705,32.742892561983474,0.016233727594675066,0.02121745088767082,-0.000500000000000019,-2.897017810323192e-06,4.912152486911612,0.00039202989843654473,0.06704944633386119,15.0,67.44957786758329,9.29840339518502,103.78378378378379,103.78378378378379,16,0.48484848484848486,0.17096259956264923,0.9048295454545454,0.11529331754376719,7.174744897959135e-06,0.7582056614088114,0.0032926231492947933,0.17302810121967113,0.0043426517591240565,4
668,13.125,-8.45,60.92395833333333,0.33071891388307384,0.49749371855330987,0.26506476868347145,14.0,9.0,61.0,393.34375,253.21875,1825.8125,62.89478712734301,0.26402753557376885,1884.8743678510168,4.838291727272727,0.062372174865516314,0.41094089285020236,-0.0018757916666666634,32.72842975206612,0.019750855801640814,0.023887870439960296,-0.0005833333333333357,-1.784383794859183e-06,4.838326674779133,0.00029635102992361733,0.062287732070896835,15.0,65.48415271346005,7.323379587971211,85.33333333333333,85.33333333333333,13,0.41935483870967744,0.08123998335692428,0.9269153225806451,0.09610508774367006,0.0005175624999999998,0.15552013899431938,0.03771710940039894,0.02170343126769652,0.2425223488372565,4
669,13.060416666666667,-8.508333333333333,60.92604166666667,0.2382571993782256,0.49993055073235476,0.2617030727062426,14.0,9.0,61.0,391.40625,254.984375,1825.875,62.890798929574224,0.26714852273303225,1884.7568317824484,4.764239818181818,0.06322698890440182,0.3965094143328569,-0.0018118416666666655,32.71396694214876,0.020908274246618598,0.018585129348480278,-0.0001666666666666335,-1.9127499405808188e-06,4.764237692613144,0.0002889535810615492,0.06310675854774792,15.0,65.27508680558317,8.065686618816388,85.33333333333333,85.33333333333333,16,0.5,0.08089835505624605,0.93212890625,0.10551282173815399,2.6817602040816557e-05,0.1079603895232953,0.04358459036168963,0.0303797353479281,0.4037090876954006,4
670,13.135416666666666,-8.56875,60.903125,0.3421680772011842,0.49525088339143836,0.2957874817753449,14.0,9.0,61.0,393.65625,256.796875,1825.1875,62.892887093700146,0.29644226939675333,1884.8194767062264,4.691614801652893,0.06532001613032903,0.42428848295063704,-0.0019077583333333352,32.70528925619834,0.019158942851375337,0.013279148952527943,-0.000416666666666643,-4.736316694009693e-06,4.691609207540205,0.0001999311640895624,0.06524624483256865,15.0,64.76444164165244,8.039802689590621,85.33333333333333,85.33333333333333,16,0.5161290322580645,0.08448102905879717,0.9395161290322581,0.10617747876983533,7.56250000000007e-06,0.11356122457881276,0.045066550064267796,0.01598001141373445,0.396848045901364,4
671,13.445833333333333,-8.688541666666667,60.759375,0.6701860230977332,0.4742032334318506,0.4274629918191749,15.0,10.0,61.0,402.96875,260.390625,1820.875,62.83884900932882,0.34443942298720887,1883.1983341750865,4.632230785123967,0.05508769714282206,0.4980388296717125,-0.0008800916666666714,32.69719008264463,0.016920970435794713,0.013279148952527943,0.0,-3.84592141152048e-06,4.632248811012271,0.0019520185465433284,0.05395577912180759,15.0,70.95420040487355,20.445558450012562,137.14285714285714,137.14285714285714,21,0.65625,0.37473739124778244,0.9130859375,0.2781112153141187,0.00017746045918367665,3.9042672025125076,0.11270672577803399,0.5312467450110689,0.028867574869236405,4
672,13.415625,-8.789583333333333,60.76979166666667,0.7020547410102719,0.4201882431984767,0.42096609910683097,15.0,10.0,61.0,402.046875,263.40625,1821.1875,62.856490337302176,0.33409950110371184,1883.7221224494579,4.574571619834711,0.062273894761883615,0.47394904267989535,-0.00172206666666667,32.68958677685951,0.01878088945230394,0.01859649814709999,-0.0004166666666667022,3.2702185210296883e-06,4.574536599304023,0.0019493045697069771,0.06134803105066841,15.0,74.25777369276426,29.127766423620397,153.6,153.6,21,0.65625,0.5631646498876368,0.9345703125,0.3928925882177785,0.00013472576530612496,9.99039671339482,0.12259337822845957,1.0008139492520391,0.012271122133127118,4
673,13.29375,-8.882291666666667,60.80520833333333,0.7094323581803507,0.3380380870018775,0.3960402419753439,15.0,10.0,61.0,398.40625,266.21875,1822.25,62.877497170913564,0.2949850647468915,1884.3598888871243,4.500751214876033,0.09196308590845062,0.6607998842169129,-0.0018393083333333301,32.67495867768595,0.017633737711827985,0.015947170277779296,-0.0002500000000000095,2.450235165578111e-06,4.500749209434963,0.0019581424883781244,0.09127049858907785,15.0,77.13014910223475,32.30327543915194,153.6,153.6,23,0.71875,0.5969116797545675,0.92333984375,0.41200030723115894,4.318367346938752e-05,10.80537962186532,0.11333562962909906,0.7969488235216382,0.010488815163861319,4
674,12.979166666666666,-8.870833333333334,60.95520833333333,0.3122220986555707,0.3353843152100123,0.21182234678433298,16.0,9.0,62.0,388.96875,265.84375,1826.75,62.95155158768239,0.2118042414529775,1886.577301661198,4.409635537190083,0.0927679986565652,0.692821739709169,-0.002941575,32.66371900826445,0.015381228841330185,0.02126940674213469,-0.0002500000000000095,6.674403848346319e-07,4.409609138123846,0.00025736381059368173,0.09254323789014456,14.0,75.04993837769793,29.700842124134777,153.6,153.6,22,0.7096774193548387,0.4528645084579198,0.9138104838709677,0.34126371216537943,0.01080857270408164,9.620445516059775,0.2450646138819183,2.090332751075648,0.02547331238172106,4
675,13.061458333333333,-8.858333333333333,60.91458333333333,0.415047635736617,0.37739972914080844,0.2832030950670482,16.0,10.0,62.0,391.421875,265.46875,1825.546875,62.9284541005006,0.2505783733483115,1885.8961006506274,4.31479285123967,0.07181064052070835,0.5915830899848042,-0.0018757833333333288,32.65512396694214,0.011142629219185577,0.013299481450059089,-8.333333333331676e-05,1.0456417707888554e-06,4.314816824341772,0.0004143466755743974,0.0714990682598675,14.0,75.26136717342663,25.097843487264882,137.14285714285714,137.14285714285714,25,0.7575757575757576,0.3233822982784366,0.8702651515151515,0.22729146860859023,0.0016547461734693987,3.3846609353219876,0.03044674613397961,0.7571412808159158,0.00899550847656271,4
676,13.13125,-8.86875,60.87708333333333,0.42994973058874375,0.3672284994840859,0.33149885830203935,16.0,10.0,62.0,393.53125,265.796875,1824.40625,62.90821300854889,0.30011565166452664,1885.2792541516885,4.243816785123967,0.0593177465986412,0.4449791559213663,-0.0016199916666666647,32.64859504132231,0.011943792960676547,0.013299481450059089,8.333333333331676e-05,-2.8603340703182928e-05,4.2439196703703255,0.0007487168259533646,0.058969701784419536,13.0,74.42768915475071,24.857333326752766,142.22222222222223,142.22222222222223,27,0.8181818181818182,0.3265050226032614,0.8868371212121212,0.26446746177540387,5.153188775510297e-05,4.725377233344691,0.0364609091924743,1.2831093627882144,0.0077159785117656594,4
677,12.65,-1.0114583333333333,57.94583333333333,8.467240794182404,18.619346847833587,6.529993566016908,68.0,51.0,68.0,417.546875,414.296875,1736.515625,63.04258399694962,2.3265449320582587,1889.3221521827486,3.9981532892561984,0.37404374516472033,2.6386749770659494,-0.004881774999999995,32.640578512396694,0.01248453725671326,0.01330763189384765,-0.0001666666666666335,-4.654091529027824e-05,3.9981485513760946,0.006703801095213893,0.3719341561758852,14.0,79.3766637604837,27.19637840930562,147.69230769230768,147.69230769230768,30,0.8823529411764706,0.36998501134157347,0.8432904411764706,0.281492065308106,0.00043353188775510084,5.496067542065161,0.02559860680417722,0.46411049494560375,0.0046576223105436005,4
678,14.933333333333334,-1.1833333333333333,57.25416666666667,9.190559770160297,18.693295738193292,6.293844821640337,68.0,51.0,68.0,486.03125,419.46875,1715.75,63.012017979389604,2.3341144284464095,1888.389068135351,3.797160677685951,0.356629730465258,2.5576834505627226,-0.005404008333333336,32.63264462809917,0.01162560547015158,0.01330763189384765,-0.0001666666666666335,2.2425938037124348e-06,3.7971294787438756,0.0067624476030899655,0.3543925149320373,14.0,77.01673361343657,25.092831557392124,147.69230769230768,147.69230769230768,28,0.875,0.44903079430465676,0.865234375,0.30905696050078596,0.00039147448979591905,5.379679920425821,0.04053297517562435,0.45553494310696385,0.00753445851336375,4
679,17.223958333333332,-1.2760416666666667,56.572916666666664,9.319605731910759,18.732988086926508,5.970142362321764,68.0,51.0,68.0,554.75,422.25,1695.3125,62.98212074866504,2.337281041561697,1887.4921512136139,3.6004910495867763,0.23035432341697018,2.4040906885300974,-0.00430625,32.62388429752066,0.011668414724909752,0.01330763189384765,-0.00024999999999995024,5.0872728347643255e-05,3.600313626351765,0.006750343940834905,0.22648767210058837,15.0,71.62402731825887,20.918908007909586,147.69230769230768,147.69230769230768,27,0.84375,0.4107324821279661,0.9072265625,0.28330244756167144,3.686224489796541e-07,4.137001705781082,0.02680973350128497,0.20810485545070545,0.00648047436476055,4
680,20.040625,-9.196875,58.81979166666667,0.24455662474840736,0.40284227812093737,0.38436088501635485,23.0,11.0,59.0,600.59375,275.609375,1762.75,62.81895023989395,0.35547961647288445,1882.5991386633057,3.6268017438016527,0.04090559374133395,0.32560126759271835,-0.0002877583333333359,32.61628099173554,0.011792435690405403,0.010654266454613906,-0.0001666666666666927,0.00010123347087898745,3.6266835341470074,0.0011946346478637635,0.04061968021472317,16.0,68.62570770947191,12.298151939342842,101.05263157894737,101.05263157894737,24,0.75,0.20347364619915928,0.8994140625,0.14304224011981947,0.0007503686224489816,0.7135213053461011,0.0462896962368037,0.028346413678328908,0.06487500217579402,4
681,20.034375,-9.0875,58.86145833333333,0.22791085839643532,0.28984550482397803,0.34546761536197407,23.0,11.0,59.0,600.40625,272.34375,1764.0,62.83934230934577,0.32011684668627777,1883.2132561576411,3.6262098595041317,0.03573384343240085,0.30447070619275945,0.000341050000000002,32.604380165289264,0.016708119567348384,0.021321617673285467,-0.0001666666666666927,-1.628481676420448e-06,3.6261940773257995,0.0004560356690072171,0.03550746099105423,16.0,67.26248669593994,8.086829154517773,87.27272727272727,87.27272727272727,18,0.5454545454545454,0.13040674986424686,0.9043560606060606,0.10341281975184038,0.00013307270408163222,0.34111498216725955,0.019596580857854377,0.06403645066829709,0.057448607895637806,4
682,20.019791666666666,-9.034375,58.896875,0.19532013873951198,0.1821904480893551,0.30412207150254644,23.0,10.0,59.0,599.96875,270.75,1765.0625,62.85967363436775,0.28131639501592565,1883.8231959083005,3.6273197355371902,0.031168675547223336,0.27010957870722346,-0.0006181583333333333,32.5903305785124,0.02120088429067679,0.021321617673285467,-0.0006666666666667116,1.1708340837437885e-06,3.627311770019393,0.00023114311234572951,0.03101929489487964,16.0,69.7740983500056,9.095985769497501,98.46153846153847,98.46153846153847,13,0.38235294117647056,0.11733734107200693,0.8736213235294118,0.1068758362768026,6.072704081632579e-06,0.9293375031108586,0.009390528853470885,0.5780657298212075,0.010104540946682004,4
683,20.002083333333335,-9.042708333333334,58.88229166666667,0.18818163138013466,0.21225220437933942,0.33494240539315945,22.0,10.0,60.0,599.4375,271.0,1764.640625,62.84155161909904,0.33199915277469605,1883.294166011735,3.6053239999999995,0.02760021863789314,0.338011251619792,-0.0003836833333333326,32.57545454545455,0.018719327529068682,0.01599611803492481,-0.000500000000000019,7.779788758998272e-07,3.60532477178915,0.0006049162642010485,0.026878104327658515,15.0,68.37191210359892,7.348076761160314,81.70212765957447,81.70212765957447,13,0.3939393939393939,0.09683246293937922,0.8892045454545454,0.11037580784126372,1.99298469387756e-05,0.1894762124069782,0.028898039203409505,0.03988738407913232,0.15251539407669318,4
684,19.997916666666665,-9.046875,58.890625,0.18818163138013466,0.22100769453045446,0.3251852436817103,22.0,10.0,60.0,599.3125,271.125,1764.875,62.84866602186242,0.32173374975018504,1883.492967533141,3.581785082644629,0.032510007143786324,0.4420334428135474,-0.0008952583333333338,32.56421487603306,0.015089379227806038,0.021334710482067185,-0.000500000000000019,-3.167978408580738e-06,3.58178681770096,0.0006247223766079819,0.03186280561604682,14.0,68.32242973109098,10.71987735259661,109.71428571428571,109.71428571428571,18,0.5625,0.17283456481373985,0.89794921875,0.13212046120461773,5.624999999999729e-07,0.3859730725612955,0.011283153236268863,0.13186773582535555,0.029233006233814435,4
685,19.995833333333334,-9.05,58.90625,0.1936043359248157,0.22730302828309762,0.3054411086172477,22.0,10.0,60.0,599.25,271.21875,1765.359375,62.86312143543464,0.30421493574480757,1883.9412605018028,3.5465771239669426,0.05275550776362459,0.5441071497204255,-0.0008739416666666666,32.5498347107438,0.019241117777979586,0.024019989725396974,-0.0001666666666666335,-3.1832398467150705e-06,3.546582650444068,0.0006495352540230468,0.05228861181638298,14.0,68.3989350184362,12.065447091996782,109.71428571428571,109.71428571428571,24,0.7272727272727273,0.1954882022195489,0.9015151515151515,0.14374613221929605,0.00037608290816326396,0.6858478174085613,0.0033597625672247265,0.2134676463247172,0.004898699801829809,4
686,20.004166666666666,-9.051041666666666,58.921875,0.15132516497779064,0.2200827456448041,0.26836818808308854,22.0,10.0,59.0,599.5,271.234375,1765.8125,62.880476331780656,0.2538627352960392,1884.4449214199071,3.4977552975206607,0.04938408190079276,0.433352724898278,-0.0014601333333333318,32.53330578512397,0.022540631073174174,0.018687951719974973,-0.0001666666666666335,-3.558852095590473e-06,3.497757679841735,0.0003437367941171997,0.04922985743480006,14.0,68.50133079451592,11.856682720852938,109.71428571428571,109.71428571428571,19,0.59375,0.20098124335731335,0.8984375,0.13576677497642786,0.0012780624999999997,1.6119108940015616,0.009489350048952377,0.5104097266775296,0.005887018993584136,4
687,20.04375,-9.070833333333333,58.88125,0.24187311584106794,0.2645423196558329,0.32987134487049136,22.0,11.0,60.0,600.6875,271.84375,1764.609375,62.858425416054,0.2986428430592627,1883.8003799203832,3.4516287190082644,0.03011964344070865,0.28269806301387634,-0.0007354000000000009,32.517685950413224,0.01771026366186404,0.016025631184557017,-0.000416666666666643,1.2024947017994494e-05,3.451626996731752,0.00035201333666634414,0.02988504842814331,15.0,68.56532788804164,11.206113184133974,98.46153846153847,98.46153846153847,20,0.6060606060606061,0.18713343073442945,0.8963068181818182,0.13384973657063187,0.0005725765306122477,0.9405089335316609,0.024254782234294853,0.05863468886851229,0.025788997179661932,4
688,20.178125,-9.158333333333333,58.72291666666667,0.4312537741380744,0.4353319295536325,0.45904773868181603,23.0,11.0,60.0,604.703125,274.46875,1759.84375,62.768292965411874,0.3746418844161945,1881.0767001222318,3.4415979834710746,0.02103111956832654,0.24468664611528912,5.328333333333157e-05,32.50586776859504,0.01624550396734594,0.016025631184557017,-0.0003333333333333262,-5.5332727956800225e-05,3.441598367165279,0.0008475916730614507,0.020609432407153714,14.0,70.71859286214001,13.873970028504916,120.0,120.0,22,0.6666666666666666,0.21368651400949767,0.8773674242424242,0.1537740001574586,0.0003900625000000011,1.3533807505736861,0.005677380331648223,0.7750616949393705,0.004194961639022597,4
689,10.841666666666667,-8.3,55.57395833333333,21.29979296978155,13.56863724427279,8.11703128191565,63.0,64.0,73.0,670.734375,362.03125,1665.546875,62.99327154310536,3.227942889301551,1887.8153293818584,3.313061537190083,0.2497894720942511,2.6514468358554577,-0.0044625333333333335,32.494793388429756,0.016062850397694665,0.016035493117043772,-0.000500000000000019,0.00010281459404345285,3.312696722715082,0.006670326394187882,0.2450250147981771,14.0,76.4529665812952,21.24896728534699,147.69230769230768,147.69230769230768,28,0.8,0.31680173404647416,0.8441964285714286,0.23885555685563675,0.00019500127551020665,4.478434532815123,0.012217900933293202,2.9049755781042785,0.0027281633445276885,0
690,10.929166666666667,-7.4,54.608333333333334,23.600785282956625,16.19382598399773,9.971769178814538,112.0,64.0,96.0,686.265625,402.171875,1636.265625,63.3650456491338,7.734403007549383,1898.8486308143608,3.2684386280991733,0.26898227426762533,2.949381600551541,-0.0008952583333333338,32.47710743801653,0.0186502394697552,0.018728246118032702,-0.0002500000000000095,-4.263049777677643e-06,3.268586288978734,0.00724842761656861,0.2632725880033385,14.0,84.41052669206636,26.14575583585475,147.69230769230768,147.69230769230768,31,0.8378378378378378,0.38416533916075774,0.7896959459459459,0.2795697414267189,3.861734693877636e-05,5.037298961541765,0.02154446684203851,1.3005701047964469,0.004276987926768674,0
691,10.335416666666667,-6.810416666666667,54.83229166666667,23.45278936487205,16.15051262838806,10.119391397127787,112.0,64.0,96.0,669.453125,384.546875,1643.125,63.337193144742166,7.8394678526219606,1898.1557565313988,3.197969925619835,0.2374294248050543,2.949381600551541,-0.002238149999999998,32.463884297520664,0.016830310163778586,0.0160552534402007,-0.0003333333333333262,1.2088064346718465e-05,3.198048328014411,0.007268171901020228,0.23093531711063708,15.0,85.32612479715351,27.691156713784565,153.6,153.6,26,0.6842105263157895,0.3886181557080754,0.7874177631578947,0.2882565550167561,1.8367346938768533e-07,5.138463951933559,0.05677889096817715,1.349571764108159,0.011049778980508707,0
692,19.458333333333332,-7.1875,58.02291666666667,10.297063362380989,8.868850569079775,6.4387738087094055,112.0,54.0,96.0,597.078125,281.703125,1738.96875,63.02144092312028,7.168512210144724,1888.6616393398917,3.225219256198347,0.1413261371566795,2.183020929933128,0.0022243833333333313,32.45611570247934,0.012816047586762606,0.01070679906057331,0.0,-9.992835244356948e-05,3.225755909870521,0.0029675261856178577,0.1385593424986831,15.0,80.74665509179943,25.988256716259844,153.6,153.6,24,0.6666666666666666,0.3396981163737255,0.8181423611111112,0.25011262593770217,0.00035424617346938936,2.4370105243116744,0.021350631539831542,0.4569847628863791,0.008760992751913518,0
693,19.0,-7.609375,59.090625,2.0109077552190207,0.6681096038138752,1.1259790300186177,26.0,15.0,83.0,570.46875,228.015625,1770.796875,62.56708864602337,1.3122188691885812,1875.0004396280885,3.160381520661157,0.08050913848422868,1.014727086836506,-0.0027146416666666653,32.45743801652892,0.012096644273408237,0.01070679906057331,0.0,-5.146585333216372e-05,3.160685980137227,0.0016300421896779697,0.07924355690930351,15.0,75.41617614219683,25.565524449063368,153.6,153.6,23,0.696969696969697,0.38603751550711524,0.8716856060606061,0.24620574729511868,4.178698979591837e-05,3.429951261628709,0.011369654554048172,3.797415776916631,0.0033148151932191894,0
694,18.927083333333332,-7.646875,59.14270833333333,0.7547735817596045,0.4887170971448274,0.37838604396025083,24.0,9.0,61.0,567.21875,229.171875,1772.4375,62.572956691247036,0.3820003254665402,1875.237297178498,3.0915264958677686,0.06222315609042416,0.6410143684133445,-0.0014357000000000026,32.45842975206611,0.011134657714444197,0.01070679906057331,0.0001666666666666335,-4.556088463541365e-06,3.0915250583599563,0.0014523890203991447,0.06153211538855861,14.0,71.00439463504317,23.976180018233272,153.6,153.6,29,0.9354838709677419,0.46031472759135134,0.9274193548387096,0.2620143713515445,0.0008850624999999999,2.244746589832437,0.014792793745520992,1.8518101916671217,0.006589961562933136,0
695,18.086458333333333,-7.689583333333333,59.36666666666667,3.3942082959944018,0.6320402094715881,0.6558497456650333,24.0,14.0,64.0,548.96875,230.34375,1779.171875,62.63110492815629,0.5879941708423008,1876.9872367596108,3.0403864462809915,0.050449805579481144,0.5540842007868625,-0.00016741666666666432,32.460082644628095,0.009999658487438787,0.005351749792268348,0.0,2.9339953633039728e-05,3.0406527118193183,0.001969064951415498,0.04990244513071121,14.0,67.71318901923105,22.5372877109014,153.6,153.6,27,0.9,0.4487564384563574,0.9619791666666667,0.24835668671651573,0.0003816441326530632,1.9471640089660782,0.022323894196206298,0.702752663333388,0.011464824787954062,0
696,13.778125,-2.948958333333333,60.2625,7.464062554514689,7.852447797657146,2.3174721321589464,20.0,31.0,75.0,445.359375,238.6875,1805.984375,62.837150589018435,2.0828680194273312,1883.1567165167965,3.0846457024793392,0.1328459510522841,1.8633235933658625,0.00017807499999999976,32.46338842975207,0.01072216511750381,0.010700204171894719,0.0,-3.100560254035433e-05,3.084681770824164,0.004616303216311791,0.1302547222268928,14.0,68.39223883138129,16.677180795145276,106.66666666666667,106.66666666666667,27,0.84375,0.35312990647462045,0.92724609375,0.2112125440267989,1.5433673469387635e-05,1.593142067077205,0.0029110806739086007,0.1794310653863802,0.001827257426733637,0
697,13.515625,4.577083333333333,57.251041666666666,12.727666944863659,11.15498281007441,14.916311644692772,84.0,40.0,80.0,438.828125,311.15625,1738.546875,63.08852581509994,3.1725374404096436,1890.6901244432333,3.2472963636363636,0.359379152711616,3.021146111635904,0.008481775000000002,32.46404958677686,0.010490334976938945,0.010700204171894719,0.0,0.00020771293849274996,3.246798636471264,0.005531469743865547,0.35680466627763263,15.0,68.88787289688084,19.365075302724108,142.22222222222223,142.22222222222223,26,0.8387096774193549,0.33222880152464207,0.9284274193548387,0.224533783950825,0.00022179719387754727,2.4808416552471284,0.01547812007174518,0.4440660694866404,0.0062390600540780305,0
698,13.347916666666666,7.152083333333334,56.2875,14.970449915073436,13.811822978631588,15.36055045942907,84.0,51.0,83.0,447.859375,391.046875,1709.9375,63.41627504297025,5.177376395532297,1900.5091810697827,3.7058242809917354,0.6010896041791673,4.501430289031313,0.011827591666666663,32.469338842975205,0.01309441475724812,0.010700204171894719,0.0,-0.00012524726513082505,3.7062851240225196,0.011199544265227694,0.597386758186247,15.0,75.2513991258707,22.15544976176653,142.22222222222223,142.22222222222223,25,0.7575757575757576,0.29517399198925875,0.8589015151515151,0.2258547542904136,2.4693877551021884e-06,2.5752409511999264,0.0076930922843899165,0.1596010348925162,0.002987329119943259,0
699,10.342708333333333,-5.371875,43.35520833333333,28.78994053481639,26.874830244134408,22.239554522815062,84.0,63.0,83.0,745.25,653.109375,1322.46875,63.471338200054895,5.710248280730533,1902.147852936132,4.096249636363637,0.5772616407595405,5.19037248148559,0.015865525000000002,32.47479338842976,0.016165424461568278,0.013373196849725249,0.0001666666666666927,0.0004975333326113169,4.093375338037501,0.014367907326809298,0.5656520281955643,15.0,76.45406638257276,25.600775612051336,142.22222222222223,142.22222222222223,28,0.8235294117647058,0.34606657432297094,0.859375,0.23913667870684577,0.0012050816326530653,2.525178244691341,0.01290720598230146,0.23121189185907526,0.005111403921460262,0
700,12.114583333333334,-9.032291666666667,35.15,29.570596950231753,36.30142902028694,21.317744955787422,91.0,66.0,90.0,821.703125,936.96875,1058.09375,63.71872081200657,7.103009438369134,1909.5886204379588,4.387558413223141,0.3075207754201915,3.206338758387908,0.001992274999999995,32.486942148760335,0.013226755704148187,0.013373196849725249,0.0002500000000000095,-0.0002179163990232143,4.387902278668518,0.016979025968760428,0.28582439936835924,15.0,74.08911411365052,24.15983631259228,142.22222222222223,142.22222222222223,27,0.8181818181818182,0.34501277291799287,0.8849431818181818,0.2452441271555141,8.999999999999275e-06,2.5446833655968146,0.02360732677756289,1.0251251471237288,0.009277117576483302,0
701,14.383333333333333,-17.405208333333334,18.420833333333334,31.131725065526894,44.2994235990334,21.347764894063786,91.0,95.0,90.0,877.921875,1298.296875,679.078125,64.54463201713283,8.395798717587601,1934.3700966664119,4.473049876033057,0.35528913244101223,3.325218716714038,0.001167866666666669,32.499834710743805,0.018135553459889077,0.02137408556418586,0.0002500000000000095,3.1057530394984874e-05,4.4733394321945505,0.014820898070300568,0.3349591153946837,16.0,66.72597995749673,21.984308762427798,142.22222222222223,142.22222222222223,24,0.8,0.3313800980695004,0.9744791666666667,0.24700297755318434,3.265306122449161e-07,1.872396499529143,0.04101329560120752,0.5968857607447431,0.02190417233290131,0
702,20.50625,-27.26875,13.163541666666667,16.615252860073078,46.977705954748714,19.883392461799133,91.0,95.0,90.0,647.828125,1558.203125,521.765625,64.45110570745678,7.8578367306932035,1931.4294228719027,4.562416743801654,0.28853372635019536,2.96719890741914,-0.0016946000000000053,32.52173553719009,0.026180482476988415,0.02136094439780623,0.0006666666666666524,-0.0005875576515112515,4.564819492379246,0.01182512300837233,0.2680562080972727,16.0,72.48287481795833,24.182185671235658,132.41379310344828,132.41379310344828,22,0.6875,0.2874539759795498,0.9111328125,0.2658098363108293,0.0005224489795918386,2.9712775805693616,0.02086742335701473,0.30293360983398243,0.007023047423598867,0
703,20.766666666666666,-47.411458333333336,5.48125,13.906073812866408,32.15173132258869,14.655618323274526,85.0,95.0,74.0,632.484375,1688.3125,340.53125,64.10007321356512,6.498107854003171,1920.9109661676735,4.847098363636364,0.4240234771185854,2.7782069463746306,0.010669408333333333,32.545867768595045,0.026742402071888886,0.024019989725396974,0.0007500000000000284,-0.0001402018362885163,4.847473647839592,0.009667509919282625,0.41267887439603357,16.0,83.1846125400653,29.136584055460272,137.14285714285714,137.14285714285714,26,0.7222222222222222,0.3374627955684258,0.8181423611111112,0.2925060646818714,0.00015446938775509836,4.923914914164783,0.014341894387120444,1.759856038356859,0.0029127015062471247,0
